publish_datetime,publish_date,stock_code,company_name,title,pdf_url,has_xbrl,notes,language,sector,listed_exchange,xbrl_url
2026-01-30 22:00:00,2026-01-30,41510,"Kyowa Kirin Co.,Ltd.",Notice Regarding Kyowa Kirin Regaining Control of Rocatinlimab Development and Commercialization Program,/inbs/ek/140120260130543835.pdf,False,,english,Pharmaceutical,,
2026-01-30 20:10:00,2026-01-30,40880,AIR WATER INC.,Notice Concerning Change of Director,/inbs/ek/140120260130543508.pdf,False,,english,Chemicals,,
2026-01-30 19:30:00,2026-01-30,46900,"NIPPON PALLET POOL CO.,LTD.","Non-consolidated Financial Results for the Nine Months Ended December 31, 2025 (Under Japanese GAAP)",/inbs/ek/140120260130543548.pdf,False,,english,Services,,
2026-01-30 19:00:00,2026-01-30,61350,"Makino Milling Machine Co.,Ltd.","Notice of Update on Progress Toward Implementation of Tender Offer for Shares of Makino Milling Machine Co., Ltd. (Securities Code: 6135) by MM",/inbs/ek/140120260129542190.pdf,False,,english,Machinery,,
2026-01-30 18:00:00,2026-01-30,18790,SHINNIHON CORPORATION,Notice Concerning Changes of Executive Officers,/inbs/ek/140120260129541220.pdf,False,,english,Construction,,
2026-01-30 17:30:00,2026-01-30,33500,Metaplanet Inc.,Notice Regarding Execution of Borrowing Based on Credit Facility Agreement and Change in Use of Proceeds,/inbs/ek/140120260130543874.pdf,False,,english,Wholesale Trade,,
2026-01-30 17:30:00,2026-01-30,49310,"Shinnihonseiyaku Co.,Ltd.",Notice Concerning the Completion of Payment for the Disposal of Treasury Shares as Stock Compensation for Employees,/inbs/ek/140120260130543851.pdf,False,,english,Chemicals,,
2026-01-30 17:00:00,2026-01-30,24100,"CAREER DESIGN CENTER CO.,LTD.",Notice Regarding Completion of Payment for Disposal of Treasury Shares as Restricted Stock Compensation,/inbs/ek/140120260129542195.pdf,False,,english,Services,,
2026-01-30 17:00:00,2026-01-30,31990,"Watahan & Co.,Ltd.",Notice Regarding Disposal of Treasury Stock as Restricted Stock Compensation,/inbs/ek/140120260130543792.pdf,False,,english,Retail Trade,,
2026-01-30 17:00:00,2026-01-30,31990,"Watahan & Co.,Ltd.",[Summary] Financial Results for the Nine Months,/inbs/ek/140120260130543842.pdf,False,,english,Retail Trade,,
2026-01-30 17:00:00,2026-01-30,45680,"DAIICHI SANKYO COMPANY,LIMITED","Notice on the Determined Basic Policy for Absorption-type Merger of Daiichi Sankyo with Its Wholly Owned Subsidiary, Daiichi Sankyo Business Associe (",/inbs/ek/140120260130543503.pdf,False,,english,Pharmaceutical,,
2026-01-30 17:00:00,2026-01-30,46840,"OBIC Co.,Ltd.",Notice Concerning Completion of Payment for Disposal of Treasury Shares as Restricted Share-Based Remuneration,/inbs/ek/140120260127539587.pdf,False,,english,Information & Communication,,
2026-01-30 17:00:00,2026-01-30,48130,"ACCESS CO.,LTD.",Notice regarding Disclosure of the Improvement Plan and Status Report,/inbs/ek/140120260130543824.pdf,False,,english,Information & Communication,,
2026-01-30 17:00:00,2026-01-30,48130,"ACCESS CO.,LTD.",Notice regarding Revision (Withdrawal) of Financial Forecast for the Fiscal Year ending January 2026,/inbs/ek/140120260130543834.pdf,False,,english,Information & Communication,,
2026-01-30 17:00:00,2026-01-30,57110,Mitsubishi Materials Corporation,Notice Concerning Change of Major Shareholder,/inbs/ek/140120260130543800.pdf,False,,english,Nonferrous Metals,,
2026-01-30 17:00:00,2026-01-30,95130,"Electric Power Development Co.,Ltd.","Quarterly Financial Results (Unaudited)(for the Nine Months Ended December 31, 2025)",/inbs/ek/140120260130543563.pdf,False,,english,Electric Power & Gas,,
2026-01-30 17:00:00,2026-01-30,95130,"Electric Power Development Co.,Ltd.",Notice Regarding Change of President and CEO,/inbs/ek/140120260130543580.pdf,False,,english,Electric Power & Gas,,
2026-01-30 17:00:00,2026-01-30,96210,"CTI Engineering Co.,Ltd.",Introduction of Special Incentive Scheme for Employee Stock Ownership Association,/inbs/ek/140120260130543687.pdf,False,,english,Services,,
2026-01-30 17:00:00,2026-01-30,96210,"CTI Engineering Co.,Ltd.",Notice Concerning Disposal of Treasury Shares Through Third-Party Allotment,/inbs/ek/140120260130543694.pdf,False,,english,Services,,
2026-01-30 16:45:00,2026-01-30,57030,"Nippon Light Metal Holdings Company,Ltd.",【Summary】Notice Regarding Change in Representative Director,/inbs/ek/140120260130543791.pdf,False,,english,Nonferrous Metals,,
2026-01-30 16:30:00,2026-01-30,19390,YONDENKO CORPORATION,"Consolidated Financial Results for the Nine Months Ended December 31, 2025 [Japanese GAAP]",/inbs/ek/140120260130542599.pdf,False,,english,Construction,,
2026-01-30 16:30:00,2026-01-30,19390,YONDENKO CORPORATION,Announcement of Revisions to Forecasts for Financial Results and Year-End Dividends (Increase),/inbs/ek/140120260130542634.pdf,False,,english,Construction,,
2026-01-30 16:30:00,2026-01-30,19390,YONDENKO CORPORATION,Notice Concerning Formulation of Medium-Term Management Guidelines 2030,/inbs/ek/140120260130542655.pdf,False,,english,Construction,,
2026-01-30 16:30:00,2026-01-30,19420,"KANDENKO CO.,LTD.",Notice Concerning Share Repurchase through Off-Auction Own Share Repurchase Trading (ToSTNeT-3),/inbs/ek/140120260130543631.pdf,False,,english,Construction,,
2026-01-30 16:30:00,2026-01-30,53340,"Niterra Co.,Ltd.","[Summary]Quarterly Consolidated Financial Statements in accordance with IFRS for the nine months ended December 31, 2025",/inbs/ek/140120260128540030.pdf,False,,english,Glass & Ceramics Products,,
2026-01-30 16:30:00,2026-01-30,64360,Amano Corporation,Notice: Regarding Acquisition of Treasury Stock through the Off-auction Own Share Repurchase Trading system (ToSTNeT-3),/inbs/ek/140120260130543525.pdf,False,,english,Machinery,,
2026-01-30 16:30:00,2026-01-30,87070,"IwaiCosmo Holdings,Inc.","[Summary]Consolidated Financial Results for the Nine Months Ended December 31, 2025 (Under Japanese GAAP)",/inbs/ek/140120260129542244.pdf,False,,english,Securities & Commodity Futures,,
2026-01-30 16:20:00,2026-01-30,79430,NICHIHA CORPORATION,"[Summary] Consolidated Financial Results for the Nine Months Ended December 31,2025 (Under Japanese GAAP)",/inbs/ek/140120260130543710.pdf,False,,english,Glass & Ceramics Products,,
2026-01-30 16:00:00,2026-01-30,19490,"SUMITOMO DENSETSU CO.,LTD.",Notice Regarding Issuance of Class A Preferred Share through Third-Party Allotment and Reduction of Amounts of Capital Stock and Legal Capital Surplus,/inbs/ek/140120260130543334.pdf,False,,english,Construction,,
2026-01-30 16:00:00,2026-01-30,19500,"NIPPON DENSETSU KOGYO CO.,LTD.","[Summary]Consolidated Financial Results for the Nine Months Ended December 31, 2025 (Under Japanese GAAP)",/inbs/ek/140120260130542434.pdf,False,,english,Construction,,
2026-01-30 16:00:00,2026-01-30,19500,"NIPPON DENSETSU KOGYO CO.,LTD.","Notice Concerning Revisions to Financial Results Forecasts and Dividend Forecasts (Dividend Increase) for the Fiscal Year Ending March 31, 2026",/inbs/ek/140120260130542439.pdf,False,,english,Construction,,
2026-01-30 16:00:00,2026-01-30,23260,Digital Arts Inc.,"Consolidated Financial Results for the Nine Months Ended December 31, 2025 [Japanese GAAP]",/inbs/ek/140120260129542346.pdf,False,,english,Information & Communication,,
2026-01-30 16:00:00,2026-01-30,23510,ASJ INC.,(Progress of Disclosed Matters) Notice Regarding Approval for Market Category Change to Tokyo Stock Exchange Standard Market and Approval for New List,/inbs/ek/140120260130543307.pdf,False,,english,Information & Communication,,
2026-01-30 16:00:00,2026-01-30,24100,"CAREER DESIGN CENTER CO.,LTD.","[Summary]Non-Consolidated Financial Results for the Three Months Ended December 31, 2025",/inbs/ek/140120260130542995.pdf,False,,english,Services,,
2026-01-30 16:00:00,2026-01-30,24100,"CAREER DESIGN CENTER CO.,LTD.","Supplemental Material for the Three Months Ended December 31, 2025",/inbs/ek/140120260130543386.pdf,False,,english,Services,,
2026-01-30 16:00:00,2026-01-30,24280,WELLNET CORPORATION,"Financial Results for the Six Months Ended December 31, 2025 [Japanese GAAP] (Non-consolidated)",/inbs/ek/140120260129542139.pdf,False,,english,Services,,
2026-01-30 16:00:00,2026-01-30,24910,"ValueCommerce Co.,Ltd.","Consolidated Financial Results for the Fiscal Year Ended December 31, 2025 (Under Japanese GAAP)",/inbs/ek/140120260130543420.pdf,False,,english,Services,,
2026-01-30 16:00:00,2026-01-30,24910,"ValueCommerce Co.,Ltd.",Notice of Dividends,/inbs/ek/140120260130543442.pdf,False,,english,Services,,
2026-01-30 16:00:00,2026-01-30,26920,"ITOCHU-SHOKUHIN Co.,Ltd.",Notice Concerning Personnel Changes to Directors and Executive Officers,/inbs/ek/140120260130542682.pdf,False,,english,Wholesale Trade,,
2026-01-30 16:00:00,2026-01-30,28090,Kewpie Corporation,(Correction) Partial correction of notice of Settlement of Accounts of Parent Company,/inbs/ek/140120260130543523.pdf,False,,english,Foods,,
2026-01-30 16:00:00,2026-01-30,31050,Nisshinbo Holdings Inc.,Notice of Revisions to Consolidated Financial Results Forecast,/inbs/ek/140120260130542684.pdf,False,,english,Electric Appliances,,
2026-01-30 16:00:00,2026-01-30,36570,"Pole To Win Holdings,Inc.",Questions from Our Investors  (Following the Announcement of Financial Results for 3Q of FY 1/2026),/inbs/ek/140120260129541706.pdf,False,,english,Information & Communication,,
2026-01-30 16:00:00,2026-01-30,38350,"eBASE Co.,Ltd.","[Summary]Consolidated Financial Results for the Nine Months Ended December 31, 2025(Under Japanese GAAP)",/inbs/ek/140120260129541481.pdf,False,,english,Information & Communication,,
2026-01-30 16:00:00,2026-01-30,38350,"eBASE Co.,Ltd.",FY2026 3rd Quarter Financial Results and Business reports,/inbs/ek/140120260129541493.pdf,False,,english,Information & Communication,,
2026-01-30 16:00:00,2026-01-30,42120,Sekisui Jushi Corporation,"Consolidated Financial Results for the Nine Months Ended December 31, 2025  (Under Japanese GAAP)",/inbs/ek/140120260128540509.pdf,False,,english,Chemicals,,
2026-01-30 16:00:00,2026-01-30,42120,Sekisui Jushi Corporation,Notice Regarding the Disposal of Treasury Shares for Granting Restricted Stock,/inbs/ek/140120260128540506.pdf,False,,english,Chemicals,,
2026-01-30 16:00:00,2026-01-30,42160,ASAHI YUKIZAI CORPORATION,"Consolidated Financial Results for the Nine Months Ended December 31, 2025 (Under Japanese GAAP)",/inbs/ek/140120260130543396.pdf,False,,english,Chemicals,,
2026-01-30 16:00:00,2026-01-30,42160,ASAHI YUKIZAI CORPORATION,"Supplementary Information on the Financial Results For the Third Quarter of the Fiscal Year Ending March 31, 2026",/inbs/ek/140120260130543421.pdf,False,,english,Chemicals,,
2026-01-30 16:00:00,2026-01-30,42160,ASAHI YUKIZAI CORPORATION,Notice about the Revision of the Estimates of our Consolidated Business Results for the Fiscal Year Ending March 2026,/inbs/ek/140120260130543480.pdf,False,,english,Chemicals,,
2026-01-30 16:00:00,2026-01-30,46580,"Nippon Air Conditioning Services Co.,Ltd.","[Summary]Consolidated Financial Results for the Nine Months Ended December 31, 2025 (Under Japanese GAAP)",/inbs/ek/140120260130543379.pdf,False,,english,Services,,
2026-01-30 16:00:00,2026-01-30,46580,"Nippon Air Conditioning Services Co.,Ltd.",Notice Concerning Revisions to Full-Year Financial Results and Dividend Forecasts,/inbs/ek/140120260130543360.pdf,False,,english,Services,,
2026-01-30 16:00:00,2026-01-30,49230,"COTA CO.,LTD.","[Summary]Non-consolidated Financial Results for the Nine Months Ended December 31, 2025 (Under Japanese GAAP)",/inbs/ek/140120260128540616.pdf,False,,english,Chemicals,,
2026-01-30 16:00:00,2026-01-30,49230,"COTA CO.,LTD.",Notice Concerning a Stock Split and Partial Amendments to the Articles of Incorporation Accompanying the Stock Split,/inbs/ek/140120260128540620.pdf,False,,english,Chemicals,,
2026-01-30 16:00:00,2026-01-30,49230,"COTA CO.,LTD.",Notice Concerning the Special Granting of Shareholder Benefits,/inbs/ek/140120260128540623.pdf,False,,english,Chemicals,,
2026-01-30 16:00:00,2026-01-30,61570,"NS TOOL CO.,LTD.","Summary of Business Results for the Third Quarter Ended December 31, 2025 [Japan GAAP] (Consolidated)",/inbs/ek/140120260130542933.pdf,False,,english,Machinery,,
2026-01-30 16:00:00,2026-01-30,63310,"Mitsubishi Kakoki Kaisha,Ltd.","Consolidated Financial Results for the Nine Months Ended December 31, 2025 (Under Japanese GAAP)",/inbs/ek/140120260130543262.pdf,False,,english,Machinery,,
2026-01-30 16:00:00,2026-01-30,63310,"Mitsubishi Kakoki Kaisha,Ltd.","Notice Regarding Revisions to Full-Year Consolidated Results Forecasts and Year-End Dividend Forecasts for the Fiscal Year Ending March 31, 2026",/inbs/ek/140120260130543267.pdf,False,,english,Machinery,,
2026-01-30 16:00:00,2026-01-30,63310,"Mitsubishi Kakoki Kaisha,Ltd.",A Supplementary Materials on Financial Results FYE2026/3 (FY2025) Q3,/inbs/ek/140120260130543744.pdf,False,,english,Machinery,,
2026-01-30 16:00:00,2026-01-30,64190,Mars Group Holdings Corporation,"Consolidated Financial Results for the Nine Months Ended December 31, 2025 (Under Japanese GAAP)",/inbs/ek/140120260127539554.pdf,False,,english,Machinery,,
2026-01-30 16:00:00,2026-01-30,64640,"TSUBAKI NAKASHIMA CO.,LTD.","Notice of Recording Impairment Losses, Inventory Valuation Loss, Tax Effects and Revisions to Consolidated Full-year Forecast for FY2025",/inbs/ek/140120260130543610.pdf,False,,english,Machinery,,
2026-01-30 16:00:00,2026-01-30,69320,ENDO Lighting Corporation,"［Summary］Consolidated Financial Results for the Nine Months Ended December 31, 2025 [Japanese GAAP]",/inbs/ek/140120260129541859.pdf,False,,english,Electric Appliances,,
2026-01-30 16:00:00,2026-01-30,73270,"Daishi Hokuetsu Financial Group,Inc.","Consolidated Financial Results for the Nine Months Ended December 31, 2025 (Under Japanese GAAP)",/inbs/ek/140120260130542990.pdf,False,,english,Banks,,
2026-01-30 16:00:00,2026-01-30,74760,AS ONE CORPORATION,December 2025 Operating Results (Flash Report),/inbs/ek/140120260127539045.pdf,False,,english,Wholesale Trade,,
2026-01-30 16:00:00,2026-01-30,74760,AS ONE CORPORATION,"Consolidated Financial Results for the nine months Ended December 31, 2025 [Japanese GAAP]",/inbs/ek/140120260127539050.pdf,False,,english,Wholesale Trade,,
2026-01-30 16:00:00,2026-01-30,74760,AS ONE CORPORATION,Supplementary Materials for the 3rd quarter Financial Results for FYE March 2026,/inbs/ek/140120260127539053.pdf,False,,english,Wholesale Trade,,
2026-01-30 16:00:00,2026-01-30,75370,MARUBUN CORPORATION,"(Summary) Consolidated Financial Results for the Nine Months Ended December 31, 2025(Under Japanese GAAP)",/inbs/ek/140120260128540669.pdf,False,,english,Wholesale Trade,,
2026-01-30 16:00:00,2026-01-30,75370,MARUBUN CORPORATION,Notice of Posting of Non-operating Expenses (Foreign Exchange Losses),/inbs/ek/140120260126538663.pdf,False,,english,Wholesale Trade,,
2026-01-30 16:00:00,2026-01-30,75370,MARUBUN CORPORATION,Supplementary Financial Information for the third quarter of fiscal year ending March 2026,/inbs/ek/140120260126538654.pdf,False,,english,Wholesale Trade,,
2026-01-30 16:00:00,2026-01-30,75370,MARUBUN CORPORATION,Notice Regarding the Introduction of a Shareholder Benefit Plan,/inbs/ek/140120260126538529.pdf,False,,english,Wholesale Trade,,
2026-01-30 16:00:00,2026-01-30,80520,"TSUBAKIMOTO KOGYO CO.,LTD.","[Summary]Consolidated Financial Results for the Nine Months Ended December 31, 2025 (Under Japanese GAAP)",/inbs/ek/140120260129541009.pdf,False,,english,Wholesale Trade,,
2026-01-30 16:00:00,2026-01-30,80520,"TSUBAKIMOTO KOGYO CO.,LTD.","Supplementary Materials for the Nine Months Ended December 31, 2025",/inbs/ek/140120260129541066.pdf,False,,english,Wholesale Trade,,
2026-01-30 16:00:00,2026-01-30,80840,RYODEN CORPORATION,"［Summary］Consolidated Financial Results for the Six Months Ended December 31, 2025",/inbs/ek/140120260129541692.pdf,False,,english,Wholesale Trade,,
2026-01-30 16:00:00,2026-01-30,81370,SUN-WA TECHNOS CORPORATION,"[Summary]Consolidated Financial Results for the Nine Months Ended December 31, 2025(Under Japanese GAAP)",/inbs/ek/140120260128540441.pdf,False,,english,Wholesale Trade,,
2026-01-30 16:00:00,2026-01-30,81370,SUN-WA TECHNOS CORPORATION,Financial Supplemental Information for FY0326 3Q,/inbs/ek/140120260129541881.pdf,False,,english,Wholesale Trade,,
2026-01-30 16:00:00,2026-01-30,83080,"Resona Holdings, Inc.",Consolidated Financial Results for the Third Quarter of Fiscal Year 2025,/inbs/ek/140120260130542636.pdf,False,,english,Banks,,
2026-01-30 16:00:00,2026-01-30,83080,"Resona Holdings, Inc.",Financial Highlights for the Third Quarter of Fiscal Year 2025,/inbs/ek/140120260130542605.pdf,False,,english,Banks,,
2026-01-30 16:00:00,2026-01-30,83090,"Sumitomo Mitsui Trust Group,Inc.","Financial Results for the Nine Months Ended December 31, 2025",/inbs/ek/140120260129541999.pdf,False,,english,Banks,,
2026-01-30 16:00:00,2026-01-30,87080,"AIZAWA SECURITIES GROUP CO.,LTD.",Notice Regarding Issuance of 16th Series of Unsecured Bonds,/inbs/ek/140120260130542476.pdf,False,,english,Securities & Commodity Futures,,
2026-01-30 16:00:00,2026-01-30,87390,"SPARX Group Co.,Ltd.",Summary of Financial Results for the third Quarter of the Fiscal Year Ending March 2026,/inbs/ek/140120260130543576.pdf,False,,english,Securities & Commodity Futures,,
2026-01-30 16:00:00,2026-01-30,87390,"SPARX Group Co.,Ltd.","Notice Regarding Revision to an Expected Dividend  for Fiscal Year Ending on March 31, 2026",/inbs/ek/140120260130543542.pdf,False,,english,Securities & Commodity Futures,,
2026-01-30 16:00:00,2026-01-30,87390,"SPARX Group Co.,Ltd.",FY2025 3rd Quarter Earnings Presentation,/inbs/ek/140120260130543493.pdf,False,,english,Securities & Commodity Futures,,
2026-01-30 16:00:00,2026-01-30,94740,"ZENRIN CO.,LTD.",Financial Summary for the First 3 Quarters of Fiscal 2026 [Japanese GAAP] [Consolidated],/inbs/ek/140120260130543105.pdf,False,,english,Information & Communication,,
2026-01-30 16:00:00,2026-01-30,95030,"The Kansai Electric Power Company,Incorporated","Consolidated Financial Results for the Nine Months Ended December 31, 2025 (Under Japanese GAAP)",/inbs/ek/140120260130542758.pdf,False,,english,Electric Power & Gas,,
2026-01-30 16:00:00,2026-01-30,95360,"SAIBU GAS HOLDINGS CO.,LTD.",Notice Concerning the Status and Completion of Acquisition of Own Shares,/inbs/ek/140120260130542759.pdf,False,,english,Electric Power & Gas,,
2026-01-30 16:00:00,2026-01-30,97420,INES Corporation,"[Summary]Consolidated Financial Results for the Nine Months Ended December 31, 2025",/inbs/ek/140120251225526900.pdf,False,,english,Information & Communication,,
2026-01-30 16:00:00,2026-01-30,97880,"NAC CO.,LTD.",Measures to Realize Management Conscious of Cost of Capital and Stock Price (Update),/inbs/ek/140120260130543417.pdf,False,,english,Services,,
2026-01-30 15:50:00,2026-01-30,41890,"KH Neochem Co.,Ltd.",Notice regarding the revision of Financial Forecasts,/inbs/ek/140120260130543114.pdf,False,,english,Chemicals,,
2026-01-30 15:45:00,2026-01-30,37710,"SYSTEM RESEARCH CO.,LTD.","Consolidated Financial Results for the Nine Months Ended December 31, 2025 [Japanese GAAP]",/inbs/ek/140120260129541934.pdf,False,,english,Information & Communication,,
2026-01-30 15:45:00,2026-01-30,37710,"SYSTEM RESEARCH CO.,LTD.","Notice Concerning Revision to Dividend Forecasts for the Fiscal Year Ending March 31, 2026",/inbs/ek/140120260129542016.pdf,False,,english,Information & Communication,,
2026-01-30 15:45:00,2026-01-30,69200,Lasertec Corporation,Announcement of Dividend of Surplus (Interim Dividend),/inbs/ek/140120260129541409.pdf,False,,english,Electric Appliances,,
2026-01-30 15:45:00,2026-01-30,69200,Lasertec Corporation,Revised Forecast of Consolidated Financial Results for FY2026,/inbs/ek/140120260129541567.pdf,False,,english,Electric Appliances,,
2026-01-30 15:45:00,2026-01-30,69200,Lasertec Corporation,"Consolidated Financial Results for the Six Months Ended December 31, 2025 (Japanese GAAP)",/inbs/ek/140120260129541570.pdf,False,,english,Electric Appliances,,
2026-01-30 15:45:00,2026-01-30,75950,ARGO GRAPHICS Inc.,Notice Regarding Revision of Dividend Forecast (Special Dividend),/inbs/ek/140120260128539873.pdf,False,,english,Information & Communication,,
2026-01-30 15:45:00,2026-01-30,75950,ARGO GRAPHICS Inc.,"[Summary]Consolidated Financial Results for the Nine Months Ended December 31, 2025 (Under Japanese GAAP)",/inbs/ek/140120260128539894.pdf,False,,english,Information & Communication,,
2026-01-30 15:40:00,2026-01-30,31530,"Yashima Denki Co.,Ltd.",[Summary] Financial Results for the Nine Months,/inbs/ek/140120260130543376.pdf,False,,english,Wholesale Trade,,
2026-01-30 15:40:00,2026-01-30,38410,Jedat Inc.,[Summary] Financial Results for the Nine Months,/inbs/ek/140120260130542500.pdf,False,,english,Information & Communication,,
2026-01-30 15:40:00,2026-01-30,61040,"SHIBAURA MACHINE CO.,LTD.","Consolidated Financial Results for the Nine Months Ended December 31, 2025(Under Japanese GAAP)",/inbs/ek/140120260128540713.pdf,False,,english,Machinery,,
2026-01-30 15:40:00,2026-01-30,71020,"NIPPON SHARYO,LTD.","[Summary]Consolidated Financial Results for the Nine Months Ended December 31, 2025",/inbs/ek/140120260129541759.pdf,False,,english,Transportation Equipment,,
2026-01-30 15:40:00,2026-01-30,75750,"Japan Lifeline Co.,Ltd.","Consolidated Financial Results for the Nine Months Ended December 31, 2025(Under Japanese GAAP)",/inbs/ek/140120260130543062.pdf,False,,english,Wholesale Trade,,
2026-01-30 15:35:00,2026-01-30,77350,"SCREEN Holdings Co.,Ltd.","Consolidated Financial Report for the Third Quarter Ended December 31, 2025 (under Japanese GAAP)",/inbs/ek/140120260129542338.pdf,False,,english,Electric Appliances,,
2026-01-30 15:35:00,2026-01-30,77350,"SCREEN Holdings Co.,Ltd.",Notice: Stock Split and Corresponding Partial Amendment to the Articles of Incorporation,/inbs/ek/140120260129542361.pdf,False,,english,Electric Appliances,,
2026-01-30 15:35:00,2026-01-30,81410,"Shinko Shoji Co.,Ltd.","Consolidated Financial Results for the Nine Months Ended December 31, 2025 [Japanese GAAP]",/inbs/ek/140120260129541172.pdf,False,,english,Wholesale Trade,,
2026-01-30 15:30:00,2026-01-30,19760,"MEISEI INDUSTRIAL Co.,Ltd.","〔Summary〕 Consolidated Financial Results for the First Nine Months of the Fiscal Year Ending March 31, 2026",/inbs/ek/140120260129541541.pdf,False,,english,Construction,,
2026-01-30 15:30:00,2026-01-30,20020,NISSHIN SEIFUN GROUP INC.,[Summary] Consolidated Financial Results for the Third Quarter of Fiscal 2026 [Japanese GAAP],/inbs/ek/140120260129541977.pdf,False,,english,Foods,,
2026-01-30 15:30:00,2026-01-30,20600,"FEED ONE CO.,LTD.","Consolidated Financial Results for the Nine Months Ended December 31, 2025 (Under Japanese GAAP)",/inbs/ek/140120260115534202.pdf,False,,english,Foods,,
2026-01-30 15:30:00,2026-01-30,20600,"FEED ONE CO.,LTD.",[Summary] FYE3/2026 Q3 Results Briefing,/inbs/ek/140120260115534580.pdf,False,,english,Foods,,
2026-01-30 15:30:00,2026-01-30,21140,Fuji Nihon Corporation,"Consolidated Financial Results for the Nine Months Ended December 31, 2025 (Under Japanese GAAP)",/inbs/ek/140120260130542922.pdf,False,,english,Foods,,
2026-01-30 15:30:00,2026-01-30,21210,"MIXI,Inc.","Consolidated Financial Results for the Nine Months Ended December 31, 2025[Japanese GAAP]",/inbs/ek/140120260128540609.pdf,False,,english,Information & Communication,,
2026-01-30 15:30:00,2026-01-30,21270,Nihon M&A Center Holdings Inc.,"[Summary] Consolidated Financial Resultsfor the Nine Months Ended December 31, 2025(Under Japanese GAAP)",/inbs/ek/140120260129542118.pdf,False,,english,Services,,
2026-01-30 15:30:00,2026-01-30,21750,"SMS CO.,LTD.","Presentation Material for the Third Quarter of the Fiscal Year Ending March 31, 2026",/inbs/ek/140120260129541920.pdf,False,,english,Services,,
2026-01-30 15:30:00,2026-01-30,21750,"SMS CO.,LTD.","Consolidated Financial Results for the Nine Months Ended December 31, 2025 (Under Japanese GAAP)",/inbs/ek/140120260129541913.pdf,False,,english,Services,,
2026-01-30 15:30:00,2026-01-30,21750,"SMS CO.,LTD.",Notice Regarding Revision to Dividend Forecast,/inbs/ek/140120260129540980.pdf,False,,english,Services,,
2026-01-30 15:30:00,2026-01-30,22120,"YAMAZAKI BAKING CO.,LTD.","Notice Concerning Revision to Dividend Forecast for the Fiscal Year Ended December 31,2025",/inbs/ek/140120260130542490.pdf,False,,english,Foods,,
2026-01-30 15:30:00,2026-01-30,22170,Morozoff Limited,Notice on Revision of Earnings Forecasts,/inbs/ek/140120260129541601.pdf,False,,english,Foods,,
2026-01-30 15:30:00,2026-01-30,22170,Morozoff Limited,Notice Regarding Cancellation of Treasury Shares,/inbs/ek/140120260129542124.pdf,False,,english,Foods,,
2026-01-30 15:30:00,2026-01-30,22660,"ROKKO BUTTER CO.,LTD.",Notice Concerning Revisions to Full-Year Financial Results Forecasts,/inbs/ek/140120260129542053.pdf,False,,english,Foods,,
2026-01-30 15:30:00,2026-01-30,23270,NS Solutions Corporation,"Consolidated Financial Results for the the Nine Months Ended December 31, 2025 (Under IFRS)",/inbs/ek/140120260129541575.pdf,False,,english,Information & Communication,,
2026-01-30 15:30:00,2026-01-30,23270,NS Solutions Corporation,3rd Quarter Results FY2025 and FY2025 Guidance,/inbs/ek/140120260129541576.pdf,False,,english,Information & Communication,,
2026-01-30 15:30:00,2026-01-30,23270,NS Solutions Corporation,Notice Regarding Changes to Shareholder Benefits Program,/inbs/ek/140120260129541740.pdf,False,,english,Information & Communication,,
2026-01-30 15:30:00,2026-01-30,25900,"DyDo GROUP HOLDINGS,INC.","Monthly Sales Report, January FY2025",/inbs/ek/140120260130543422.pdf,False,,english,Foods,,
2026-01-30 15:30:00,2026-01-30,26890,"OLBA HEALTHCARE HOLDINGS,Inc.",[Summary] Financial Results for the Six Months,/inbs/ek/140120260130543390.pdf,False,,english,Wholesale Trade,,
2026-01-30 15:30:00,2026-01-30,27820,"Seria Co.,Ltd.",[Summary] Financial Results for the Nine Months,/inbs/ek/140120260130542912.pdf,False,,english,Retail Trade,,
2026-01-30 15:30:00,2026-01-30,30920,"ZOZO,Inc.","Consolidated Financial Results for the third quarter of the fiscal year ending March 31, 2026〔JGAAP〕",/inbs/ek/140120260128539953.pdf,False,,english,Retail Trade,,
2026-01-30 15:30:00,2026-01-30,30920,"ZOZO,Inc.",FY2025 3Q Consolidated Business Results,/inbs/ek/140120260128539958.pdf,False,,english,Retail Trade,,
2026-01-30 15:30:00,2026-01-30,32900,"One REIT,Inc.",Notice concerning Completion of Asset Transfer (ONEST Minami-Otsuka Building and Shinkawa 1-chome Building),/inbs/ek/140120260130543526.pdf,False,,english,REIT,,
2026-01-30 15:30:00,2026-01-30,32900,"One REIT,Inc.",[Delayed] Notice concerning Acquisition of Domestic Real Estate Trust Beneficiary Rights and Transfer of Domestic Real Estate Trust Beneficiary Rights,/inbs/ek/140120260130543559.pdf,False,,english,REIT,,
2026-01-30 15:30:00,2026-01-30,32900,"One REIT,Inc.",[Delayed] Supplementary Materials to the Series of Press Releases Announced Today,/inbs/ek/140120260130543581.pdf,False,,english,REIT,,
2026-01-30 15:30:00,2026-01-30,33880,"MEIJI ELECTRIC INDUSTRIES CO.,LTD.","[Summary] Consolidated Financial Results for the Nine Months Ended December 31, 2025 (Under Japanese GAAP)",/inbs/ek/140120260130543136.pdf,False,,english,Wholesale Trade,,
2026-01-30 15:30:00,2026-01-30,34680,Star Asia Investment Corporation,Notice Concerning the Termination of Lending and Redemption of Assets (Preferred Equity Securities),/inbs/ek/140120260130543470.pdf,False,,english,REIT,,
2026-01-30 15:30:00,2026-01-30,34710,Mitsui Fudosan Logistics Park Inc.,Notice Concerning the Right of First Look and Preferential Negotiation Properties,/inbs/ek/140120260130543605.pdf,False,,english,REIT,,
2026-01-30 15:30:00,2026-01-30,34960,"AZOOM CO.,LTD","Consolidated Financial Results for the Three Months Ended December 31, 2025 (Under Japanese GAAP)",/inbs/ek/140120260130543275.pdf,False,,english,Real Estate,,
2026-01-30 15:30:00,2026-01-30,34960,"AZOOM CO.,LTD","Financial Results Briefing Materials for the 1st Quarter of the Fiscal Year Ending September 30, 2026",/inbs/ek/140120260130543279.pdf,False,,english,Real Estate,,
2026-01-30 15:30:00,2026-01-30,37620,TECHMATRIX CORPORATION,Appendix for the 3rd Quarter of 42nd business period,/inbs/ek/140120260130543478.pdf,False,,english,Information & Communication,,
2026-01-30 15:30:00,2026-01-30,37620,TECHMATRIX CORPORATION,"[Summary]Consolidated Financial Results for the Nine Months Ended December 31, 2025 (Under IFRS)",/inbs/ek/140120260130543459.pdf,False,,english,Information & Communication,,
2026-01-30 15:30:00,2026-01-30,38360,AVANT GROUP CORPORATION,"Consolidated Financial Results for the six months ended December 31, 2025(Japanese GAAP)",/inbs/ek/140120260130543127.pdf,False,,english,Information & Communication,,
2026-01-30 15:30:00,2026-01-30,38360,AVANT GROUP CORPORATION,"Presentation for the second quarter of the fiscal year ending June 30, 2026",/inbs/ek/140120260130543158.pdf,False,,english,Information & Communication,,
2026-01-30 15:30:00,2026-01-30,39210,NEOJAPAN Inc.,Notice of the Summary of the Evaluation Results regarding the Effectiveness of the Board of Directors of the Company,/inbs/ek/140120260130543157.pdf,False,,english,Information & Communication,,
2026-01-30 15:30:00,2026-01-30,42050,ZEON CORPORATION,Notice Concerning Revisions to Financial Results Forecasts,/inbs/ek/140120260129542044.pdf,False,,english,Chemicals,,
2026-01-30 15:30:00,2026-01-30,42050,ZEON CORPORATION,"［Summary］Consolidated Financial Results for the Nine Months Ended December 31, 2025   (Under Japanese GAAP)",/inbs/ek/140120260129542007.pdf,False,,english,Chemicals,,
2026-01-30 15:30:00,2026-01-30,42280,"Sekisui Kasei Co.,Ltd.","Consolidated Financial Results for the Nine Months Ended December 31, 2025 <Under Japanese GAAP>",/inbs/ek/140120260130543216.pdf,False,,english,Chemicals,,
2026-01-30 15:30:00,2026-01-30,43180,"QUICK CO.,LTD.","Summary of Consolidated Financial Results for the Third Quarter of the Fiscal Year Ending March 31, 2026 (Nine Months Ended December 31, 2025)",/inbs/ek/140120260130543196.pdf,False,,english,Services,,
2026-01-30 15:30:00,2026-01-30,45060,"Sumitomo Pharma Co.,Ltd.",Presentation Material (Conference on Q3 FY2025 Financial Results),/inbs/ek/140120260129541734.pdf,False,,english,Pharmaceutical,,
2026-01-30 15:30:00,2026-01-30,45060,"Sumitomo Pharma Co.,Ltd.","Supplementary Financial Data (IFRS) for the Third Quarter of the Year Ending March 31, 2026",/inbs/ek/140120260129541723.pdf,False,,english,Pharmaceutical,,
2026-01-30 15:30:00,2026-01-30,45060,"Sumitomo Pharma Co.,Ltd.","Summary of Consolidated Financial Results for the Nine Months Ended December 31, 2025 [IFRS]",/inbs/ek/140120260129541697.pdf,False,,english,Pharmaceutical,,
2026-01-30 15:30:00,2026-01-30,45470,"KISSEI PHARMACEUTICAL CO.,LTD.","Consolidated Financial Results for the Nine Months Ended December 31, 2025 [Japanese GAAP]",/inbs/ek/140120260130543398.pdf,False,,english,Pharmaceutical,,
2026-01-30 15:30:00,2026-01-30,45470,"KISSEI PHARMACEUTICAL CO.,LTD.","Supplementary Explanatory Materials on Financial Results for the Nine Months Ended December 31, 2025",/inbs/ek/140120260129542043.pdf,False,,english,Pharmaceutical,,
2026-01-30 15:30:00,2026-01-30,45470,"KISSEI PHARMACEUTICAL CO.,LTD.",Notice Concerning Revisions to Dividend Forecast (Implementation of Commemorative Dividend for the 80th Anniversary of the,/inbs/ek/140120260129542054.pdf,False,,english,Pharmaceutical,,
2026-01-30 15:30:00,2026-01-30,45490,"EIKEN CHEMICAL CO.,LTD.","Consolidated Financial Results for the Nine Months Ended December 31, 2025 (Under Japanese GAAP)",/inbs/ek/140120260129541665.pdf,False,,english,Pharmaceutical,,
2026-01-30 15:30:00,2026-01-30,45490,"EIKEN CHEMICAL CO.,LTD.","Financial Results for Q3 FY2025 (April 1, 2025 to December 31, 2025)",/inbs/ek/140120260129541693.pdf,False,,english,Pharmaceutical,,
2026-01-30 15:30:00,2026-01-30,47760,"Cybozu,Inc.",Notice Concerning Financial Accounting Standards Foundation (FASF) Membership Status,/inbs/ek/140120260126538484.pdf,False,,english,Information & Communication,,
2026-01-30 15:30:00,2026-01-30,48160,"TOEI ANIMATION CO.,LTD.",Summary of Financial Results for the Third quater 2026,/inbs/ek/140120260130543595.pdf,False,,english,Information & Communication,,
2026-01-30 15:30:00,2026-01-30,48190,"Digital Garage,Inc.",Notice Concerning Changes in Corporate Officers and Personnel,/inbs/ek/140120260130543084.pdf,False,,english,Information & Communication,,
2026-01-30 15:30:00,2026-01-30,48480,"FULLCAST HOLDINGS CO.,LTD.","Announcement Regarding the Acquisition of Shares (Transformation into a Subsidiary) of ENTRY,Inc",/inbs/ek/140120260127539591.pdf,False,,english,Services,,
2026-01-30 15:30:00,2026-01-30,51850,"Fukoku Co.,Ltd.",（Summary）Notice Concerning Establishment of a New U.S. Corporation,/inbs/ek/140120260130543627.pdf,False,,english,Rubber Products,,
2026-01-30 15:30:00,2026-01-30,53320,TOTO LTD.,"Consolidated Financial Results for the Nine Months Ended December 31, 2025 (Under Japanese GAAP)",/inbs/ek/140120260130542975.pdf,False,,english,Glass & Ceramics Products,,
2026-01-30 15:30:00,2026-01-30,53320,TOTO LTD.,Third Quarter Results For Fiscal Year Ending March 2026,/inbs/ek/140120260130543374.pdf,False,,english,Glass & Ceramics Products,,
2026-01-30 15:30:00,2026-01-30,53520,KROSAKI HARIMA CORPORATION,Notice Regarding Expression of Opinion in Support of Commencement of the Tender Offer for the Company Shares by Nippon Steel Corporation,/inbs/ek/140120260129541313.pdf,False,,english,Glass & Ceramics Products,,
2026-01-30 15:30:00,2026-01-30,54010,NIPPON STEEL CORPORATION,Notice Regarding Commencement of Tender Offer for Shares of Krosaki Harima Corporation (Securities Code: 5352),/inbs/ek/140120260123537795.pdf,False,,english,Iron & Steel,,
2026-01-30 15:30:00,2026-01-30,57070,"Toho Zinc Co.,Ltd.",Notice Regarding the Amendment of Financial Covenants under the Intercreditor Agreement Containing Financial Covenants,/inbs/ek/140120260129542185.pdf,False,,english,Nonferrous Metals,,
2026-01-30 15:30:00,2026-01-30,58440,"Kyoto Financial Group,Inc.","Consolidated Summary Report (Under Japanese GAAP) for the Nine Months Ended December 31, 2025",/inbs/ek/140120260129541378.pdf,False,,english,Banks,,
2026-01-30 15:30:00,2026-01-30,59510,"Dainichi Co.,Ltd.",[Summary] Financial Results for the Nine Months,/inbs/ek/140120260130542558.pdf,False,,english,Metal Products,,
2026-01-30 15:30:00,2026-01-30,60420,"NIKKI CO.,LTD.",[Summary] Financial Results for the Nine Months,/inbs/ek/140120260130543106.pdf,False,,english,Transportation Equipment,,
2026-01-30 15:30:00,2026-01-30,60800,"M&A Capital Partners Co.,Ltd.","Consolidated Financial Results for the First Quarter of the Fiscal Year Ending September 30, 2026 (under IFRS)",/inbs/ek/140120260130543259.pdf,False,,english,Services,,
2026-01-30 15:30:00,2026-01-30,60800,"M&A Capital Partners Co.,Ltd.",Presentation Materials for the Q1 FY09/2026 Earnings Results,/inbs/ek/140120260130543318.pdf,False,,english,Services,,
2026-01-30 15:30:00,2026-01-30,61350,"Makino Milling Machine Co.,Ltd.","(Summary)Consolidated Financial Results for the Nine Months Ended December 31, 2025(Under Japanese GAAP)",/inbs/ek/140120260129542245.pdf,False,,english,Machinery,,
2026-01-30 15:30:00,2026-01-30,61350,"Makino Milling Machine Co.,Ltd.",Notice Concerning Revisions to Full-Year Financial Results Forecasts,/inbs/ek/140120260130542729.pdf,False,,english,Machinery,,
2026-01-30 15:30:00,2026-01-30,61960,"Strike Company,Limited",Q1 FY2026 Non-Consolidated Financial Results,/inbs/ek/140120260129542296.pdf,False,,english,Services,,
2026-01-30 15:30:00,2026-01-30,61960,"Strike Company,Limited",Q1 FY2026 Earnings Presentation,/inbs/ek/140120260129542322.pdf,False,,english,Services,,
2026-01-30 15:30:00,2026-01-30,61960,"Strike Company,Limited","Notice Regarding Stock Split, Partial Amendment to the Articles of Incorporation, and Revision of Dividend Forecast",/inbs/ek/140120260129542325.pdf,False,,english,Services,,
2026-01-30 15:30:00,2026-01-30,62220,"SHIMA SEIKI MFG.,LTD.","Consolidated Financial Results for the Nine Months Ended December 31, 2025 (Under Japanese GAAP)",/inbs/ek/140120260130542761.pdf,False,,english,Machinery,,
2026-01-30 15:30:00,2026-01-30,62220,"SHIMA SEIKI MFG.,LTD.",Notice Concerning Revision to Full-year Financial Results Forecast and Expected Recognition of Extraordinary Income from Sale of Investment Securities,/inbs/ek/140120260130543057.pdf,False,,english,Machinery,,
2026-01-30 15:30:00,2026-01-30,62930,"NISSEI PLASTIC INDUSTRIAL CO.,LTD.",Notice Concerning the Resolutions of the Extraordinary General Meeting of Shareholders,/inbs/ek/140120260128540042.pdf,False,,english,Machinery,,
2026-01-30 15:30:00,2026-01-30,64540,"MAX CO.,LTD.",Notice Concerning Stock Split and Partical Amendments to the Articles of Incorporation in Connection with Stock Split,/inbs/ek/140120260128540698.pdf,False,,english,Machinery,,
2026-01-30 15:30:00,2026-01-30,64540,"MAX CO.,LTD.","Consolidated Financial Results for the Nine Months Ended December 31, 2025 (Under Japanese GAAP)",/inbs/ek/140120260129541644.pdf,False,,english,Machinery,,
2026-01-30 15:30:00,2026-01-30,64540,"MAX CO.,LTD.","Supplementary Explanatory Notes to Consolidated Financial Statements for the Nine Months Ended December 31, 2025",/inbs/ek/140120260129541651.pdf,False,,english,Machinery,,
2026-01-30 15:30:00,2026-01-30,64540,"MAX CO.,LTD.",Financial Results Briefing for the 3rd Quater of FY 2025,/inbs/ek/140120260129541655.pdf,False,,english,Machinery,,
2026-01-30 15:30:00,2026-01-30,64550,MORITA HOLDINGS CORPORATION,"[Summary]Consolidated Financial Results for the Nine months Ended December 31,2025",/inbs/ek/140120260128539887.pdf,False,,english,Transportation Equipment,,
2026-01-30 15:30:00,2026-01-30,64550,MORITA HOLDINGS CORPORATION,Notice Concerning Disposal of Treasury Shares as Restricted Stock Incentive for Employee Shareholding Association,/inbs/ek/140120260128539914.pdf,False,,english,Transportation Equipment,,
2026-01-30 15:30:00,2026-01-30,64550,MORITA HOLDINGS CORPORATION,Notice Concerning the Cancellation of Treasury Shares,/inbs/ek/140120260128539902.pdf,False,,english,Transportation Equipment,,
2026-01-30 15:30:00,2026-01-30,65080,MEIDENSHA CORPORATION,"Meidensha Corporation Reports Earnings for the Nine Months Ended December 31, 2025",/inbs/ek/140120260129542306.pdf,False,,english,Electric Appliances,,
2026-01-30 15:30:00,2026-01-30,65080,MEIDENSHA CORPORATION,FY 2025 3Q Supplementary information,/inbs/ek/140120260129542308.pdf,False,,english,Electric Appliances,,
2026-01-30 15:30:00,2026-01-30,65260,Socionext Inc.,"Consolidated Financial Results for the 9 Months Ended December 31, 2025 (Based on Japanese GAAP)",/inbs/ek/140120260130542510.pdf,False,,english,Electric Appliances,,
2026-01-30 15:30:00,2026-01-30,67270,"Wacom Co.,Ltd.","Notice Regarding the Acquisition of Shares of RE-X Expansion, Making It a Subsidiary and the Commencement of a New Related Business",/inbs/ek/140120260116534955.pdf,False,,english,Electric Appliances,,
2026-01-30 15:30:00,2026-01-30,67270,"Wacom Co.,Ltd.",Notice of Change of Certified Public Accountant,/inbs/ek/140120251224525283.pdf,False,,english,Electric Appliances,,
2026-01-30 15:30:00,2026-01-30,67270,"Wacom Co.,Ltd.",Q3 FY 3/2026 Summary of Consolidated Financial Results,/inbs/ek/140120260116534944.pdf,False,,english,Electric Appliances,,
2026-01-30 15:30:00,2026-01-30,67270,"Wacom Co.,Ltd.",Revision of Consolidated Financial Forecasts (Upward for Profits) and Dividend Forecast (Dividend Increase and Commemorative dividend) for FY2025,/inbs/ek/140120260116534906.pdf,False,,english,Electric Appliances,,
2026-01-30 15:30:00,2026-01-30,67700,"ALPS ALPINE CO.,LTD.","Consolidated Financial Results for the Nine Months Ended December 31, 2025 [Under Japanese GAAP]",/inbs/ek/140120260129542150.pdf,False,,english,Electric Appliances,,
2026-01-30 15:30:00,2026-01-30,67700,"ALPS ALPINE CO.,LTD.","Revision to Consolidated Financial Forecasts and Dividend Forecasts for the Fiscal Year Ending March 31,2026",/inbs/ek/140120260130543038.pdf,False,,english,Electric Appliances,,
2026-01-30 15:30:00,2026-01-30,68100,"Maxell,Ltd.","Summary of Consolidated Financial Results for the Third Quarter ended December 31, 2025",/inbs/ek/140120260127539174.pdf,False,,english,Electric Appliances,,
2026-01-30 15:30:00,2026-01-30,68100,"Maxell,Ltd.",Notice regarding Transfer of Business to Wholly Owned Subsidiary by Simplified Absorption-type Company Split,/inbs/ek/140120260127539443.pdf,False,,english,Electric Appliances,,
2026-01-30 15:30:00,2026-01-30,68820,"Sansha Electric Manufacturing Co.,Ltd.","Consolidated Financial Results  for the Nine Months Ended December 31, 2025",/inbs/ek/140120260129542162.pdf,False,,english,Electric Appliances,,
2026-01-30 15:30:00,2026-01-30,68820,"Sansha Electric Manufacturing Co.,Ltd.",Business Results Summary for the Third Quarter of Fiscal 2025,/inbs/ek/140120260130543055.pdf,False,,english,Electric Appliances,,
2026-01-30 15:30:00,2026-01-30,69610,ENPLAS CORPORATION,"[Summary]Consolidated Financial Results for the Nine Months Ended December 31, 2025 (Under Japanese GAAP)",/inbs/ek/140120260130543490.pdf,False,,english,Electric Appliances,,
2026-01-30 15:30:00,2026-01-30,69610,ENPLAS CORPORATION,Notice Concerning Revision of Earnings Forecast,/inbs/ek/140120260130543682.pdf,False,,english,Electric Appliances,,
2026-01-30 15:30:00,2026-01-30,71730,"Tokyo Kiraboshi Financial Group,Inc.","[Summary]Consolidated Financial Report for the Nine Months Ended December 31, 2025 <Under Japanese GAAP>",/inbs/ek/140120260129542181.pdf,False,,english,Banks,,
2026-01-30 15:30:00,2026-01-30,71820,"JAPAN POST BANK Co.,Ltd.","Notice Concerning Unrealized Losses on Securities For the Nine Months Ended December 31, 2025",/inbs/ek/140120260129541640.pdf,False,,english,Banks,,
2026-01-30 15:30:00,2026-01-30,74200,"SATORI ELECTRIC CO.,LTD.","Notice Regarding the Organization, Officers, and Corporate Logo in Connection with the Establishment of MIRAINI Holdings Co., Ltd.",/inbs/ek/140120260130543506.pdf,False,,english,Wholesale Trade,,
2026-01-30 15:30:00,2026-01-30,74200,"SATORI ELECTRIC CO.,LTD.",Notice Regarding Executive Officer Personnel Changes,/inbs/ek/140120260130543519.pdf,False,,english,Wholesale Trade,,
2026-01-30 15:30:00,2026-01-30,74670,"HAGIWARA ELECTRIC HOLDINGS CO.,LTD.","Notice Regarding the Organization, Officers, and Corporate Logo in Connection with the Establishment of MIRAINI Holdings Co., Ltd.",/inbs/ek/140120260129542349.pdf,False,,english,Wholesale Trade,,
2026-01-30 15:30:00,2026-01-30,74830,"DOSHISHA CO.,LTD.",[Summary] Financial Results for the Nine Months,/inbs/ek/140120260130542807.pdf,False,,english,Wholesale Trade,,
2026-01-30 15:30:00,2026-01-30,74830,"DOSHISHA CO.,LTD.","Notice Regarding Revision to Full-Year Earnings Forecast for the Fiscal Year Ending March 31,2026",/inbs/ek/140120260130542982.pdf,False,,english,Wholesale Trade,,
2026-01-30 15:30:00,2026-01-30,74830,"DOSHISHA CO.,LTD.","（Summary）Summary of Consolidated Financial Results for the Nine Months Ended December 31, 2025",/inbs/ek/140120260130543354.pdf,False,,english,Wholesale Trade,,
2026-01-30 15:30:00,2026-01-30,75040,KOHSOKU CORPORATION,Supplementary Materials for Q3 FY03/26 Financial Results,/inbs/ek/140120260126538829.pdf,False,,english,Wholesale Trade,,
2026-01-30 15:30:00,2026-01-30,75040,KOHSOKU CORPORATION,"[Summary]Consolidated Financial Results for the Nine Months Ended December 31, 2025 (Under Japanese GAAP)",/inbs/ek/140120260129542267.pdf,False,,english,Wholesale Trade,,
2026-01-30 15:30:00,2026-01-30,75080,G-7 HOLDINGS Inc.,"Consolidated Financial Results for the Nine Months Ended December 31, 2025 (Under Japanese GAAP)",/inbs/ek/140120260129541890.pdf,False,,english,Retail Trade,,
2026-01-30 15:30:00,2026-01-30,75100,TAKEBISHI CORPORATION,"[Summary] Consolidated Financial Results for the Nine Months Ended December 31, 2025 (Based on Japanese GAAP)",/inbs/ek/140120260130543020.pdf,False,,english,Wholesale Trade,,
2026-01-30 15:30:00,2026-01-30,75960,"UORIKI CO.,LTD.","Notice Concerning Organizational Changes, Changes in Executive Officers and Other Personnel Changes",/inbs/ek/140120260130543258.pdf,False,,english,Retail Trade,,
2026-01-30 15:30:00,2026-01-30,77230,"Aichi Tokei Denki Co.,Ltd.",Consolidated Financial Results for the Nine Months Ended December 31 2025,/inbs/ek/140120260130542548.pdf,False,,english,Precision Instruments,,
2026-01-30 15:30:00,2026-01-30,77230,"Aichi Tokei Denki Co.,Ltd.",Notice Concerning the Recording of Extraordinary Profit and Revisions to Forecasts of Financial Results and Dividends,/inbs/ek/140120260130542564.pdf,False,,english,Precision Instruments,,
2026-01-30 15:30:00,2026-01-30,78230,ARTNATURE INC.,"Consolidated Financial Results for the First Nine Months of the Fiscal Year Ending March 31, 2026 [J-GAAP]",/inbs/ek/140120260130542763.pdf,False,,english,Other Products,,
2026-01-30 15:30:00,2026-01-30,78390,"SHOEI CO.,LTD.","Financial Results for the First Quarter of the Fiscal Year Ending September 30,2026",/inbs/ek/140120260130542601.pdf,False,,english,Other Products,,
2026-01-30 15:30:00,2026-01-30,78390,"SHOEI CO.,LTD.","【Summary】Consolidated Financial Results for the First Quarter of the Fiscal Year Ending September 30,2026",/inbs/ek/140120260130542561.pdf,False,,english,Other Products,,
2026-01-30 15:30:00,2026-01-30,78440,Marvelous Inc.,"Consolidated Financial Results for the Nine Months Ended December 31, 2025 (Under Japanese GAAP)",/inbs/ek/140120260130543163.pdf,False,,english,Information & Communication,,
2026-01-30 15:30:00,2026-01-30,78440,Marvelous Inc.,"Fiscal Year Ending March 2026, Third Quarter Results Briefing Materials",/inbs/ek/140120260130543185.pdf,False,,english,Information & Communication,,
2026-01-30 15:30:00,2026-01-30,78930,PRONEXUS INC.,"[Summary]Consolidated Financial Results for the Nine Months Ended December 31, 2025(Under IFRS)",/inbs/ek/140120260129541597.pdf,False,,english,Other Products,,
2026-01-30 15:30:00,2026-01-30,79060,"YONEX CO.,LTD.",Notice Regarding Partial Revision to the Shareholder Benefit Program,/inbs/ek/140120260130542613.pdf,False,,english,Other Products,,
2026-01-30 15:30:00,2026-01-30,79420,JSP Corporation,"[Summary] Summary of Consolidated Financial Results for the Nine Months Ended December 31, 2025 (Under Japanese GAAP)",/inbs/ek/140120260130543178.pdf,False,,english,Chemicals,,
2026-01-30 15:30:00,2026-01-30,79420,JSP Corporation,"Notice Regarding Revisions to Consolidated Financial Forecasts and Year-End Dividend Forecast for the Fiscal Year Ending March 31, 2026",/inbs/ek/140120260130543210.pdf,False,,english,Chemicals,,
2026-01-30 15:30:00,2026-01-30,80050,Scroll Corporation,"[Summary] Consolidated Financial Results for the Nine Months Ended December 31, 2025 (Under Japanese GAAP)",/inbs/ek/140120260130543578.pdf,False,,english,Retail Trade,,
2026-01-30 15:30:00,2026-01-30,80050,Scroll Corporation,Presentation Material for Financial Results Q3 FY2025,/inbs/ek/140120260130543589.pdf,False,,english,Retail Trade,,
2026-01-30 15:30:00,2026-01-30,80050,Scroll Corporation,Notice Concerning Recording of Extraordinary Losses and Revisions to Full-Year Consolidated Results Forecasts,/inbs/ek/140120260130543594.pdf,False,,english,Retail Trade,,
2026-01-30 15:30:00,2026-01-30,80310,"MITSUI & CO.,LTD.","Partial Correction to the Japanese Version of the “Consolidated Financial Results for the Nine-Month Period Ended December 31, 2024 [IFRS]”",/inbs/ek/140120260130543293.pdf,False,,english,Wholesale Trade,,
2026-01-30 15:30:00,2026-01-30,81320,"SINANEN HOLDINGS CO.,LTD.",(Progress on Disclosed Matter) Notice Regarding Business Restructuring of Consolidated Subsidiaries,/inbs/ek/140120260130543078.pdf,False,,english,Wholesale Trade,,
2026-01-30 15:30:00,2026-01-30,81420,"TOHO Co.,Ltd.",Notice Concerning Change of Representative Director (Retirement),/inbs/ek/140120260130543577.pdf,False,,english,Wholesale Trade,,
2026-01-30 15:30:00,2026-01-30,82330,"Takashimaya Company,Limited","(Update)“Notice of the Purchase and Cancellation of Convertible Bonds due 2028 through a Tender Offer,and Update on Cancellation of Treasury Shares”",/inbs/ek/140120260127539625.pdf,False,,english,Retail Trade,,
2026-01-30 15:30:00,2026-01-30,82330,"Takashimaya Company,Limited",Notice Regarding the Recording of Extraordinary Loss and Revision of Earnings Forecasts,/inbs/ek/140120260127539623.pdf,False,,english,Retail Trade,,
2026-01-30 15:30:00,2026-01-30,83160,"Sumitomo Mitsui Financial Group,Inc.","Consolidated Financial Results for the nine months ended December 31, 2025 <Under Japanese GAAP>",/inbs/ek/140120260129542364.pdf,False,,english,Banks,,
2026-01-30 15:30:00,2026-01-30,84180,"Yamaguchi Financial Group,Inc.","Notice Concerning Unrealized Losses on Securities as of the End of the Third Quarter of the Fiscal Year Ending March 31, 2026",/inbs/ek/140120260129542116.pdf,False,,english,Banks,,
2026-01-30 15:30:00,2026-01-30,85720,"ACOM CO.,LTD.",Brief Statement of the Third Quarter Financial Results for the Fiscal Year Ending March 2026 [Japanese GAAP (Consolidated)],/inbs/ek/140120260130543529.pdf,False,,english,Other Financing Business,,
2026-01-30 15:30:00,2026-01-30,85720,"ACOM CO.,LTD.",[Summary] Financial Results for the Nine Months,/inbs/ek/140120260130543539.pdf,False,,english,Other Financing Business,,
2026-01-30 15:30:00,2026-01-30,85850,Orient Corporation,"Consolidated Financial Results for the Nine Months Ended December 31, 2025 (Under Japanese GAAP)",/inbs/ek/140120260130543162.pdf,False,,english,Other Financing Business,,
2026-01-30 15:30:00,2026-01-30,86040,"Nomura Holdings, Inc.",Nomura Reports Third Quarter Financial Results,/inbs/ek/140120260130543661.pdf,False,,english,Securities & Commodity Futures,,
2026-01-30 15:30:00,2026-01-30,86040,"Nomura Holdings, Inc.","Financial Summary for the Nine months ended December 31, 2025",/inbs/ek/140120260130543647.pdf,False,,english,Securities & Commodity Futures,,
2026-01-30 15:30:00,2026-01-30,86040,"Nomura Holdings, Inc.",Nomura Approves Share Buyback Program,/inbs/ek/140120260130543669.pdf,False,,english,Securities & Commodity Futures,,
2026-01-30 15:30:00,2026-01-30,86040,"Nomura Holdings, Inc.",Nomura to Cancel Own Shares,/inbs/ek/140120260130543699.pdf,False,,english,Securities & Commodity Futures,,
2026-01-30 15:30:00,2026-01-30,86040,"Nomura Holdings, Inc.",Notice Regarding Change in Specified Subsidiary,/inbs/ek/140120260130543709.pdf,False,,english,Securities & Commodity Futures,,
2026-01-30 15:30:00,2026-01-30,87040,"TRADERS HOLDINGS CO.,LTD.","Financial Results for the Nine Months Ended December 31, 2025",/inbs/ek/140120260130542965.pdf,False,,english,Securities & Commodity Futures,,
2026-01-30 15:30:00,2026-01-30,87040,"TRADERS HOLDINGS CO.,LTD.","Consolidated Financial Results for the Nine Months Ended December 31, 2025 (Under Japanese GAAP)",/inbs/ek/140120260130542953.pdf,False,,english,Securities & Commodity Futures,,
2026-01-30 15:30:00,2026-01-30,88480,LEOPALACE21 CORPORATION,Notice Concerning Implementing Company Split―Simplified Absorption-type and Change in Subsidiary (Change in Specified Subsidiary),/inbs/ek/140120260130543046.pdf,False,,english,Real Estate,,
2026-01-30 15:30:00,2026-01-30,88920,ES-CON JAPAN Ltd.,"Consolidated Financial Results   for the Nine Months Ended December 31, 2025  (Under Japanese GAAP",/inbs/ek/140120260129541518.pdf,False,,english,Real Estate,,
2026-01-30 15:30:00,2026-01-30,88920,ES-CON JAPAN Ltd.,"Financial Resultsfor the Nine Months Ended December 31, 2025",/inbs/ek/140120260130543282.pdf,False,,english,Real Estate,,
2026-01-30 15:30:00,2026-01-30,89870,"Japan Excellent,Inc.",Notice Concerning Filing of Shelf Registration Statement for Investment Corporation Bonds,/inbs/ek/140120260128540760.pdf,False,,english,REIT,,
2026-01-30 15:30:00,2026-01-30,90090,"Keisei Electric Railway Co.,Ltd.","Consolidated Financial Results for the Nine Months Ended December 31, 2025 (Under Japanese GAAP)",/inbs/ek/140120260126538809.pdf,False,,english,Land Transportation,,
2026-01-30 15:30:00,2026-01-30,90230,"Tokyo Metro Co.,Ltd.","Consolidated Financial Results for the Nine Months Ended December 31, 2025 (Under Japanese GAAP)",/inbs/ek/140120260130543335.pdf,False,,english,Land Transportation,,
2026-01-30 15:30:00,2026-01-30,90230,"Tokyo Metro Co.,Ltd.",Presentation Materials - FY2026/3 Third Quarter Financial Results,/inbs/ek/140120260130543341.pdf,False,,english,Land Transportation,,
2026-01-30 15:30:00,2026-01-30,90420,"Hankyu Hanshin Holdings,Inc.","[Summary]Consolidated Financial Results for the Nine Months Ended December 31,2025[Under Japanese GAAP]",/inbs/ek/140120260130542983.pdf,False,,english,Land Transportation,,
2026-01-30 15:30:00,2026-01-30,90650,SANKYU INC.,"Consolidated Financial Results for the Nine Months Ended December 31, 2025 [Japanese GAAP]",/inbs/ek/140120260129542246.pdf,False,,english,Land Transportation,,
2026-01-30 15:30:00,2026-01-30,91430,"SG HOLDINGS CO.,LTD.","Notice Concerning Change of Second-Tier Subsidiary (Conversion of Second-Tier Subsidiary, etc. into a Subsidiary)",/inbs/ek/140120260130543624.pdf,False,,english,Land Transportation,,
2026-01-30 15:30:00,2026-01-30,91470,"NIPPON EXPRESS HOLDINGS,INC.",Notice Concerning the Transfer of Shares of a Consolidated Subsidiary,/inbs/ek/140120260130542598.pdf,False,,english,Land Transportation,,
2026-01-30 15:30:00,2026-01-30,92020,ANA HOLDINGS INC.,"ANA HOLDINGS reports Consolidated Financial Results for the Nine Months Ended December 31, 2025",/inbs/ek/140120260129542255.pdf,False,,english,Air Transportation,,
2026-01-30 15:30:00,2026-01-30,92020,ANA HOLDINGS INC.,ANA HOLDINGS Announces Medium-Term Corporate Strategy for FY2026-2028,/inbs/ek/140120260129542354.pdf,False,,english,Air Transportation,,
2026-01-30 15:30:00,2026-01-30,92020,ANA HOLDINGS INC.,Notice of Introduction of Interim Dividend System,/inbs/ek/140120260129542357.pdf,False,,english,Air Transportation,,
2026-01-30 15:30:00,2026-01-30,92190,GiXo Ltd.,Notice Regarding Decision on Dividends from Retained Earnings (Interim Dividend),/inbs/ek/140120260130542650.pdf,False,,english,Services,,
2026-01-30 15:30:00,2026-01-30,92190,GiXo Ltd.,"Summary of Consolidated Financial Results for the Six Months Ended December 31, 2025 (Based on Japanese GAAP)",/inbs/ek/140120260130543364.pdf,False,,english,Services,,
2026-01-30 15:30:00,2026-01-30,92190,GiXo Ltd.,"Financial Results Briefing Material for Q2 FY2025 (Fiscal Year Ending June 30, 2026)",/inbs/ek/140120260130542695.pdf,False,,english,Services,,
2026-01-30 15:30:00,2026-01-30,92470,TRE HOLDINGS CORPORATION,(Corrections / Corrections of Numerical Data)Notice Regarding Partial Corrections to the Summary of Consolidated Financial Results,/inbs/ek/140120260130542701.pdf,False,,english,Services,,
2026-01-30 15:30:00,2026-01-30,93010,Mitsubishi Logistics Corporation,"[Summary]Consolidated Financial Results for the Nine Months Ended December 31, 2025[Japanese GAAP]",/inbs/ek/140120260129542077.pdf,False,,english,Warehousing & Harbor Transportation Services,,
2026-01-30 15:30:00,2026-01-30,93010,Mitsubishi Logistics Corporation,Notice Concerning Sale of Investment Securities,/inbs/ek/140120260129542072.pdf,False,,english,Warehousing & Harbor Transportation Services,,
2026-01-30 15:30:00,2026-01-30,93010,Mitsubishi Logistics Corporation,Notice Concerning Revisions to Full-Year Financial Results Forecasts,/inbs/ek/140120260129542189.pdf,False,,english,Warehousing & Harbor Transportation Services,,
2026-01-30 15:30:00,2026-01-30,94340,SoftBank Corp.,Notice Concerning Business Succession to a Joint Venture Company with Sony Network Communications Inc. through Company Split,/inbs/ek/140120260130543100.pdf,False,,english,Information & Communication,,
2026-01-30 15:30:00,2026-01-30,95040,"The Chugoku Electric Power Company,Incorporated","[Summary] Consolidated Financial Results for the Nine Months Ended December 31, 2025 [Japanese GAAP]",/inbs/ek/140120260130542629.pdf,False,,english,Electric Power & Gas,,
2026-01-30 15:30:00,2026-01-30,95080,"Kyushu Electric Power Company,Incorporated","Consolidated Financial Results for the Nine Months Ended December 31,2025 (Under Japanese GAAP)",/inbs/ek/140120260129541296.pdf,False,,english,Electric Power & Gas,,
2026-01-30 15:30:00,2026-01-30,95090,"Hokkaido Electric Power Company,Incorporated","[Summary]Consolidated Financial Results for the Nine Months Ended December 31, 2025 [Under Japanese GAAP]",/inbs/ek/140120260126538093.pdf,False,,english,Electric Power & Gas,,
2026-01-30 15:30:00,2026-01-30,96000,I-NET CORP.,"Consolidated Financial Results for the Nine Months of the Fiscal Year Ending March 31, 2026",/inbs/ek/140120260130543056.pdf,False,,english,Information & Communication,,
2026-01-30 15:30:00,2026-01-30,96160,"KYORITSU MAINTENANCE CO.,LTD.",2025/12 Monthly Report,/inbs/ek/140120260130542749.pdf,False,,english,Services,,
2026-01-30 15:30:00,2026-01-30,96720,"TOKYOTOKEIBA CO.,LTD.",Notice Concerning Completion of Cancellation of Treasury Shares,/inbs/ek/140120260129542366.pdf,False,,english,Services,,
2026-01-30 15:30:00,2026-01-30,97150,transcosmos inc.,"[Summary] Consolidated Financial Results for the Nine Months Ended December 31, 2025 (Under Japanese GAAP)",/inbs/ek/140120260130543141.pdf,False,,english,Services,,
2026-01-30 15:30:00,2026-01-30,97150,transcosmos inc.,Announcement Regarding Personnel Change,/inbs/ek/140120260130543191.pdf,False,,english,Services,,
2026-01-30 15:30:00,2026-01-30,97190,SCSK Corporation,[Summary]Financial Results (3rd Quarter),/inbs/ek/140120260128540319.pdf,False,,english,Information & Communication,,
2026-01-30 15:30:00,2026-01-30,97190,SCSK Corporation,Notice Regarding Company Split (Simple Absorption-Type Company Split) of　Consolidated Subsidiary,/inbs/ek/140120260128540809.pdf,False,,english,Information & Communication,,
2026-01-30 15:30:00,2026-01-30,97590,"NSD CO.,LTD.","Consolidated Summary Report for the Third Quarter of the Fiscal Year Ending March 31, 2026 (under Japanese GAAP)",/inbs/ek/140120260129542019.pdf,False,,english,Information & Communication,,
2026-01-30 15:30:00,2026-01-30,97590,"NSD CO.,LTD.","Notice of Forecast Revision of Fiscal Year Ending March 31, 2026",/inbs/ek/140120260129542180.pdf,False,,english,Information & Communication,,
2026-01-30 15:30:00,2026-01-30,97590,"NSD CO.,LTD.",Notice of the Dividend Forecast Revisions (Increase),/inbs/ek/140120260129542207.pdf,False,,english,Information & Communication,,
2026-01-30 15:30:00,2026-01-30,97590,"NSD CO.,LTD.",Notice of Change of Representative Directors (Additional Appointment),/inbs/ek/140120260129542221.pdf,False,,english,Information & Communication,,
2026-01-30 15:30:00,2026-01-30,97590,"NSD CO.,LTD.",Notice of Merger among Consolidated Subsidiaries,/inbs/ek/140120260129542251.pdf,False,,english,Information & Communication,,
2026-01-30 15:30:00,2026-01-30,98310,"YAMADA HOLDINGS CO.,LTD.","Notice Concerning Acquisition of Shares of TOCLAS, Inc. (to Make it a Subsidiary)",/inbs/ek/140120260130543684.pdf,False,,english,Retail Trade,,
2026-01-30 15:30:00,2026-01-30,98320,"AUTOBACS SEVEN CO.,LTD.","Consolidated Financial Results for the Nine Months Ended December 31, 2025 (Under Japanese GAAP)",/inbs/ek/140120260130542991.pdf,False,,english,Wholesale Trade,,
2026-01-30 15:30:00,2026-01-30,98820,YELLOW HAT LTD.,"[Summary]Consolidated Financial Results for the Nine Months Ended December 31, 2025 [Japanese GAAP]",/inbs/ek/140120260126538151.pdf,False,,english,Wholesale Trade,,
2026-01-30 15:30:00,2026-01-30,99360,OHSHO FOOD SERVICE CORP.,[Summary] Financial Results for the Nine Months,/inbs/ek/140120260130543365.pdf,False,,english,Retail Trade,,
2026-01-30 15:30:00,2026-01-30,99970,"BELLUNA CO.,LTD.","[Summary]Business Result for the Third Quarter ended December 31, 2025",/inbs/ek/140120260130543369.pdf,False,,english,Retail Trade,,
2026-01-30 15:30:00,2026-01-30,99970,"BELLUNA CO.,LTD.","Supplementary Information for Financial Results of the Third Quarter ended December 31, 2025",/inbs/ek/140120260130542994.pdf,False,,english,Retail Trade,,
2026-01-30 15:00:00,2026-01-30,15150,"Nittetsu Mining Co.,Ltd.",Notice Regarding Simplified Absorption-type Company Split between Nittetsu Mining and a Wholly Owned Subsidiary,/inbs/ek/140120260130542595.pdf,False,,english,Mining,,
2026-01-30 15:00:00,2026-01-30,19290,"NITTOC CONSTRUCTION CO.,LTD.",Notice Concerning Change of Representative Director (Change of President and Increase in Number of Directors) and Organizational Changes,/inbs/ek/140120260129542262.pdf,False,,english,Construction,,
2026-01-30 15:00:00,2026-01-30,19410,CHUDENKO CORPORATION,"[Summary] Consolidated Financial Results for the Nine Months Ended December 31,2025 (Under Japanese GAAP)",/inbs/ek/140120260129541584.pdf,False,,english,Construction,,
2026-01-30 15:00:00,2026-01-30,19590,KRAFTIA CORPORATION,"Consolidated Financial Report [Japanese GAAP] for the Nine Months Ended December 31, 2025",/inbs/ek/140120260130543118.pdf,False,,english,Construction,,
2026-01-30 15:00:00,2026-01-30,19590,KRAFTIA CORPORATION,Notice of Revision to (Increase in) Year-end Dividend Forecast,/inbs/ek/140120260130543180.pdf,False,,english,Construction,,
2026-01-30 15:00:00,2026-01-30,19720,"SANKO METAL INDUSTRIAL CO.,LTD.",[Summary] Financial Results for the Nine Months,/inbs/ek/140120260130542482.pdf,False,,english,Construction,,
2026-01-30 15:00:00,2026-01-30,21090,"Mitsui DM Sugar Co.,Ltd.","Consolidated Financial Results for the Nine Months of the Year Ending March 31, 2026 (Based on Japanese GAAP)",/inbs/ek/140120260130543225.pdf,False,,english,Foods,,
2026-01-30 15:00:00,2026-01-30,25330,"Oenon Holdings,Inc.",Notice of Revisions to Earnings and Dividend Forecasts (Dividend Increase),/inbs/ek/140120260127538989.pdf,False,,english,Foods,,
2026-01-30 15:00:00,2026-01-30,25330,"Oenon Holdings,Inc.",Notice Concerning Partial Amendments to the Articles of Incorporation   (Change in Term of Office for Directors) and Changes in Directors,/inbs/ek/140120260130543188.pdf,False,,english,Foods,,
2026-01-30 15:00:00,2026-01-30,42480,"Takemoto Yohki Co.,Ltd.",[Summary] Financial Results for the Year,/inbs/ek/140120260130542923.pdf,False,,english,Chemicals,,
2026-01-30 15:00:00,2026-01-30,45310,"Yuki Gosei Kogyo Co.,Ltd.",[Summary] Financial Results for the Nine Months,/inbs/ek/140120260130543260.pdf,False,,english,Chemicals,,
2026-01-30 15:00:00,2026-01-30,55410,"PACIFIC METALS CO.,LTD.","Notice of Recording of Non-operating Income (Share of Profit of Entities Accounted for Using Equity Method), Revisions to Financial Results Forecast",/inbs/ek/140120260129541632.pdf,False,,english,Iron & Steel,,
2026-01-30 15:00:00,2026-01-30,62620,"PEGASUS CO.,LTD.",[Summary] Financial Results for the Nine Months,/inbs/ek/140120260130543549.pdf,False,,english,Machinery,,
2026-01-30 15:00:00,2026-01-30,64360,Amano Corporation,Summary Financial Statements (Consolidated) for 3rd Quarter of Fiscal Year 2025,/inbs/ek/140120260129542170.pdf,False,,english,Machinery,,
2026-01-30 15:00:00,2026-01-30,64360,Amano Corporation,Regarding Acquisition of Treasury Stock,/inbs/ek/140120260130543018.pdf,False,,english,Machinery,,
2026-01-30 15:00:00,2026-01-30,72760,"KOITO MANUFACTURING CO.,LTD.",Consolidated Earnings Report for the Third Quarter of Fiscal 2025,/inbs/ek/140120260130543053.pdf,False,,english,Electric Appliances,,
2026-01-30 15:00:00,2026-01-30,77740,"Japan Tissue Engineering Co.,Ltd.",Summary of Financial Results for the third quarter 2026,/inbs/ek/140120260130543551.pdf,False,,english,Precision Instruments,,
2026-01-30 15:00:00,2026-01-30,80140,"CHORI CO.,LTD.","Consolidated Financial Results for the Nine Months Ended December 31, 2025 (Under Japanese GAAP)",/inbs/ek/140120260130542686.pdf,False,,english,Wholesale Trade,,
2026-01-30 15:00:00,2026-01-30,80140,"CHORI CO.,LTD.",FY03/2026 Q3 Financial Results Materials (Highlights),/inbs/ek/140120260130542765.pdf,False,,english,Wholesale Trade,,
2026-01-30 15:00:00,2026-01-30,80140,"CHORI CO.,LTD.","Notice Regarding Revisions to the Forecast of Consolidated Financial Results for the Year Ending March 31, 2026",/inbs/ek/140120260130542900.pdf,False,,english,Wholesale Trade,,
2026-01-30 15:00:00,2026-01-30,83770,"Hokuhoku Financial Group, Inc.","[Summary]Consolidated Financial Results for the Nine Months Ended December 31, 2025 (Under Japanese GAAP)",/inbs/ek/140120260128540147.pdf,False,,english,Banks,,
2026-01-30 15:00:00,2026-01-30,85500,"THE TOCHIGI BANK,LTD.","Consolidated Financial Results for the Nine Months Ended December 31, 2025＜Under Japanese GAAP＞",/inbs/ek/140120260127539617.pdf,False,,english,Banks,,
2026-01-30 15:00:00,2026-01-30,85500,"THE TOCHIGI BANK,LTD.","Financial Results Presentation for the Nine Months Ended December 31, 2025",/inbs/ek/140120260129542239.pdf,False,,english,Banks,,
2026-01-30 15:00:00,2026-01-30,85510,"The Kita-Nippon Bank,Ltd.","[Summary]Consolidated Financial Results for the Nine Months Ended December 31, 2025(Under Japanese GAAP)",/inbs/ek/140120260130542580.pdf,False,,english,Banks,,
2026-01-30 15:00:00,2026-01-30,88030,"HEIWA REAL ESTATE CO.,LTD.",Notice Regarding Upward Revision of Quantitative Targets for the Medium-Term Management Plan,/inbs/ek/140120260130542979.pdf,False,,english,Real Estate,,
2026-01-30 15:00:00,2026-01-30,88030,"HEIWA REAL ESTATE CO.,LTD.",Notice of Revision to Full-Year Financial Results Forecast and Upward Revision to Planned Dividend,/inbs/ek/140120260130543011.pdf,False,,english,Real Estate,,
2026-01-30 15:00:00,2026-01-30,88030,"HEIWA REAL ESTATE CO.,LTD.",Notice Regarding Repurchase and Cancellation of Own Shares,/inbs/ek/140120260130543032.pdf,False,,english,Real Estate,,
2026-01-30 15:00:00,2026-01-30,88030,"HEIWA REAL ESTATE CO.,LTD.",Notice of Change (Enhancement) to Shareholder Benefit Program,/inbs/ek/140120260130543052.pdf,False,,english,Real Estate,,
2026-01-30 15:00:00,2026-01-30,88030,"HEIWA REAL ESTATE CO.,LTD.","[Summary]Consolidated Financial Results for the Nine Months Ended December 31, 2025 [JGAAP]",/inbs/ek/140120260130543192.pdf,False,,english,Real Estate,,
2026-01-30 15:00:00,2026-01-30,88180,"Keihanshin Building Co.,Ltd.","Consolidated Financial Results for the Nine Months Ended December 31, 2025[Japanese GAAP]",/inbs/ek/140120260129541404.pdf,False,,english,Real Estate,,
2026-01-30 15:00:00,2026-01-30,88180,"Keihanshin Building Co.,Ltd.","FACT BOOK（Year ending March 31, 2026-3rd Quarter）",/inbs/ek/140120260129541402.pdf,False,,english,Real Estate,,
2026-01-30 15:00:00,2026-01-30,91040,"Mitsui O.S.K.Lines,Ltd.",Change of Representative Director,/inbs/ek/140120260128540017.pdf,False,,english,Marine Transportation,,
2026-01-30 15:00:00,2026-01-30,95060,"Tohoku Electric Power Company,Incorporated","[Summary] Consolidated Financial Results for the Nine Months Ended December 31, 2025 (Under Japanese GAAP)",/inbs/ek/140120260129542138.pdf,False,,english,Electric Power & Gas,,
2026-01-30 15:00:00,2026-01-30,95060,"Tohoku Electric Power Company,Incorporated",Financial Summary 3rd Quarter of FY2025,/inbs/ek/140120260130543446.pdf,False,,english,Electric Power & Gas,,
2026-01-30 15:00:00,2026-01-30,95060,"Tohoku Electric Power Company,Incorporated",[Summary]Changes in Directors and Executive Officers,/inbs/ek/140120260130543464.pdf,False,,english,Electric Power & Gas,,
2026-01-30 15:00:00,2026-01-30,99620,MISUMI Group Inc.,"Consolidated Financial Results for the Nine Months Ended December 31, 2025 [Japanese GAAP]",/inbs/ek/140120260129541565.pdf,False,,english,Wholesale Trade,,
2026-01-30 15:00:00,2026-01-30,99620,MISUMI Group Inc.,Announcement Regarding Revisions to Consolidated Business Forecast and Year-End Dividend,/inbs/ek/140120260129542212.pdf,False,,english,Wholesale Trade,,
2026-01-30 14:30:00,2026-01-30,29080,"FUJICCO CO.,LTD.","Consolidated Financial Results for the Nine Months Ended December 31, 2025",/inbs/ek/140120260129541175.pdf,False,,english,Foods,,
2026-01-30 14:30:00,2026-01-30,44620,"ISHIHARA CHEMICAL CO.,LTD.","Consolidated Financial Results for the Nine Months Ended December 31, 2025 (Under Japanese GAAP)",/inbs/ek/140120260129541261.pdf,False,,english,Chemicals,,
2026-01-30 14:30:00,2026-01-30,63010,KOMATSU LTD.,"Consolidated Business Results for Nine Months of the Fiscal Year Ending March 31, 2026 (U.S. GAAP)",/inbs/ek/140120260130543209.pdf,False,,english,Machinery,,
2026-01-30 14:30:00,2026-01-30,63010,KOMATSU LTD.,"Business Results for Three and Nine Months ended December 31, 2025",/inbs/ek/140120260130543240.pdf,False,,english,Machinery,,
2026-01-30 14:30:00,2026-01-30,66170,"TAKAOKA TOKO CO.,LTD.","[Summary]Consolidated Financial Results for the Nine Months Ended December 31, 2025[Japanese GAAP]",/inbs/ek/140120260129542055.pdf,False,,english,Electric Appliances,,
2026-01-30 14:30:00,2026-01-30,66170,"TAKAOKA TOKO CO.,LTD.",Regarding Revisions to Forecast of the Full-Year Consolidated Results and Year-End Dividend for the Fiscal Year Ending March 2026,/inbs/ek/140120260130542427.pdf,False,,english,Electric Appliances,,
2026-01-30 14:30:00,2026-01-30,66170,"TAKAOKA TOKO CO.,LTD.","FY2025(Nine Months Ended December 31, 2025) Supplementary Materials for Financial Results",/inbs/ek/140120260130542430.pdf,False,,english,Electric Appliances,,
2026-01-30 14:30:00,2026-01-30,74750,"ALBIS Co.,Ltd.","[Summary] Financial Results for the Nine Months Ended December,31,2025",/inbs/ek/140120260130543199.pdf,False,,english,Retail Trade,,
2026-01-30 14:30:00,2026-01-30,83410,"The 77 Bank,Ltd.","[Summary]Consolidated Financial Results for the Nine Months Ended December 31, 2025 (Under Japanese GAAP)",/inbs/ek/140120260126538626.pdf,False,,english,Banks,,
2026-01-30 14:30:00,2026-01-30,91100,"NS United Kaiun Kaisha,Ltd.","Consolidated Financial Results for the Nine Months Ended December 31, 2025",/inbs/ek/140120260130543117.pdf,False,,english,Marine Transportation,,
2026-01-30 14:30:00,2026-01-30,91100,"NS United Kaiun Kaisha,Ltd.",Notice Concerning Revision to Operating Performance Forecasts and Dividend Forecasts for the Fiscal Year Ending March 2026,/inbs/ek/140120260130542962.pdf,False,,english,Marine Transportation,,
2026-01-30 14:15:00,2026-01-30,95310,"TOKYO GAS CO.,LTD.","Consolidated Financial Results for the Nine Months Ended December 31, 2025",/inbs/ek/140120260129542074.pdf,False,,english,Electric Power & Gas,,
2026-01-30 14:10:00,2026-01-30,97080,"Imperial Hotel,Ltd.",Summary of Financial Results for the third quarter 2026,/inbs/ek/140120260127539543.pdf,False,,english,Services,,
2026-01-30 14:00:00,2026-01-30,19640,"Chugai Ro Co.,Ltd.",〔Summary〕Financial Results for the third quarter 2026,/inbs/ek/140120260128540767.pdf,False,,english,Construction,,
2026-01-30 14:00:00,2026-01-30,19640,"Chugai Ro Co.,Ltd.",Notice Concerning Change of Representative Directors and Change of President,/inbs/ek/140120260122537125.pdf,False,,english,Construction,,
2026-01-30 14:00:00,2026-01-30,20530,"CHUBU SHIRYO CO.,LTD.","[Summary] Consolidated Financial Results for the Nine Months Ended December 31, 2025 (Under Japanese GAAP)",/inbs/ek/140120260126538615.pdf,False,,english,Foods,,
2026-01-30 14:00:00,2026-01-30,20530,"CHUBU SHIRYO CO.,LTD.",Notice Concerning the Transfer of Non-current Assets and the Recording of Extraordinary Income,/inbs/ek/140120260129541918.pdf,False,,english,Foods,,
2026-01-30 14:00:00,2026-01-30,25940,KEY COFFEE INC,Notice Concerning Organizational Changes and Changes of Personnel,/inbs/ek/140120260129541685.pdf,False,,english,Foods,,
2026-01-30 14:00:00,2026-01-30,28830,"DAIREI CO.,LTD.",[Summary] Financial Results for the Nine Months,/inbs/ek/140120260130543066.pdf,False,,english,Foods,,
2026-01-30 14:00:00,2026-01-30,39460,"TOMOKU CO.,LTD.","[Summary]Consolidated Financial Results for the Nine Months Ended December 31, 2025 (Under Japanese GAAP)",/inbs/ek/140120260130543371.pdf,False,,english,Pulp & Paper,,
2026-01-30 14:00:00,2026-01-30,41860,"TOKYO OHKA KOGYO CO.,LTD.",Notice on Revisions of Forecasts,/inbs/ek/140120260130543161.pdf,False,,english,Chemicals,,
2026-01-30 14:00:00,2026-01-30,42200,RIKEN TECHNOS CORPORATION,"Consolidated Financial Results for the Nine Months Ended December 31, 2025 (Under Japanese GAAP)",/inbs/ek/140120260130542649.pdf,False,,english,Chemicals,,
2026-01-30 14:00:00,2026-01-30,42200,RIKEN TECHNOS CORPORATION,Notice Concerning Change to Dividend Policy (Introduction of DOE Indicator),/inbs/ek/140120260130542669.pdf,False,,english,Chemicals,,
2026-01-30 14:00:00,2026-01-30,42200,RIKEN TECHNOS CORPORATION,"Notice Concerning Revisions to Consolidated Financial Forecasts and Dividend Forecasts for the Fiscal Year Ending March 31, 2026",/inbs/ek/140120260130542674.pdf,False,,english,Chemicals,,
2026-01-30 14:00:00,2026-01-30,42200,RIKEN TECHNOS CORPORATION,Notice Concerning Introduction (Establishment) of Shareholder Benefits Program,/inbs/ek/140120260130542691.pdf,False,,english,Chemicals,,
2026-01-30 14:00:00,2026-01-30,52620,Nippon Hume Corporation,"Notice Regarding Acquisition of Shares of Manac Co., Ltd. (to Make It a Subsidiary)",/inbs/ek/140120260130542801.pdf,False,,english,Glass & Ceramics Products,,
2026-01-30 14:00:00,2026-01-30,57030,"Nippon Light Metal Holdings Company,Ltd.","【Summary】Consolidated Financial Results for the Third Quarter of the Fiscal Year Ending March 31, 2026(Japan GAAP)",/inbs/ek/140120260130542547.pdf,False,,english,Nonferrous Metals,,
2026-01-30 14:00:00,2026-01-30,67370,EIZO Corporation,"Consolidated Financial Results for the Nine Months Ended December 31, 2025(Under Japanese GAAP)",/inbs/ek/140120260129542278.pdf,False,,english,Electric Appliances,,
2026-01-30 14:00:00,2026-01-30,67370,EIZO Corporation,Consolidated Financial Highlights 25F Third Quarter,/inbs/ek/140120260129542305.pdf,False,,english,Electric Appliances,,
2026-01-30 14:00:00,2026-01-30,67370,EIZO Corporation,Notification Regarding the Revision of the Full Year Performance Outlook,/inbs/ek/140120260129542311.pdf,False,,english,Electric Appliances,,
2026-01-30 14:00:00,2026-01-30,67370,EIZO Corporation,Notice Regarding the Policy on Holding Cross Shareholdings,/inbs/ek/140120260129542344.pdf,False,,english,Electric Appliances,,
2026-01-30 14:00:00,2026-01-30,67370,EIZO Corporation,Notice Regarding the Review of the Mid Term Business Plan,/inbs/ek/140120260130543403.pdf,False,,english,Electric Appliances,,
2026-01-30 14:00:00,2026-01-30,83450,"The Bank of Iwate,Ltd.","[Summary]Consolidated Financial Results for the Nine Months Ended December 31, 2025 [Japanese GAAP]",/inbs/ek/140120260129541700.pdf,False,,english,Banks,,
2026-01-30 14:00:00,2026-01-30,83450,"The Bank of Iwate,Ltd.","Notice Concerning Unrealized Losses on Securities as of the End of the Third Quarter of the Fiscal Year Ending March 31,2026",/inbs/ek/140120260129541766.pdf,False,,english,Banks,,
2026-01-30 14:00:00,2026-01-30,83880,"The Awa Bank,Ltd.","[Summary]Consolidated Financial Results for the Nine Months Ended December 31, 2025 (Under Japanese GAAP)",/inbs/ek/140120260129541888.pdf,False,,english,Banks,,
2026-01-30 14:00:00,2026-01-30,88600,FUJI CORPORATION LIMITED,"Consolidated Financial Results for the Nine Months Ended December 31, 2025 (Based on Japanese GAAP)",/inbs/ek/140120260129541650.pdf,False,,english,Real Estate,,
2026-01-30 14:00:00,2026-01-30,88600,FUJI CORPORATION LIMITED,Fiscal Year Ending March 2026 3rd Quarter Financial Results Presentation Materials,/inbs/ek/140120260129541656.pdf,False,,english,Real Estate,,
2026-01-30 14:00:00,2026-01-30,95070,"Shikoku Electric Power Company,Incorporated","[Summary] Consolidated Financial Results for the Nine Months Ended December 31, 2025 (Under Japanese GAAP)",/inbs/ek/140120260129541004.pdf,False,,english,Electric Power & Gas,,
2026-01-30 14:00:00,2026-01-30,95070,"Shikoku Electric Power Company,Incorporated",[Summary]Notice Concerning Revisions to Full-Year Financial Results Forecasts,/inbs/ek/140120260129541308.pdf,False,,english,Electric Power & Gas,,
2026-01-30 14:00:00,2026-01-30,95070,"Shikoku Electric Power Company,Incorporated",Notice Concerning the Decision on the Acquisition of Treasury Shares,/inbs/ek/140120260130542648.pdf,False,,english,Electric Power & Gas,,
2026-01-30 13:30:00,2026-01-30,22200,"KAMEDA SEIKA CO.,LTD.","Consolidated Financial Results (Japanese Accounting Standards) for the Nine Months Ended December 31, 2025 (Q3 FY2025) (English Translation)",/inbs/ek/140120260130542921.pdf,False,,english,Foods,,
2026-01-30 13:30:00,2026-01-30,48390,WOWOW INC.,"[Summary]Consolidated Financial Results for the Nine Months Ended December 31, 2025 (Under Japanese GAAP)",/inbs/ek/140120260130542891.pdf,False,,english,Information & Communication,,
2026-01-30 13:30:00,2026-01-30,48390,WOWOW INC.,Summary of 3Q FY2025 Earnings,/inbs/ek/140120260130542845.pdf,False,,english,Information & Communication,,
2026-01-30 13:30:00,2026-01-30,54100,"Godo Steel,Ltd.","[Summary]Consolidated Financial Results for the Nine Months Ended December 31, 2025",/inbs/ek/140120260130543134.pdf,False,,english,Iron & Steel,,
2026-01-30 13:30:00,2026-01-30,54450,"TOKYO TEKKO CO.,LTD.","[Summary] Consolidated Financial Results for the Nine Months Ended December 31, 2025 (Under Japanese GAAP)",/inbs/ek/140120260130543120.pdf,False,,english,Iron & Steel,,
2026-01-30 13:30:00,2026-01-30,54450,"TOKYO TEKKO CO.,LTD.",Notice Concerning Revision to Financial Results Forecast,/inbs/ek/140120260130543130.pdf,False,,english,Iron & Steel,,
2026-01-30 13:30:00,2026-01-30,54450,"TOKYO TEKKO CO.,LTD.","Notice Concerning Stock Split, Changes to Articles of Incorporation in Connection with Stock Split, and Changes to Shareholder Benefit Program",/inbs/ek/140120260130543140.pdf,False,,english,Iron & Steel,,
2026-01-30 13:30:00,2026-01-30,77410,HOYA CORPORATION,Notice of Decisions on Matters Related to Share Repurchase,/inbs/ek/140120260129541617.pdf,False,,english,Precision Instruments,,
2026-01-30 13:30:00,2026-01-30,77410,HOYA CORPORATION,"Presentation for the three months ended Dec.31,2025",/inbs/ek/140120260129542231.pdf,False,,english,Precision Instruments,,
2026-01-30 13:30:00,2026-01-30,77410,HOYA CORPORATION,Quarterly Report,/inbs/ek/140120260130542805.pdf,False,,english,Precision Instruments,,
2026-01-30 13:30:00,2026-01-30,81030,Meiwa Corporation,"Consolidated Financial Results for the Nine Months Ended December 31,2025 [Japanese GAAP]",/inbs/ek/140120260129542218.pdf,False,,english,Wholesale Trade,,
2026-01-30 13:30:00,2026-01-30,81030,Meiwa Corporation,"Overview of financial results for the third quarter of the fiscal year ending March 31, 2026",/inbs/ek/140120260129542236.pdf,False,,english,Wholesale Trade,,
2026-01-30 13:30:00,2026-01-30,81030,Meiwa Corporation,Notice Concerning Revision of Earnings Forecast,/inbs/ek/140120260129542237.pdf,False,,english,Wholesale Trade,,
2026-01-30 13:00:00,2026-01-30,18820,TOA ROAD CORPORATION,Notice Concerning Settlement in Shareholders’ Derivative Lawsuit,/inbs/ek/140120260129541036.pdf,False,,english,Construction,,
2026-01-30 13:00:00,2026-01-30,19490,"SUMITOMO DENSETSU CO.,LTD.","Consolidated Financial Results for the Nine Months Ended December 31, 2025",/inbs/ek/140120260130542853.pdf,False,,english,Construction,,
2026-01-30 13:00:00,2026-01-30,26920,"ITOCHU-SHOKUHIN Co.,Ltd.",[Summary] Financial Results for the Nine Months,/inbs/ek/140120260130543264.pdf,False,,english,Wholesale Trade,,
2026-01-30 13:00:00,2026-01-30,40080,"Sumitomo Seika Chemicals Company,Limited.",Notice Regarding Resignation of Director Serving as Audit and Supervisory Committee Member,/inbs/ek/140120260130543286.pdf,False,,english,Chemicals,,
2026-01-30 13:00:00,2026-01-30,42990,"HIMACS,Ltd.","[Summary] Consolidated Financial Results for the Nine Months Ended December 31, 2025 (Under Japanese GAAP)",/inbs/ek/140120260129541390.pdf,False,,english,Information & Communication,,
2026-01-30 13:00:00,2026-01-30,44100,"HARIMA CHEMICALS GROUP,INC.","Consolidated Financial Results Highlights for the Third Quarter of the Fiscal Year ending March 31, 2026 [Japanese GAAP]",/inbs/ek/140120260126538076.pdf,False,,english,Chemicals,,
2026-01-30 13:00:00,2026-01-30,44100,"HARIMA CHEMICALS GROUP,INC.","Consolidated Financial Results Highlights 3Q 2025 (fiscal year ending March 31, 2026)",/inbs/ek/140120260126538078.pdf,False,,english,Chemicals,,
2026-01-30 13:00:00,2026-01-30,44100,"HARIMA CHEMICALS GROUP,INC.",Notice regarding “Revision of the Forecasted Consolidated Results for Fiscal 2025”,/inbs/ek/140120260129541335.pdf,False,,english,Chemicals,,
2026-01-30 13:00:00,2026-01-30,45070,"Shionogi & Co.,Ltd.",3rd Quarter of Fiscal 2025 Financial Results,/inbs/ek/140120260130543280.pdf,False,,english,Pharmaceutical,,
2026-01-30 13:00:00,2026-01-30,45070,"Shionogi & Co.,Ltd.",Financial Results for the 3rd Quarter of FY2025 Supplement,/inbs/ek/140120260130543283.pdf,False,,english,Pharmaceutical,,
2026-01-30 13:00:00,2026-01-30,45070,"Shionogi & Co.,Ltd.",Consolidated Financial Results for the Third Quarter of Fiscal Year 2025 (IFRS),/inbs/ek/140120260130543284.pdf,False,,english,Pharmaceutical,,
2026-01-30 13:00:00,2026-01-30,45680,"DAIICHI SANKYO COMPANY,LIMITED","Consolidated Financial Results for the First Nine Months of the Year Ending March 31,2026(Fiscal 2025)<under IFRS>",/inbs/ek/140120260130542718.pdf,False,,english,Pharmaceutical,,
2026-01-30 13:00:00,2026-01-30,45680,"DAIICHI SANKYO COMPANY,LIMITED",Reference Data (Consolidated Financial Results for Q3 FY2025),/inbs/ek/140120260130542882.pdf,False,,english,Pharmaceutical,,
2026-01-30 13:00:00,2026-01-30,45680,"DAIICHI SANKYO COMPANY,LIMITED",FY2025 Q3 Financial Results Presentation,/inbs/ek/140120260130543218.pdf,False,,english,Pharmaceutical,,
2026-01-30 13:00:00,2026-01-30,54400,KYOEI STEEL LTD.,"[Summary] Consolidated Financial Results for the Nine Months Ended December 31, 2025",/inbs/ek/140120260130542939.pdf,False,,english,Iron & Steel,,
2026-01-30 13:00:00,2026-01-30,59380,LIXIL Corporation,"Consolidated Financial Results for the Third Quarter Ended December 31, 2025 (International Financial Reporting Standards)",/inbs/ek/140120260129542098.pdf,False,,english,Metal Products,,
2026-01-30 13:00:00,2026-01-30,59380,LIXIL Corporation,"Q3 Financial Results for the Fiscal Year Ending March 31, 2026 [IFRS] (From April 1, 2025 to December 31, 2025)",/inbs/ek/140120260129542108.pdf,False,,english,Metal Products,,
2026-01-30 13:00:00,2026-01-30,61010,TSUGAMI CORPORATION,"Consolidated Financial Results for the Nine Months Ended December 31, 2025 (Under IFRS)",/inbs/ek/140120260129542014.pdf,False,,english,Machinery,,
2026-01-30 13:00:00,2026-01-30,63250,"TAKAKITA CO.,LTD.","Non-consolidated Financial Results for the Nine Months Ended December 31, 2025(Under Japanese GAAP)",/inbs/ek/140120260128539933.pdf,False,,english,Machinery,,
2026-01-30 13:00:00,2026-01-30,63640,AIRMAN CORPORATION,"Consolidated Financial Results for the Nine Months Ended December 31, 2025(Under Japanese GAAP)",/inbs/ek/140120260129542291.pdf,False,,english,Machinery,,
2026-01-30 13:00:00,2026-01-30,63640,AIRMAN CORPORATION,Notice Concerning Determination of Matters Related to Purchase of Treasury Shares,/inbs/ek/140120260129542294.pdf,False,,english,Machinery,,
2026-01-30 13:00:00,2026-01-30,73810,"CCI Group,Inc.","[Summary]Consolidated Financial Results for the Nine Months Ended December 31, 2025 (Based on Japanese GAAP)",/inbs/ek/140120260129541238.pdf,False,,english,Banks,,
2026-01-30 13:00:00,2026-01-30,81330,"ITOCHU ENEX CO.,LTD.","Consolidated Financial Results for the First Nine Months of the Fiscal Year Ending March 31, 2026<under IFRSs>",/inbs/ek/140120260129542034.pdf,False,,english,Wholesale Trade,,
2026-01-30 13:00:00,2026-01-30,83370,"The Chiba Kogyo Bank,Ltd.","Notice Concerning Unrealized Losses on Securities as of the End of the Third Quarter Ended December 31, 2025",/inbs/ek/140120260130542769.pdf,False,,english,Banks,,
2026-01-30 13:00:00,2026-01-30,83810,"The San-in Godo Bank,Ltd.","[Summary]Consolidated Financial Results for the Nine Months Ended December 31, 2025 (Under Japanese GAAP)",/inbs/ek/140120260129542200.pdf,False,,english,Banks,,
2026-01-30 13:00:00,2026-01-30,88770,ESLEAD CORPORATION,"[Summary]Consolidated Financial Results for the Nine Months Ended December 31, 2025 (Under Japanese GAAP)",/inbs/ek/140120260130542646.pdf,False,,english,Real Estate,,
2026-01-30 13:00:00,2026-01-30,95110,"The Okinawa Electric Power Company,Incorporated","[Summary]Consolidated Financial Results for the Nine Months Ended December 31, 2025 (Under Japanese GAAP)",/inbs/ek/140120260130542747.pdf,False,,english,Electric Power & Gas,,
2026-01-30 13:00:00,2026-01-30,96000,I-NET CORP.,"Notice concerning Resolution for Approval of Share Consolidation,Abolishment of Provisions regarding the Share Unit Number,and Partial Amendment to th",/inbs/ek/140120260130543027.pdf,False,,english,Information & Communication,,
2026-01-30 12:30:00,2026-01-30,28750,"TOYO SUISAN KAISHA,LTD.","Consolidated Financial Results for the Nine Months Ended December 31, 2025＜under J-GAAP＞",/inbs/ek/140120260130542572.pdf,False,,english,Foods,,
2026-01-30 12:30:00,2026-01-30,37780,SAKURA internet Inc.,"Summary of Financial Results for the Third Quarter Ended December 31, 2025 (Consolidated)",/inbs/ek/140120260129541967.pdf,False,,english,Information & Communication,,
2026-01-30 12:30:00,2026-01-30,37780,SAKURA internet Inc.,3rd Quarter of Fiscal Year Ending March 2026 Financial Results,/inbs/ek/140120260129541971.pdf,False,,english,Information & Communication,,
2026-01-30 12:30:00,2026-01-30,60360,"KeePer Technical Laboratory Co.,Ltd.",Notice Regarding Dividend of Surplus,/inbs/ek/140120260130543237.pdf,False,,english,Services,,
2026-01-30 12:30:00,2026-01-30,76000,"Japan Medical Dynamic Marketing,INC.","Consolidated Financial Results for the Nine Months Ended December 31, 2025(Under Japanese GAAP)",/inbs/ek/140120260129541643.pdf,False,,english,Precision Instruments,,
2026-01-30 12:30:00,2026-01-30,81570,"TSUZUKI DENKI CO.,LTD.","Consolidated Financial Results for the Nine Months Ended December 31, 2025(Under Japanese GAAP)",/inbs/ek/140120260129542379.pdf,False,,english,Information & Communication,,
2026-01-30 12:30:00,2026-01-30,81570,"TSUZUKI DENKI CO.,LTD.","Financial Results for the Nine Months Ended December 31, 2025 ～ Supplementary materials for financial results ～",/inbs/ek/140120260129542404.pdf,False,,english,Information & Communication,,
2026-01-30 12:30:00,2026-01-30,81570,"TSUZUKI DENKI CO.,LTD.",Revisions to Full-Year Consolidated Earnings Forecasts and Planned Dividends,/inbs/ek/140120260129542412.pdf,False,,english,Information & Communication,,
2026-01-30 12:20:00,2026-01-30,83360,"The Musashino Bank,Ltd.","Consolidated Financial Results for the Nine Months Ended December 31, 2025 (Based on Japanese GAAP)",/inbs/ek/140120260128540626.pdf,False,,english,Banks,,
2026-01-30 12:00:00,2026-01-30,18780,"DAITO TRUST CONSTRUCTION CO.,LTD.",Notice Regarding Acquisition of Own Shares,/inbs/ek/140120260130542496.pdf,False,,english,Real Estate,,
2026-01-30 12:00:00,2026-01-30,91040,"Mitsui O.S.K.Lines,Ltd.","Financial Highlights: The Third Quarter Ended December 31, 2025",/inbs/ek/140120260121536366.pdf,False,,english,Marine Transportation,,
2026-01-30 12:00:00,2026-01-30,91040,"Mitsui O.S.K.Lines,Ltd.",Announcement on Revision of Non-consolidated Business Outlook (Full Year) for Fiscal Year 2025,/inbs/ek/140120260128540023.pdf,False,,english,Marine Transportation,,
2026-01-30 11:40:00,2026-01-30,95330,"TOHO GAS CO.,LTD.","[Summary] Consolidated Financial Results  for the Nine Months Ended December 31, 2025",/inbs/ek/140120260130542590.pdf,False,,english,Electric Power & Gas,,
2026-01-30 11:40:00,2026-01-30,95330,"TOHO GAS CO.,LTD.","Notice Regarding Stock Split, Partial Amendment to the Articles of Incorporation,  and Change in the Shareholder Benefit Program",/inbs/ek/140120260128540555.pdf,False,,english,Electric Power & Gas,,
2026-01-30 11:30:00,2026-01-30,18780,"DAITO TRUST CONSTRUCTION CO.,LTD.","Consolidated Financial Results for the Nine Months Ended December 31, 2025 (Under Japanese GAAP)",/inbs/ek/140120260129542061.pdf,False,,english,Real Estate,,
2026-01-30 11:30:00,2026-01-30,18780,"DAITO TRUST CONSTRUCTION CO.,LTD.",Notice Regarding Revisions to Consolidated Earnings Forecast and Year-End Dividend Forecast,/inbs/ek/140120260130542477.pdf,False,,english,Real Estate,,
2026-01-30 11:30:00,2026-01-30,30380,"KOBE BUSSAN CO.,LTD.","(Correction / Correction of Numerical Data) Consolidated Financial Results for the Fiscal Year Ended October 31, 2025 (Under Japanese GAAP)",/inbs/ek/140120260129541936.pdf,False,,english,Wholesale Trade,,
2026-01-30 11:30:00,2026-01-30,31040,"Fujibo Holdings,Inc.","[Summary]Consolidated Financial Results for the Nine Months Ended December 31,2025",/inbs/ek/140120260130542653.pdf,False,,english,Textiles & Apparels,,
2026-01-30 11:30:00,2026-01-30,31040,"Fujibo Holdings,Inc.",Notice Regarding Change of Trade Name,/inbs/ek/140120260129541595.pdf,False,,english,Textiles & Apparels,,
2026-01-30 11:30:00,2026-01-30,31040,"Fujibo Holdings,Inc.",Notice Regarding Stock Split and Partial Amendments to Articles of Incorporation in Connection with Stock Split,/inbs/ek/140120260129541625.pdf,False,,english,Textiles & Apparels,,
2026-01-30 11:30:00,2026-01-30,31040,"Fujibo Holdings,Inc.",Notice Regarding of the New Medium‐term Management Plan “Shinka 26‐30”,/inbs/ek/140120260129541742.pdf,False,,english,Textiles & Apparels,,
2026-01-30 11:30:00,2026-01-30,42290,"Gun Ei Chemical Industry Co.,Ltd.",Consolidated Financial Results for the Nine Months Ended December 31，2025,/inbs/ek/140120260130542656.pdf,False,,english,Chemicals,,
2026-01-30 11:30:00,2026-01-30,47090,ID Holdings Corporation,"[Summary]Consolidated Financial Results for the First Nine Months of the Fiscal Year Ending March 31, 2026 (J-GAAP)",/inbs/ek/140120260129542337.pdf,False,,english,Information & Communication,,
2026-01-30 11:30:00,2026-01-30,47090,ID Holdings Corporation,Notice Regarding Revision of Stock Split and Partial Amendment to AOI,/inbs/ek/140120260129542351.pdf,False,,english,Information & Communication,,
2026-01-30 11:30:00,2026-01-30,59290,Sanwa Holdings Corporation,"Summary of Consolidated Financial Results for the Nine Months Ended December 31, 2025 (J-GAAP)",/inbs/ek/140120260129542314.pdf,False,,english,Metal Products,,
2026-01-30 11:30:00,2026-01-30,59290,Sanwa Holdings Corporation,FY2025 Third Quarter Consolidated financial result highlights,/inbs/ek/140120260129542319.pdf,False,,english,Metal Products,,
2026-01-30 11:30:00,2026-01-30,86010,Daiwa Securities Group Inc.,Report Regarding Consolidated Liquidity Coverage Ratio and Consolidated Net Stable Funding Ratio,/inbs/ek/140120260130542738.pdf,False,,english,Securities & Commodity Futures,,
2026-01-30 11:30:00,2026-01-30,86010,Daiwa Securities Group Inc.,Report Regarding Consolidated Capital Adequacy Ratio and Consolidated Leverage Ratio,/inbs/ek/140120260130542760.pdf,False,,english,Securities & Commodity Futures,,
2026-01-30 11:30:00,2026-01-30,98890,JBCC Holdings Inc.,[Summary] Financial Results for the Nine Months,/inbs/ek/140120260130542474.pdf,False,,english,Information & Communication,,
2026-01-30 11:30:00,2026-01-30,98890,JBCC Holdings Inc.,Notice Regarding Upward Revision to Forecasts for Full-Year Financial Results,/inbs/ek/140120260129542394.pdf,False,,english,Information & Communication,,
2026-01-30 11:30:00,2026-01-30,98890,JBCC Holdings Inc.,Notice Regarding Revision to Medium-term Business Plan,/inbs/ek/140120260129542385.pdf,False,,english,Information & Communication,,
2026-01-30 11:30:00,2026-01-30,99340,"INABA DENKISANGYO CO.,LTD.","[Summary]Consolidated Financial Results for the Nine Months Ended December 31, 2025 (Under Japanese GAAP)",/inbs/ek/140120260128540632.pdf,False,,english,Wholesale Trade,,
2026-01-30 11:00:00,2026-01-30,80110,SANYO SHOKAI LTD.,Notice of Expected Recognition of Extraordinary Income,/inbs/ek/140120260129542146.pdf,False,,english,Textiles & Apparels,,
2026-01-30 11:00:00,2026-01-30,86160,"Tokai Tokyo Financial Holdings,Inc.","[Summary] Consolidated Financial Summary (for the nine months ended December 31, 2025)",/inbs/ek/140120260106529322.pdf,False,,english,Securities & Commodity Futures,,
2026-01-30 11:00:00,2026-01-30,86160,"Tokai Tokyo Financial Holdings,Inc.",Financial Highlights for 3rd Quarter of Fiscal Year Ending March 2026,/inbs/ek/140120260130542447.pdf,False,,english,Securities & Commodity Futures,,
2026-01-30 11:00:00,2026-01-30,86160,"Tokai Tokyo Financial Holdings,Inc.",Tokai Tokyo Financial Holdings Announces the Issuance of New Shares as Restricted Stock Compensation for Employees and Cancellation of Treasury Shares,/inbs/ek/140120260130542597.pdf,False,,english,Securities & Commodity Futures,,
2026-01-30 11:00:00,2026-01-30,95090,"Hokkaido Electric Power Company,Incorporated",New Energy Supply Chain Initiative Originating in the Tomakomai Area of Hokkaido,/inbs/ek/140120260129542371.pdf,False,,english,Electric Power & Gas,,
2026-01-30 10:50:00,2026-01-30,83660,"THE SHIGA BANK,LTD.",Notice Regarding Results of the Acquisition of Treasury Shares Through Off-Auction Own Share Repurchase Trading System (ToSTNeT-3),/inbs/ek/140120260130542858.pdf,False,,english,Banks,,
2026-01-30 10:30:00,2026-01-30,20020,NISSHIN SEIFUN GROUP INC.,Notice Concerning Change of Representative Directors and President,/inbs/ek/140120260129541979.pdf,False,,english,Foods,,
2026-01-30 10:30:00,2026-01-30,92700,Valuence Holdings Inc.,Notice Regarding the Results and Completion of the Repurchase of Treasury Shares Through Off-Auction Own Share Repurchase Trading System (ToSTNeT-3),/inbs/ek/140120260129542406.pdf,False,,english,Wholesale Trade,,
2026-01-30 10:00:00,2026-01-30,43730,"Simplex Holdings,Inc.",Notice Concerning the Results of Share Buyback Through Off-Auction Own Share Repurchase Trading System (ToSTNeT-3),/inbs/ek/140120260130542468.pdf,False,,english,Information & Communication,,
2026-01-30 09:30:00,2026-01-30,87140,"Senshu Ikeda Holdings,Inc.","(Update on disclosed matter) Notice Concerning Establishment of Senshu Ikeda M&A Solution Co., Ltd. and Senshu Ikeda Investment Management Co., Ltd.",/inbs/ek/140120260126538602.pdf,False,,english,Banks,,
2026-01-30 09:00:00,2026-01-30,40430,Tokuyama Corporation,Summary of Consolidated Financial Statements for the Third Quarter Fiscal 2025 (JPGAAP),/inbs/ek/140120251217521568.pdf,False,,english,Chemicals,,
2026-01-30 09:00:00,2026-01-30,40430,Tokuyama Corporation,Presentation for the Third Quarter Fiscal 2025,/inbs/ek/140120251217521571.pdf,False,,english,Chemicals,,
2026-01-30 09:00:00,2026-01-30,40430,Tokuyama Corporation,Notice concerning Revision of Performance Forecast for Fiscal 2025,/inbs/ek/140120260129541930.pdf,False,,english,Chemicals,,
2026-01-29 18:45:00,2026-01-29,49170,MANDOM CORPORATION,(Amendment) Notice regarding partial amendment to the Notice regarding Expression of Opinion in favor of Implementation of MBO and Recommendation,/inbs/ek/140120260129540865.pdf,False,,english,Chemicals,,
2026-01-29 18:30:00,2026-01-29,95340,"HOKKAIDO GAS CO.,LTD.","Notice Concerning Revisions to Financial Results Forecasts for the Fiscal Year Ending March 31, 2026",/inbs/ek/140120260129541374.pdf,False,,english,Electric Power & Gas,,
2026-01-29 18:30:00,2026-01-29,96160,"KYORITSU MAINTENANCE CO.,LTD.",Notice Regarding Organizational and Personnel Changes,/inbs/ek/140120260129542257.pdf,False,,english,Services,,
2026-01-29 18:00:00,2026-01-29,63760,"NIKKISO CO.,LTD.",(Progress of the Disclosure Matter) Tokyo High Court's Judgment in the Appeal Against Tax Reassessment under the Controlled Foreign Company Tax Regime,/inbs/ek/140120260129541748.pdf,False,,english,Precision Instruments,,
2026-01-29 17:45:00,2026-01-29,33500,Metaplanet Inc.,Notice Regarding Issuance of New Shares and 25th Series Stock Acquisition Rights through Third-Party Allotment,/inbs/ek/140120260129542067.pdf,False,,english,Wholesale Trade,,
2026-01-29 17:30:00,2026-01-29,39940,"Money Forward,Inc.",Notice Regarding Revision of Full-Year Financial Forecasts,/inbs/ek/140120260129542076.pdf,False,,english,Information & Communication,,
2026-01-29 17:30:00,2026-01-29,48320,"JFE Systems, Inc.",[Delayed]Notice Regarding Change of Representative Director,/inbs/ek/140120260129542023.pdf,False,,english,Information & Communication,,
2026-01-29 17:00:00,2026-01-29,21480,ITmedia Inc.,"Notice Concerning Acquisition of Shares of Majisemi Co., Ltd.(to Make It a Subsidiary)",/inbs/ek/140120260129541263.pdf,False,,english,Services,,
2026-01-29 17:00:00,2026-01-29,21480,ITmedia Inc.,"Notice Concerning Acquisition of Shares of Majisemi Co., Ltd.(to Make It a Subsidiary) Supplementary Briefing Materials",/inbs/ek/140120260129541286.pdf,False,,english,Services,,
2026-01-29 17:00:00,2026-01-29,41880,Mitsubishi Chemical Group Corporation,"Notice on Succession of Business, etc., through Company Split (Simplified Absorption-Type Split)",/inbs/ek/140120260129541002.pdf,False,,english,Chemicals,,
2026-01-29 17:00:00,2026-01-29,45190,"CHUGAI PHARMACEUTICAL CO.,LTD.","CONSOLIDATED FINANCIAL STATEMENTS (IFRS)(Non-Audited)(for the year ended December 31, 2025)",/inbs/ek/140120260129541082.pdf,False,,english,Pharmaceutical,,
2026-01-29 17:00:00,2026-01-29,45190,"CHUGAI PHARMACEUTICAL CO.,LTD.","Supplementary Materials Consolidated Financial Statements for the year ended December 31, 2025 (IFRS)",/inbs/ek/140120260129541077.pdf,False,,english,Pharmaceutical,,
2026-01-29 17:00:00,2026-01-29,45190,"CHUGAI PHARMACEUTICAL CO.,LTD.",Notice of Distribution of Retained Earnings,/inbs/ek/140120260129541107.pdf,False,,english,Pharmaceutical,,
2026-01-29 17:00:00,2026-01-29,45190,"CHUGAI PHARMACEUTICAL CO.,LTD.",Revision of the Stock Compensation System,/inbs/ek/140120260129540988.pdf,False,,english,Pharmaceutical,,
2026-01-29 17:00:00,2026-01-29,62090,NPR-RIKEN CORPORATION,Notice Concerning Change of Trade Name and Relocation of Head Office of Consolidated Subsidiaries,/inbs/ek/140120260129542100.pdf,False,,english,Machinery,,
2026-01-29 17:00:00,2026-01-29,63490,KOMORI CORPORATION,Notice of Personnel Changes,/inbs/ek/140120260129541925.pdf,False,,english,Machinery,,
2026-01-29 17:00:00,2026-01-29,95010,"Tokyo Electric Power Company Holdings,Incorporated",FY2025-3Q Financial Results,/inbs/ek/140120260129541108.pdf,False,,english,Electric Power & Gas,,
2026-01-29 17:00:00,2026-01-29,95010,"Tokyo Electric Power Company Holdings,Incorporated","[Summary]Consolidated Financial Results for the Nine Months Ended December 31, 2025 (Under Japanese GAAP)",/inbs/ek/140120260127539635.pdf,False,,english,Electric Power & Gas,,
2026-01-29 17:00:00,2026-01-29,95010,"Tokyo Electric Power Company Holdings,Incorporated",Notice Concerning Extraordinary Loss,/inbs/ek/140120260124537994.pdf,False,,english,Electric Power & Gas,,
2026-01-29 16:30:00,2026-01-29,19340,YURTEC CORPORATION,"Consolidated Financial Results for the Nine Months Ended December 31, 2025",/inbs/ek/140120260128539758.pdf,False,,english,Construction,,
2026-01-29 16:30:00,2026-01-29,19420,"KANDENKO CO.,LTD.",Notice Concerning Secondary Offering of Shares,/inbs/ek/140120260129541249.pdf,False,,english,Construction,,
2026-01-29 16:30:00,2026-01-29,19420,"KANDENKO CO.,LTD.",Notice Concerning Determination of Matters relating to Share Repurchase,/inbs/ek/140120260129541256.pdf,False,,english,Construction,,
2026-01-29 16:30:00,2026-01-29,19420,"KANDENKO CO.,LTD.","[Summary]Consolidated Financial Results for the Nine Months Ended December 31, 2025 (Based on Japanese GAAP) (Review by an Independent Auditor)",/inbs/ek/140120260129541214.pdf,False,,english,Construction,,
2026-01-29 16:30:00,2026-01-29,43730,"Simplex Holdings,Inc.",Notice Concerning Share Buyback Through Off-Auction Own Share Repurchase Trading System (ToSTNeT-3),/inbs/ek/140120260129541217.pdf,False,,english,Information & Communication,,
2026-01-29 16:30:00,2026-01-29,46610,"ORIENTAL LAND CO.,LTD.",Notice of Partial Cancellation of Subscriptions Related to the Disposition of Treasury Stock through Third-Party Allotments,/inbs/ek/140120260129541510.pdf,False,,english,Services,,
2026-01-29 16:30:00,2026-01-29,71480,"Financial Partners Group Co.,Ltd.",(Summary) Consolidated Financial Results for Q1 FY9/2026 (Japanese GAAP),/inbs/ek/140120260129541258.pdf,False,,english,Securities & Commodity Futures,,
2026-01-29 16:30:00,2026-01-29,71480,"Financial Partners Group Co.,Ltd.",Financial Results Presentation for Q1 FY9/2026,/inbs/ek/140120260129541122.pdf,False,,english,Securities & Commodity Futures,,
2026-01-29 16:30:00,2026-01-29,75810,"SAIZERIYA CO.,LTD.",Notice of decision on details of the issue of stock options (stock acquisition rights) to Company employees,/inbs/ek/140120260128539823.pdf,False,,english,Retail Trade,,
2026-01-29 16:30:00,2026-01-29,83660,"THE SHIGA BANK,LTD.",Announcement Regarding the Acquisition of Treasury Shares Through Off-Auction Own Share Repurchase Trading System (ToSTNeT-3),/inbs/ek/140120260129541988.pdf,False,,english,Banks,,
2026-01-29 16:30:00,2026-01-29,92700,Valuence Holdings Inc.,Notice Regarding the Acquisition of Treasury Shares and the Repurchase of Treasury Shares through Off-Auction Own Share Repurchase Trading (ToSTNeT-3),/inbs/ek/140120260129541400.pdf,False,,english,Wholesale Trade,,
2026-01-29 16:30:00,2026-01-29,94340,SoftBank Corp.,Notice Concerning Changes of Representative Directors and Important Personnel Changes,/inbs/ek/140120260129541904.pdf,False,,english,Information & Communication,,
2026-01-29 16:30:00,2026-01-29,94680,KADOKAWA CORPORATION,Notice Regarding Decisions on Share Acquisition in Performance-Based Stock Compensation Plan,/inbs/ek/140120260129541391.pdf,False,,english,Information & Communication,,
2026-01-29 16:30:00,2026-01-29,94680,KADOKAWA CORPORATION,Notice Regarding Disposal of Treasury Shares Related to Performance-Based Stock Compensation Plan,/inbs/ek/140120260120536202.pdf,False,,english,Information & Communication,,
2026-01-29 16:30:00,2026-01-29,95010,"Tokyo Electric Power Company Holdings,Incorporated",Notice Regarding the Partial Sales Shares Owned by a Consolidated Subsidiary and Expected Recognition of Profits,/inbs/ek/140120260129541069.pdf,False,,english,Electric Power & Gas,,
2026-01-29 16:00:00,2026-01-29,39370,"Ubicom Holdings,Inc.",Notice Regarding Approval of Change in Market Segment to Standard Market and Withdrawal of the Plan to Meet Prime Market Listing Maintenance Criteria,/inbs/ek/140120260129541074.pdf,False,,english,Information & Communication,,
2026-01-29 16:00:00,2026-01-29,42900,Prestige International Inc.,"Consolidated Financial Results for the Nine Months Ended December 31, 2025 (Under Japanese GAAP)",/inbs/ek/140120260126538471.pdf,False,,english,Services,,
2026-01-29 16:00:00,2026-01-29,46610,"ORIENTAL LAND CO.,LTD.","Consolidated Financial Statements for the Third Quarter of the Fiscal Year Ending March 31, 2026 (Japanese accounting standards)",/inbs/ek/140120260129541237.pdf,False,,english,Services,,
2026-01-29 16:00:00,2026-01-29,46610,"ORIENTAL LAND CO.,LTD.","Supplementary Materials: Results for the Third Quarter of the Fiscal Year Ending March 31, 2026 [April 1 to December 31, 2025]",/inbs/ek/140120260129541440.pdf,False,,english,Services,,
2026-01-29 16:00:00,2026-01-29,46610,"ORIENTAL LAND CO.,LTD.",Results for the Third Quarter of the Fiscal Year Ending March 2026,/inbs/ek/140120260129541468.pdf,False,,english,Services,,
2026-01-29 16:00:00,2026-01-29,46660,"PARK24 Co.,Ltd.",Notice Regarding the Composition of Directors and Officers,/inbs/ek/140120260128540080.pdf,False,,english,Real Estate,,
2026-01-29 16:00:00,2026-01-29,46660,"PARK24 Co.,Ltd.",Notice Regarding Adjustment of Conversion Price for Zero Coupon Convertible Bonds due 2028,/inbs/ek/140120260128540097.pdf,False,,english,Real Estate,,
2026-01-29 16:00:00,2026-01-29,46660,"PARK24 Co.,Ltd.",Notice Regarding Disposal of Treasury Stocks as Restricted Stock Compensation,/inbs/ek/140120260128540091.pdf,False,,english,Real Estate,,
2026-01-29 16:00:00,2026-01-29,63090,"TOMOE ENGINEERING CO.,LTD.(TOMOE KOGYO CO.,LTD.)","Notice Regarding Continued Approval of Policy for Responding to Large-Scale Purchases of the Company’s Shares, etc.(Takeover Response Policy)",/inbs/ek/140120260129541677.pdf,False,,english,Machinery,,
2026-01-29 16:00:00,2026-01-29,65010,"Hitachi,Ltd.",Hitachi Announces Executive Changes,/inbs/ek/140120260129541757.pdf,False,,english,Electric Appliances,,
2026-01-29 16:00:00,2026-01-29,68610,KEYENCE CORPORATION,"[Summary] Financial Results for the Nine Months Ended December20,2025(Based on Japanese GAAP)",/inbs/ek/140120260129541849.pdf,False,,english,Electric Appliances,,
2026-01-29 16:00:00,2026-01-29,79620,"KING JIM CO.,LTD.","[Summary] Consolidated Financial Results for the Six Months Ended December 20, 2025 [Under Japanese GAAP]",/inbs/ek/140120260129541615.pdf,False,,english,Other Products,,
2026-01-29 16:00:00,2026-01-29,86140,"TOYO SECURITIES CO.,LTD.","［Summary］Consolidated Financial Results for the Nine Months Ended December 31, 2025 (Under Japanese GAAP)",/inbs/ek/140120260129541675.pdf,False,,english,Securities & Commodity Futures,,
2026-01-29 16:00:00,2026-01-29,95360,"SAIBU GAS HOLDINGS CO.,LTD.","[Summary]Consolidated Financial Results for the Nine Months Ended December 31, 2025 (Under Japanese GAAP)",/inbs/ek/140120260129541169.pdf,False,,english,Electric Power & Gas,,
2026-01-29 15:45:00,2026-01-29,30860,"J.FRONT RETAILING Co.,Ltd.","Notice Regarding Closure of Fukuoka PARCO of PARCO CO., LTD.",/inbs/ek/140120260129541173.pdf,False,,english,Retail Trade,,
2026-01-29 15:40:00,2026-01-29,53330,"NGK INSULATORS,LTD.","Consolidated Financial Results for the Nine Months Ended December 31, 2025 [Japanese GAAP]",/inbs/ek/140120260128540266.pdf,False,,english,Glass & Ceramics Products,,
2026-01-29 15:40:00,2026-01-29,53330,"NGK INSULATORS,LTD.",(Cancellation of the Disclosure Matter) Notice Concerning Termination of Agreement Pertaining to Acquisition of Shares in the Germany Company DKNM,/inbs/ek/140120260129540870.pdf,False,,english,Glass & Ceramics Products,,
2026-01-29 15:40:00,2026-01-29,63450,AICHI CORPORATION,"[Summary]Consolidated Financial Results for the Nine Months Ended December 31, 2025 (Under Japanese GAAP)",/inbs/ek/140120260128539922.pdf,False,,english,Machinery,,
2026-01-29 15:40:00,2026-01-29,63450,AICHI CORPORATION,Notice Regarding the Cancellation of Treasury Stock,/inbs/ek/140120260128539693.pdf,False,,english,Machinery,,
2026-01-29 15:30:00,2026-01-29,18030,SHIMIZU CORPORATION,"Notice of Consolidation of Aomi Construction Co., Ltd. as a Consolidated Subsidiary by Subscription to a Capital Increase by Third-Party Allotment",/inbs/ek/140120260128540763.pdf,False,,english,Construction,,
2026-01-29 15:30:00,2026-01-29,19440,KINDEN CORPORATION,"Consolidated Financial Results for the Nine Months Ended December 31, 2025 (Under Japanese GAAP)",/inbs/ek/140120260129540955.pdf,False,,english,Construction,,
2026-01-29 15:30:00,2026-01-29,19440,KINDEN CORPORATION,"Notice Concerning Revisions to the Full-Year Earnings Forecasts for the Fiscal Year Ending March 31, 2026 and to the Dividend Forecast",/inbs/ek/140120260129540960.pdf,False,,english,Construction,,
2026-01-29 15:30:00,2026-01-29,19440,KINDEN CORPORATION,Capital Policy in the Medium-term Management Plan,/inbs/ek/140120260129540989.pdf,False,,english,Construction,,
2026-01-29 15:30:00,2026-01-29,23590,CORE CORPORATION,"[Summary]Consolidated Financial Results for the Nine Months Ended December 31, 2025",/inbs/ek/140120260129541636.pdf,False,,english,Information & Communication,,
2026-01-29 15:30:00,2026-01-29,23590,CORE CORPORATION,[Summary]Supplementary materials for financial results for the third quarter of the fiscal year ending March 2026,/inbs/ek/140120260129541348.pdf,False,,english,Information & Communication,,
2026-01-29 15:30:00,2026-01-29,25400,"YOMEISHU SEIZO CO.,LTD.","[Summary]Non-consolidated Financial Results for the Nine Months Ended December 31, 2025",/inbs/ek/140120260127539059.pdf,False,,english,Foods,,
2026-01-29 15:30:00,2026-01-29,28020,"Ajinomoto Co.,Inc.",Announce of Executive Personnel Changes of President and Executive Officers,/inbs/ek/140120260128540699.pdf,False,,english,Foods,,
2026-01-29 15:30:00,2026-01-29,34710,Mitsui Fudosan Logistics Park Inc.,Notice Concerning Borrowing of Funds (Including Green Loan) and Repayment of Borrowing,/inbs/ek/140120260129541547.pdf,False,,english,REIT,,
2026-01-29 15:30:00,2026-01-29,35930,"HOGY MEDICAL CO.,LTD.","Consolidated Financial Results for the Nine Months Ended December 31, 2025 (Under Japanese GAAP)",/inbs/ek/140120260129541420.pdf,False,,english,Textiles & Apparels,,
2026-01-29 15:30:00,2026-01-29,35930,"HOGY MEDICAL CO.,LTD.",Financial Results Briefing for the Third Quarter of FY0326,/inbs/ek/140120260129541314.pdf,False,,english,Textiles & Apparels,,
2026-01-29 15:30:00,2026-01-29,40530,Sun* Inc.,Notice Regarding Issurance of Stock Acquisition Rights for Subscription (Stock Options with Charge),/inbs/ek/140120260129541476.pdf,False,,english,Information & Communication,,
2026-01-29 15:30:00,2026-01-29,42040,"Sekisui Chemical Co.,Ltd.","Consolidated Financial Results for the Nine Months Ended December 31, 2025<Under Japanese GAAP>",/inbs/ek/140120260128540725.pdf,False,,english,Chemicals,,
2026-01-29 15:30:00,2026-01-29,42750,"Carlit Co.,Ltd.",Notice Regarding the Absorption-Type Merger Between Consolidated Subsidiaries,/inbs/ek/140120260129540995.pdf,False,,english,Chemicals,,
2026-01-29 15:30:00,2026-01-29,43070,"Nomura Research Institute,Ltd.","Consolidated Financial Results for the Nine Months Ended December 31, 2025(Under IFRS)",/inbs/ek/140120260126538341.pdf,False,,english,Information & Communication,,
2026-01-29 15:30:00,2026-01-29,43730,"Simplex Holdings,Inc.",Notice Concerning the Determination of Matters Relating to Share Buyback,/inbs/ek/140120260129541013.pdf,False,,english,Information & Communication,,
2026-01-29 15:30:00,2026-01-29,43730,"Simplex Holdings,Inc.",Notice Concerning Revisions to the Consolidated Forecast of Full-Year Financial Results,/inbs/ek/140120260129541024.pdf,False,,english,Information & Communication,,
2026-01-29 15:30:00,2026-01-29,43730,"Simplex Holdings,Inc.","Consolidated Financial Results for the Nine Months Ended December 31, 2025 (Under IFRS)",/inbs/ek/140120260129540996.pdf,False,,english,Information & Communication,,
2026-01-29 15:30:00,2026-01-29,45020,Takeda Pharmaceutical Company Limited,"Earnings Report (Kessan Tanshin) for the Nine-month Period Ended December 31, 2025 (IFRS, Consolidated)",/inbs/ek/140120260128539981.pdf,False,,english,Pharmaceutical,,
2026-01-29 15:30:00,2026-01-29,46650,"DUSKIN CO.,LTD.",Notice Concerning Conclusion of Master Franchise Agreement to Develop Mister Donut Business in the East China Region,/inbs/ek/140120260129541811.pdf,False,,english,Services,,
2026-01-29 15:30:00,2026-01-29,46650,"DUSKIN CO.,LTD.",Notice Concerning Changes in Responsibilities of Operating Officers and Key Personnel,/inbs/ek/140120260129541819.pdf,False,,english,Services,,
2026-01-29 15:30:00,2026-01-29,47650,"SBI Global Asset Management Co.,Ltd.","Consolidated Financial Results for the Nine Months Ended December 31, 2025  (Japanese GAAP)",/inbs/ek/140120260129541704.pdf,False,,english,Services,,
2026-01-29 15:30:00,2026-01-29,49560,"KONISHI CO.,LTD.","Consolidated Financial Results for the First Nine Months of the Fiscal Year Ending March 31, 2026",/inbs/ek/140120260129541622.pdf,False,,english,Chemicals,,
2026-01-29 15:30:00,2026-01-29,54710,"Daido Steel Co.,Ltd.","Consolidated Financial Results for the Nine Months Ended December 31, 2025 [Under IFRS]",/inbs/ek/140120260129541176.pdf,False,,english,Iron & Steel,,
2026-01-29 15:30:00,2026-01-29,54710,"Daido Steel Co.,Ltd.",Fiscal Year ending March 2026 3rd Quarter Results,/inbs/ek/140120260129541190.pdf,False,,english,Iron & Steel,,
2026-01-29 15:30:00,2026-01-29,54710,"Daido Steel Co.,Ltd.",Notice Concerning Revisions to Full-Year Consolidated Financial Results Forecasts,/inbs/ek/140120260129541231.pdf,False,,english,Iron & Steel,,
2026-01-29 15:30:00,2026-01-29,55630,"Nippon Denko Co.,Ltd.",Notice Concerning the Discontinuation (Abolition) of the Response Policy for Large-Scale Purchases of the Company’s Shares,/inbs/ek/140120260128539812.pdf,False,,english,Iron & Steel,,
2026-01-29 15:30:00,2026-01-29,62640,"Marumae Co.,Ltd.",Notice Regarding Recording of Extraordinary Income (Subsidy Income),/inbs/ek/140120260129541558.pdf,False,,english,Machinery,,
2026-01-29 15:30:00,2026-01-29,63050,"Hitachi Construction Machinery Co.,Ltd.","Consolidated Financial Results for the Third Quarter Ended December 31, 2025 (IFRS)",/inbs/ek/140120260129541573.pdf,False,,english,Machinery,,
2026-01-29 15:30:00,2026-01-29,63490,KOMORI CORPORATION,"Consolidated Financial Results for the Nine Months Ended December 31, 2025 (Under Japanese GAAP)",/inbs/ek/140120260129541033.pdf,False,,english,Machinery,,
2026-01-29 15:30:00,2026-01-29,65010,"Hitachi,Ltd.","Hitachi Announces Consolidated Financial Results for the Third Quarter Ended December 31, 2025",/inbs/ek/140120260129541662.pdf,False,,english,Electric Appliances,,
2026-01-29 15:30:00,2026-01-29,65010,"Hitachi,Ltd.","Outline of Consolidated Financial Results for the Third Quarter Ended December 31, 2025 [Fiscal 2025]",/inbs/ek/140120260129541666.pdf,False,,english,Electric Appliances,,
2026-01-29 15:30:00,2026-01-29,65010,"Hitachi,Ltd.",Notification of repurchase of shares of common stock,/inbs/ek/140120260129541670.pdf,False,,english,Electric Appliances,,
2026-01-29 15:30:00,2026-01-29,65030,Mitsubishi Electric Corporation,Mitsubishi Electric Completes Full Acquisition of Nozomi Networks,/inbs/ek/140120260129541492.pdf,False,,english,Electric Appliances,,
2026-01-29 15:30:00,2026-01-29,65040,"FUJI ELECTRIC CO.,LTD.","Consolidated Financial Results for the Nine Months Ended December 31, 2025",/inbs/ek/140120260129541594.pdf,False,,english,Electric Appliances,,
2026-01-29 15:30:00,2026-01-29,65860,Makita Corporation,"Consolidated Financial Results for the nine months ended December 31, 2025 (IFRS)",/inbs/ek/140120260123537726.pdf,False,,english,Machinery,,
2026-01-29 15:30:00,2026-01-29,65860,Makita Corporation,Notice Concerning Repurchase of Treasury Shares,/inbs/ek/140120260128539718.pdf,False,,english,Machinery,,
2026-01-29 15:30:00,2026-01-29,65860,Makita Corporation,"Notice Regarding Revision of Consolidated Financial Forecast for the Fiscal Year Ending March 31, 2026",/inbs/ek/140120260123537734.pdf,False,,english,Machinery,,
2026-01-29 15:30:00,2026-01-29,67010,NEC Corporation,"Consolidated Financial Results for the Nine-month Period Ended December 31, 2025 [IFRS]",/inbs/ek/140120260127539215.pdf,False,,english,Electric Appliances,,
2026-01-29 15:30:00,2026-01-29,67010,NEC Corporation,"Financial Results for Q3 Fiscal Year Ending March 31, 2026",/inbs/ek/140120260127539244.pdf,False,,english,Electric Appliances,,
2026-01-29 15:30:00,2026-01-29,67010,NEC Corporation,"Notice of changes in Members of the Board, Representative Executive Officers, and Executive Officers",/inbs/ek/140120260127539249.pdf,False,,english,Electric Appliances,,
2026-01-29 15:30:00,2026-01-29,67020,Fujitsu Limited,"Consolidated Financial Results for the Nine months Ended December 31, 2025",/inbs/ek/140120260129541242.pdf,False,,english,Electric Appliances,,
2026-01-29 15:30:00,2026-01-29,67020,Fujitsu Limited,3Q FY2025 Consolidated Financial Results,/inbs/ek/140120260129541592.pdf,False,,english,Electric Appliances,,
2026-01-29 15:30:00,2026-01-29,67020,Fujitsu Limited,Notice Regarding Determination of Revision to the Dividend Forecast for the Fiscal Year ending March 2026,/inbs/ek/140120260129541288.pdf,False,,english,Electric Appliances,,
2026-01-29 15:30:00,2026-01-29,67020,Fujitsu Limited,"Notice Regarding Conclusion of a Company Split (Simplified Absorption-Type Split) Agreement with a Consolidated Subsidiary, Fujitsu Japan Limited",/inbs/ek/140120260129541605.pdf,False,,english,Electric Appliances,,
2026-01-29 15:30:00,2026-01-29,67540,ANRITSU CORPORATION,"Consolidated Financial Results for the Nine Months Ended December 31, 2025 (Under IFRS)",/inbs/ek/140120260129541452.pdf,False,,english,Electric Appliances,,
2026-01-29 15:30:00,2026-01-29,67540,ANRITSU CORPORATION,"Financial Results for the 3rd quarter of the Fiscal Year ending March 31, 2026 （Briefing Presentation Material)",/inbs/ek/140120260129541454.pdf,False,,english,Electric Appliances,,
2026-01-29 15:30:00,2026-01-29,68230,"RION CO.,LTD.",Notice of Revision of Dividend Forecast (Dividend Increase),/inbs/ek/140120260128540656.pdf,False,,english,Electric Appliances,,
2026-01-29 15:30:00,2026-01-29,68230,"RION CO.,LTD.","[Summary] Consolidated Financial Results for the Nine Months Ended December 31, 2025 (Japanese GAAP)",/inbs/ek/140120260128540654.pdf,False,,english,Electric Appliances,,
2026-01-29 15:30:00,2026-01-29,69520,"CASIO COMPUTER CO.,LTD.","Consolidated Financial Results for the Nine Months Ended December 31, 2025 (Under Japanese GAAP)",/inbs/ek/140120260128540475.pdf,False,,english,Electric Appliances,,
2026-01-29 15:30:00,2026-01-29,69520,"CASIO COMPUTER CO.,LTD.","Third Quarter Results Briefing for Fiscal Year Ending March 31, 2026",/inbs/ek/140120260128540476.pdf,False,,english,Electric Appliances,,
2026-01-29 15:30:00,2026-01-29,69520,"CASIO COMPUTER CO.,LTD.",Casio Announces Resolution on the Purchase and Cancellation of Treasury Shares,/inbs/ek/140120260128540477.pdf,False,,english,Electric Appliances,,
2026-01-29 15:30:00,2026-01-29,71810,"JAPAN POST INSURANCE Co.,Ltd.",Notice Concerning the Stock Split and Partial Amendments to the Articles of Incorporation in Association with the Stock Split,/inbs/ek/140120260126538770.pdf,False,,english,Insurance,,
2026-01-29 15:30:00,2026-01-29,71910,Entrust Inc.,"[Summary]Consolidated Financial Results for the Nine Months Ended December 31, 2025 [Under Japanese GAAP]",/inbs/ek/140120260129540923.pdf,False,,english,Other Financing Business,,
2026-01-29 15:30:00,2026-01-29,73880,FP Partner Inc.,Notice Regarding the Status and Completion of Acquiring Treasury Shares,/inbs/ek/140120260129541353.pdf,False,,english,Insurance,,
2026-01-29 15:30:00,2026-01-29,74330,"Hakuto Co.,Ltd.",[Summary] Financial Results for the Nine Months,/inbs/ek/140120260129541008.pdf,False,,english,Wholesale Trade,,
2026-01-29 15:30:00,2026-01-29,77510,CANON INC.,"CONSOLIDATED RESULTS FOR THE FOURTH QUARTER AND THE FISCAL YEAR ENDED DECEMBER 31, 2025",/inbs/ek/140120260129541525.pdf,False,,english,Electric Appliances,,
2026-01-29 15:30:00,2026-01-29,77510,CANON INC.,Canon Inc. to Acquire Own Shares,/inbs/ek/140120260129541174.pdf,False,,english,Electric Appliances,,
2026-01-29 15:30:00,2026-01-29,79490,"KOMATSU WALL INDUSTRY CO.,LTD.","Non-consolidated Financial Results for the Nine Months Ended December 31, 2025 [Under Japanese GAAP]",/inbs/ek/140120260128540503.pdf,False,,english,Other Products,,
2026-01-29 15:30:00,2026-01-29,79490,"KOMATSU WALL INDUSTRY CO.,LTD.",Notice Concerning Organizational Changes and Changes in Officers,/inbs/ek/140120260128540525.pdf,False,,english,Other Products,,
2026-01-29 15:30:00,2026-01-29,80120,"NAGASE & CO.,LTD.","Notice Regarding Changes of Directors, Audit & Supervisory Board Members and Executive Officers",/inbs/ek/140120260129541095.pdf,False,,english,Wholesale Trade,,
2026-01-29 15:30:00,2026-01-29,83080,"Resona Holdings, Inc.",Acquisition of Shares in Connection with the Entrustment of Share Benefit Trusts,/inbs/ek/140120260129541177.pdf,False,,english,Banks,,
2026-01-29 15:30:00,2026-01-29,87930,NEC Capital Solutions Limited,"[Summary] Consolidated Financial Results for the Nine Months Ended December 31,2025",/inbs/ek/140120260128540677.pdf,False,,english,Other Financing Business,,
2026-01-29 15:30:00,2026-01-29,87930,NEC Capital Solutions Limited,"Financial Results for Q3 the Fiscal Year ENding March 31, 2026(FY2026)",/inbs/ek/140120260128540702.pdf,False,,english,Other Financing Business,,
2026-01-29 15:30:00,2026-01-29,87950,"T&D Holdings, Inc.","Notice Regarding Unrealized Losses on Securities for the Nine Months Ended December 31, 2025",/inbs/ek/140120260128540803.pdf,False,,english,Insurance,,
2026-01-29 15:30:00,2026-01-29,89720,KDX Realty Investment Corporation,Notice Concerning Debt Financing (Determination of Interest Rate) (Series 0045),/inbs/ek/140120260129541726.pdf,False,,english,REIT,,
2026-01-29 15:30:00,2026-01-29,89720,KDX Realty Investment Corporation,Correction to the Press Releases,/inbs/ek/140120260129541803.pdf,False,,english,REIT,,
2026-01-29 15:30:00,2026-01-29,90460,"Kobe Electric Railway Co.,Ltd.","［Summary］Consolidated Financial Results  for the Nine Months Ended December 31, 2025  (Under Japanese GAAP)",/inbs/ek/140120260129540962.pdf,False,,english,Land Transportation,,
2026-01-29 15:30:00,2026-01-29,90460,"Kobe Electric Railway Co.,Ltd.",Notice Concerning Revision (Increase) of Year-End Dividend Forecast for the Fiscal Year Ending March 2026,/inbs/ek/140120260129541083.pdf,False,,english,Land Transportation,,
2026-01-29 15:30:00,2026-01-29,90460,"Kobe Electric Railway Co.,Ltd.",Notice Regarding Application for Change of Market Segment to the Tokyo Stock Exchange Standard Market,/inbs/ek/140120260129541839.pdf,False,,english,Land Transportation,,
2026-01-29 15:30:00,2026-01-29,95050,Hokuriku Electric Power Company,"［Summary］Consolidated Financial Results for the Nine Months Ended December 31, 2025 [Under Japanese GAAP]",/inbs/ek/140120260129541089.pdf,False,,english,Electric Power & Gas,,
2026-01-29 15:30:00,2026-01-29,96270,AIN HOLDINGS INC.,Notice Regarding Personnel Change,/inbs/ek/140120260129541747.pdf,False,,english,Retail Trade,,
2026-01-29 15:30:00,2026-01-29,96290,PCA CORPORATION,"Consolidated Financial Results for the First Nine Months of the Fiscal Year Ending March 31, 2026 (J-GAAP)",/inbs/ek/140120260129541414.pdf,False,,english,Information & Communication,,
2026-01-29 15:30:00,2026-01-29,97660,KONAMI GROUP CORPORATION,"Consolidated Financial Results for the Nine Months Ended December 31, 2025 (Prepared in Accordance with IFRS)",/inbs/ek/140120260129541291.pdf,False,,english,Information & Communication,,
2026-01-29 15:30:00,2026-01-29,97660,KONAMI GROUP CORPORATION,"News Release: Notice on Revision of the Consolidated Forecast and the Dividend Forecast for the Fiscal Year Ending March 31, 2026",/inbs/ek/140120260129541274.pdf,False,,english,Information & Communication,,
2026-01-29 15:30:00,2026-01-29,97950,"STEP CO.,LTD.","Non-consolidated Financial Results for the Three Months Ended December 31, 2025 (Under Japanese GAAP)",/inbs/ek/140120260127539070.pdf,False,,english,Services,,
2026-01-29 15:30:00,2026-01-29,99460,"MINISTOP CO.,LTD.","[Updated]Consolidated Financial Results for the Nine Months Ended November 30, 2025 (Under Japanese GAAP)",/inbs/ek/140120260129541227.pdf,False,,english,Retail Trade,,
2026-01-29 15:00:00,2026-01-29,45190,"CHUGAI PHARMACEUTICAL CO.,LTD.",F. Hoffmann-La Roche Announces Financial Results for Fiscal 2025,/inbs/ek/140120260128540834.pdf,False,,english,Pharmaceutical,,
2026-01-29 15:00:00,2026-01-29,50760,INFRONEER Holdings Inc.,Notice Concerning the Succession of the Business of Administering Corporate Bonds by Company Split (Simplified Absorption-Type Company Split),/inbs/ek/140120260128540046.pdf,False,,english,Construction,,
2026-01-29 15:00:00,2026-01-29,69230,"Stanley Electric Co.,Ltd.","Consolidated Financial Results for the Nine Months Ended December 31, 2025 (Under Japanese GAAP)",/inbs/ek/140120260129540965.pdf,False,,english,Electric Appliances,,
2026-01-29 15:00:00,2026-01-29,69230,"Stanley Electric Co.,Ltd.",FY2026/3 3rd Quarter Financial Results,/inbs/ek/140120260128539854.pdf,False,,english,Electric Appliances,,
2026-01-29 15:00:00,2026-01-29,69230,"Stanley Electric Co.,Ltd.","Notice Regarding Acquisition of Shares of Iwasaki Electric Co., Ltd.(to Make It a Subsidiary)",/inbs/ek/140120260129541631.pdf,False,,english,Electric Appliances,,
2026-01-29 15:00:00,2026-01-29,69230,"Stanley Electric Co.,Ltd.",Notice of the Status and Completion of Treasury Stock Purchase and Retirement of Treasury Stock,/inbs/ek/140120260127539074.pdf,False,,english,Electric Appliances,,
2026-01-29 15:00:00,2026-01-29,72050,"HINO MOTORS,LTD.","Financial Results for the Third Quarter of the Fiscal Year Ending March 31, 2026",/inbs/ek/140120260128540828.pdf,False,,english,Transportation Equipment,,
2026-01-29 15:00:00,2026-01-29,72050,"HINO MOTORS,LTD.",Announcement Concerning the Revisions to the Earnings Forecast,/inbs/ek/140120260128540832.pdf,False,,english,Transportation Equipment,,
2026-01-29 15:00:00,2026-01-29,72050,"HINO MOTORS,LTD.",Notice Concerning Change of Representative Directors,/inbs/ek/140120260129540891.pdf,False,,english,Transportation Equipment,,
2026-01-29 15:00:00,2026-01-29,73800,"Juroku Financial Group,Inc.","Consolidated Financial Results for the Nine Months Ended December 31, 2025 (Under Japanese GAAP)",/inbs/ek/140120260129540916.pdf,False,,english,Banks,,
2026-01-29 15:00:00,2026-01-29,73800,"Juroku Financial Group,Inc.","Notice Concerning Share Split, Partial Amendment to the Articles of Incorporation, and Revision of Shareholder Benefit Program",/inbs/ek/140120260126538677.pdf,False,,english,Banks,,
2026-01-29 15:00:00,2026-01-29,79310,"MIRAI INDUSTRY CO.,LTD.","[Summary] Consolidated Financial Results  for the Nine Months Ended December 20, 2025  (Under Japanese GAAP)",/inbs/ek/140120260129540972.pdf,False,,english,Chemicals,,
2026-01-29 15:00:00,2026-01-29,79470,FP CORPORATION,"[Summary]Consolidated Financial Results for the Nine Months Ended December 31, 2025(Under Japanese GAAP)",/inbs/ek/140120260128540746.pdf,False,,english,Chemicals,,
2026-01-29 15:00:00,2026-01-29,83380,"Tsukuba Bank,Ltd.","Notice Concerning Unrealized Losses on Securities as of the End of the Third Quarter of the Fiscal Year Ending March 31, 2026",/inbs/ek/140120260119535479.pdf,False,,english,Banks,,
2026-01-29 15:00:00,2026-01-29,83660,"THE SHIGA BANK,LTD.","[Summary]Consolidated Financial Results for the Nine Months Ended December 31, 2025 [Under Japanese GAAP]",/inbs/ek/140120260128540153.pdf,False,,english,Banks,,
2026-01-29 15:00:00,2026-01-29,83660,"THE SHIGA BANK,LTD.",Announcement Regarding the Decision of the Acquisition of Treasury Shares,/inbs/ek/140120260128540216.pdf,False,,english,Banks,,
2026-01-29 15:00:00,2026-01-29,83660,"THE SHIGA BANK,LTD.",Announcement regarding retirement of own shares,/inbs/ek/140120260128540231.pdf,False,,english,Banks,,
2026-01-29 15:00:00,2026-01-29,83660,"THE SHIGA BANK,LTD.","(Change to Disclosed Matters)Notice regarding Stock Split, Amendment Articles of Incorporation and Shareholder Benefit Program",/inbs/ek/140120260128540241.pdf,False,,english,Banks,,
2026-01-29 15:00:00,2026-01-29,88640,"AIRPORT FACILITIES Co.,LTD.","[Summary] Financial Results for the Third Quarter of the Fiscal Year Ending March 31, 2026 [J-GAAP] (Consolidated)",/inbs/ek/140120260129541532.pdf,False,,english,Real Estate,,
2026-01-29 15:00:00,2026-01-29,99910,GECOSS CORPORATION,"[Summary] Consolidated Financial Results for the Nine Months Ended December 31, 2025 (Japanese GAAP)",/inbs/ek/140120260129541551.pdf,False,,english,Wholesale Trade,,
2026-01-29 15:00:00,2026-01-29,99910,GECOSS CORPORATION,"Notice Concerning Revisions to Consolidated Earnings Forecast for Year Ending March 31, 2026, and Year-End Dividend Forecast (Increase)",/inbs/ek/140120260128540841.pdf,False,,english,Wholesale Trade,,
2026-01-29 14:30:00,2026-01-29,28100,House Foods Group Inc.,Notice of Status of Acquisition of Company’s Own Shares and Completion of Acquisition,/inbs/ek/140120260129541346.pdf,False,,english,Foods,,
2026-01-29 14:00:00,2026-01-29,19610,"SANKI ENGINEERING CO.,LTD.",Notice Concerning Changes in Representative Directors,/inbs/ek/140120260129541098.pdf,False,,english,Construction,,
2026-01-29 14:00:00,2026-01-29,19610,"SANKI ENGINEERING CO.,LTD.",Notice Concerning Acquisition of Shares (Conversion to Equity Method Affiliate),/inbs/ek/140120260129541233.pdf,False,,english,Construction,,
2026-01-29 14:00:00,2026-01-29,34750,"Good Com Asset Co.,Ltd.",Notice of Our Group's Executive System,/inbs/ek/140120260129541545.pdf,False,,english,Real Estate,,
2026-01-29 14:00:00,2026-01-29,34750,"Good Com Asset Co.,Ltd.",Notice of Disposal of Treasury Stock as Restricted Stock Awards,/inbs/ek/140120260129541550.pdf,False,,english,Real Estate,,
2026-01-29 14:00:00,2026-01-29,80530,"SUMITOMO CORPORATION (SUMITOMO SHOJI KAISHA,LTD.)","Appointments of Directors, Personnel Changes of Executive Officers and Organizational Changes",/inbs/ek/140120260129541522.pdf,False,,english,Wholesale Trade,,
2026-01-29 14:00:00,2026-01-29,85240,"North Pacific Bank,Ltd.",Notice Concerning Revisions to Full-Year Financial Results Forecasts,/inbs/ek/140120260127539597.pdf,False,,english,Banks,,
2026-01-29 14:00:00,2026-01-29,85240,"North Pacific Bank,Ltd.",[Summary]Notice Concerning Determination of Matters Relating to the Purchase of Treasury Shares,/inbs/ek/140120260127539642.pdf,False,,english,Banks,,
2026-01-29 14:00:00,2026-01-29,90440,"Nankai Electric Railway Co.,Ltd.","[Summary]Consolidated Financial Results for the Nine Months Ended December 31, 2025 (Under Japanese GAAP)",/inbs/ek/140120260127538990.pdf,False,,english,Land Transportation,,
2026-01-29 14:00:00,2026-01-29,90440,"Nankai Electric Railway Co.,Ltd.","Supplementary Materials for Financial Results for the Third Quarter of Fiscal Year Ending March 31, 2026 (FY2025)",/inbs/ek/140120260127538998.pdf,False,,english,Land Transportation,,
2026-01-29 14:00:00,2026-01-29,95340,"HOKKAIDO GAS CO.,LTD.","[Summary]Consolidated Financial Results for the Nine Months Ended December 31, 2025 (Under Japanese GAAP)",/inbs/ek/140120260128540549.pdf,False,,english,Electric Power & Gas,,
2026-01-29 13:45:00,2026-01-29,68580,"ONO SOKKI Co.,Ltd.","Consolidated Financial Results for the Nine Months Ended September 30, 2025[Japanese GAAP]",/inbs/ek/140120260129541456.pdf,False,,english,Electric Appliances,,
2026-01-29 13:45:00,2026-01-29,68580,"ONO SOKKI Co.,Ltd.",[Summary] Financial Results for the Nine Months,/inbs/ek/140120260129541485.pdf,False,,english,Electric Appliances,,
2026-01-29 13:30:00,2026-01-29,40230,KUREHA CORPORATION,Notice Regarding Changes in the Representative Directors,/inbs/ek/140120260129541382.pdf,False,,english,Chemicals,,
2026-01-29 13:20:00,2026-01-29,86220,"Mito Securities Co.,Ltd.","Non-consolidated Financial Results for the Nine Months Ended December 31, 2025 (Under Japanese GAAP)",/inbs/ek/140120260129541115.pdf,False,,english,Securities & Commodity Futures,,
2026-01-29 13:00:00,2026-01-29,14180,"INTERLIFE HOLDINGS CO.,LTD.","[Delayed]Consolidated Financial Results for the Nine Months Ended November30,2025 (Completion of Interim Review by Certified Public Accountants)",/inbs/ek/140120260129541148.pdf,False,,english,Construction,,
2026-01-29 13:00:00,2026-01-29,19420,"KANDENKO CO.,LTD.",Notice of Revision to Financial Results and Dividend Forecasts,/inbs/ek/140120260129540971.pdf,False,,english,Construction,,
2026-01-29 13:00:00,2026-01-29,19420,"KANDENKO CO.,LTD.","Notice of Revision of Forecast for Subsidiary (Kawasaki Setsubi Kogyo Co., Ltd. ) for the Fiscal Year Ending March 31, 2026",/inbs/ek/140120260129540974.pdf,False,,english,Construction,,
2026-01-29 13:00:00,2026-01-29,19420,"KANDENKO CO.,LTD.","[Summary]Consolidated Financial Results for the Nine Months Ended December 31, 2025(Based on Japanese GAAP)",/inbs/ek/140120260129540925.pdf,False,,english,Construction,,
2026-01-29 13:00:00,2026-01-29,27370,TOMEN DEVICES CORPORATION,"Consolidated Financial Results for the Nine Months Ended December 31, 2025",/inbs/ek/140120260129540884.pdf,False,,english,Wholesale Trade,,
2026-01-29 13:00:00,2026-01-29,27370,TOMEN DEVICES CORPORATION,Notice regarding Revision of Consolidated Financial Forecasts and Dividend Forecast,/inbs/ek/140120260129540887.pdf,False,,english,Wholesale Trade,,
2026-01-29 13:00:00,2026-01-29,43450,"CTS Co.,Ltd.","[Summary]Consolidated Financial Results   for the Nine Months Ended December 31, 2025   (Under Japanese GAAP)",/inbs/ek/140120260128539748.pdf,False,,english,Services,,
2026-01-29 12:45:00,2026-01-29,86240,"Ichiyoshi Securities Co.,Ltd.",EARNINGS REPORT FOR FIRST THREE QUARTERS OF FISCAL 2025,/inbs/ek/140120260129540892.pdf,False,,english,Securities & Commodity Futures,,
2026-01-29 12:45:00,2026-01-29,86240,"Ichiyoshi Securities Co.,Ltd.","IR Presentation for Third quarter, year ending March 2026",/inbs/ek/140120260128540083.pdf,False,,english,Securities & Commodity Futures,,
2026-01-29 12:30:00,2026-01-29,76030,"Gyet Co.,Ltd.","Notice Regarding Acquisition of Shares (Subsidiary Status) of COEN CO., LTD.",/inbs/ek/140120260129541126.pdf,False,,english,Retail Trade,,
2026-01-29 12:30:00,2026-01-29,76060,UNITED ARROWS LTD.,Notice Regarding Execution of Share Transfer Agreement for Change in Consolidated Subsidiary,/inbs/ek/140120260129541163.pdf,False,,english,Retail Trade,,
2026-01-29 12:00:00,2026-01-29,40990,SHIKOKU KASEI HOLDINGS CORPORATION,"[Summary]Consolidated Financial Results for the Year Ended December 31, 2025",/inbs/ek/140120260129541086.pdf,False,,english,Chemicals,,
2026-01-29 12:00:00,2026-01-29,40990,SHIKOKU KASEI HOLDINGS CORPORATION,Notice Concerning the Discontinuation(Abolition)of the Countermeasures to Large-Scale Acquisitions of the Company's Shares(Takeover Defense Measures),/inbs/ek/140120260128539742.pdf,False,,english,Chemicals,,
2026-01-29 12:00:00,2026-01-29,86130,"Marusan Securities Co.,Ltd.","[Summary]Non-consolidated Financial Results for the Nine Months Ended December 31,2025(Under Japanese GAAP)",/inbs/ek/140120260127539308.pdf,False,,english,Securities & Commodity Futures,,
2026-01-29 12:00:00,2026-01-29,86970,"Japan Exchange Group,Inc.","Consolidated financial results for the nine months ended December 31, 2025 (Based on IFRS), unaudited",/inbs/ek/140120260128540846.pdf,False,,english,Other Financing Business,,
2026-01-29 12:00:00,2026-01-29,86970,"Japan Exchange Group,Inc.",Overview of Earnings for Q3 FY2025,/inbs/ek/140120260128540849.pdf,False,,english,Other Financing Business,,
2026-01-29 11:58:00,2026-01-29,77510,CANON INC.,Notice Concerning Change of Representative Directors,/inbs/ek/140120260129541093.pdf,False,,english,Electric Appliances,,
2026-01-29 11:30:00,2026-01-29,30030,"Hulic Co.,Ltd.","Consolidated Financial Results for FY2025 (January 1, 2025 - December 31, 2025) [under Japanese GAAP]",/inbs/ek/140120260128540795.pdf,False,,english,Real Estate,,
2026-01-29 11:30:00,2026-01-29,30030,"Hulic Co.,Ltd.",Notice on Year-end Dividend of Surplus,/inbs/ek/140120260128540808.pdf,False,,english,Real Estate,,
2026-01-29 11:30:00,2026-01-29,30030,"Hulic Co.,Ltd.",Notice on Formulation of a New Medium- and Long-term Management Plan (2026-2036)  and Schedule of Announcement,/inbs/ek/140120260128540811.pdf,False,,english,Real Estate,,
2026-01-29 11:30:00,2026-01-29,30030,"Hulic Co.,Ltd.",[Summary] Notice of Changes of Directors,/inbs/ek/140120260128540814.pdf,False,,english,Real Estate,,
2026-01-29 11:30:00,2026-01-29,30030,"Hulic Co.,Ltd.",Notice of Conclusion of a Monetary Loan Agreement including Financial Covenants,/inbs/ek/140120260128540816.pdf,False,,english,Real Estate,,
2026-01-29 11:30:00,2026-01-29,69470,ZUKEN INC.,Notice Concerning the Status and Completion of the Repurchase of Own Shares,/inbs/ek/140120260128540339.pdf,False,,english,Electric Appliances,,
2026-01-29 11:30:00,2026-01-29,86090,OKASAN SECURITIES GROUP INC.,"[Summary]Summary of Consolidated Financial Results for the Nine Months Ended December 31,2025(Based on Japanese GAAP)",/inbs/ek/140120260126538750.pdf,False,,english,Securities & Commodity Futures,,
2026-01-29 11:30:00,2026-01-29,97440,MEITEC Group Holdings Inc.,"Consolidated Financial Report For the Nine Months Ended December 31, 2025 (Under Japanese GAAP)",/inbs/ek/140120260128540123.pdf,False,,english,Services,,
2026-01-29 11:30:00,2026-01-29,97440,MEITEC Group Holdings Inc.,"Results for the 3rd Quarter of the Fiscal Year Ending March 31, 2026",/inbs/ek/140120260128540212.pdf,False,,english,Services,,
2026-01-29 11:00:00,2026-01-29,65160,"SANYO DENKI CO.,LTD.",[Summary]FY2026 3rd Quarter Consolidated Financial and Operating Results〔IFRS〕,/inbs/ek/140120260129540978.pdf,False,,english,Electric Appliances,,
2026-01-29 11:00:00,2026-01-29,79880,NIFCO INC.,Notice Concerning the Status of Acquisition of Own Shares and Completion,/inbs/ek/140120260129541181.pdf,False,,english,Chemicals,,
2026-01-29 09:00:00,2026-01-29,29820,"A.D.Works Group Co.,Ltd.",Notice Concerning Compliance to the Continued Listing Criteria for the Prime Market,/inbs/ek/140120260128540719.pdf,False,,english,Real Estate,,
2026-01-29 08:30:00,2026-01-29,74190,"Nojima Co.,Ltd.","Consolidated Financial Results for the Nine-month Period Ended December 31, 2025 (Japanese accounting standards)",/inbs/ek/140120260128540019.pdf,False,,english,Retail Trade,,
2026-01-28 18:00:00,2026-01-28,32820,"Comforia Residential REIT,Inc",Notice Concerning Execution of Interest Rate Swap Agreement,/inbs/ek/140120260128539940.pdf,False,,english,REIT,,
2026-01-28 18:00:00,2026-01-28,32820,"Comforia Residential REIT,Inc",Notice Concerning Borrowing of Funds (Determination of Interest Rate),/inbs/ek/140120260128539931.pdf,False,,english,REIT,,
2026-01-28 18:00:00,2026-01-28,65210,OXIDE Corporation,Notice of revision to consolidated full-year results forecast,/inbs/ek/140120260128540678.pdf,False,,english,Electric Appliances,,
2026-01-28 18:00:00,2026-01-28,65210,OXIDE Corporation,Notice Regarding Change in Consolidated Subsidiary (Share Transfer) and Recognition of Extraordinary Loss,/inbs/ek/140120260128540314.pdf,False,,english,Electric Appliances,,
2026-01-28 18:00:00,2026-01-28,65210,OXIDE Corporation,Supplementary Explanation Regarding Revision of Full-Year Earnings Forecast and Change in Consolidated Subsidiary (Share Transfer),/inbs/ek/140120260128540695.pdf,False,,english,Electric Appliances,,
2026-01-28 17:35:00,2026-01-28,49170,MANDOM CORPORATION,"(Amendment) Notice Regarding Amendment to Notice Regarding Commencement of Tender Offer for Shares Certificates, Etc. of Mandom Corporation",/inbs/ek/140120260128540356.pdf,False,,english,Chemicals,,
2026-01-28 17:30:00,2026-01-28,89850,Japan Hotel REIT Investment Corporation,Notice Concerning Conclusion of Interest Rate Swap Contract,/inbs/ek/140120260127539171.pdf,False,,english,REIT,,
2026-01-28 17:00:00,2026-01-28,25850,"LIFEDRINK COMPANY,INC.",Notice Regarding the Establishment of a New Subsidiary,/inbs/ek/140120260128540039.pdf,False,,english,Foods,,
2026-01-28 17:00:00,2026-01-28,45520,"JCR Pharmaceuticals Co.,Ltd.","Revision of Consolidated Financial Forecasts for Fiscal Year Ended March 31, 2026",/inbs/ek/140120260128540004.pdf,False,,english,Pharmaceutical,,
2026-01-28 17:00:00,2026-01-28,45520,"JCR Pharmaceuticals Co.,Ltd.",FY2025 Third Quarter Results Briefing Session Material,/inbs/ek/140120260128540277.pdf,False,,english,Pharmaceutical,,
2026-01-28 17:00:00,2026-01-28,45520,"JCR Pharmaceuticals Co.,Ltd.",Recognition of Subsidy Income as Extraordinary Income,/inbs/ek/140120260128540268.pdf,False,,english,Pharmaceutical,,
2026-01-28 17:00:00,2026-01-28,45520,"JCR Pharmaceuticals Co.,Ltd.","Consolidated Financial Results for the Nine Months ended December 31, 2025(FY2025) (Japanese standard)",/inbs/ek/140120260128540015.pdf,False,,english,Pharmaceutical,,
2026-01-28 17:00:00,2026-01-28,73880,FP Partner Inc.,Notice Regarding the Election of Candidates for Director and Audit & Supervisory Board Member,/inbs/ek/140120260128540149.pdf,False,,english,Insurance,,
2026-01-28 17:00:00,2026-01-28,73880,FP Partner Inc.,Notice Concerning Dividends of Surplus,/inbs/ek/140120260128539980.pdf,False,,english,Insurance,,
2026-01-28 17:00:00,2026-01-28,92790,GIFT HOLDINGS INC.,Notice Concerning the Issuance of New Shares as Restricted Stock Compensation,/inbs/ek/140120260128540174.pdf,False,,english,Retail Trade,,
2026-01-28 16:30:00,2026-01-28,32690,Advance Residence Investment Corporation,Notice Concerning Debt Financing and the Execution of Interest Rate Swap Agreements,/inbs/ek/140120260128540405.pdf,False,,english,REIT,,
2026-01-28 16:30:00,2026-01-28,43620,"Nippon Fine Chemical Co.,Ltd.","Summary of Consolidated Financial Results for the Nine Months Ended December 31, 2025",/inbs/ek/140120260128540500.pdf,False,,english,Chemicals,,
2026-01-28 16:30:00,2026-01-28,54510,"YODOKO,Ltd.",Notice Regarding Basic Agreement for the Sale of Equity Interests in a Consolidated Subsidiary,/inbs/ek/140120260128539847.pdf,False,,english,Iron & Steel,,
2026-01-28 16:30:00,2026-01-28,62350,"OPTORUN CO.,LTD.",Notice Regarding Changes in Executive Officers,/inbs/ek/140120260128540521.pdf,False,,english,Machinery,,
2026-01-28 16:30:00,2026-01-28,71820,"JAPAN POST BANK Co.,Ltd.","[Summary]Notice of Establishment of JAPAN POST BANK ASSET MANAGEMENT Co.,Ltd.",/inbs/ek/140120260123537921.pdf,False,,english,Banks,,
2026-01-28 16:00:00,2026-01-28,60130,"TAKUMA CO.,LTD.",Notice Regarding Absorption-Type Merger Between Consolidated Subsidiaries,/inbs/ek/140120260127539647.pdf,False,,english,Machinery,,
2026-01-28 16:00:00,2026-01-28,65250,KOKUSAI ELECTRIC CORPORATION,"Appointment of Executive Officers Effective April 1, 2026",/inbs/ek/140120260128540264.pdf,False,,english,Electric Appliances,,
2026-01-28 16:00:00,2026-01-28,72780,EXEDY Corporation,Announcement regarding Revision of Forecasts of Consolidated Financial Results,/inbs/ek/140120260127539062.pdf,False,,english,Transportation Equipment,,
2026-01-28 16:00:00,2026-01-28,72780,EXEDY Corporation,Supplementary material for financial results for the 3rd Quarter of fiscal year ending March 2026,/inbs/ek/140120260126538400.pdf,False,,english,Transportation Equipment,,
2026-01-28 16:00:00,2026-01-28,72780,EXEDY Corporation,"Announcement Regarding Transition to a Company with a Nominating Committee, etc. and Changes in Directors and Executive Officers after transition",/inbs/ek/140120260127539347.pdf,False,,english,Transportation Equipment,,
2026-01-28 16:00:00,2026-01-28,72780,EXEDY Corporation,FY2025 3rd Quarter Consolidated Financial Results〔IFRS〕,/inbs/ek/140120260127539399.pdf,False,,english,Transportation Equipment,,
2026-01-28 16:00:00,2026-01-28,77690,"RHYTHM CO.,LTD.",Notice Concerning the Merger of Consolidated Subsidiaries,/inbs/ek/140120260128539896.pdf,False,,english,Precision Instruments,,
2026-01-28 16:00:00,2026-01-28,89610,"MORI TRUST REIT,Inc.",Notice Concerning Borrowing of Funds,/inbs/ek/140120260128540285.pdf,False,,english,REIT,,
2026-01-28 16:00:00,2026-01-28,97150,transcosmos inc.,[Summary] Announcement Regarding Changes in APPLIED TECH Full-Year Financial Results Forecast and Dividend Forecasts,/inbs/ek/140120260127539393.pdf,False,,english,Services,,
2026-01-28 15:40:00,2026-01-28,53330,"NGK INSULATORS,LTD.",Notice Regarding Completion of Disposal of Treasury Stock and Partial Forfeiture of Rights for Employee Shareholding Association,/inbs/ek/140120260107530353.pdf,False,,english,Glass & Ceramics Products,,
2026-01-28 15:30:00,2026-01-28,23710,"Kakaku.com,Inc.",Notice Regarding the Passing and Resignation of a Director,/inbs/ek/140120260128540175.pdf,False,,english,Services,,
2026-01-28 15:30:00,2026-01-28,26780,ASKUL Corporation,"Consolidated Financial Results for the Six Months Ended November 20, 2025 [Japanese GAAP]",/inbs/ek/140120260128540251.pdf,False,,english,Retail Trade,,
2026-01-28 15:30:00,2026-01-28,26780,ASKUL Corporation,"Financial Results for the Second Quarter of the Fiscal Year Ending May 20, 2026",/inbs/ek/140120260128540325.pdf,False,,english,Retail Trade,,
2026-01-28 15:30:00,2026-01-28,26780,ASKUL Corporation,January 2026 Operating Results,/inbs/ek/140120260128540340.pdf,False,,english,Retail Trade,,
2026-01-28 15:30:00,2026-01-28,26780,ASKUL Corporation,"Notice Regarding the Recording of Extraordinary Losses Related to a System Outage Caused by a Ransomware Attack, Withdrawal of the Full-Year Consolida",/inbs/ek/140120260128540291.pdf,False,,english,Retail Trade,,
2026-01-28 15:30:00,2026-01-28,29300,Kitanotatsujin Corporation,"Notice of Investment in Live Commerce Japan Co., Ltd.",/inbs/ek/140120260128539735.pdf,False,,english,Chemicals,,
2026-01-28 15:30:00,2026-01-28,32310,"Nomura Real Estate Holdings,Inc.","Consolidated Financial Results For the Nine Months from April 1 to December 31, 2025<under Japanese GAAP>",/inbs/ek/140120260128539831.pdf,False,,english,Real Estate,,
2026-01-28 15:30:00,2026-01-28,32310,"Nomura Real Estate Holdings,Inc.",Announcement of Revision of Dividend Forecast,/inbs/ek/140120260128539905.pdf,False,,english,Real Estate,,
2026-01-28 15:30:00,2026-01-28,32490,Industrial & Infrastructure Fund Investment Corporation,Notice Concerning Debt Financing (Refinancing),/inbs/ek/140120260128540379.pdf,False,,english,REIT,,
2026-01-28 15:30:00,2026-01-28,34880,CENTRAL REIT Investment Corporation,Notice Concerning Borrowings of Funds,/inbs/ek/140120260128539998.pdf,False,,english,REIT,,
2026-01-28 15:30:00,2026-01-28,36490,FINDEX Inc.,Notice Regarding Appointment of New Directors,/inbs/ek/140120260128540430.pdf,False,,english,Information & Communication,,
2026-01-28 15:30:00,2026-01-28,36970,SHIFT Inc.,Notice Concerning Results and Completion of Repurchase of Treasury Shares,/inbs/ek/140120260128540137.pdf,False,,english,Information & Communication,,
2026-01-28 15:30:00,2026-01-28,39690,ATLED CORP.,[Summary] Financial Results for the Nine Months,/inbs/ek/140120260128539770.pdf,False,,english,Information & Communication,,
2026-01-28 15:30:00,2026-01-28,47760,"Cybozu,Inc.",Notice of Monthly Sales Trends for December 2025,/inbs/ek/140120260126538416.pdf,False,,english,Information & Communication,,
2026-01-28 15:30:00,2026-01-28,48320,"JFE Systems, Inc.","[Summary]Consolidated Financial Results for the Nine Months Ended December 31, 2025(Under Japanese GAAP)",/inbs/ek/140120260126538678.pdf,False,,english,Information & Communication,,
2026-01-28 15:30:00,2026-01-28,48320,"JFE Systems, Inc.",Financial Results for the Third Quarter FY Ending March 2026,/inbs/ek/140120260128539695.pdf,False,,english,Information & Communication,,
2026-01-28 15:30:00,2026-01-28,48800,"CellSource Co.,Ltd.",Notice Regarding Application for Transition to the TSE Standard Market,/inbs/ek/140120260127539656.pdf,False,,english,Pharmaceutical,,
2026-01-28 15:30:00,2026-01-28,48800,"CellSource Co.,Ltd.",Regarding the Plan to Achieve Compliance with the Continued Listing Criteria,/inbs/ek/140120260127539657.pdf,False,,english,Pharmaceutical,,
2026-01-28 15:30:00,2026-01-28,49170,MANDOM CORPORATION,Notice Concerning Revisions to Financial Results Forecasts,/inbs/ek/140120260128539803.pdf,False,,english,Chemicals,,
2026-01-28 15:30:00,2026-01-28,51910,Sumitomo Riko Company Limited,Notice Concerning Delisting of the Company's Stock,/inbs/ek/140120260127539534.pdf,False,,english,Rubber Products,,
2026-01-28 15:30:00,2026-01-28,53930,NICHIAS CORPORATION,Notice Concerning Status and Completion of Purchase of Treasury Stock,/inbs/ek/140120260128539982.pdf,False,,english,Glass & Ceramics Products,,
2026-01-28 15:30:00,2026-01-28,59110,Yokogawa Bridge Holdings Corp.,Notice Concerning the Status of the Acquisition of Treasury Shares and its Completion,/inbs/ek/140120260128540338.pdf,False,,english,Metal Products,,
2026-01-28 15:30:00,2026-01-28,62000,"Insource Co.,Ltd.","Notice: Acquisition of Shares by Takayuki Funahashi, Representative Director, President and CEO of the Company",/inbs/ek/140120260128540270.pdf,False,,english,Services,,
2026-01-28 15:30:00,2026-01-28,63710,TSUBAKIMOTO CHAIN CO.,Notice of Purchase of Fractional Shares by the Company  in connection with the Share Exchange Reorganization,/inbs/ek/140120260127539566.pdf,False,,english,Machinery,,
2026-01-28 15:30:00,2026-01-28,65940,NIDEC CORPORATION,Notice Regarding Disclosure of the Improvement Plan and the Status Report,/inbs/ek/140120260128540389.pdf,False,,english,Electric Appliances,,
2026-01-28 15:30:00,2026-01-28,65940,NIDEC CORPORATION,"The Disclosure of the Financial Results for the Third Quarter of the Fiscal Year Ending March 31, 2026, Exceeding 45 Days After the Quarter-End",/inbs/ek/140120260128540391.pdf,False,,english,Electric Appliances,,
2026-01-28 15:30:00,2026-01-28,65940,NIDEC CORPORATION,Nidec Corporation to Establish Culture Transformation Lab,/inbs/ek/140120260128540393.pdf,False,,english,Electric Appliances,,
2026-01-28 15:30:00,2026-01-28,65940,NIDEC CORPORATION,Notice Regarding Organizational and Personnel Changes,/inbs/ek/140120260128540398.pdf,False,,english,Electric Appliances,,
2026-01-28 15:30:00,2026-01-28,68070,"Japan Aviation Electronics Industry,Limited","Consolidated Financial Results for the Nine Months Ended December 31, 2025 [Japanese GAAP]",/inbs/ek/140120260128540101.pdf,False,,english,Electric Appliances,,
2026-01-28 15:30:00,2026-01-28,68570,ADVANTEST CORPORATION,FY2025 Third Quarter Consolidated Financial Results,/inbs/ek/140120260128539840.pdf,False,,english,Electric Appliances,,
2026-01-28 15:30:00,2026-01-28,68570,ADVANTEST CORPORATION,"Revision of Earnings Forecast for the Fiscal Year Ending March 31, 2026",/inbs/ek/140120260126538789.pdf,False,,english,Electric Appliances,,
2026-01-28 15:30:00,2026-01-28,68570,ADVANTEST CORPORATION,Notice regarding Disposal of Treasury Stock based on the Post-issued Restricted Stock Unit Plan,/inbs/ek/140120260126538793.pdf,False,,english,Electric Appliances,,
2026-01-28 15:30:00,2026-01-28,68570,ADVANTEST CORPORATION,Notice Regarding Cancellation of Treasury Shares,/inbs/ek/140120260126538796.pdf,False,,english,Electric Appliances,,
2026-01-28 15:30:00,2026-01-28,68570,ADVANTEST CORPORATION,FY2025 3Q Financial Briefing,/inbs/ek/140120260128539848.pdf,False,,english,Electric Appliances,,
2026-01-28 15:30:00,2026-01-28,69990,KOA CORPORATION,"Summary of Consolidated Financial Results for the Nine Months Ended December 31, 2025",/inbs/ek/140120260127539609.pdf,False,,english,Electric Appliances,,
2026-01-28 15:30:00,2026-01-28,69990,KOA CORPORATION,"Revision of Consolidated Financial Forecast for the Fiscal Year Ending March 31, 2026",/inbs/ek/140120260127539611.pdf,False,,english,Electric Appliances,,
2026-01-28 15:30:00,2026-01-28,69990,KOA CORPORATION,"Supplementary Materials on Financial Performance for the Nine Months Ended December 31, 2025",/inbs/ek/140120260127539613.pdf,False,,english,Electric Appliances,,
2026-01-28 15:30:00,2026-01-28,73840,"Procrea Holdings,Inc.",Notice Concerning Unrealized Losses on Securities For the Nine Months Ended December 31 2025,/inbs/ek/140120260127539386.pdf,False,,english,Banks,,
2026-01-28 15:30:00,2026-01-28,77180,"STAR MICRONICS CO.,LTD.","Notice of Holding an Extraordinary Shareholders Meeting for Share Consolidation, Abolition of the Provision on Share Units, and Partial Amendments to",/inbs/ek/140120260128540263.pdf,False,,english,Machinery,,
2026-01-28 15:30:00,2026-01-28,77180,"STAR MICRONICS CO.,LTD.",Notice regarding Retirement of Treasury Shares,/inbs/ek/140120260128539970.pdf,False,,english,Machinery,,
2026-01-28 15:30:00,2026-01-28,77330,OLYMPUS CORPORATION,Notice Concerning Change of Executive Officers,/inbs/ek/140120260116534898.pdf,False,,english,Precision Instruments,,
2026-01-28 15:30:00,2026-01-28,77390,CANON ELECTRONICS INC.,"Consolidated Financial Results for the Fiscal Year Ended December 31, 2025(Under Japanese GAAP)",/inbs/ek/140120260126538820.pdf,False,,english,Electric Appliances,,
2026-01-28 15:30:00,2026-01-28,78560,HAGIHARA INDUSTRIES INC.,"(Corrections / Corrections of Numerical Data) Consolidated Financial Results for the Fiscal Year Ended October 31, 2025 (Under Japanese GAAP)",/inbs/ek/140120260128540020.pdf,False,,english,Other Products,,
2026-01-28 15:30:00,2026-01-28,80600,Canon Marketing Japan Inc.,"[Summary]Summary Report of Consolidated Financial Results for the Fiscal Year Ended December 31, 2025",/inbs/ek/140120260128539783.pdf,False,,english,Wholesale Trade,,
2026-01-28 15:30:00,2026-01-28,80600,Canon Marketing Japan Inc.,Notice of Dividends from Retained Earnings,/inbs/ek/140120260128539786.pdf,False,,english,Wholesale Trade,,
2026-01-28 15:30:00,2026-01-28,80600,Canon Marketing Japan Inc.,Notice Regarding Acquisition of Treasury Stock,/inbs/ek/140120260128539791.pdf,False,,english,Wholesale Trade,,
2026-01-28 15:30:00,2026-01-28,80600,Canon Marketing Japan Inc.,Notice Regarding Share Split,/inbs/ek/140120260128539797.pdf,False,,english,Wholesale Trade,,
2026-01-28 15:30:00,2026-01-28,80600,Canon Marketing Japan Inc.,Presentation Materials for FY2025,/inbs/ek/140120260128539806.pdf,False,,english,Wholesale Trade,,
2026-01-28 15:30:00,2026-01-28,80600,Canon Marketing Japan Inc.,"Long-Term Management Objectives (2026-2030), Medium-Term Management Plan (2026-2028)",/inbs/ek/140120260128539811.pdf,False,,english,Wholesale Trade,,
2026-01-28 15:30:00,2026-01-28,89530,Japan Metropolitan Fund Investment Corporation,Notice Concerning Debt Financing (Determination of Interest Rate),/inbs/ek/140120260128540400.pdf,False,,english,REIT,,
2026-01-28 15:30:00,2026-01-28,89570,"TOKYU REIT, Inc.",Notice Concerning Long-Term Debt Financing (Green Loan) and Repayment of Long-Term Borrowing,/inbs/ek/140120260128539805.pdf,False,,english,REIT,,
2026-01-28 15:30:00,2026-01-28,89720,KDX Realty Investment Corporation,Notice Concerning Debt Financing (Determination of Interest Rate) (Series 0044),/inbs/ek/140120260128540412.pdf,False,,english,REIT,,
2026-01-28 15:30:00,2026-01-28,89840,Daiwa House REIT Investment Corporation,Notice Concerning Determination of Matters Relating to Cancellation of Repurchased Investment Units,/inbs/ek/140120260128539877.pdf,False,,english,REIT,,
2026-01-28 15:30:00,2026-01-28,89870,"Japan Excellent,Inc.",Notice Concerning Establishment of Commitment Line of Credit,/inbs/ek/140120260128539792.pdf,False,,english,REIT,,
2026-01-28 15:30:00,2026-01-28,90050,TOKYU CORPORATION,"Notice Regarding Enhancement of ""Shareholder Benefits""",/inbs/ek/140120260127539497.pdf,False,,english,Land Transportation,,
2026-01-28 15:30:00,2026-01-28,95010,"Tokyo Electric Power Company Holdings,Incorporated",Notice Regarding Company Split (Simplified Absorption-type Company Split),/inbs/ek/140120260128539711.pdf,False,,english,Electric Power & Gas,,
2026-01-28 15:30:00,2026-01-28,95510,"METAWATER Co.,Ltd.","CONSOLIDATED RESULTS FOR THE NINE MONTHS ENDED DECEMBER 31,2025",/inbs/ek/140120260127539441.pdf,False,,english,Electric Power & Gas,,
2026-01-28 15:30:00,2026-01-28,95510,"METAWATER Co.,Ltd.",Outline of Financial Results for the Third Quarter of the Fiscal Year Ending March 2026,/inbs/ek/140120260127539460.pdf,False,,english,Electric Power & Gas,,
2026-01-28 15:30:00,2026-01-28,96030,"H.I.S.Co.,Ltd.",Notice Concerning Appointment of New Executive Officers and Reassignment of Current Executive Officers,/inbs/ek/140120260128540300.pdf,False,,english,Services,,
2026-01-28 15:30:00,2026-01-28,96030,"H.I.S.Co.,Ltd.",Notice of Disposal of Treasury Shares as Restricted Stock Compensations,/inbs/ek/140120260128540000.pdf,False,,english,Services,,
2026-01-28 15:00:00,2026-01-28,17230,"NIHON DENGI CO.,LTD.","Consolidated Financial Results for the Nine Months Ended December 31, 2025 (Under Japanese GAAP)",/inbs/ek/140120260127539499.pdf,False,,english,Construction,,
2026-01-28 15:00:00,2026-01-28,18130,Fudo Tetra Corporation,Notice: Regarding Disciplinary Action Against Directors,/inbs/ek/140120260128540343.pdf,False,,english,Construction,,
2026-01-28 15:00:00,2026-01-28,41130,"TAOKA CHEMICAL COMPANY,LIMITED","[Summary]Consolidated Financial Results for the Nine Months Ended December 31, 2025 (Under Japanese GAAP)",/inbs/ek/140120260127538988.pdf,False,,english,Chemicals,,
2026-01-28 15:00:00,2026-01-28,41130,"TAOKA CHEMICAL COMPANY,LIMITED",Revisions to Full-Year Financial Results Forecasts,/inbs/ek/140120260127539024.pdf,False,,english,Chemicals,,
2026-01-28 15:00:00,2026-01-28,44610,DKS Co.Ltd.,"Consolidated Financial Results for the Nine Months Ended December 31, 2025",/inbs/ek/140120260127539203.pdf,False,,english,Chemicals,,
2026-01-28 15:00:00,2026-01-28,44610,DKS Co.Ltd.,"Notice Revision of Consolidated Financial Forecast and Dividend Forecast for the Fiscal Year Ending March 31, 2026",/inbs/ek/140120260128539771.pdf,False,,english,Chemicals,,
2026-01-28 15:00:00,2026-01-28,44610,DKS Co.Ltd.,"(Corrections)Consolidated Financial Results for the Six Months Ended September 30, 2025",/inbs/ek/140120260127539380.pdf,False,,english,Chemicals,,
2026-01-28 15:00:00,2026-01-28,46110,"Dai Nippon Toryo Company,Limited",Notice Concerning Relocation of Head Office,/inbs/ek/140120260128540152.pdf,False,,english,Chemicals,,
2026-01-28 15:00:00,2026-01-28,49960,"KUMIAI CHEMICAL INDUSTRY CO.,LTD.","Matters Concerning Controlling Shareholder, Etc.",/inbs/ek/140120260127538929.pdf,False,,english,Chemicals,,
2026-01-28 15:00:00,2026-01-28,83990,"Bank of The Ryukyus,Limited","Notice Concerning Unrealized Losses on Securities For the Nine Months Ended December 31, 2025",/inbs/ek/140120260128540160.pdf,False,,english,Banks,,
2026-01-28 14:30:00,2026-01-28,21200,"LIFULL Co.,Ltd.",Notice Regarding the Issuance of New Shares as Restricted Stock Compensation,/inbs/ek/140120260128540244.pdf,False,,english,Services,,
2026-01-28 14:30:00,2026-01-28,56590,"Nippon Seisen Co.,Ltd.","[Summary] Consolidated Financial Results for the Nine Months Ended December 31, 2025 (Under Japanese GAAP)",/inbs/ek/140120260123537900.pdf,False,,english,Iron & Steel,,
2026-01-28 14:00:00,2026-01-28,32990,"MUGEN ESTATE Co.,Ltd.",Notice of Revision to Earnings Forecast and Dividend Forecast (Dividend Increase),/inbs/ek/140120260126538362.pdf,False,,english,Real Estate,,
2026-01-28 14:00:00,2026-01-28,54110,"JFE Holdings,Inc.",Notice Concerning Change of Representative Directors,/inbs/ek/140120260128540059.pdf,False,,english,Iron & Steel,,
2026-01-28 14:00:00,2026-01-28,83430,"THE AKITA BANK,LTD.","[Summary]Consolidated Financial Results for the Nine Months Ended December 31, 2025 (Under Japanese GAAP)",/inbs/ek/140120260127539376.pdf,False,,english,Banks,,
2026-01-28 14:00:00,2026-01-28,83430,"THE AKITA BANK,LTD.",Notice Concerning Introduction of Shareholder Benefits Program,/inbs/ek/140120260126538123.pdf,False,,english,Banks,,
2026-01-28 14:00:00,2026-01-28,86300,"Sompo Holdings,Inc.",(Change/Amendment) Notice Regarding Changes to the “Announcement Concerning Commencement of Tender Offer for Nousouken Corporation,/inbs/ek/140120260127539633.pdf,False,,english,Insurance,,
2026-01-28 14:00:00,2026-01-28,87080,"AIZAWA SECURITIES GROUP CO.,LTD.","Consolidated Financial Results for the Nine Months Ended December 31, 2025 (Under Japanese GAAP)",/inbs/ek/140120260127539509.pdf,False,,english,Securities & Commodity Futures,,
2026-01-28 14:00:00,2026-01-28,87080,"AIZAWA SECURITIES GROUP CO.,LTD.","[Summary]Financial Results Presentation Materials for the Third Quarter of Fiscal Year Ending March 31, 2026",/inbs/ek/140120260127539480.pdf,False,,english,Securities & Commodity Futures,,
2026-01-28 13:00:00,2026-01-28,19300,"HOKURIKU ELECTRICAL CONSTRUCTION CO.,LTD.","[Summary]Consolidated Financial Results for the Nine Months Ended December 31, 2025 [Under Japanese GAAP]",/inbs/ek/140120260119535678.pdf,False,,english,Construction,,
2026-01-28 13:00:00,2026-01-28,34590,Samty Residential Investment Corporation,Notice Concerning Execution of Interest Rate Swap Agreement,/inbs/ek/140120260128539705.pdf,False,,english,REIT,,
2026-01-28 13:00:00,2026-01-28,36490,FINDEX Inc.,Notice Concerning Revision of Dividend Forecast (Dividend Increase),/inbs/ek/140120260128540140.pdf,False,,english,Information & Communication,,
2026-01-28 13:00:00,2026-01-28,39740,SCAT Inc.,Notice of Resolutions of the 58th Ordinary General Meeting of Shareholders,/inbs/ek/140120260126538443.pdf,False,,english,Information & Communication,,
2026-01-28 13:00:00,2026-01-28,39740,SCAT Inc.,"Notice of appointment of directors, and executive officer structure",/inbs/ek/140120260126538472.pdf,False,,english,Information & Communication,,
2026-01-28 13:00:00,2026-01-28,80320,JAPAN PULP AND PAPER COMPANY LIMITED,Notice Regarding Capital Increase in New Zealand Subsidiary (and Designation as a Specified Subsidiary),/inbs/ek/140120260127538955.pdf,False,,english,Wholesale Trade,,
2026-01-28 12:30:00,2026-01-28,32450,"DEAR LIFE CO.,LTD.",Notice Regarding Acquisition of Income-Producing Property,/inbs/ek/140120260128539959.pdf,False,,english,Real Estate,,
2026-01-28 12:00:00,2026-01-28,76460,"PLANT Co.,Ltd.","[Delayed]Non-consolidated Financial Results for the Three Months Ended December 20, 2025 (Under Japanese GAAP)",/inbs/ek/140120260128539954.pdf,False,,english,Retail Trade,,
2026-01-28 12:00:00,2026-01-28,80580,Mitsubishi Corporation,Notification of Change in Status of MC Subsidiary (Exclusion of Specified Subsidiary),/inbs/ek/140120260128539925.pdf,False,,english,Wholesale Trade,,
2026-01-28 12:00:00,2026-01-28,85950,"JAFCO Group Co.,Ltd.","Non-Consolidated Financial Results for the Nine Months Ended December 31, 2025",/inbs/ek/140120260128540012.pdf,False,,english,Securities & Commodity Futures,,
2026-01-28 12:00:00,2026-01-28,93810,AIT CORPORATION,"[Updated]Consolidated Financial Results for the Third Quarter of the Fiscal Year Ending February 28, 2026[Japanese GAAP]",/inbs/ek/140120260126538769.pdf,False,,english,Warehousing & Harbor Transportation Services,,
2026-01-28 11:30:00,2026-01-28,71810,"JAPAN POST INSURANCE Co.,Ltd.","Notice Regarding Unrealized Losses on Securities for the Nine Months Ended December 31, 2025",/inbs/ek/140120260127539060.pdf,False,,english,Insurance,,
2026-01-28 11:30:00,2026-01-28,86280,"MATSUI SECURITIES CO.,LTD.","Non-consolidated Financial Results For the Nine Months Ended December 31, 2025 (Under Japanese GAAP)",/inbs/ek/140120260127539319.pdf,False,,english,Securities & Commodity Futures,,
2026-01-28 11:30:00,2026-01-28,86280,"MATSUI SECURITIES CO.,LTD.","Explanatory Material for the Third Quarter of the Fiscal Year Ending March 31, 2026",/inbs/ek/140120260128539842.pdf,False,,english,Securities & Commodity Futures,,
2026-01-28 11:25:00,2026-01-28,87060,"KYOKUTO SECURITIES CO.,LTD.","Consolidated Financial Results for the Nine Months Ended December 31, 2025 (Under Japanese GAAP)",/inbs/ek/140120260127539356.pdf,False,,english,Securities & Commodity Futures,,
2026-01-28 11:00:00,2026-01-28,99320,"SUGIMOTO & CO.,LTD.","[Summary]Consolidated Financial Results for the Nine Months Ended December 31, 2025 (Under Japanese GAAP)",/inbs/ek/140120260127539536.pdf,False,,english,Wholesale Trade,,
2026-01-28 08:45:00,2026-01-28,80310,"MITSUI & CO.,LTD.",Sale of Interests in Onshore Oil and Gas Assets in the Sultanate of Oman,/inbs/ek/140120260127539567.pdf,False,,english,Wholesale Trade,,
2026-01-27 19:00:00,2026-01-27,33500,Metaplanet Inc.,Notice Regarding Payment of Dividends from Surplus for Class B Preferred Shares,/inbs/ek/140120260127539371.pdf,False,,english,Wholesale Trade,,
2026-01-27 19:00:00,2026-01-27,33500,Metaplanet Inc.,Notice Regarding Determination of Date and Time for Annual General Meeting of Shareholders,/inbs/ek/140120260127539372.pdf,False,,english,Wholesale Trade,,
2026-01-27 17:40:00,2026-01-27,18120,KAJIMA CORPORATION,Announcement of Changes in Represenative Directors,/inbs/ek/140120260127539576.pdf,False,,english,Construction,,
2026-01-27 17:30:00,2026-01-27,74140,"ONOKEN CO.,LTD.",Notice Concerning the Status and Completion of Acquisition of Treasury Shares,/inbs/ek/140120260127539097.pdf,False,,english,Wholesale Trade,,
2026-01-27 17:00:00,2026-01-27,34760,MIRAI Corporation,Notice Concerning Execution of Interest Rate Swap Agreements,/inbs/ek/140120260127539487.pdf,False,,english,REIT,,
2026-01-27 17:00:00,2026-01-27,70340,"Prored Partners CO.,LTD.",Status of Progress Based on the Plan to Meet the Criteria for Maintaining Listing (Commencement of the Improvement Period),/inbs/ek/140120260127539428.pdf,False,,english,Services,,
2026-01-27 17:00:00,2026-01-27,70340,"Prored Partners CO.,LTD.",Notice Regarding the Formulation of the Medium-Term Management Plan,/inbs/ek/140120260127539432.pdf,False,,english,Services,,
2026-01-27 16:30:00,2026-01-27,45920,SanBio Company Limited,Determination of Terms and Conditions of Stock Options(Share Acquisition Rights),/inbs/ek/140120260127539498.pdf,False,,english,Pharmaceutical,,
2026-01-27 16:00:00,2026-01-27,25930,"ITO EN,LTD.",Notice of Company Split with Consolidated Subsidiary (Simplified Absorption-type Split),/inbs/ek/140120260126538752.pdf,False,,english,Foods,,
2026-01-27 16:00:00,2026-01-27,25930,"ITO EN,LTD.",Notice of Recognition of Impairment Loss and Revisions to Earnings Forecasts (Consolidated and Non-Consolidated),/inbs/ek/140120260126538497.pdf,False,,english,Foods,,
2026-01-27 16:00:00,2026-01-27,25930,"ITO EN,LTD.",Notice of Establishment of Overseas Subsidiary,/inbs/ek/140120260126538545.pdf,False,,english,Foods,,
2026-01-27 16:00:00,2026-01-27,36550,BrainPad Inc.,"Notice Regarding Share Consolidation, Abolition of the Provision on Share Units and Partial Amendment to the Articles of Incorporation",/inbs/ek/140120260127539412.pdf,False,,english,Information & Communication,,
2026-01-27 16:00:00,2026-01-27,36550,BrainPad Inc.,Notice Regarding Cancellation of Treasury Shares,/inbs/ek/140120260127539416.pdf,False,,english,Information & Communication,,
2026-01-27 16:00:00,2026-01-27,36550,BrainPad Inc.,Notice Regarding Provisional Nomination of Candidates for Directors,/inbs/ek/140120260127539418.pdf,False,,english,Information & Communication,,
2026-01-27 16:00:00,2026-01-27,36550,BrainPad Inc.,Notice Regarding Recording of Extraordinary Loss and Revision of Consolidated Financial Forecasts for the Full Year,/inbs/ek/140120260127539419.pdf,False,,english,Information & Communication,,
2026-01-27 16:00:00,2026-01-27,36570,"Pole To Win Holdings,Inc.",Notice of Changes in Subsidiaries (Organizational Restructuring) Resulting from an In-kind Dividend Carried Out by a Consolidated Subsidiary,/inbs/ek/140120260126538709.pdf,False,,english,Information & Communication,,
2026-01-27 16:00:00,2026-01-27,47550,"Rakuten Group,Inc.","Announcement of Financial Results of Rakuten Securities, Inc., a Consolidated Subsidiary",/inbs/ek/140120260127539092.pdf,False,,english,Services,,
2026-01-27 16:00:00,2026-01-27,89520,Japan Real Estate Investment Corporation,Announcement of Debt Financing (Interest Rate),/inbs/ek/140120260127539346.pdf,False,,english,REIT,,
2026-01-27 16:00:00,2026-01-27,89860,Daiwa Securities Living Investment Corporation,Notice Concerning Debt Refinancing,/inbs/ek/140120260126538040.pdf,False,,english,REIT,,
2026-01-27 15:40:00,2026-01-27,96970,"CAPCOM CO.,LTD.","Consolidated Financial Results for the Nine Months Ended December 31, 2025 (Under Japanese GAAP)",/inbs/ek/140120260127539118.pdf,False,,english,Information & Communication,,
2026-01-27 15:35:00,2026-01-27,66440,"Osaki Electric Co.,Ltd.",Notice Concerning Extraordinary Loss (Loss on Withdrawal from Business),/inbs/ek/140120260127539326.pdf,False,,english,Electric Appliances,,
2026-01-27 15:30:00,2026-01-27,24710,"S-Pool,Inc.",Notice Concerning Dividend of Surplus,/inbs/ek/140120260127539032.pdf,False,,english,Services,,
2026-01-27 15:30:00,2026-01-27,26640,CAWACHI LIMITED,"[Summary] Consolidated Financial Results for the Nine Months Ended December 15, 2025 (Under Japanese GAAP)",/inbs/ek/140120260126538760.pdf,False,,english,Retail Trade,,
2026-01-27 15:30:00,2026-01-27,29790,"SOSiLA Logistics REIT,Inc.",Notice of Disposition Against the Asset Manager by The Association for Real Estate Securitization,/inbs/ek/140120260127539013.pdf,False,,english,REIT,,
2026-01-27 15:30:00,2026-01-27,33090,"Sekisui House Reit,Inc.","Notice Concerning the Changes in Planned Acquisition Date, Period of Trust Contract and Contract Period of Master Lease Agreement for Acquisition",/inbs/ek/140120260127539265.pdf,False,,english,REIT,,
2026-01-27 15:30:00,2026-01-27,33090,"Sekisui House Reit,Inc.",Notice Concerning Borrowing of Funds (Green Loan),/inbs/ek/140120260127539263.pdf,False,,english,REIT,,
2026-01-27 15:30:00,2026-01-27,36590,"NEXON Co.,Ltd.",Status Report and End of Share Buyback Program,/inbs/ek/140120260127539127.pdf,False,,english,Information & Communication,,
2026-01-27 15:30:00,2026-01-27,36810,"V-cube,Inc.",Notice Concerning Change in Consolidated Subsidiary (Dissolution and Liquidation),/inbs/ek/140120260127538993.pdf,False,,english,Information & Communication,,
2026-01-27 15:30:00,2026-01-27,38650,Hokuetsu Corporation,Notice Concerning Change of Representative Directors,/inbs/ek/140120260127539296.pdf,False,,english,Pulp & Paper,,
2026-01-27 15:30:00,2026-01-27,38650,Hokuetsu Corporation,Notice of Organizational Changes and Personnel Appointments,/inbs/ek/140120260127539303.pdf,False,,english,Pulp & Paper,,
2026-01-27 15:30:00,2026-01-27,39940,"Money Forward,Inc.",(Change in Disclosure) Notice Regarding Re-revision to the Proposed Management Structure for the 15th Fiscal Year,/inbs/ek/140120260127539088.pdf,False,,english,Information & Communication,,
2026-01-27 15:30:00,2026-01-27,39940,"Money Forward,Inc.",Notice Regarding Expected Recording of Extraordinary Income (Gain on Sale of Investment Securities),/inbs/ek/140120260127539090.pdf,False,,english,Information & Communication,,
2026-01-27 15:30:00,2026-01-27,40630,"Shin-Etsu Chemical Co.,Ltd.","Consolidated Financial Results for the First Three Quarters Ended December 31, 2025(JP GAAP)",/inbs/ek/140120260127538886.pdf,False,,english,Chemicals,,
2026-01-27 15:30:00,2026-01-27,40630,"Shin-Etsu Chemical Co.,Ltd.",Notice Regarding Secondary Offering of Shares,/inbs/ek/140120260127538934.pdf,False,,english,Chemicals,,
2026-01-27 15:30:00,2026-01-27,44790,"Makuake,Inc.","Non-consolidated Financial Results for the Three Months Ended December 31, 2025 <under Japanese GAAP>",/inbs/ek/140120260116534883.pdf,False,,english,Information & Communication,,
2026-01-27 15:30:00,2026-01-27,44980,"Cybertrust Japan Co.,Ltd.","Consolidated Financial Results for the Nine Months of the Fiscal Year Ending March 31, 2026 (Under Japanese GAAP)",/inbs/ek/140120260126538816.pdf,False,,english,Information & Communication,,
2026-01-27 15:30:00,2026-01-27,50270,AnyMind Group Inc.,Notice Regarding Acquisition of All Shares of MISM Inc. by Our Consolidated Subsidiary (Making it a Consolidated Subsidiary),/inbs/ek/140120260127539407.pdf,False,,english,Information & Communication,,
2026-01-27 15:30:00,2026-01-27,67700,"ALPS ALPINE CO.,LTD.",Dissolution of capital and business alliance and transition to business alliance,/inbs/ek/140120260127538995.pdf,False,,english,Electric Appliances,,
2026-01-27 15:30:00,2026-01-27,67850,"SUZUKI CO.,LTD.",Notice Concerning Revisions to Full-year Consolidated Earnings and Dividend Forecasts for the Fiscal Year Ending June 2026,/inbs/ek/140120260126538192.pdf,False,,english,Electric Appliances,,
2026-01-27 15:30:00,2026-01-27,68440,"Shindengen Electric Manufacturing Co.,Ltd.",Notice regarding implementation of the “Career Design Support Program” in Japan,/inbs/ek/140120260126538440.pdf,False,,english,Electric Appliances,,
2026-01-27 15:30:00,2026-01-27,68440,"Shindengen Electric Manufacturing Co.,Ltd.",Announcement of Changes in Directors and Officers,/inbs/ek/140120260126538424.pdf,False,,english,Electric Appliances,,
2026-01-27 15:30:00,2026-01-27,72870,"NIPPON SEIKI CO.,LTD.",Notice Regarding dissolution of Capital and Business Alliance and Shift to Business Alliance,/inbs/ek/140120260126538092.pdf,False,,english,Transportation Equipment,,
2026-01-27 15:30:00,2026-01-27,82180,"KOMERI CO.,LTD.","Consolidated Financial Results for the Nine Months Ended December 31, 2025",/inbs/ek/140120260127539312.pdf,False,,english,Retail Trade,,
2026-01-27 15:30:00,2026-01-27,82180,"KOMERI CO.,LTD.","Financial results supplementary materials for the Nine Months Ended December 31, 2025",/inbs/ek/140120260127539330.pdf,False,,english,Retail Trade,,
2026-01-27 15:30:00,2026-01-27,82180,"KOMERI CO.,LTD.","Financial Results Presentation Materials for the Nine Months Ended December 31, 2025",/inbs/ek/140120260127539331.pdf,False,,english,Retail Trade,,
2026-01-27 15:30:00,2026-01-27,89670,"Japan Logistics Fund,Inc.",Notice Concerning Borrowing Capital,/inbs/ek/140120260127539071.pdf,False,,english,REIT,,
2026-01-27 15:30:00,2026-01-27,89720,KDX Realty Investment Corporation,"Notice Concerning Debt Financing (Series 0043, 0044 and 0045)",/inbs/ek/140120260127539183.pdf,False,,english,REIT,,
2026-01-27 15:30:00,2026-01-27,92670,"Genky DrugStores Co.,Ltd.",FY2026 Jan. Monthly Sales Bulletin,/inbs/ek/140120260126538402.pdf,False,,english,Retail Trade,,
2026-01-27 15:30:00,2026-01-27,92670,"Genky DrugStores Co.,Ltd.",FY2026 Summary of Financial Results for the Second Quarter,/inbs/ek/140120260126538398.pdf,False,,english,Retail Trade,,
2026-01-27 15:30:00,2026-01-27,92670,"Genky DrugStores Co.,Ltd.",FY2026 Presentation on Financial Results for the Second Quarter,/inbs/ek/140120260126538441.pdf,False,,english,Retail Trade,,
2026-01-27 15:30:00,2026-01-27,92670,"Genky DrugStores Co.,Ltd.",FY2026 Supplementary Information for the Second Quarter,/inbs/ek/140120260126538439.pdf,False,,english,Retail Trade,,
2026-01-27 15:30:00,2026-01-27,94680,KADOKAWA CORPORATION,Notice Regarding the Expected Recognition of Non-Operating Expenses (Donations) for the Establishment of a School Corporation,/inbs/ek/140120260120536177.pdf,False,,english,Information & Communication,,
2026-01-27 15:00:00,2026-01-27,80780,"HANWA CO.,LTD.",Notice Regarding Change of Representative Director,/inbs/ek/140120260126538618.pdf,False,,english,Wholesale Trade,,
2026-01-27 14:30:00,2026-01-27,49730,"JAPAN PURE CHEMICAL CO.,LTD.","Partial Corrections to“Summary of Non-Consolidated Financial Results for the Nine Months Ended December 31, 2025”",/inbs/ek/140120260127539301.pdf,False,,english,Chemicals,,
2026-01-27 14:30:00,2026-01-27,52320,"Sumitomo Osaka Cement Co.,Ltd.",Notice Regarding Recording of Extraordinary Loss,/inbs/ek/140120260127538977.pdf,False,,english,Glass & Ceramics Products,,
2026-01-27 14:00:00,2026-01-27,83880,"The Awa Bank,Ltd.",Notice Concerning Revisions to the Dividend Forecast (Commemorative Dividend for the 130th Anniversary of Founding),/inbs/ek/140120260126538449.pdf,False,,english,Banks,,
2026-01-27 14:00:00,2026-01-27,83880,"The Awa Bank,Ltd.",Notice Concerning Determination of Matters Related to Acquisition of Own Shares,/inbs/ek/140120260126538457.pdf,False,,english,Banks,,
2026-01-27 14:00:00,2026-01-27,85220,"The Bank of Nagoya,Ltd.","Notice Concerning Unrealized Losses on Securities as of the End of the Third Quarter of the Fiscal Year Ending March 31, 2026",/inbs/ek/140120260126538150.pdf,False,,english,Banks,,
2026-01-27 14:00:00,2026-01-27,87140,"Senshu Ikeda Holdings,Inc.","Financial Results for the Third Quarter of the Fiscal Year ending March 31, 2026",/inbs/ek/140120260126538536.pdf,False,,english,Banks,,
2026-01-27 14:00:00,2026-01-27,87140,"Senshu Ikeda Holdings,Inc.","Notice Concerning Unrealized Losses on Securities as of the Third Quarter of the Fiscal Year ending March 31, 2026",/inbs/ek/140120260126538543.pdf,False,,english,Banks,,
2026-01-27 13:30:00,2026-01-27,67980,SMK Corporation,"[Summary] Consolidated Financial Results for the Nine Months Ended December 31, 2025[Japanese GAAP]",/inbs/ek/140120260126538162.pdf,False,,english,Electric Appliances,,
2026-01-27 13:30:00,2026-01-27,67980,SMK Corporation,Notice Concerning the Recording of Non-operating Income (Foreign Exchange Gains),/inbs/ek/140120260126538190.pdf,False,,english,Electric Appliances,,
2026-01-27 13:00:00,2026-01-27,19510,"EXEO Group,Inc.",Notice of Status and Completion of Acquisition of Treasury Shares,/inbs/ek/140120260127539086.pdf,False,,english,Construction,,
2026-01-27 13:00:00,2026-01-27,73800,"Juroku Financial Group,Inc.",Notice Concerning Change in Specified Subsidiary,/inbs/ek/140120260126538577.pdf,False,,english,Banks,,
2026-01-27 12:30:00,2026-01-27,32450,"DEAR LIFE CO.,LTD.",Notice Regarding Acquisition of Income-Producing Property,/inbs/ek/140120260127539038.pdf,False,,english,Real Estate,,
2026-01-27 12:30:00,2026-01-27,73510,Goodpatch Inc.,[Delayed] Consolidated Financial Results for the Three Months Ended November 30 2025,/inbs/ek/140120260127539191.pdf,False,,english,Services,,
2026-01-27 11:00:00,2026-01-27,72500,"PACIFIC INDUSTRIAL CO.,LTD.","Notice Regarding Results of the Tender Offer for Share Certificates, etc. of PACIFIC INDUSTRIAL CO., LTD. (Securities Code: 7250) by CORE Inc.",/inbs/ek/140120260127538943.pdf,False,,english,Transportation Equipment,,
2026-01-27 11:00:00,2026-01-27,72500,"PACIFIC INDUSTRIAL CO.,LTD.","Notice Regarding Result of the Tender Offer for the Company Shares, etc. by CORE Inc. and Changes in Parent Company and Largest Shareholder as a Major",/inbs/ek/140120260127538942.pdf,False,,english,Transportation Equipment,,
2026-01-27 10:10:00,2026-01-27,82270,"SHIMAMURA Co.,Ltd.",Notice Concerning Results and Completion of Purchase of Treasury Shares through  Off-Auction Own Share Repurchase Trading (ToSTNeT-3),/inbs/ek/140120260127538951.pdf,False,,english,Retail Trade,,
2026-01-27 10:00:00,2026-01-27,44390,"TOUMEI CO.,LTD.","[Delayed]Summary of Consolidated Financial Results for the Three Months Ended November 30, 2025(Based on Japanese GAAP)",/inbs/ek/140120260127538897.pdf,False,,english,Information & Communication,,
2026-01-27 09:05:00,2026-01-27,76490,"SUGI HOLDINGS Co.,LTD.",【Delayed】（Correction）Notice Regarding Management Team Changes,/inbs/ek/140120260126538786.pdf,False,,english,Retail Trade,,
2026-01-26 19:05:00,2026-01-26,44750,HENNGE K.K.,Notice Regarding Completion of Payment for Disposal of Treasury Shares as Restricted Stock Remuneration,/inbs/ek/140120260126538721.pdf,False,,english,Information & Communication,,
2026-01-26 19:00:00,2026-01-26,39930,PKSHA Technology Inc.,"(Corrections) Notice Concerning Acquisition of Shares of X Capital Co., Ltd. (to Make It a Subsidiary)",/inbs/ek/140120260126538772.pdf,False,,english,Information & Communication,,
2026-01-26 18:00:00,2026-01-26,67530,Sharp Corporation,(Progress Disclosure) Notice Regarding the Judgment of Appeal (Winning Case),/inbs/ek/140120260126538739.pdf,False,,english,Electric Appliances,,
2026-01-26 17:30:00,2026-01-26,33910,TSURUHA HOLDINGS INC.,(Update on Disclosed Matters) Notice Regarding Agreement on the Price for the Purchase of Shares Relating to Share Purchase Demands by Shareholders,/inbs/ek/140120260126538712.pdf,False,,english,Retail Trade,,
2026-01-26 17:00:00,2026-01-26,24910,"ValueCommerce Co.,Ltd.","Notice of Recording of Extraordinary Losses and Non-operating Expenses, Reversal of Deferred Tax Assets, and Revision of Earnings Forecasts for FY2025",/inbs/ek/140120260126538675.pdf,False,,english,Services,,
2026-01-26 17:00:00,2026-01-26,27490,"JP-HOLDINGS,INC.",Notice Regarding Disposal of Treasury Shares Through Third-Party Allotment,/inbs/ek/140120260126538648.pdf,False,,english,Services,,
2026-01-26 17:00:00,2026-01-26,39930,PKSHA Technology Inc.,"Notice Concerning Acquisition of Shares of X Capital Co., Ltd. (to Make It a Subsidiary)",/inbs/ek/140120260126538636.pdf,False,,english,Information & Communication,,
2026-01-26 17:00:00,2026-01-26,62000,"Insource Co.,Ltd.",1Q FY25 Consolidated Financial Results [JGAAP],/inbs/ek/140120260126538220.pdf,False,,english,Services,,
2026-01-26 17:00:00,2026-01-26,62000,"Insource Co.,Ltd.","Insource Co., Ltd. 1Q FY25 Consolidated Financial Results",/inbs/ek/140120260126538666.pdf,False,,english,Services,,
2026-01-26 16:30:00,2026-01-26,32690,Advance Residence Investment Corporation,Notice Concerning Signing of Interest Rate Swap Agreement,/inbs/ek/140120260126538490.pdf,False,,english,REIT,,
2026-01-26 16:30:00,2026-01-26,33500,Metaplanet Inc.,Notice Regarding Revision of Full-Year Earnings Forecast for Fiscal Year Ending December 2025 and Announcement of Full-Year Earnings Forecast for Fisc,/inbs/ek/140120260126538168.pdf,False,,english,Wholesale Trade,,
2026-01-26 16:30:00,2026-01-26,58380,"Rakuten Bank,Ltd.",Announcement Regarding Issuance of Stock Options (Stock Acquisition Rights) to Employees of the Company,/inbs/ek/140120260123537802.pdf,False,,english,Banks,,
2026-01-26 16:30:00,2026-01-26,82270,"SHIMAMURA Co.,Ltd.",Notice Concerning Repurchase of Treasury Shares through Off-Auction Own Share Repurchase Trading (ToSTNeT-3),/inbs/ek/140120260126538606.pdf,False,,english,Retail Trade,,
2026-01-26 16:30:00,2026-01-26,95090,"Hokkaido Electric Power Company,Incorporated",Notice Regarding Revision to Subsidiary’s Financial Results Forecast,/inbs/ek/140120260123537708.pdf,False,,english,Electric Power & Gas,,
2026-01-26 16:00:00,2026-01-26,30100,"Polaris Holdings Co.,Ltd.",Hotel Performance (December 2025); Limited Impact on Travel Trends from China,/inbs/ek/140120260126538542.pdf,False,,english,Services,,
2026-01-26 16:00:00,2026-01-26,36350,"KOEI TECMO HOLDINGS CO.,LTD.","[Summary] Consolidated Financial Results for the Nine Months Ended December 31, 2025 [Japanese GAAP]",/inbs/ek/140120260123537775.pdf,False,,english,Information & Communication,,
2026-01-26 16:00:00,2026-01-26,49730,"JAPAN PURE CHEMICAL CO.,LTD.",Notice Regarding the Expected Recording of Gain on Sale of Investment Securities (Extraordinary Income),/inbs/ek/140120260126538299.pdf,False,,english,Chemicals,,
2026-01-26 16:00:00,2026-01-26,49730,"JAPAN PURE CHEMICAL CO.,LTD.","Summary of Non-Consolidated Financial Results  for the Nine months ended December 31, 2025 (Based on Japanese GAAP)",/inbs/ek/140120260126538284.pdf,False,,english,Chemicals,,
2026-01-26 16:00:00,2026-01-26,49730,"JAPAN PURE CHEMICAL CO.,LTD.","Financial Results for the Third Quarter Ended December 31, 2025",/inbs/ek/140120260126538293.pdf,False,,english,Chemicals,,
2026-01-26 16:00:00,2026-01-26,49730,"JAPAN PURE CHEMICAL CO.,LTD.",Notice Regarding Revised Year-end Dividend Forecast (Increase),/inbs/ek/140120260126538298.pdf,False,,english,Chemicals,,
2026-01-26 16:00:00,2026-01-26,49730,"JAPAN PURE CHEMICAL CO.,LTD.",Notice of Revisions of Full-Year Earnings Forecasts,/inbs/ek/140120260126538308.pdf,False,,english,Chemicals,,
2026-01-26 16:00:00,2026-01-26,63020,"SUMITOMO HEAVY INDUSTRIES,LTD.","Notice Regarding the Succession of the Parking System Business of Sumitomo Heavy Industries Material Handling Systems Co., Ltd.",/inbs/ek/140120260126538467.pdf,False,,english,Machinery,,
2026-01-26 16:00:00,2026-01-26,63490,KOMORI CORPORATION,Notice Concerning Change of Major Shareholder,/inbs/ek/140120260126538511.pdf,False,,english,Machinery,,
2026-01-26 16:00:00,2026-01-26,69880,NITTO DENKO CORPORATION,"[Summary] Preliminary Summary of Consolidated Financial Statements for the Third Quarter Ended December 31, 2025 (IFRS Basis)",/inbs/ek/140120260123537854.pdf,False,,english,Chemicals,,
2026-01-26 16:00:00,2026-01-26,69880,NITTO DENKO CORPORATION,"Supplementary Data of Consolidated Financial Statements for the Third Quarter Ended December 31, 2025 (IFRS Basis)",/inbs/ek/140120260123537942.pdf,False,,english,Chemicals,,
2026-01-26 16:00:00,2026-01-26,69880,NITTO DENKO CORPORATION,Financial Results Third Quarter FY2025,/inbs/ek/140120260123537943.pdf,False,,english,Chemicals,,
2026-01-26 16:00:00,2026-01-26,70130,IHI Corporation,"Notice Regarding the Succession of Business from Sumitomo Heavy Industries Material Handling Systems Co., Ltd. by Consolidated Subsidiary",/inbs/ek/140120260126538137.pdf,False,,english,Machinery,,
2026-01-26 16:00:00,2026-01-26,79720,ITOKI CORPORATION,Notification on the Absorption-type Merger (short form merger) with a Consolidated Subsidiary,/inbs/ek/140120260126538234.pdf,False,,english,Other Products,,
2026-01-26 16:00:00,2026-01-26,83610,"The Ogaki Kyoritsu Bank,Ltd.",Notice Concerning Dissolution of the Company’s Subsidiary,/inbs/ek/140120260122537062.pdf,False,,english,Banks,,
2026-01-26 16:00:00,2026-01-26,86160,"Tokai Tokyo Financial Holdings,Inc.",Tokai Tokyo Financial Holdings Announces Establishment of Next Tokai Innovation Fund I Investment Limited Partnership,/inbs/ek/140120260126538053.pdf,False,,english,Securities & Commodity Futures,,
2026-01-26 15:30:00,2026-01-26,23890,"DIGITAL HOLDINGS,INC.","Notice Concerning Share Consolidation, Abolition of the Provision on Share Units and Partial Amendment to the Articles of Incorporation",/inbs/ek/140120260126538306.pdf,False,,english,Services,,
2026-01-26 15:30:00,2026-01-26,24080,"KG Intelligence CO.,LTD.",[Summary] Financial Results for the Year,/inbs/ek/140120260126538200.pdf,False,,english,Services,,
2026-01-26 15:30:00,2026-01-26,26130,"J-OIL MILLS, INC.",Notice Concerning Absorption-Type Merger of Wholly-Owned Subsidiary (Simplified Merger and Short-Form Merger),/inbs/ek/140120260121536599.pdf,False,,english,Foods,,
2026-01-26 15:30:00,2026-01-26,26780,ASKUL Corporation,Notice Regarding the Announcement of Financial Results for  Second Quarter of the Fiscal Year Ending May 2026,/inbs/ek/140120260126538304.pdf,False,,english,Retail Trade,,
2026-01-26 15:30:00,2026-01-26,34630,Ichigo Hotel REIT Investment Corporation,Ichigo Hotel Operating Results - December 2025,/inbs/ek/140120260126538230.pdf,False,,english,REIT,,
2026-01-26 15:30:00,2026-01-26,40820,"DAIICHI KIGENSO KAGAKU-KOGYO CO.,LTD",Notice Concerning Organizational and Personnel Changes,/inbs/ek/140120260126538283.pdf,False,,english,Chemicals,,
2026-01-26 15:30:00,2026-01-26,46840,"OBIC Co.,Ltd.","[Summary]Consolidated Financial Results for the Third Quarter of the Fiscal Year Ending March 31,2026",/inbs/ek/140120260123537720.pdf,False,,english,Information & Communication,,
2026-01-26 15:30:00,2026-01-26,46840,"OBIC Co.,Ltd.","Notice Concerning Revision (Dividend Increase) of Year-End Dividend Forecast for the Fiscal Year Ending March 31, 2026",/inbs/ek/140120260123537559.pdf,False,,english,Information & Communication,,
2026-01-26 15:30:00,2026-01-26,58310,"Shizuoka Financial Group,Inc.",Notice Concerning the Status and Results of Treasury Stock Acquisition,/inbs/ek/140120260122537020.pdf,False,,english,Banks,,
2026-01-26 15:30:00,2026-01-26,62300,SANEI LTD.,"Consolidated Financial Results for the Nine Months Ended December 31, 2025 (Under Japanese GAAP)",/inbs/ek/140120260122537239.pdf,False,,english,Machinery,,
2026-01-26 15:30:00,2026-01-26,68230,"RION CO.,LTD.",Notice Regarding the Enhancement of the Employee Stock Ownership Plan,/inbs/ek/140120260126538111.pdf,False,,english,Electric Appliances,,
2026-01-26 15:30:00,2026-01-26,69540,FANUC CORPORATION,"Consolidated Quarterly Financial Results For the nine months ended December 31, 2025",/inbs/ek/140120260123537910.pdf,False,,english,Electric Appliances,,
2026-01-26 15:30:00,2026-01-26,69540,FANUC CORPORATION,"Financial Results for the nine months Ended December 31, 2025 (Reference Material)",/inbs/ek/140120260123537913.pdf,False,,english,Electric Appliances,,
2026-01-26 15:30:00,2026-01-26,70880,Forum Engineering Inc.,Notice of the Holding of an Extraordinary General Shareholders Meeting Concerning Partial Amendment to the Articles of Incorporation,/inbs/ek/140120260126538282.pdf,False,,english,Services,,
2026-01-26 15:30:00,2026-01-26,70880,Forum Engineering Inc.,Notice Concerning Cancellation of Treasury Shares,/inbs/ek/140120260126538278.pdf,False,,english,Services,,
2026-01-26 15:30:00,2026-01-26,73660,LITALICO Inc.,Notice Regarding a Share Repurchase,/inbs/ek/140120260126538271.pdf,False,,english,Services,,
2026-01-26 15:30:00,2026-01-26,73660,LITALICO Inc.,"[Summary] Consolidated Financial Results for the Nine Months Ended December 31, 2025 [IFRS]",/inbs/ek/140120260126538266.pdf,False,,english,Services,,
2026-01-26 15:30:00,2026-01-26,73660,LITALICO Inc.,FY2025 Q3 Earnings Presentation,/inbs/ek/140120260126538269.pdf,False,,english,Services,,
2026-01-26 15:30:00,2026-01-26,73880,FP Partner Inc.,"A Collection of Questions and Answers Concerning the Financial Results for the Fiscal Year Ended November 30, 2025",/inbs/ek/140120260126538246.pdf,False,,english,Insurance,,
2026-01-26 15:30:00,2026-01-26,75080,G-7 HOLDINGS Inc.,Notice Concerning Disposal of Treasury Shares as Restricted Shares for Employee Shareholding Association,/inbs/ek/140120260126538340.pdf,False,,english,Retail Trade,,
2026-01-26 15:30:00,2026-01-26,76490,"SUGI HOLDINGS Co.,LTD.",Notice Regarding Management Team Changes,/inbs/ek/140120260126538395.pdf,False,,english,Retail Trade,,
2026-01-26 15:30:00,2026-01-26,76490,"SUGI HOLDINGS Co.,LTD.",Notice Regarding Executive Managing Officers,/inbs/ek/140120260126538401.pdf,False,,english,Retail Trade,,
2026-01-26 15:30:00,2026-01-26,79700,"Shin-Etsu Polymer Co.,Ltd.","Consolidated Financial Results for the Nine Months Ended December 31, 2025 [Under Japanese GAAP]",/inbs/ek/140120260126538167.pdf,False,,english,Chemicals,,
2026-01-26 15:30:00,2026-01-26,81420,"TOHO Co.,Ltd.",Notice of Monthly Sales for December 2025,/inbs/ek/140120260126538448.pdf,False,,english,Wholesale Trade,,
2026-01-26 15:30:00,2026-01-26,81530,"MOS FOOD SERVICES,INC.",Notice Concerning Absorption-Type Merger of Wholly Owned Subsidiary(Simplified Merger  Short-Form Merger),/inbs/ek/140120260126538210.pdf,False,,english,Wholesale Trade,,
2026-01-26 15:30:00,2026-01-26,82180,"KOMERI CO.,LTD.",Notice Concerning the Status and Completion of Acquisition of Own Shares,/inbs/ek/140120260126538397.pdf,False,,english,Retail Trade,,
2026-01-26 15:30:00,2026-01-26,82270,"SHIMAMURA Co.,Ltd.",Notice Concerning Changes in Executive Officers,/inbs/ek/140120260126538165.pdf,False,,english,Retail Trade,,
2026-01-26 15:30:00,2026-01-26,84730,"SBI Holdings,Inc.",(Progress of Disclosed Matter) Notice Regarding the Finalization of the Details of the Issuance of Stock Acquisition Rights (Tax-qualified Stock Optio,/inbs/ek/140120260126538483.pdf,False,,english,Securities & Commodity Futures,,
2026-01-26 15:30:00,2026-01-26,87980,"Advance Create Co.,Ltd.",Summary of Monthly Business Results for December 2025,/inbs/ek/140120260121536619.pdf,False,,english,Insurance,,
2026-01-26 15:30:00,2026-01-26,89630,Invincible Investment Corporation,Performance Update for December 2025,/inbs/ek/140120260126538264.pdf,False,,english,REIT,,
2026-01-26 15:30:00,2026-01-26,89670,"Japan Logistics Fund,Inc.",Notice Concerning the Current Status of Investment Units Buybacks and Cancellation of Investment Units,/inbs/ek/140120260126538120.pdf,False,,english,REIT,,
2026-01-26 15:30:00,2026-01-26,93020,"MITSUI-SOKO HOLDINGS Co.,Ltd.",Notice of Decision on Candidates for Directors and New Group Management Structure,/inbs/ek/140120260126538146.pdf,False,,english,Warehousing & Harbor Transportation Services,,
2026-01-26 15:00:00,2026-01-26,47330,"OBIC BUSINESS CONSULTANTS CO.,LTD.",Notice Concerning Revision of Dividend Forecast (Increase),/inbs/ek/140120260123537863.pdf,False,,english,Information & Communication,,
2026-01-26 15:00:00,2026-01-26,47330,"OBIC BUSINESS CONSULTANTS CO.,LTD.","[Summary]Non-consolidated Financial Results for the Nine Months Ended December 31, 2025",/inbs/ek/140120260123537861.pdf,False,,english,Information & Communication,,
2026-01-26 15:00:00,2026-01-26,80950,"Astena Holdings Co.,Ltd.",Announcement Regarding the Continuation of Share-Based Remuneration Plan for Directors,/inbs/ek/140120260126538247.pdf,False,,english,Wholesale Trade,,
2026-01-26 15:00:00,2026-01-26,83920,"THE OITA BANK,LTD.","Notice Concerning Unrealized Losses on Securities as of December 31, 2025 (for the Third Quarter of the Fiscal Year Ending March 31, 2026)",/inbs/ek/140120260123537807.pdf,False,,english,Banks,,
2026-01-26 15:00:00,2026-01-26,95010,"Tokyo Electric Power Company Holdings,Incorporated",Notice Concerning Revision of the Financial Results Forecasts (Consolidated),/inbs/ek/140120260125538007.pdf,False,,english,Electric Power & Gas,,
2026-01-26 14:00:00,2026-01-26,46940,"BML,INC.",Notice Concerning Changes to Shareholder Benefits Program,/inbs/ek/140120260126538203.pdf,False,,english,Services,,
2026-01-26 14:00:00,2026-01-26,48260,"Computer Institute of Japan, Ltd.",Notice Regarding Interim Dividend of Surplus and Revision of Dividend Forecast (Commemorative Dividend for the 50th Anniversary of Founding),/inbs/ek/140120260126538180.pdf,False,,english,Information & Communication,,
2026-01-26 14:00:00,2026-01-26,63260,KUBOTA CORPORATION,Notice of Change of Audit & Supervisory Board Member,/inbs/ek/140120260123537858.pdf,False,,english,Machinery,,
2026-01-26 12:30:00,2026-01-26,32450,"DEAR LIFE CO.,LTD.",Notice Regarding Acquisition of Income-Producing Property,/inbs/ek/140120260126538155.pdf,False,,english,Real Estate,,
2026-01-26 12:30:00,2026-01-26,83920,"THE OITA BANK,LTD.","Notice Concerning Stock Split, Partial Amendments to the Articles of Incorporation due to Stock Split, and Introduction of Shareholder Benefit Program",/inbs/ek/140120260123537816.pdf,False,,english,Banks,,
2026-01-26 12:30:00,2026-01-26,83920,"THE OITA BANK,LTD.",Notice Concerning Revision of Cross-Shareholdings Reduction Target,/inbs/ek/140120260123537859.pdf,False,,english,Banks,,
2026-01-26 12:00:00,2026-01-26,13320,Nissui Corporation,Notice Regarding Execution of an Absorption-Type Company Split Agreement,/inbs/ek/140120260126538173.pdf,False,,english,"Fishery, Agriculture & Forestry",,
2026-01-26 10:45:00,2026-01-26,93050,Yamatane Corporation,Notice Regarding the Results of Share Repurchase Through Off-Auction Own Share Repurchase Trading System (ToSTNeT-3) and the Completion,/inbs/ek/140120260126538134.pdf,False,,english,Wholesale Trade,,
2026-01-26 09:30:00,2026-01-26,21800,SUNNY SIDE UP GROUP Inc.,Notice Concerning Acquisition of Shares of BILCOM Inc. (to Make it a Subsidiary),/inbs/ek/140120260123537918.pdf,False,,english,Services,,
2026-01-26 09:30:00,2026-01-26,21800,SUNNY SIDE UP GROUP Inc.,Notice Concerning Disposal of Treasury Shares Through Third-Party Allotment,/inbs/ek/140120260123537919.pdf,False,,english,Services,,
2026-01-26 09:00:00,2026-01-26,95010,"Tokyo Electric Power Company Holdings,Incorporated",[Summary] Application for the Amendment of the Comprehensive Special Business Plan,/inbs/ek/140120260126538024.pdf,False,,english,Electric Power & Gas,,
2026-01-26 08:45:00,2026-01-26,81290,"TOHO HOLDINGS CO.,LTD.","(Delayed) Notice on Request to Provide Information on Large-Scale Purchases of Share Certificates, Etc.",/inbs/ek/140120260126538027.pdf,False,,english,Wholesale Trade,,
2026-01-23 23:50:00,2026-01-23,58420,Integral Corporation,"Execution of Share Transfer Agreement of M&I Co., Ltd.",/inbs/ek/140120260123537953.pdf,False,,english,Securities & Commodity Futures,,
2026-01-23 23:50:00,2026-01-23,58420,Integral Corporation,Notice of Receipt of Carried Interest from Fund III Series,/inbs/ek/140120260123537955.pdf,False,,english,Securities & Commodity Futures,,
2026-01-23 18:00:00,2026-01-23,21600,GNI Group Ltd.,Announcement Regarding Revision of Full-Year Earnings Forecast and Expected Recognition of Losses,/inbs/ek/140120260123537591.pdf,False,,english,Pharmaceutical,,
2026-01-23 17:30:00,2026-01-23,45970,Solasia Pharma K.K.,Notice of License Agreement with MAAB for Sancuso Rights in China Region,/inbs/ek/140120260123537890.pdf,False,,english,Pharmaceutical,,
2026-01-23 17:10:00,2026-01-23,24710,"S-Pool,Inc.",Notice Concerning Company Split (Simplified Absorption-Type Company Split) Involving a Consolidated Subsidiary,/inbs/ek/140120260123537757.pdf,False,,english,Services,,
2026-01-23 17:00:00,2026-01-23,34680,Star Asia Investment Corporation,Notice Concerning Hotel Operation Performance (for December 2025),/inbs/ek/140120260123537868.pdf,False,,english,REIT,,
2026-01-23 17:00:00,2026-01-23,79150,"Nissha Co.,Ltd.","Notice Regarding Acquisition of Shares of USM HEALTHCARE MEDICAL DEVICES FACTORY JOINT STOCK COMPANY, a Medical Devices Manufacturer in Vietnam",/inbs/ek/140120260120536281.pdf,False,,english,Other Products,,
2026-01-23 17:00:00,2026-01-23,94380,MTI Ltd.,Notice Regarding Change in Consolidated Subsidiary (Share Transfer),/inbs/ek/140120260123537547.pdf,False,,english,Information & Communication,,
2026-01-23 16:30:00,2026-01-23,23530,"NIPPON PARKING DEVELOPMENT Co.,Ltd.",Notice Regarding Changes to the Shareholder Benefit Program,/inbs/ek/140120260123537448.pdf,False,,english,Real Estate,,
2026-01-23 16:30:00,2026-01-23,23530,"NIPPON PARKING DEVELOPMENT Co.,Ltd.",Notice Regarding Issuance of Stock Options (Share Acquisition Rights),/inbs/ek/140120260123537449.pdf,False,,english,Real Estate,,
2026-01-23 16:30:00,2026-01-23,34760,MIRAI Corporation,Notice Concerning Borrowing of Funds,/inbs/ek/140120260123537365.pdf,False,,english,REIT,,
2026-01-23 16:30:00,2026-01-23,34760,MIRAI Corporation,Notice Concerning Performance of Variable Rent Assets (Hotels) (December 2025),/inbs/ek/140120260123537366.pdf,False,,english,REIT,,
2026-01-23 16:30:00,2026-01-23,72010,"NISSAN MOTOR CO.,LTD.",Notice regarding the sales of assets of the subsidiary,/inbs/ek/140120260123537526.pdf,False,,english,Transportation Equipment,,
2026-01-23 16:30:00,2026-01-23,87070,"IwaiCosmo Holdings,Inc.","Notice Concerning Preliminary Consolidated Financial Results  for the Third Quarter Fiscal Year Ending March 31, 2026",/inbs/ek/140120260122536949.pdf,False,,english,Securities & Commodity Futures,,
2026-01-23 16:30:00,2026-01-23,88640,"AIRPORT FACILITIES Co.,LTD.",Notice Regarding Approval for Change of Market Segment to the Tokyo Stock Exchange Standard Market,/inbs/ek/140120260123537820.pdf,False,,english,Real Estate,,
2026-01-23 16:30:00,2026-01-23,93050,Yamatane Corporation,"Notice Regarding Revision of Dividend Forecast for Fiscal Year Ending March 31, 2026",/inbs/ek/140120260123537704.pdf,False,,english,Wholesale Trade,,
2026-01-23 16:30:00,2026-01-23,93050,Yamatane Corporation,Notice Regarding Share Repurchase Through Off-Auction Own Share Repurchase Trading System (ToSTNeT-3),/inbs/ek/140120260123537853.pdf,False,,english,Wholesale Trade,,
2026-01-23 16:00:00,2026-01-23,23260,Digital Arts Inc.,Notice Concerning Status and Conclusion of Acquisition of Own Shares,/inbs/ek/140120260123537723.pdf,False,,english,Information & Communication,,
2026-01-23 16:00:00,2026-01-23,36760,"DIGITAL HEARTS HOLDINGS Co.,Ltd.","Notice of a Capital and Business Alliance Agreement Execution with GTL Media, Inc. and Prospective Consolidation",/inbs/ek/140120260123537615.pdf,False,,english,Information & Communication,,
2026-01-23 16:00:00,2026-01-23,39680,"Segue Group Co.,Ltd.",Notice Concerning Issuance of New Shares by way of Public Offering and Secondary Offering of Shares,/inbs/ek/140120260123537579.pdf,False,,english,Information & Communication,,
2026-01-23 16:00:00,2026-01-23,39680,"Segue Group Co.,Ltd.",Notice Revisions to Consolidated Earnings Forecast for the Fiscal Year Ended December 2025 (Upward Revision) and Amendment to Numerical Targets of,/inbs/ek/140120260123537740.pdf,False,,english,Information & Communication,,
2026-01-23 16:00:00,2026-01-23,39680,"Segue Group Co.,Ltd.","Notice Regarding Changes to the Shareholder Benefits Plan (Applicable from the Record Date of December 31, 2026)",/inbs/ek/140120260123537773.pdf,False,,english,Information & Communication,,
2026-01-23 16:00:00,2026-01-23,62380,FURYU CORPORATION,Notice Regarding Preliminary Monthly Results for December 2025,/inbs/ek/140120260123537434.pdf,False,,english,Machinery,,
2026-01-23 16:00:00,2026-01-23,68000,"YOKOWO CO.,LTD.",Notice Concerning Changes of Representative Directors and Director,/inbs/ek/140120260123537608.pdf,False,,english,Electric Appliances,,
2026-01-23 16:00:00,2026-01-23,79620,"KING JIM CO.,LTD.",Notice of Revisions of Financial Results Forecasts,/inbs/ek/140120260123537334.pdf,False,,english,Other Products,,
2026-01-23 16:00:00,2026-01-23,80020,Marubeni Corporation,Changes in Directors and Audit & Supervisory Board Members,/inbs/ek/140120260123537755.pdf,False,,english,Wholesale Trade,,
2026-01-23 16:00:00,2026-01-23,80020,Marubeni Corporation,Notice Regarding Transition to a Company with Three Statutory Committees,/inbs/ek/140120260123537747.pdf,False,,english,Wholesale Trade,,
2026-01-23 16:00:00,2026-01-23,80020,Marubeni Corporation,Organizational and Personnel Changes,/inbs/ek/140120260123537751.pdf,False,,english,Wholesale Trade,,
2026-01-23 16:00:00,2026-01-23,81250,"Wakita & Co.,LTD.",Notice Concerning Financial Results Forecast,/inbs/ek/140120260123537382.pdf,False,,english,Wholesale Trade,,
2026-01-23 16:00:00,2026-01-23,81250,"Wakita & Co.,LTD.",Notice Concerning Disposal of Treasury Shares as Restricted Stock For Employees of the Company’s Subsidiaries,/inbs/ek/140120260123537388.pdf,False,,english,Wholesale Trade,,
2026-01-23 16:00:00,2026-01-23,89510,Nippon Building Fund Inc.,Notice Concerning Debt Financing,/inbs/ek/140120260123537684.pdf,False,,english,REIT,,
2026-01-23 16:00:00,2026-01-23,90690,"SENKO Group Holdings Co.,Ltd.",[Summary] Notice Regarding the Commencement of Tender Offer for Shares of Maruwn Corporation (Securities Code 9067),/inbs/ek/140120260122536892.pdf,False,,english,Land Transportation,,
2026-01-23 16:00:00,2026-01-23,97650,"OHBA CO.,LTD.",(Correction - Numerical Data Correction) Concerning Partial Corrections to the  ‘FY2026 Second Quarter Financial Results [Japanese Standards],/inbs/ek/140120260123537668.pdf,False,,english,Services,,
2026-01-23 15:40:00,2026-01-23,43450,"CTS Co.,Ltd.","Notice regarding changes to the president,representative director (provisional appointment),and business execution structure",/inbs/ek/140120260123537392.pdf,False,,english,Services,,
2026-01-23 15:30:00,2026-01-23,21540,Open Up Group Inc.,Notice of Monthly Disclosure of Utilization Rates and Number of Domestic Engineers as of the end of December 2025,/inbs/ek/140120260123537733.pdf,False,,english,Services,,
2026-01-23 15:30:00,2026-01-23,23010,"GAKUJO CO.,Ltd.",Notice Regarding Executive Appointments,/inbs/ek/140120260122537222.pdf,False,,english,Services,,
2026-01-23 15:30:00,2026-01-23,23010,"GAKUJO CO.,Ltd.",Notice Concerning Disposal of Treasury Shares as Restricted Stock-Based Compensation,/inbs/ek/140120260122537279.pdf,False,,english,Services,,
2026-01-23 15:30:00,2026-01-23,23070,"CROSS CAT CO.,LTD.",Notice Regarding Business Acquisition Between the Company and Consolidated Subsidiary,/inbs/ek/140120260123537646.pdf,False,,english,Information & Communication,,
2026-01-23 15:30:00,2026-01-23,23710,"Kakaku.com,Inc.",(Progress of Disclosed Matters) Notice of Change in Consolidated Subsidiary (Share Acquisition),/inbs/ek/140120260120536248.pdf,False,,english,Services,,
2026-01-23 15:30:00,2026-01-23,26070,"FUJI OIL CO.,LTD.",Notification of Director Personnel Affairs,/inbs/ek/140120260123537367.pdf,False,,english,Foods,,
2026-01-23 15:30:00,2026-01-23,26070,"FUJI OIL CO.,LTD.",Notification of Executive Officer Personnel Affairs,/inbs/ek/140120260123537375.pdf,False,,english,Foods,,
2026-01-23 15:30:00,2026-01-23,31390,"Lacto Japan Co.,Ltd.",Notice Regarding Changes to the Executive Officer System,/inbs/ek/140120260122537331.pdf,False,,english,Wholesale Trade,,
2026-01-23 15:30:00,2026-01-23,31390,"Lacto Japan Co.,Ltd.","Changes in Members of the Board, Directors, Executive Officer and Personnel Changes",/inbs/ek/140120260119535584.pdf,False,,english,Wholesale Trade,,
2026-01-23 15:30:00,2026-01-23,34860,GLOBAL LINK MANAGEMENT INC.,Notice Concerning Compliance with Prime Market Listing Maintenance Criteria,/inbs/ek/140120260123537760.pdf,False,,english,Real Estate,,
2026-01-23 15:30:00,2026-01-23,48490,en Inc.,Notice Regarding the Progress of Business Succession Through Absorption-type Company Split and Share Transfer (Change in Subsidiary),/inbs/ek/140120260123537497.pdf,False,,english,Services,,
2026-01-23 15:30:00,2026-01-23,48490,en Inc.,Notice of Resignation of Director,/inbs/ek/140120260123537498.pdf,False,,english,Services,,
2026-01-23 15:30:00,2026-01-23,51080,BRIDGESTONE CORPORATION,[Update on disclosed matter] Notice regarding Completion of Cancellation of Treasury Stock,/inbs/ek/140120260123537676.pdf,False,,english,Rubber Products,,
2026-01-23 15:30:00,2026-01-23,62550,NPC Incorporated,Notice Concerning Completion of Payment for Disposition of Treasury Stock as Restricted Stock Remuneration,/inbs/ek/140120260123537512.pdf,False,,english,Machinery,,
2026-01-23 15:30:00,2026-01-23,68660,HIOKI E.E.CORPORATION,"[Summary] Consolidated Financial Results for the Fiscal Year Ended December 31, 2025 (Under Japanese GAAP)",/inbs/ek/140120260123537505.pdf,False,,english,Electric Appliances,,
2026-01-23 15:30:00,2026-01-23,69710,KYOCERA CORPORATION,"(Progress of Disclosed Matter) Notice Relating to Completion of Change in Consolidated Subsidiary, etc. (Transfer of Shares)",/inbs/ek/140120260123537571.pdf,False,,english,Electric Appliances,,
2026-01-23 15:30:00,2026-01-23,69860,FUTABA CORPORATION,Notice Regarding Dissolution of Korean Subsidiary,/inbs/ek/140120260122537327.pdf,False,,english,Electric Appliances,,
2026-01-23 15:30:00,2026-01-23,69860,FUTABA CORPORATION,Notice Regarding Extension of Commitment Line Agreement Term,/inbs/ek/140120260122537325.pdf,False,,english,Electric Appliances,,
2026-01-23 15:30:00,2026-01-23,71990,"Premium Group Co.,Ltd.",Notice Concerning Organizational Restructuring of the Group(Absorption-type Merger between Consolidated Subsidiaries),/inbs/ek/140120260123537575.pdf,False,,english,Other Financing Business,,
2026-01-23 15:30:00,2026-01-23,71990,"Premium Group Co.,Ltd.",Notice Concerning Receipt of Dividends from Consolidated Subsidiaries,/inbs/ek/140120260123537562.pdf,False,,english,Other Financing Business,,
2026-01-23 15:30:00,2026-01-23,74670,"HAGIWARA ELECTRIC HOLDINGS CO.,LTD.",Notice Concerning the Loss of Funds at a Group Company,/inbs/ek/140120260123537380.pdf,False,,english,Wholesale Trade,,
2026-01-23 15:30:00,2026-01-23,75990,IDOM Inc.,Notice Regarding the Introduction of a Shareholder Benefit Program,/inbs/ek/140120260122537287.pdf,False,,english,Wholesale Trade,,
2026-01-23 15:30:00,2026-01-23,83580,Suruga Bank Ltd.,Announcement Regarding the Status and Completion of Treasury Stock Acquisition,/inbs/ek/140120260122537343.pdf,False,,english,Banks,,
2026-01-23 15:30:00,2026-01-23,84250,"Mizuho Leasing Company,Limited",Notice Regarding the Results of the Tender Offer by MM Power LLC for Investment Units of Japan Infrastructure Fund Investment Corporation and Change,/inbs/ek/140120260122536869.pdf,False,,english,Other Financing Business,,
2026-01-23 15:30:00,2026-01-23,89530,Japan Metropolitan Fund Investment Corporation,Notice Concerning Debt Financing (Refinancing),/inbs/ek/140120260123537618.pdf,False,,english,REIT,,
2026-01-23 15:30:00,2026-01-23,89770,"Hankyu Hanshin REIT,Inc.","［Summary］Hankyu Hanshin REIT, Inc. Financial Results for the 41st Fiscal Period",/inbs/ek/140120260123537650.pdf,False,,english,REIT,,
2026-01-23 15:30:00,2026-01-23,95580,"Japaniace Co.,Ltd.",Notice Concerning Dividends of Surplus,/inbs/ek/140120260123537611.pdf,False,,english,Services,,
2026-01-23 15:30:00,2026-01-23,95580,"Japaniace Co.,Ltd.",Notice Regarding Partial Amendments to the Articles of Incorporation,/inbs/ek/140120260123537616.pdf,False,,english,Services,,
2026-01-23 15:30:00,2026-01-23,95580,"Japaniace Co.,Ltd.",Notice Regarding Election of Candidates for Directors Following Transition to a Company with an Audit & Supervisory Committee,/inbs/ek/140120260123537620.pdf,False,,english,Services,,
2026-01-23 15:30:00,2026-01-23,95580,"Japaniace Co.,Ltd.",Notice Concerning Formulation of Medium-Term Management Plan,/inbs/ek/140120260123537624.pdf,False,,english,Services,,
2026-01-23 15:30:00,2026-01-23,99900,SAC'S BAR HOLDINGS INC.,Notice Concerning Disposal of Treasury Shares as Restricted Share Compensation,/inbs/ek/140120260123537682.pdf,False,,english,Retail Trade,,
2026-01-23 15:00:00,2026-01-23,28040,"BULL-DOG SAUCE CO.,LTD.","[Summary]Consolidated Financial Results for the Nine Months Ended December 31, 2025 (Under Japanese GAAP)",/inbs/ek/140120260122537204.pdf,False,,english,Foods,,
2026-01-23 15:00:00,2026-01-23,28040,"BULL-DOG SAUCE CO.,LTD.",Notice Concerning Expansion of Shareholder Benefits Program,/inbs/ek/140120260123537411.pdf,False,,english,Foods,,
2026-01-23 15:00:00,2026-01-23,40910,NIPPON SANSO HOLDINGS CORPORATION,Notice Regarding Receipt of Dividend from Consolidated Subsidiary,/inbs/ek/140120260123537485.pdf,False,,english,Chemicals,,
2026-01-23 15:00:00,2026-01-23,98370,"MORITO CO.,LTD.",Notice of Dividends of Surplus and Reversal of Separate Reserve,/inbs/ek/140120260123537633.pdf,False,,english,Wholesale Trade,,
2026-01-23 15:00:00,2026-01-23,98370,"MORITO CO.,LTD.",Notice of Partial Amendments to Articles of Incorporation,/inbs/ek/140120260123537637.pdf,False,,english,Wholesale Trade,,
2026-01-23 14:30:00,2026-01-23,45520,"JCR Pharmaceuticals Co.,Ltd.",Briefing Session Material on the Agreement with Italfarmaco,/inbs/ek/140120260123537621.pdf,False,,english,Pharmaceutical,,
2026-01-23 14:30:00,2026-01-23,89230,TOSEI CORPORATION,Notice Regarding Nomination of Candidates for Directors,/inbs/ek/140120260122537298.pdf,False,,english,Real Estate,,
2026-01-23 14:00:00,2026-01-23,37080,"Tokushu Tokai Paper Co.,Ltd.",Notice Concerning License Agreement for Know-How of Manufacturing and Sales of Electrical Insulation Paper and Acquisition of Inventories,/inbs/ek/140120260122537251.pdf,False,,english,Pulp & Paper,,
2026-01-23 14:00:00,2026-01-23,54230,"TOKYO STEEL MANUFACTURING CO.,LTD.","Non-consolidated Financial Results for the Nine Months Ended December 31, 2025",/inbs/ek/140120260122537352.pdf,False,,english,Iron & Steel,,
2026-01-23 13:00:00,2026-01-23,18700,"YAHAGI CONSTRUCTION CO.,LTD.",Notice of Transfers of Condominiums for Sale Businesses through Demergers (Absorption-Type Demergers),/inbs/ek/140120260122537016.pdf,False,,english,Construction,,
2026-01-23 13:00:00,2026-01-23,18700,"YAHAGI CONSTRUCTION CO.,LTD.",Notice of Acquisition of Shares (Converting a Company into a Subsidiary),/inbs/ek/140120260122537018.pdf,False,,english,Construction,,
2026-01-23 13:00:00,2026-01-23,73810,"CCI Group,Inc.","Notice Concerning Unrealized Losses on Securities For the Nine Months Ended December 31,2025",/inbs/ek/140120260121536555.pdf,False,,english,Banks,,
2026-01-23 12:30:00,2026-01-23,40430,Tokuyama Corporation,Notice concerning Changes of Representative Directors,/inbs/ek/140120260116534991.pdf,False,,english,Chemicals,,
2026-01-23 11:30:00,2026-01-23,30930,"Treasure Factory Co.,LTD.","[Updated]Consolidated Financial Results for the Nine Months Ended November 30, 2025 (Under Japanese GAAP)",/inbs/ek/140120260122537329.pdf,False,,english,Retail Trade,,
2026-01-23 11:30:00,2026-01-23,30930,"Treasure Factory Co.,LTD.","[Updated]Presentation Materials for the 3rd Quarter Fiscal 2026 (Year Ending February 28, 2026)",/inbs/ek/140120260122537328.pdf,False,,english,Retail Trade,,
2026-01-23 11:00:00,2026-01-23,78180,"TRANSACTION CO.,Ltd.","[Updated] Consolidated Financial Results for the Three Months Ended November 30, 2025 (Under Japanese GAAP)",/inbs/ek/140120260123537420.pdf,False,,english,Other Products,,
2026-01-23 08:30:00,2026-01-23,21300,"Members Co.,Ltd.","[Delayed]Notice of Partial Revision of the ""Basic Policy on Corporate Governance""",/inbs/ek/140120260122537357.pdf,False,,english,Services,,
2026-01-23 08:30:00,2026-01-23,21300,"Members Co.,Ltd.",[Delayed]Notice Regarding Partial Revision of the “Basic Policy on Establishing Internal Control Systems”,/inbs/ek/140120260122537356.pdf,False,,english,Services,,
2026-01-22 18:00:00,2026-01-22,32820,"Comforia Residential REIT,Inc",Notice Concerning Borrowing of Funds and Repayment of Loan,/inbs/ek/140120260122536897.pdf,False,,english,REIT,,
2026-01-22 18:00:00,2026-01-22,48250,WEATHERNEWS INC.,"[Updated]Consolidated Financial Results for the Six Months Ended November 30, 2025(Under Japanese GAAP)",/inbs/ek/140120260122537283.pdf,False,,english,Information & Communication,,
2026-01-22 17:30:00,2026-01-22,21300,"Members Co.,Ltd.",Notice of Publication of Consolidated Financial Forecasts in Connection with the Transition to Consolidated Accounting (IFRS),/inbs/ek/140120260120536138.pdf,False,,english,Services,,
2026-01-22 17:00:00,2026-01-22,71050,"Mitsubishi Logisnext Co.,Ltd.","(Correction) “Notice of Statement of Opinion Regarding the Commencement of Tender Offer for Logisnext Shares, etc. by LVJ Holdings 2 LLC”",/inbs/ek/140120260122537093.pdf,False,,english,Transportation Equipment,,
2026-01-22 16:30:00,2026-01-22,71480,"Financial Partners Group Co.,Ltd.",Notice of the Disposal of Treasury Shares as Restricted Stock Compensation for Employees,/inbs/ek/140120260122537218.pdf,False,,english,Securities & Commodity Futures,,
2026-01-22 16:30:00,2026-01-22,97020,ISB CORPORATION,Notice of Relocation of Head Office of Consolidated Subsidiary,/inbs/ek/140120260121536538.pdf,False,,english,Information & Communication,,
2026-01-22 16:00:00,2026-01-22,39370,"Ubicom Holdings,Inc.",Notice of Receipt of Dividend from Consolidated Subsidiary,/inbs/ek/140120260122536993.pdf,False,,english,Information & Communication,,
2026-01-22 16:00:00,2026-01-22,77250,INTER ACTION Corporation,"【Delayed】A financial results briefing session was held for investors（2Q of the Fiscal Year Ending May 31, 2026）",/inbs/ek/140120260121536350.pdf,False,,english,Precision Instruments,,
2026-01-22 16:00:00,2026-01-22,77250,INTER ACTION Corporation,【Delayed】Q&A for the Financial Results Briefing for the 2Q of the Fiscal Year Ending May 31 2026（Excerpts）,/inbs/ek/140120260121536352.pdf,False,,english,Precision Instruments,,
2026-01-22 16:00:00,2026-01-22,81510,TOYO Corporation,"Notice Regarding Acquisition of SONICGUARD Co., Ltd. as Subsidiary",/inbs/ek/140120260119535607.pdf,False,,english,Wholesale Trade,,
2026-01-22 16:00:00,2026-01-22,85110,"Japan Securities Finance Co.,Ltd.",Notice Concerning Changes in the Representative Executive Officers and Other Personnel Matters,/inbs/ek/140120260122537036.pdf,False,,english,Other Financing Business,,
2026-01-22 15:30:00,2026-01-22,18020,OBAYASHI CORPORATION,Notice of Cancellation of Treasury Shares,/inbs/ek/140120260121536578.pdf,False,,english,Construction,,
2026-01-22 15:30:00,2026-01-22,32900,"One REIT,Inc.",Notice concerning the Election of Directors,/inbs/ek/140120260121536787.pdf,False,,english,REIT,,
2026-01-22 15:30:00,2026-01-22,36560,KLab Inc.,Notice Concerning Compliance with Prime Listing Maintenance Criteria (Tradable Share Market Capitalization),/inbs/ek/140120260122537147.pdf,False,,english,Information & Communication,,
2026-01-22 15:30:00,2026-01-22,42030,"Sumitomo Bakelite Company,Limited",Notice Concerning Acquisition of Shares of Newly Established Company That Will Succeed Part of Chemical Business of Kyocera Corporation,/inbs/ek/140120260122536916.pdf,False,,english,Chemicals,,
2026-01-22 15:30:00,2026-01-22,44800,"MEDLEY,INC.",Notice Regarding Borrowing of Funds,/inbs/ek/140120260122537041.pdf,False,,english,Information & Communication,,
2026-01-22 15:30:00,2026-01-22,48480,"FULLCAST HOLDINGS CO.,LTD.",Announcement Regarding the Acquisition of Shares (Transformation into the Subsidiaries) of RGF Talent Solutions Japan K.K. and RGF International,/inbs/ek/140120260119535770.pdf,False,,english,Services,,
2026-01-22 15:30:00,2026-01-22,52430,note inc.,Notice Regarding Reduction in Amount of Capital,/inbs/ek/140120260122537119.pdf,False,,english,Information & Communication,,
2026-01-22 15:30:00,2026-01-22,52430,note inc.,Notice Regarding Election of Director Candidates,/inbs/ek/140120260122537167.pdf,False,,english,Information & Communication,,
2026-01-22 15:30:00,2026-01-22,60980,"Recruit Holdings Co.,Ltd.",[Summary] Change in Consolidated Subsidiary due to Transfer of Shares and Holdings,/inbs/ek/140120260122536971.pdf,False,,english,Services,,
2026-01-22 15:30:00,2026-01-22,69710,KYOCERA CORPORATION,Notice Regarding Succession of the Company's Chemical Business to the Newly Established Subsidiary through the Company Split and Transfer of Shares,/inbs/ek/140120260122536969.pdf,False,,english,Electric Appliances,,
2026-01-22 15:30:00,2026-01-22,76030,"Gyet Co.,Ltd.",Notice Regarding Execution of Joint Venture Agreement for Establishment of Joint Venture Company (Subsidiary),/inbs/ek/140120260122537087.pdf,False,,english,Retail Trade,,
2026-01-22 15:30:00,2026-01-22,76030,"Gyet Co.,Ltd.",Notice Regarding Setting of Record Date for Convocation of Extraordinary General Meeting of Shareholders and Meeting Details,/inbs/ek/140120260122537094.pdf,False,,english,Retail Trade,,
2026-01-22 15:30:00,2026-01-22,79060,"YONEX CO.,LTD.",Notice Regarding Establishment of the Nomination and Compensation Advisory Committee,/inbs/ek/140120260122536934.pdf,False,,english,Other Products,,
2026-01-22 15:30:00,2026-01-22,87080,"AIZAWA SECURITIES GROUP CO.,LTD.","Notice Regarding Preliminary Consolidated Financial Results for the Nine Months Ended December 31, 2025 (Under Japanese GAAP)",/inbs/ek/140120260122537026.pdf,False,,english,Securities & Commodity Futures,,
2026-01-22 15:30:00,2026-01-22,89750,Ichigo Office REIT Investment Corporation,Interest Rate,/inbs/ek/140120260122537040.pdf,False,,english,REIT,,
2026-01-22 15:30:00,2026-01-22,89850,Japan Hotel REIT Investment Corporation,Notice Concerning Revision of Operating and Dividend Forecasts for Fiscal Year Ended December 2025 (26th Period) and Operating and Dividend Forecasts,/inbs/ek/140120260120536209.pdf,False,,english,REIT,,
2026-01-22 15:30:00,2026-01-22,89850,Japan Hotel REIT Investment Corporation,Notice Concerning Renovation Work at Hilton Tokyo Odaiba,/inbs/ek/140120260122536984.pdf,False,,english,REIT,,
2026-01-22 15:30:00,2026-01-22,89850,Japan Hotel REIT Investment Corporation,Announcement of Monthly Disclosure for December 2025,/inbs/ek/140120260120536206.pdf,False,,english,REIT,,
2026-01-22 15:30:00,2026-01-22,89850,Japan Hotel REIT Investment Corporation,Notice Concerning New Loan (Refinancing),/inbs/ek/140120260120536207.pdf,False,,english,REIT,,
2026-01-22 15:30:00,2026-01-22,89860,Daiwa Securities Living Investment Corporation,Notice Concerning Acquisition of Domestic Real Estate (Gran Casa Sumiyoshi II),/inbs/ek/140120260122536862.pdf,False,,english,REIT,,
2026-01-22 15:30:00,2026-01-22,90640,"YAMATO HOLDINGS CO.,LTD.",Notice Regarding Changes of Representative Directors and Officers,/inbs/ek/140120260122537063.pdf,False,,english,Land Transportation,,
2026-01-22 15:30:00,2026-01-22,92380,"VALUE CREATION CO.,LTD.","[Delayed]Non-consolidated Financial Results for the Nine Months Ended November 30, 2025  (Under Japanese GAAP)",/inbs/ek/140120260122536959.pdf,False,,english,Services,,
2026-01-22 15:30:00,2026-01-22,92670,"Genky DrugStores Co.,Ltd.",Notice Concerning Revisions to Consolidated Earnings Forecast,/inbs/ek/140120260122537058.pdf,False,,english,Retail Trade,,
2026-01-22 15:30:00,2026-01-22,96780,"KANAMOTO CO.,LTD.",Notice Regarding Disposal of Treasury Stock as Restricted Stock Compensation,/inbs/ek/140120260122537083.pdf,False,,english,Services,,
2026-01-22 15:00:00,2026-01-22,64440,SANDEN CORPORATION,Notice Regarding Compliance with the Listing Maintenance Criteria,/inbs/ek/140120260122536827.pdf,False,,english,Machinery,,
2026-01-22 15:00:00,2026-01-22,64440,SANDEN CORPORATION,Notice Regarding Corporate Officer Appointment,/inbs/ek/140120260122536863.pdf,False,,english,Machinery,,
2026-01-22 14:00:00,2026-01-22,43430,"AEON Fantasy Co.,LTD.","［Updated］Consolidated Financial Results for the Nine Months Ended November 30, 2025 [Japanese GAAP]",/inbs/ek/140120260122536833.pdf,False,,english,Services,,
2026-01-22 13:30:00,2026-01-22,19690,"Takasago Thermal Engineering Co.,Ltd.",Notice Regarding change of representative Director and officers,/inbs/ek/140120260122536903.pdf,False,,english,Construction,,
2026-01-22 13:00:00,2026-01-22,73500,"Okinawa Financial Group,Inc.","Notice Concerning Unrealized Losses on Securities For the Nine Months Ended December 31, 2025",/inbs/ek/140120260121536564.pdf,False,,english,Banks,,
2026-01-22 12:30:00,2026-01-22,32450,"DEAR LIFE CO.,LTD.",Notice Regarding Acquisition of Income-Producing Property,/inbs/ek/140120260122536970.pdf,False,,english,Real Estate,,
2026-01-22 12:00:00,2026-01-22,86240,"Ichiyoshi Securities Co.,Ltd.",Preliminary Consolidated Earnings Figures for First Three Quarters of Fiscal 2025,/inbs/ek/140120260121536710.pdf,False,,english,Securities & Commodity Futures,,
2026-01-22 11:30:00,2026-01-22,86220,"Mito Securities Co.,Ltd.","Preliminary Financial Results for the Nine Months Ended December 31, 2025 (Under Japanese GAAP)",/inbs/ek/140120260122536836.pdf,False,,english,Securities & Commodity Futures,,
2026-01-22 11:00:00,2026-01-22,64740,NACHI-FUJIKOSHI CORP.,Notice Concerning Changes in Representative Directors and Directors,/inbs/ek/140120260120536159.pdf,False,,english,Machinery,,
2026-01-22 11:00:00,2026-01-22,64740,NACHI-FUJIKOSHI CORP.,【Summary】Notice of Continuation of Countermeasures Against Large-Scale Purchases of the Company’s Shares (Takeover Defense Measures),/inbs/ek/140120260121536746.pdf,False,,english,Machinery,,
2026-01-22 11:00:00,2026-01-22,95010,"Tokyo Electric Power Company Holdings,Incorporated",Financial Assistance from the Nuclear Damage Compensation and Decommissioning Facilitation Corporation,/inbs/ek/140120260121536636.pdf,False,,english,Electric Power & Gas,,
2026-01-22 09:30:00,2026-01-22,92780,BOOKOFF GROUP HOLDINGS LIMITED,[Delayed]Financial Results Presentation Materials for the First Half of the Fiscal Year Ending May 2026(1H FY5/2026),/inbs/ek/140120260121536775.pdf,False,,english,Retail Trade,,
2026-01-21 18:30:00,2026-01-21,30020,GUNZE LIMITED,Notice Concerning Absorption-Type Merger of Wholly Owned Subsidiary,/inbs/ek/140120260120536060.pdf,False,,english,Textiles & Apparels,,
2026-01-21 17:30:00,2026-01-21,89510,Nippon Building Fund Inc.,Notice Concerning Decision of Number of New Investment Units to be Issued by Third Party Allocation,/inbs/ek/140120260121536744.pdf,False,,english,REIT,,
2026-01-21 17:00:00,2026-01-21,34540,"First Brothers Co.,Ltd.",[Delayed]Notice on Dividend Payment,/inbs/ek/140120260121536648.pdf,False,,english,Real Estate,,
2026-01-21 17:00:00,2026-01-21,80020,Marubeni Corporation,Notice Regarding Judicial Review of the Ruling of the Supreme Court of Indonesia (Central Jakarta Case),/inbs/ek/140120260121536408.pdf,False,,english,Wholesale Trade,,
2026-01-21 17:00:00,2026-01-21,96030,"H.I.S.Co.,Ltd.","[Updated]Consolidated Financial Results for the Fiscal Year Ended October 31, 2025(Under Japanese GAAP)",/inbs/ek/140120260121536300.pdf,False,,english,Services,,
2026-01-21 16:55:00,2026-01-21,60350,"IR Japan Holdings,Ltd.",(Update of Previous Disclosure) Announcement Regarding Favorable Verdict Dismissing Appeal of Decision in Lawsuit Filed,/inbs/ek/140120260121536731.pdf,False,,english,Services,,
2026-01-21 16:30:00,2026-01-21,30420,SecuAvail Inc.,(Progress of Disclosed Matters) Approval of Market Segment Transition to the TSE Standard Market,/inbs/ek/140120260121536498.pdf,False,,english,Information & Communication,,
2026-01-21 16:30:00,2026-01-21,71870,"J-LEASE CO.,LTD.",Notice Concerning Additional Contribution to the Performance-Linked Stock Compensation Plan,/inbs/ek/140120260121536701.pdf,False,,english,Other Financing Business,,
2026-01-21 16:10:00,2026-01-21,81420,"TOHO Co.,Ltd.","Notice Concerning Determination of Selling Price, etc.",/inbs/ek/140120260121536712.pdf,False,,english,Wholesale Trade,,
2026-01-21 16:00:00,2026-01-21,26850,"and ST HD Co.,Ltd.",Notice Concerning Change in Representative Director (President),/inbs/ek/140120260120536240.pdf,False,,english,Retail Trade,,
2026-01-21 16:00:00,2026-01-21,61460,DISCO CORPORATION,Consolidated Financial Results for the Third Quarter of Fiscal Year 2025,/inbs/ek/140120260120535996.pdf,False,,english,Machinery,,
2026-01-21 16:00:00,2026-01-21,61460,DISCO CORPORATION,Business and Dividend Forecast Notification,/inbs/ek/140120260120536278.pdf,False,,english,Machinery,,
2026-01-21 16:00:00,2026-01-21,66190,W-SCOPE Corporation,Acquisition and cancellation of the 10th and 11th and the issuance of the 12th Stock Acquisition Rights through third-party allotment,/inbs/ek/140120260121536557.pdf,False,,english,Electric Appliances,,
2026-01-21 16:00:00,2026-01-21,70920,Fast Fitness Japan Incorporated,"Notice Concerning the Result of the Tender Offer for the Company Share Certificates, etc. by JG35 Inc. and Change of Parent Company and Shareholder",/inbs/ek/140120260121536556.pdf,False,,english,Services,,
2026-01-21 16:00:00,2026-01-21,72110,MITSUBISHI MOTORS CORPORATION,Notice Regarding Changes in Representative Executive Officers and Determination of Candidates for Directors,/inbs/ek/140120260121536616.pdf,False,,english,Transportation Equipment,,
2026-01-21 15:31:00,2026-01-21,47840,"GMO internet,Inc.",(Update on disclosed matter) Notice Concerning Progress Report on Plan to Comply with Listing Maintenance Standards,/inbs/ek/140120260121536422.pdf,False,,english,Services,,
2026-01-21 15:30:00,2026-01-21,24920,Infomart Corporation,Notice Regarding Business Alliance with invox Inc. and Additional Acquisition of Its Shares (Making It an Equity Method Affiliate),/inbs/ek/140120260121536539.pdf,False,,english,Services,,
2026-01-21 15:30:00,2026-01-21,28090,Kewpie Corporation,Notice of Distribution of Retained Earnings,/inbs/ek/140120260119535800.pdf,False,,english,Foods,,
2026-01-21 15:30:00,2026-01-21,29750,"Star Mica Holdings Co.,Ltd.",Notice Regarding Revision of Restricted Shares Compensation Plan for Directors,/inbs/ek/140120260121536644.pdf,False,,english,Real Estate,,
2026-01-21 15:30:00,2026-01-21,29790,"SOSiLA Logistics REIT,Inc.","Summary of Financial Results for the Fiscal Period Ended November 30, 2025 (REIT)",/inbs/ek/140120260120536263.pdf,False,,english,REIT,,
2026-01-21 15:30:00,2026-01-21,30380,"KOBE BUSSAN CO.,LTD.",Monthly Performance for December 2025,/inbs/ek/140120260120535838.pdf,False,,english,Wholesale Trade,,
2026-01-21 15:30:00,2026-01-21,32690,Advance Residence Investment Corporation,Notice Concerning Debt Financing and Repayment of Loan,/inbs/ek/140120260121536567.pdf,False,,english,REIT,,
2026-01-21 15:30:00,2026-01-21,32830,"Nippon Prologis REIT,Inc.","SUMMARY OF FINANCIAL RESULTS (REIT) For the 26th Fiscal Period Ended November 30, 2025",/inbs/ek/140120260121536294.pdf,False,,english,REIT,,
2026-01-21 15:30:00,2026-01-21,32830,"Nippon Prologis REIT,Inc.","Earnings Presentation Materials for the 26th Fiscal Period Ended November 30, 2025",/inbs/ek/140120260121536364.pdf,False,,english,REIT,,
2026-01-21 15:30:00,2026-01-21,32830,"Nippon Prologis REIT,Inc.",Nippon Prologis REIT Announces Acquisition and Disposition of Domestic Real Estate Trust Beneficiary Interests,/inbs/ek/140120260121536369.pdf,False,,english,REIT,,
2026-01-21 15:30:00,2026-01-21,36680,"COLOPL,Inc.",Notice of Completion of Payment of New Shares as Restricted Stock Compensation,/inbs/ek/140120260121536490.pdf,False,,english,Information & Communication,,
2026-01-21 15:30:00,2026-01-21,39940,"Money Forward,Inc.","Notice Regarding Results of Tender Offer for OutlookConsulting Co., Ltd.",/inbs/ek/140120260121536434.pdf,False,,english,Information & Communication,,
2026-01-21 15:30:00,2026-01-21,45530,"TOWA PHARMACEUTICAL CO.,LTD.",Notice of Conclusion of a Basic Agreement with Otsuka Pharmaceutical to Establish a Collaborative Framework for Pharmaceutical Manufacturing,/inbs/ek/140120260121536375.pdf,False,,english,Pharmaceutical,,
2026-01-21 15:30:00,2026-01-21,45930,HEALIOS K.K.,Announcement of Letter of Intent with Alfresa Corporation regarding the Sale and Purchase of Somatic Stem Cell Culture Supernatant,/inbs/ek/140120260121536458.pdf,False,,english,Pharmaceutical,,
2026-01-21 15:30:00,2026-01-21,46760,"FUJI MEDIA HOLDINGS,INC.",Notice Regarding Receipt of Reply Concerning the Delivery of Revised Information List Regarding Large-Scale Acquisition Activities,/inbs/ek/140120260121536582.pdf,False,,english,Information & Communication,,
2026-01-21 15:30:00,2026-01-21,50320,ANYCOLOR Inc.,Notice Regarding the Decisions on Matters Related to Stock Repurchase,/inbs/ek/140120260121536448.pdf,False,,english,Information & Communication,,
2026-01-21 15:30:00,2026-01-21,60270,"Bengo4.com,Inc.",Notice Regarding the President’s Gift of Shares,/inbs/ek/140120260121536518.pdf,False,,english,Services,,
2026-01-21 15:30:00,2026-01-21,60270,"Bengo4.com,Inc.",Notice Regarding Increase of Employee Stock Ownership Plan Incentive Rate,/inbs/ek/140120260121536296.pdf,False,,english,Services,,
2026-01-21 15:30:00,2026-01-21,60270,"Bengo4.com,Inc.",Notice Regarding Establishment of Record Date for Convening an Extraordinary General Meeting of Shareholders and Reduction in Amount of Share Capital,/inbs/ek/140120260121536524.pdf,False,,english,Services,,
2026-01-21 15:30:00,2026-01-21,75450,"NISHIMATSUYA CHAIN Co.,Ltd.","Monthly Sales Reports for January 2026, FY2/2026",/inbs/ek/140120260121536480.pdf,False,,english,Retail Trade,,
2026-01-21 15:30:00,2026-01-21,89670,"Japan Logistics Fund,Inc.",Notice Concerning the Determination of Planned Acquisition Price and Planned Disposition Price through Asset Swaps,/inbs/ek/140120260121536384.pdf,False,,english,REIT,,
2026-01-21 15:30:00,2026-01-21,91630,Nareru Group Inc.,December 2025 KPI Announcement,/inbs/ek/140120260121536412.pdf,False,,english,Services,,
2026-01-21 15:00:00,2026-01-21,82030,MrMax Holdings Ltd.,[Delayed]Reference Materials for Financial Results Financial Results for the Third Quarter of the Fiscal Year Ending February 2026,/inbs/ek/140120260121536419.pdf,False,,english,Retail Trade,,
2026-01-21 14:30:00,2026-01-21,41160,"Dainichiseika Color & Chemicals Mfg.Co.,Ltd.",Notice Concerning Revision of the Executive Officer System and Introduction of the Chief Officer System,/inbs/ek/140120260119535603.pdf,False,,english,Chemicals,,
2026-01-21 13:30:00,2026-01-21,58300,"Iyogin Holdings,Inc.",Notice Concerning Status and Completion of Acquisition of Own Shares,/inbs/ek/140120260119535507.pdf,False,,english,Banks,,
2026-01-21 13:00:00,2026-01-21,27330,ARATA CORPORATION,"Notice regarding Completion of Acquisition of Shares of MAP Holdings Co., Ltd. (Making it a Subsidiary)",/inbs/ek/140120260120536284.pdf,False,,english,Wholesale Trade,,
2026-01-21 12:15:00,2026-01-21,30910,"BRONCO BILLY Co.,LTD.",[Delayed]Notice Concerning Year-End Dividend (Commemorative Dividend),/inbs/ek/140120260120535858.pdf,False,,english,Retail Trade,,
2026-01-21 12:00:00,2026-01-21,14180,"INTERLIFE HOLDINGS CO.,LTD.","[Delayed]Consolidated Financial Resultsfor the Nine Months Ended November 30,2025[Japanese GAAP]",/inbs/ek/140120260121536373.pdf,False,,english,Construction,,
2026-01-21 12:00:00,2026-01-21,86140,"TOYO SECURITIES CO.,LTD.","Preliminary Consolidated Financial Results for the Nine Months Period Ended December 31, 2025",/inbs/ek/140120260121536428.pdf,False,,english,Securities & Commodity Futures,,
2026-01-21 11:30:00,2026-01-21,87060,"KYOKUTO SECURITIES CO.,LTD.","Preliminary Results for First Nine Months (April 1 - Dec. 31, 2025) of Fiscal Year Ending March 31,2026",/inbs/ek/140120260120536241.pdf,False,,english,Securities & Commodity Futures,,
2026-01-21 11:30:00,2026-01-21,93990,Beat Holdings Limited,Additional Purchase of Bitcoin ETF,/inbs/ek/140120260121536437.pdf,False,,english,Information & Communication,,
2026-01-21 11:00:00,2026-01-21,81940,LIFE CORPORATION,"［Updated］Consolidated Financial Results for the First Nine Months of the Fiscal Year Ending February 28,2026 (under Japanese GAAP)",/inbs/ek/140120260115534273.pdf,False,,english,Retail Trade,,
2026-01-21 11:00:00,2026-01-21,92470,TRE HOLDINGS CORPORATION,Notice Regarding the Status and Completion of the Acquisition of Treasury Shares,/inbs/ek/140120260121536365.pdf,False,,english,Services,,
2026-01-21 08:59:00,2026-01-21,99320,"SUGIMOTO & CO.,LTD.",[Delayed][Summary]Notice Concerning Organizational Changes and Personnel Appointments,/inbs/ek/140120260121536324.pdf,False,,english,Wholesale Trade,,
2026-01-20 21:35:00,2026-01-20,71050,"Mitsubishi Logisnext Co.,Ltd.","Notice of Statement of Opinion Regarding the Commencement of Tender Offer for Logisnext Shares, etc. by LVJ Holdings 2 LLC",/inbs/ek/140120260120536309.pdf,False,,english,Transportation Equipment,,
2026-01-20 21:35:00,2026-01-20,71050,"Mitsubishi Logisnext Co.,Ltd.","Notice Regarding Commencement of Tender Offer for the Shares of Mitsubishi Logisnext Co., Ltd. (Securities Code 7105)",/inbs/ek/140120260120536310.pdf,False,,english,Transportation Equipment,,
2026-01-20 20:00:00,2026-01-20,70110,"Mitsubishi Heavy Industries,Ltd.","(Update on Disclosed Matter) Notification Regarding Commencement of Tender Offer for Shares of Mitsubishi Logisnext Co., Ltd. by LVJ Holdings 2 LLC",/inbs/ek/140120260119535697.pdf,False,,english,Machinery,,
2026-01-20 18:00:00,2026-01-20,32790,Activia Properties Inc.,Notice Concerning Borrowing of Funds,/inbs/ek/140120260119535792.pdf,False,,english,REIT,,
2026-01-20 17:50:00,2026-01-20,74190,"Nojima Co.,Ltd.",Notice Concerning Changes in Executive Officers,/inbs/ek/140120260120536196.pdf,False,,english,Retail Trade,,
2026-01-20 17:30:00,2026-01-20,67580,SONY GROUP CORPORATION,Sony Corporation Announces Signing of MoU with TCL Electronics Holdings Limited for Strategic Partnership in Home Entertainment Field,/inbs/ek/140120260120536151.pdf,False,,english,Electric Appliances,,
2026-01-20 16:40:00,2026-01-20,34710,Mitsui Fudosan Logistics Park Inc.,Notice Concerning Extension of the Commitment Line Period,/inbs/ek/140120260120536137.pdf,False,,english,REIT,,
2026-01-20 16:30:00,2026-01-20,28090,Kewpie Corporation,"Notice of Settlement of Accounts of Parent Company, Etc.",/inbs/ek/140120260119535794.pdf,False,,english,Foods,,
2026-01-20 16:30:00,2026-01-20,28090,Kewpie Corporation,"Matters Concerning Controlling Shareholder, Etc.",/inbs/ek/140120260119535796.pdf,False,,english,Foods,,
2026-01-20 16:30:00,2026-01-20,78390,"SHOEI CO.,LTD.",Notice of Completion of Payment for Disposal of Treasury Shares as Restricted Stock Compensation,/inbs/ek/140120260120535845.pdf,False,,english,Other Products,,
2026-01-20 16:30:00,2026-01-20,96990,"NISHIO HOLDINGS CO.,LTD.",[Updated]Notice of Partial Revision of “Company Initiatives Related to the Corporate Governance Code”,/inbs/ek/140120260120536043.pdf,False,,english,Services,,
2026-01-20 16:00:00,2026-01-20,18880,"WAKACHIKU CONSTRUCTION CO.,LTD.",Implementation of Borrowings under Commitment Line Agreements,/inbs/ek/140120260120535944.pdf,False,,english,Construction,,
2026-01-20 16:00:00,2026-01-20,45070,"Shionogi & Co.,Ltd.","[Summary]GSK, Pfizer and Shionogi agree on changes to ViiV Healthcare shareholding",/inbs/ek/140120260120536079.pdf,False,,english,Pharmaceutical,,
2026-01-20 16:00:00,2026-01-20,84390,Tokyo Century Corporation,Announcement of Partial Share Transfer and Resulting Change in the Status of Subsidiaries,/inbs/ek/140120260120535988.pdf,False,,english,Other Financing Business,,
2026-01-20 16:00:00,2026-01-20,90370,"HAMAKYOREX CO.,LTD.",Notice of the completion of payment for the disposal of treasury stock as restricted shares,/inbs/ek/140120260120535935.pdf,False,,english,Land Transportation,,
2026-01-20 16:00:00,2026-01-20,97880,"NAC CO.,LTD.",Notice Concerning Shareholder Benefits,/inbs/ek/140120260120536017.pdf,False,,english,Services,,
2026-01-20 15:30:00,2026-01-20,17660,TOKEN CORPORATION,Announcement Regarding Results of Tender Offer for Own Shares and Completion of Repurchase of Own Shares,/inbs/ek/140120260120536002.pdf,False,,english,Construction,,
2026-01-20 15:30:00,2026-01-20,30910,"BRONCO BILLY Co.,LTD.","[Summary]Consolidated Financial Results for the Fiscal Year Ended December 31, 2025 (Under Japanese GAAP)",/inbs/ek/140120260119535454.pdf,False,,english,Retail Trade,,
2026-01-20 15:30:00,2026-01-20,32880,"Open House Group Co.,Ltd.",Notice Regarding Issuance Details of Stock Compensation-Type Stock Options (Stock Acquisition Rights),/inbs/ek/140120260120536027.pdf,False,,english,Real Estate,,
2026-01-20 15:30:00,2026-01-20,34860,GLOBAL LINK MANAGEMENT INC.,Notice Concerning the Borrowing of Funds for the Purchase of Real Estate for Sale (Trust Beneficiary Rights / Office Buildings),/inbs/ek/140120260120536046.pdf,False,,english,Real Estate,,
2026-01-20 15:30:00,2026-01-20,35490,"KUSURI NO AOKI HOLDINGS CO.,LTD.","(Delayed)Notice Concerning Termination of Business and Capital Alliance with AEON Co., Ltd.",/inbs/ek/140120260120535979.pdf,False,,english,Retail Trade,,
2026-01-20 15:30:00,2026-01-20,39920,Needs Well Inc.,Notice Concerning Disposal of Treasury Stock as Restricted Stock Compensation,/inbs/ek/140120260120535989.pdf,False,,english,Information & Communication,,
2026-01-20 15:30:00,2026-01-20,45930,HEALIOS K.K.,Submission of Clinical Trial Notification in Japan for the Global Phase 3 REVIVE-ARDS Study,/inbs/ek/140120260120535940.pdf,False,,english,Pharmaceutical,,
2026-01-20 15:30:00,2026-01-20,74580,"DAIICHIKOSHO CO.,LTD.",Notice Regarding the Passing of a Corporate Auditor and the Appointment of a Substitute Corporate Auditor as a Corporate Auditor,/inbs/ek/140120260120536105.pdf,False,,english,Wholesale Trade,,
2026-01-20 15:30:00,2026-01-20,77390,CANON ELECTRONICS INC.,"Notice Concerning Results of the Tender Offer for Company Shares by Canon Inc., the Company’s Controlling Shareholder",/inbs/ek/140120260120536032.pdf,False,,english,Electric Appliances,,
2026-01-20 15:30:00,2026-01-20,77510,CANON INC.,Notice Regarding Results of Tender Offer for Shares of Canon Electronics Inc. (Securities Code: 7739),/inbs/ek/140120260120535958.pdf,False,,english,Electric Appliances,,
2026-01-20 15:30:00,2026-01-20,82170,"OKUWA CO.,LTD.",Notice Concerning Changes in Officers and Organizational Structure,/inbs/ek/140120260119535771.pdf,False,,english,Retail Trade,,
2026-01-20 15:30:00,2026-01-20,86130,"Marusan Securities Co.,Ltd.","Preliminary Financial Results for the Nine Months Ended December31,2025(Under Japanese GAAP)",/inbs/ek/140120260120536071.pdf,False,,english,Securities & Commodity Futures,,
2026-01-20 15:30:00,2026-01-20,89630,Invincible Investment Corporation,Notice concerning Conclusion of the  Fixed-term Building Lease and Property Management Agreement (Hotel MyStays Shinsaibashi),/inbs/ek/140120260120535918.pdf,False,,english,REIT,,
2026-01-20 15:30:00,2026-01-20,97190,SCSK Corporation,[Delayed](Correction)Notice Regarding Partial Revision to News Release Entitled “Notice Regarding Company Split (Simple Absorption-Type Company,/inbs/ek/140120260120535869.pdf,False,,english,Information & Communication,,
2026-01-20 15:00:00,2026-01-20,51860,Nitta Corporation,Notice Regarding Establishment of an Overseas Subsidiary,/inbs/ek/140120260120535819.pdf,False,,english,Rubber Products,,
2026-01-20 14:00:00,2026-01-20,94380,MTI Ltd.,Notice Regarding Issuance of New Shares as Restricted Stock Remuneration and Cancellation of Treasury Stock,/inbs/ek/140120260120535914.pdf,False,,english,Information & Communication,,
2026-01-20 13:00:00,2026-01-20,67410,"Nippon Signal Company,Limited",Notification Regarding Transfer of the President and Chief Executive Officer,/inbs/ek/140120260119535739.pdf,False,,english,Electric Appliances,,
2026-01-20 11:00:00,2026-01-20,27800,"Komehyo Holdings Co.,Ltd.",Brand and Fashion Business Monthly Results for December of the fiscal Year Ending March 2026,/inbs/ek/140120260120535895.pdf,False,,english,Retail Trade,,
2026-01-20 11:00:00,2026-01-20,36490,FINDEX Inc.,Notice of Preliminary Results on Product Implementations,/inbs/ek/140120260120535902.pdf,False,,english,Information & Communication,,
2026-01-20 11:00:00,2026-01-20,80120,"NAGASE & CO.,LTD.",Notice Regarding the Status and Completion of Repurchase of Own Shares,/inbs/ek/140120260120535835.pdf,False,,english,Wholesale Trade,,
2026-01-19 18:00:00,2026-01-19,69140,"OPTEX GROUP Company,Limited",Notice of the Reorganization of the Group (Absorption-Type Demerger and Merger between Consolidated Subsidiaries),/inbs/ek/140120260119535751.pdf,False,,english,Electric Appliances,,
2026-01-19 17:45:00,2026-01-19,61510,"NITTO KOHKI CO.,LTD.",Notice Regarding Receipt of Subsidy by Consolidated Subsidiary,/inbs/ek/140120260119535736.pdf,False,,english,Machinery,,
2026-01-19 17:30:00,2026-01-19,92500,GRCS Inc.,"Consolidated Financial Results for the Fiscal Year Ended November 30, 2025  (Under Japanese GAAP)",/inbs/ek/140120260119535726.pdf,False,,english,Services,,
2026-01-19 17:10:00,2026-01-19,34540,"First Brothers Co.,Ltd.",[Delayed]Consolidated Financial Results for the Fiscal Year Ended,/inbs/ek/140120260119535700.pdf,False,,english,Real Estate,,
2026-01-19 17:10:00,2026-01-19,34540,"First Brothers Co.,Ltd.",[Delayed]FY11/25Financial Earnings Summary,/inbs/ek/140120260119535704.pdf,False,,english,Real Estate,,
2026-01-19 17:10:00,2026-01-19,34540,"First Brothers Co.,Ltd.",[Delayed]Notice Regarding Partial Revisions to Our Q3 FY11/25 Financial Earnings Summary,/inbs/ek/140120260119535707.pdf,False,,english,Real Estate,,
2026-01-19 17:00:00,2026-01-19,18610,"Kumagai Gumi Co.,Ltd.","Notice Concerning the Determination of the Offer Price, etc.",/inbs/ek/140120260119535681.pdf,False,,english,Construction,,
2026-01-19 17:00:00,2026-01-19,28710,NICHIREI CORPORATION,"Notice Regarding Determination of Selling Price, etc.",/inbs/ek/140120260119535696.pdf,False,,english,Foods,,
2026-01-19 17:00:00,2026-01-19,42460,DaikyoNishikawa Corporation,"Notice Concerning Determination of Selling Price, etc.",/inbs/ek/140120251225526771.pdf,False,,english,Chemicals,,
2026-01-19 16:00:00,2026-01-19,46660,"PARK24 Co.,Ltd.",Monthly Report December 2025,/inbs/ek/140120260119535524.pdf,False,,english,Real Estate,,
2026-01-19 15:45:00,2026-01-19,93480,"ispace,inc.",(Delayed) Notice of Selection for Space Strategy Fund Phase 2 (Technology to realize high-precision landing in the lunar polar region),/inbs/ek/140120260116535245.pdf,False,,english,Services,,
2026-01-19 15:30:00,2026-01-19,39230,"RAKUS Co.,Ltd.",Notice Regarding Monthly Sales in FY2026 (Dec.),/inbs/ek/140120260119535417.pdf,False,,english,Information & Communication,,
2026-01-19 15:30:00,2026-01-19,40710,"Plus Alpha Consulting Co.,LTD.",Notice Regarding Issuance of Paid Stock Options (Share Acquisition Rights),/inbs/ek/140120260116535276.pdf,False,,english,Information & Communication,,
2026-01-19 15:30:00,2026-01-19,45650,"Nxera Pharma Co.,Ltd.",Nxera Pharma Reports Positive Results From Phase 3 Trial of Daridorexant in South Korea,/inbs/ek/140120260119535594.pdf,False,,english,Pharmaceutical,,
2026-01-19 15:30:00,2026-01-19,50170,"Fuji Oil Company,Ltd.",Notice Concerning Delisting of Company Shares,/inbs/ek/140120260119535375.pdf,False,,english,Oil & Coal Products,,
2026-01-19 15:30:00,2026-01-19,56310,"The Japan Steel Works,Ltd.",Notice Concerning Absorption-Type Merger (Simplified Merger and Short Form Merger)  of Consolidated Subsidiary,/inbs/ek/140120260116535121.pdf,False,,english,Machinery,,
2026-01-19 15:30:00,2026-01-19,71140,"Foodison,Inc.",Notice Regarding the Issuance of Performance-Linked Tax-Qualified Stock Acquisition Rights (Gratuitous Stock Options),/inbs/ek/140120260119535629.pdf,False,,english,Wholesale Trade,,
2026-01-19 15:30:00,2026-01-19,78170,"PARAMOUNT BED HOLDINGS CO.,LTD.","Notice Regarding Resolution Approving Share Consolidation, Abolishment of Provisions on Number of Shares per Unit, and Partial Amendment to Articles o",/inbs/ek/140120260114533638.pdf,False,,english,Other Products,,
2026-01-19 15:30:00,2026-01-19,89660,"HEIWA REAL ESTATE REIT,Inc.",48th Fiscal Period Financial Report(REIT),/inbs/ek/140120260119535653.pdf,False,,english,REIT,,
2026-01-19 15:30:00,2026-01-19,98690,"KATO SANGYO CO.,LTD.",Notice Regarding Completion of Allocation for Disposal of Treasury Stock as Restricted Stock to Directors,/inbs/ek/140120260107530444.pdf,False,,english,Wholesale Trade,,
2026-01-19 15:00:00,2026-01-19,13320,Nissui Corporation,Notice Regarding Changes to the Representative Director and Executive Officers,/inbs/ek/140120260119535515.pdf,False,,english,"Fishery, Agriculture & Forestry",,
2026-01-19 15:00:00,2026-01-19,64400,JUKI CORPORATION,Notice Regarding the Recording of Extraordinary Income (Gain on Sale of Investment Securities),/inbs/ek/140120260119535621.pdf,False,,english,Machinery,,
2026-01-19 15:00:00,2026-01-19,88640,"AIRPORT FACILITIES Co.,LTD.","Notice Regarding the Status and Completion of Acquisition of Own Shares, and the Cancellation of Treasury Shares",/inbs/ek/140120260119535440.pdf,False,,english,Real Estate,,
2026-01-19 14:00:00,2026-01-19,42200,RIKEN TECHNOS CORPORATION,Notice Concerning Personnel Changes to Directors and Executive Officers,/inbs/ek/140120260119535558.pdf,False,,english,Chemicals,,
2026-01-19 11:30:00,2026-01-19,32870,"Hoshino Resorts REIT,Inc.",[Delayed] Notice Concerning Portfolio Management Results (for November 2025),/inbs/ek/140120260115534530.pdf,False,,english,REIT,,
2026-01-19 09:00:00,2026-01-19,68350,ALLIED TELESIS HOLDINGS K.K.,Notice Concerning the Business Transfer Conducted by Our Subsidiary,/inbs/ek/140120260119535333.pdf,False,,english,Electric Appliances,,
2026-01-19 08:40:00,2026-01-19,81290,"TOHO HOLDINGS CO.,LTD.","(delayed）Notice of Receipt of a Large-Scale Purchase Explanation Related to Large-Scale Purchases of Share Certificates, Etc.",/inbs/ek/140120260116535299.pdf,False,,english,Wholesale Trade,,
2026-01-16 19:00:00,2026-01-16,39240,"R&D COMPUTER CO.,LTD.",Notice Regarding Result of Resolution of Extraordinary Shareholders Meeting,/inbs/ek/140120260116535165.pdf,False,,english,Information & Communication,,
2026-01-16 19:00:00,2026-01-16,45770,"Daito Pharmaceutical Co.,Ltd.","(Correction) Partial Correction to “Second Half, Fiscal Year Ending May 2026 Financial Results Presentation Materials”",/inbs/ek/140120260116535296.pdf,False,,english,Pharmaceutical,,
2026-01-16 18:00:00,2026-01-16,34750,"Good Com Asset Co.,Ltd.",Notice of Lawsuit against Us,/inbs/ek/140120260116535239.pdf,False,,english,Real Estate,,
2026-01-16 18:00:00,2026-01-16,40050,"SUMITOMO CHEMICAL COMPANY,LIMITED","(Progress of Disclosed Matters) Notice of Determination of the Share Exchange Ratio between Sumitomo Chemical Co., Ltd and Tanaka Chemical Corporation",/inbs/ek/140120260116534979.pdf,False,,english,Chemicals,,
2026-01-16 17:30:00,2026-01-16,49310,"Shinnihonseiyaku Co.,Ltd.",Notice Concerning the Completion of Payment for the Disposal of Treasury Shares as Stock Compensation for Directors of the Board,/inbs/ek/140120260116535090.pdf,False,,english,Chemicals,,
2026-01-16 17:30:00,2026-01-16,50270,AnyMind Group Inc.,Notice Regarding Acquisition of All Shares of Bcode inc. by Our Consolidated Subsidiary (Making it a Consolidated Subsidiary),/inbs/ek/140120260116535229.pdf,False,,english,Information & Communication,,
2026-01-16 17:15:00,2026-01-16,49170,MANDOM CORPORATION,(Amendment) Notice regarding partial amendment to the Notice regarding Expression of Opinion in favor of Implementation of MBO,/inbs/ek/140120260116535255.pdf,False,,english,Chemicals,,
2026-01-16 17:00:00,2026-01-16,22960,ITOHAM YONEKYU HOLDINGS INC.,Notice Regarding Changes in Directors and Executive Officers,/inbs/ek/140120260115534717.pdf,False,,english,Foods,,
2026-01-16 17:00:00,2026-01-16,32210,"Yossix Holdings Co.,Ltd.",Fiscal Year Ending March 2026 Notice of Number of Stores  and Monthly Sales Compared to the Previous Year,/inbs/ek/140120260116535145.pdf,False,,english,Retail Trade,,
2026-01-16 17:00:00,2026-01-16,64320,"TAKEUCHI MFG.CO.,LTD.","Notice Regarding Acquisition of Shares of Takeuchi Mfg. Co., Ltd. as Specified by Cabinet Order as Acts Equivalent to a Tender Offer",/inbs/ek/140120260116535248.pdf,False,,english,Machinery,,
2026-01-16 17:00:00,2026-01-16,65210,OXIDE Corporation,"Q & A session of the Financial Results Meeting for the Nine Months Ended November 30, 2025",/inbs/ek/140120260116535243.pdf,False,,english,Electric Appliances,,
2026-01-16 16:50:00,2026-01-16,89520,Japan Real Estate Investment Corporation,Announcement of Acquisition of Domestic Real Estate,/inbs/ek/140120260116535135.pdf,False,,english,REIT,,
2026-01-16 16:45:00,2026-01-16,68090,TOA CORPORATION,〔Summary〕Notice Concerning Determination of the Number of New Shares to be Issued by Capital Increase by way of Third-Party Allotment,/inbs/ek/140120260116534999.pdf,False,,english,Electric Appliances,,
2026-01-16 16:30:00,2026-01-16,32790,Activia Properties Inc.,Notice Concerning Disposition of Domestic Real Estate Trust Beneficiary Interest (Kobe Kyu Kyoryuchi 25Bankan),/inbs/ek/140120260114534110.pdf,False,,english,REIT,,
2026-01-16 16:30:00,2026-01-16,32790,Activia Properties Inc.,"Financial Report for the Fiscal Period Ended November 30, 2025 (June 1, 2025 - November 30, 2025)",/inbs/ek/140120260114534117.pdf,False,,english,REIT,,
2026-01-16 16:30:00,2026-01-16,32790,Activia Properties Inc.,"Notice Concerning Revisions to Forecasts of Management Performance and Cash Distributions for the Fiscal Period Ending May 31, 2026",/inbs/ek/140120260114534114.pdf,False,,english,REIT,,
2026-01-16 16:30:00,2026-01-16,49580,"T.HASEGAWA CO.,LTD.",Notice Concerning Completion of Payment for Disposal of Treasury Shares as Restricted Stock Compensation,/inbs/ek/140120260114533304.pdf,False,,english,Chemicals,,
2026-01-16 16:30:00,2026-01-16,86040,"Nomura Holdings, Inc.",Nomura Determines to Make Disposition of Treasury Shares as Stock Award,/inbs/ek/140120260116535225.pdf,False,,english,Securities & Commodity Futures,,
2026-01-16 16:00:00,2026-01-16,29720,SANKEI REAL ESTATE Inc.,Amount Expected to be Delivered in Connection with the Tender Offer by Tiger LPS and Lion LPS for Investment Units of SRE and Scheduled Delivery Date,/inbs/ek/140120260116534980.pdf,False,,english,REIT,,
2026-01-16 16:00:00,2026-01-16,41690,ENECHANGE Ltd.,Frequently Asked Questions and Answers(January 2026),/inbs/ek/140120260116535136.pdf,False,,english,Information & Communication,,
2026-01-16 16:00:00,2026-01-16,54400,KYOEI STEEL LTD.,(Progress of Disclosing Matters) Notice Regarding Some Changes to Plan for Capital Investment in U.S. Business Base,/inbs/ek/140120260116535200.pdf,False,,english,Iron & Steel,,
2026-01-16 16:00:00,2026-01-16,90690,"SENKO Group Holdings Co.,Ltd.","(Correction) Notice of Partial Correction to """"Notice Regarding Planned Commencement of Tender Offer for Shares of Maruwn Corporation""""",/inbs/ek/140120260116535166.pdf,False,,english,Land Transportation,,
2026-01-16 15:30:00,2026-01-16,21200,"LIFULL Co.,Ltd.",Notice Regarding the Determination of the Terms of Issuance of Stock Acquisition Rights (Stock Options Offered for Value),/inbs/ek/140120260116535085.pdf,False,,english,Services,,
2026-01-16 15:30:00,2026-01-16,22070,"MEITO CO.,LTD.",Notice Regarding Status and Completion of Acquisition of Own Shares and Number of Shares to be Cancelled,/inbs/ek/140120260115534735.pdf,False,,english,Foods,,
2026-01-16 15:30:00,2026-01-16,27300,EDION Corporation,Announcement of Merger (Simplified Merger and Short-form Merger) of Consolidated Subsidiary,/inbs/ek/140120260116534916.pdf,False,,english,Retail Trade,,
2026-01-16 15:30:00,2026-01-16,29790,"SOSiLA Logistics REIT,Inc.",Notice Concerning Submission of Business Improvement Report by Asset Manager,/inbs/ek/140120260116535061.pdf,False,,english,REIT,,
2026-01-16 15:30:00,2026-01-16,29790,"SOSiLA Logistics REIT,Inc.",Notice Concerning Adoption of Compliance Declaration by Asset Manager,/inbs/ek/140120260116535070.pdf,False,,english,REIT,,
2026-01-16 15:30:00,2026-01-16,31350,"MarketEnterprise Co.,Ltd",Monthly Sales Report in FY6/2026 (Dec.),/inbs/ek/140120260116534931.pdf,False,,english,Retail Trade,,
2026-01-16 15:30:00,2026-01-16,31860,"NEXTAGE Co.,Ltd.","Notice Regarding Partial Amendment to the Articles of Incorporation, Directors and an Auditor Elections, and Revision of Remuneration for Auditors",/inbs/ek/140120260116534869.pdf,False,,english,Retail Trade,,
2026-01-16 15:30:00,2026-01-16,35490,"KUSURI NO AOKI HOLDINGS CO.,LTD.",Notice Concerning the Holding of an Extraordinary General Meeting of Shareholders and Proposals to Be Submitted,/inbs/ek/140120260116534167.pdf,False,,english,Retail Trade,,
2026-01-16 15:30:00,2026-01-16,41650,"PLAID,Inc.",Announcement regarding Issuance of New Shares as Restricted Stock Compensation,/inbs/ek/140120260116535041.pdf,False,,english,Information & Communication,,
2026-01-16 15:30:00,2026-01-16,42080,UBE Corporation,[Updated] Restructuring of Domestic Production System in Cement-Related Business,/inbs/ek/140120260116535101.pdf,False,,english,Chemicals,,
2026-01-16 15:30:00,2026-01-16,43330,"TOHO SYSTEM SCIENCE CO.,LTD.",Notice Regarding Results of Extraordinary General Meeting of Shareholders,/inbs/ek/140120260116535174.pdf,False,,english,Information & Communication,,
2026-01-16 15:30:00,2026-01-16,49140,TAKASAGO INTERNATIONAL CORPORATION,Notice Concerning Acceptance of Tender Offer and (Expected) Recording of Extraordinary income,/inbs/ek/140120260115534140.pdf,False,,english,Chemicals,,
2026-01-16 15:30:00,2026-01-16,57110,Mitsubishi Materials Corporation,(Delayed) Rebuilding the Domestic Production Structure in the Cement-related Business,/inbs/ek/140120260116535081.pdf,False,,english,Nonferrous Metals,,
2026-01-16 15:30:00,2026-01-16,61970,Solasto Corporation,Notice Concerning the Corporate Officer Structure,/inbs/ek/140120260116534899.pdf,False,,english,Services,,
2026-01-16 15:30:00,2026-01-16,61970,Solasto Corporation,(Update on Earlier Disclosure) Notice Regarding the Conclusion of the Absorption-Type Company Split Agreement for the Spin-off of Children Business.,/inbs/ek/140120260116534917.pdf,False,,english,Services,,
2026-01-16 15:30:00,2026-01-16,69410,"YAMAICHI ELECTRONICS CO.,LTD.",Notice of Completion of Payment for Disposal of Treasury Shares as Restricted Stock Incentives for the Employee Shareholding Association and Partial L,/inbs/ek/140120260116534803.pdf,False,,english,Electric Appliances,,
2026-01-16 15:30:00,2026-01-16,69650,HAMAMATSU PHOTONICS K.K.,Notice Regarding Completion of Payment for Issuance of New Shares as Restricted Stock Remuneration,/inbs/ek/140120260107529873.pdf,False,,english,Electric Appliances,,
2026-01-16 15:30:00,2026-01-16,72050,"HINO MOTORS,LTD.","Notice Concerning Recording of Extraordinary Income (Gain on Sale of Investment Securities) in Connection with Sale of Shares in HOTAI MOTOR CO., LTD.",/inbs/ek/140120260116534784.pdf,False,,english,Transportation Equipment,,
2026-01-16 15:30:00,2026-01-16,72500,"PACIFIC INDUSTRIAL CO.,LTD.",Notice Regarding the Establishment of the Record Date for the Convocation of the Extraordinary General Shareholders Meeting,/inbs/ek/140120260115534418.pdf,False,,english,Transportation Equipment,,
2026-01-16 15:30:00,2026-01-16,76850,"BuySell Technologies Co.,Ltd.",Notice Regarding Monthly Business Update for December 2025,/inbs/ek/140120260116534984.pdf,False,,english,Wholesale Trade,,
2026-01-16 15:30:00,2026-01-16,81360,"Sanrio Company,Ltd.",Notice Regaring the Disposal of Treasury Shares as Restricted Stock Remuneration and the Partial Loss of Rights,/inbs/ek/140120260116534905.pdf,False,,english,Wholesale Trade,,
2026-01-16 15:30:00,2026-01-16,83590,"Hachijuni Nagano Bank,Ltd.",Introduction of Shareholder Benefits Program,/inbs/ek/140120260115534203.pdf,False,,english,Banks,,
2026-01-16 15:30:00,2026-01-16,96920,COMPUTER ENGINEERING & CONSULTING LTD.,Notice of Completion of Retirement of Treasury Shares,/inbs/ek/140120260116534912.pdf,False,,english,Information & Communication,,
2026-01-16 15:30:00,2026-01-16,98800,INNOTECH CORPORATION,Notice of the Status and Completion of Acquisition of Treasury Stock,/inbs/ek/140120260116534900.pdf,False,,english,Electric Appliances,,
2026-01-16 15:00:00,2026-01-16,13790,HOKUTO CORPORATION,Notice Regarding Disposal of Treasury Shares as Restricted Stock Compensation,/inbs/ek/140120260116535023.pdf,False,,english,"Fishery, Agriculture & Forestry",,
2026-01-16 15:00:00,2026-01-16,63950,TADANO LTD.,Notice regarding the absorption-type merger (simple merger/short-form merger) of a wholly owned subsidiary,/inbs/ek/140120260116535086.pdf,False,,english,Machinery,,
2026-01-16 15:00:00,2026-01-16,63950,TADANO LTD.,Notice Concerning Personnel Changes in Directors,/inbs/ek/140120260116535088.pdf,False,,english,Machinery,,
2026-01-16 15:00:00,2026-01-16,63950,TADANO LTD.,Notice Concerning Personnel Changes,/inbs/ek/140120260116535111.pdf,False,,english,Machinery,,
2026-01-16 14:30:00,2026-01-16,73370,"Hirogin Holdings,Inc.",Notice Concerning Additional Acquisition of Company Shares Related to Stock-based  Compensation Plan for Directors and Executive Officers,/inbs/ek/140120260116534876.pdf,False,,english,Banks,,
2026-01-16 14:00:00,2026-01-16,31760,"Sanyo Trading Co.,Ltd.",Notice Regarding Disposal of Treasury Shares as Restricted Stock Compensation,/inbs/ek/140120260115534263.pdf,False,,english,Wholesale Trade,,
2026-01-16 14:00:00,2026-01-16,80010,ITOCHU Corporation,Changes in Members of the Board and Audit & Supervisory Board Members,/inbs/ek/140120260116534954.pdf,False,,english,Wholesale Trade,,
2026-01-16 13:30:00,2026-01-16,38530,ASTERIA Corporation,Notice Regarding Capital and Business Alliance with JPYC Inc. and Disposal of Treasury Shares Through Third-Party Allotment to JPYC Inc.,/inbs/ek/140120260116535060.pdf,False,,english,Information & Communication,,
2026-01-16 13:30:00,2026-01-16,61350,"Makino Milling Machine Co.,Ltd.",Notice Regarding Update on Progress Toward Implementation of Tender Offer for Company Shares by MM Holdings K.K.,/inbs/ek/140120260114533982.pdf,False,,english,Machinery,,
2026-01-16 13:00:00,2026-01-16,43430,"AEON Fantasy Co.,LTD.","【Correction】 Notice Concerning Partial Amendment to the “Sales for December of the Fiscal Year Ending February 28, 2026”",/inbs/ek/140120260116535042.pdf,False,,english,Services,,
2026-01-16 13:00:00,2026-01-16,67420,"Kyosan Electric Manufacturing Co.,Ltd.",Notice of Organizational Changes and Executive Officer Structure,/inbs/ek/140120260115534727.pdf,False,,english,Electric Appliances,,
2026-01-16 12:30:00,2026-01-16,80580,Mitsubishi Corporation,Notice Concerning Acquisition of Equity Interests of Shale Gas Businesses in Texas and Louisiana,/inbs/ek/140120260114534066.pdf,False,,english,Wholesale Trade,,
2026-01-16 12:15:00,2026-01-16,36870,Fixstars Corporation,Notice Regarding Completion of Payment for the Disposal of Treasury Shares as Restricted Stock Compensation,/inbs/ek/140120260116534973.pdf,False,,english,Information & Communication,,
2026-01-16 11:30:00,2026-01-16,45400,TSUMURA & CO.,Notice regarding conclusion of a loan agreement with financial covenants,/inbs/ek/140120260116534964.pdf,False,,english,Pharmaceutical,,
2026-01-16 10:00:00,2026-01-16,13320,Nissui Corporation,(Update on disclosed matter)　Notice Regarding Completion of Acquisition of Shares in PESQUERA YADRAN S.A. and Changes in Specified Subsidiaries,/inbs/ek/140120260115534691.pdf,False,,english,"Fishery, Agriculture & Forestry",,
2026-01-16 08:30:00,2026-01-16,94010,"TBS HOLDINGS,INC.","Notice Concerning Capital and Business Alliance with Legend Pictures, LLC",/inbs/ek/140120260115534623.pdf,False,,english,Information & Communication,,
2026-01-15 18:30:00,2026-01-15,49170,MANDOM CORPORATION,"(Amendment) Notice Regarding Amendment to Notice Regarding Commencement of Tender Offer for Shares Certificates, Etc. of Mandom Corporation",/inbs/ek/140120260115534643.pdf,False,,english,Chemicals,,
2026-01-15 17:00:00,2026-01-15,27960,Pharmarise Holdings Corporation,"[Delayed]Consolidated Financial Results for the First Six Months of the Fiscal Year Ending May 31, 2026 (Japan GAAP)",/inbs/ek/140120260115534632.pdf,False,,english,Retail Trade,,
2026-01-15 17:00:00,2026-01-15,47550,"Rakuten Group,Inc.",Issuance of Share Options to Directors of the Company’s Subsidiaries and Executive Officers and Employees of the Company and Subsidiaries,/inbs/ek/140120260115534338.pdf,False,,english,Services,,
2026-01-15 16:30:00,2026-01-15,40620,"IBIDEN CO.,LTD.",Notice Concerning Tender Offer Application and Expected Recording of Extraordinary Income,/inbs/ek/140120260115534185.pdf,False,,english,Electric Appliances,,
2026-01-15 16:00:00,2026-01-15,80310,"MITSUI & CO.,LTD.","Changes of Directors, Audit & Supervisory Board Members and Executive Officers",/inbs/ek/140120260115534305.pdf,False,,english,Wholesale Trade,,
2026-01-15 16:00:00,2026-01-15,81510,TOYO Corporation,Notice Concerning Completion of Payment for Disposal of Treasury Shares for Restricted Share Remuneration,/inbs/ek/140120260115534332.pdf,False,,english,Wholesale Trade,,
2026-01-15 16:00:00,2026-01-15,89610,"MORI TRUST REIT,Inc.",Notice Concerning Borrowing of Funds,/inbs/ek/140120260115534449.pdf,False,,english,REIT,,
2026-01-15 16:00:00,2026-01-15,89640,Frontier Real Estate Investment Corporation,Notice Concerning Execution and Repayment of Long-term Borrowing,/inbs/ek/140120260115534445.pdf,False,,english,REIT,,
2026-01-15 15:50:00,2026-01-15,42020,Daicel Corporation,Notice Regarding the Company Split with a Consolidated Subsidiary and Change of Trade Name of a Consolidated Subsidiary,/inbs/ek/140120260115534554.pdf,False,,english,Chemicals,,
2026-01-15 15:35:00,2026-01-15,95580,"Japaniace Co.,Ltd.",Announcement on Succession of Business Through Company Split,/inbs/ek/140120260115534566.pdf,False,,english,Services,,
2026-01-15 15:30:00,2026-01-15,22690,"Meiji Holdings Co.,Ltd.","Notice Concerning Results of Next Career Special Support Program by Meiji Co., Ltd.",/inbs/ek/140120260114533648.pdf,False,,english,Foods,,
2026-01-15 15:30:00,2026-01-15,27420,"HALOWS CO.,LTD.",Notice Concerning Change in Duties of Director,/inbs/ek/140120260115534250.pdf,False,,english,Retail Trade,,
2026-01-15 15:30:00,2026-01-15,29790,"SOSiLA Logistics REIT,Inc.",Notice Concerning Changes in Organizational Structure and Changes of Directors and Important Employees of Asset Manager,/inbs/ek/140120260115534417.pdf,False,,english,REIT,,
2026-01-15 15:30:00,2026-01-15,30860,"J.FRONT RETAILING Co.,Ltd.",[Summary]J. Front Retailing Consolidated Revenue Report December 2025 (IFRS),/inbs/ek/140120260115534512.pdf,False,,english,Retail Trade,,
2026-01-15 15:30:00,2026-01-15,31970,"SKYLARK HOLDINGS CO.,LTD.",Notice Concerning Change of President and Nominees for New Directors,/inbs/ek/140120260115534439.pdf,False,,english,Retail Trade,,
2026-01-15 15:30:00,2026-01-15,39010,"MarkLines Co.,Ltd.",Notice regarding the results of a survey to evaluate the effectiveness of the Board of Directors,/inbs/ek/140120260115534372.pdf,False,,english,Information & Communication,,
2026-01-15 15:30:00,2026-01-15,39250,Double Standard Inc.,Notice Concerning Relocation of Head Office,/inbs/ek/140120260108530975.pdf,False,,english,Information & Communication,,
2026-01-15 15:30:00,2026-01-15,39830,"ORO Co.,Ltd.",Notice Regarding FY2025 Monthly Information (December),/inbs/ek/140120260114534098.pdf,False,,english,Information & Communication,,
2026-01-15 15:30:00,2026-01-15,43430,"AEON Fantasy Co.,LTD.","Sales for December of the Fiscal Year Ending February 28, 2026",/inbs/ek/140120260115534492.pdf,False,,english,Services,,
2026-01-15 15:30:00,2026-01-15,44340,"Serverworks Co.,Ltd.",[Delayed]Q3 FY02/2026 Financial Summary,/inbs/ek/140120260115534503.pdf,False,,english,Information & Communication,,
2026-01-15 15:30:00,2026-01-15,66190,W-SCOPE Corporation,Notice regarding the large-scale exercise of the 10th Stock Acquisition Rights with an amendment to the exercise price by allotment to a third party,/inbs/ek/140120260115534460.pdf,False,,english,Electric Appliances,,
2026-01-15 15:30:00,2026-01-15,70590,"COPRO-HOLDINGS.Co.,Ltd.",Notice Regarding Business Transfer Through a Company Split (Absorption-Type Split) of a Consolidated Subsidiary,/inbs/ek/140120260115534508.pdf,False,,english,Services,,
2026-01-15 15:30:00,2026-01-15,70590,"COPRO-HOLDINGS.Co.,Ltd.",Supplementary Materials Acquisition of Shares of TRYT Inc. (Making It a Wholly Owned Subsidiary),/inbs/ek/140120260115534504.pdf,False,,english,Services,,
2026-01-15 15:30:00,2026-01-15,70590,"COPRO-HOLDINGS.Co.,Ltd.",Notice Regarding Acquisition of Shares of TRYT Inc. (Making It a Wholly Owned Subsidiary),/inbs/ek/140120260115534502.pdf,False,,english,Services,,
2026-01-15 15:30:00,2026-01-15,70590,"COPRO-HOLDINGS.Co.,Ltd.",Notice Regarding Voluntary Adoption of International Financial Reporting Standards (IFRS),/inbs/ek/140120260115534516.pdf,False,,english,Services,,
2026-01-15 15:30:00,2026-01-15,76490,"SUGI HOLDINGS Co.,LTD.",December 2025 Monthly Sales Bulletin : Sugi Holdings Co. Ltd. Operations for Year Ending Feb. 2026,/inbs/ek/140120260115534474.pdf,False,,english,Retail Trade,,
2026-01-15 15:30:00,2026-01-15,77440,"Noritsu Koki Co.,Ltd.",Notice Regarding Acquisition of Shares of SENQCIA CORPORATION and Conversion to Wholly Owned Subsidiary,/inbs/ek/140120260115534257.pdf,False,,english,Precision Instruments,,
2026-01-15 15:30:00,2026-01-15,77440,"Noritsu Koki Co.,Ltd.",Supplementary Materials to the Notice Regarding Acquisition of Shares of SENQCIA CORPORATION and Conversion to Wholly Owned Subsidiary,/inbs/ek/140120260115534262.pdf,False,,english,Precision Instruments,,
2026-01-15 15:30:00,2026-01-15,78670,"TOMY COMPANY,LTD.",Notice Concerning Completion of Payment for Disposal of Treasury Shares and Partial Forfeiture of Rights,/inbs/ek/140120260114533469.pdf,False,,english,Other Products,,
2026-01-15 15:30:00,2026-01-15,82330,"Takashimaya Company,Limited",[Summary]Takashimaya monthly sales report Dec.2025,/inbs/ek/140120260109531947.pdf,False,,english,Retail Trade,,
2026-01-15 15:30:00,2026-01-15,82420,H2O RETAILING CORPORATION,Notice Regarding Status and Completion of Purchase of Own Shares,/inbs/ek/140120260115534283.pdf,False,,english,Retail Trade,,
2026-01-15 15:30:00,2026-01-15,92840,"Canadian Solar Infrastructure Fund,Inc.",Notice Concerning New Borrowing,/inbs/ek/140120260115534319.pdf,False,,english,others,,
2026-01-15 15:30:00,2026-01-15,96990,"NISHIO HOLDINGS CO.,LTD.",Notice Concerning Completion of Payment for Disposal of Treasury Stock as Remuneration for Restricted Stock,/inbs/ek/140120260113532657.pdf,False,,english,Services,,
2026-01-15 15:30:00,2026-01-15,99970,"BELLUNA CO.,LTD.",Consolidated Monthly Sales Growth (year-on-year),/inbs/ek/140120260115534444.pdf,False,,english,Retail Trade,,
2026-01-15 15:00:00,2026-01-15,24610,"FAN Communications,Inc.",Notice Regarding Monthly Business Performance Report for December 2025,/inbs/ek/140120260114533731.pdf,False,,english,Services,,
2026-01-15 15:00:00,2026-01-15,32010,"THE JAPAN WOOL TEXTILE CO.,LTD.",Consolidated Financial Results 2025,/inbs/ek/140120260114533879.pdf,False,,english,Textiles & Apparels,,
2026-01-15 15:00:00,2026-01-15,32010,"THE JAPAN WOOL TEXTILE CO.,LTD.",Notice of Determination of Matters Pertaining to Repurchase of Own Shares,/inbs/ek/140120260113532467.pdf,False,,english,Textiles & Apparels,,
2026-01-15 15:00:00,2026-01-15,32010,"THE JAPAN WOOL TEXTILE CO.,LTD.","[Summary] Consolidated Financial Resultsfor the Fiscal Year Ended November 30, 2025",/inbs/ek/140120260113532909.pdf,False,,english,Textiles & Apparels,,
2026-01-15 15:00:00,2026-01-15,43370,PIA CORPORATION,Notice Concerning Completion of Payment-in Procedures for New Shares Issued as Restricted Stock,/inbs/ek/140120260115534479.pdf,False,,english,Services,,
2026-01-15 13:59:00,2026-01-15,62010,TOYOTA INDUSTRIES CORPORATION,〔Delayed〕Notice Concerning Commencement of Tender Offer,/inbs/ek/140120260114534130.pdf,False,,english,Transportation Equipment,,
2026-01-15 13:59:00,2026-01-15,62010,TOYOTA INDUSTRIES CORPORATION,"[Delayed]Notice Concerning Expression of Opinion in Support of Tender Offer for Company Shares by Toyota Fudosan Co., Ltd. and Recommendation Opinion〔Delayed〕otice Concerning Expression of Opinion in Support of Tender Offer for Company Shares by Toyota Fudosan Co., Ltd. and Recommendation Opinion",/inbs/ek/140120260114534132.pdf,False,"Title Updated at 15:53 on 15 January, 2026",english,Transportation Equipment,,
2026-01-15 13:00:00,2026-01-15,36550,BrainPad Inc.,Notice Regarding Change in Major Shareholder,/inbs/ek/140120260115534389.pdf,False,,english,Information & Communication,,
2026-01-15 12:30:00,2026-01-15,32450,"DEAR LIFE CO.,LTD.",Notice Regarding Completion of Payment for the Disposal of Treasury Shares as Restricted Stock (RS) Compensation,/inbs/ek/140120260114534147.pdf,False,,english,Real Estate,,
2026-01-15 12:30:00,2026-01-15,60730,ASANTE INCORPORATED,December Monthly Sales Report for FY Ending March 2026,/inbs/ek/140120260114533927.pdf,False,,english,Services,,
2026-01-15 12:30:00,2026-01-15,93990,Beat Holdings Limited,Additional Purchase of Bitcoin ETF,/inbs/ek/140120260115534366.pdf,False,,english,Information & Communication,,
2026-01-15 12:00:00,2026-01-15,40990,SHIKOKU KASEI HOLDINGS CORPORATION,Notice Concerning Revisions to Financial Result Forecasts and Dividend Forecast,/inbs/ek/140120260115534191.pdf,False,,english,Chemicals,,
2026-01-15 11:30:00,2026-01-15,40580,"Toyokumo,Inc.",Monthly Sales Report in FY2025 (Dec.),/inbs/ek/140120260114533491.pdf,False,,english,Information & Communication,,
2026-01-15 10:40:00,2026-01-15,14330,"BESTERRA CO.,LTD",Notice Regarding Results and Completion of Repurchase of Own Shares via (ToSTNeT-3) and Change in Largest Shareholder among Major Shareholders,/inbs/ek/140120260115534269.pdf,False,,english,Construction,,
2026-01-15 10:30:00,2026-01-15,84390,Tokyo Century Corporation,Aviation Capital Group to Issue U.S. Dollar-Denominated Senior Unsecured Notes with Financial Covenants,/inbs/ek/140120260115534230.pdf,False,,english,Other Financing Business,,
2026-01-15 10:00:00,2026-01-15,35630,FOOD & LIFE COMPANIES LTD.,Determination of Details Regarding Stock Options for Share-Linked Remuneration with Stock Price Conditions,/inbs/ek/140120260113532673.pdf,False,,english,Retail Trade,,
2026-01-15 10:00:00,2026-01-15,36080,"TSI HOLDINGS CO.,LTD.","Results Briefing: 3rd Quarter (September to November, 2025) Results of Fiscal Year 2026 Ending Feb.",/inbs/ek/140120260114533493.pdf,False,,english,Textiles & Apparels,,
2026-01-15 10:00:00,2026-01-15,70590,"COPRO-HOLDINGS.Co.,Ltd.","Notice of Monthly Disclosure of Number of Technical Employees and Those Who Are in Operation, and Utilization Rate as of the End of December 2025",/inbs/ek/140120260114534108.pdf,False,,english,Services,,
2026-01-15 10:00:00,2026-01-15,98370,"MORITO CO.,LTD.",Notice of Completion Regarding Repurchase of Treasury Shares,/inbs/ek/140120260115534221.pdf,False,,english,Wholesale Trade,,
2026-01-14 19:15:00,2026-01-14,36780,"MEDIA DO Co.,Ltd.","Financial Results Briefing Q3 and 9M FYE 2.26 (Ended November 30, 2025)",/inbs/ek/140120260113532103.pdf,False,,english,Information & Communication,,
2026-01-14 18:45:00,2026-01-14,96020,"TOHO CO.,LTD",(Corrections)Notice of Partial Correction to “Notice Regarding the Company Split (Simplified Absorption-Type Split) with a Consolidated Subsidiary”,/inbs/ek/140120260114534089.pdf,False,,english,Information & Communication,,
2026-01-14 18:10:00,2026-01-14,89510,Nippon Building Fund Inc.,Notice Concerning Determination of Price etc. for Issue of New Investment Units and Secondary Offering of Investment Units,/inbs/ek/140120260114534103.pdf,False,,english,REIT,,
2026-01-14 17:00:00,2026-01-14,14330,"BESTERRA CO.,LTD",Notice Regarding Share Buyback and Purchase of Own Shares through Off-Auction Own Share Repurchase Trading (ToSTNeT-3),/inbs/ek/140120260114533997.pdf,False,,english,Construction,,
2026-01-14 17:00:00,2026-01-14,14330,"BESTERRA CO.,LTD",Notice Concerning Change (Resignation) of Representative Director,/inbs/ek/140120260114533998.pdf,False,,english,Construction,,
2026-01-14 17:00:00,2026-01-14,49170,MANDOM CORPORATION,(Amendment) Notice regarding partial amendment to the “Notice regarding Expression of  Opinion in favor of Implementation of MBO,/inbs/ek/140120260114534010.pdf,False,,english,Chemicals,,
2026-01-14 17:00:00,2026-01-14,64060,"FUJITEC CO.,LTD.",Notice of Cancellation of Treasury Shares,/inbs/ek/140120260114533994.pdf,False,,english,Machinery,,
2026-01-14 17:00:00,2026-01-14,64060,"FUJITEC CO.,LTD.","Announcement Regarding Share Consolidation, Abolition of Share Unit Number Provisions and Partial Amendments to Articles of Incorporation",/inbs/ek/140120260114533995.pdf,False,,english,Machinery,,
2026-01-14 17:00:00,2026-01-14,72030,TOYOTA MOTOR CORPORATION,Notice Concerning Changes to Terms and Conditions of the Tender Offer for Own Shares and  Changes to Matters Relating to the Repurchase of Shares,/inbs/ek/140120260114534016.pdf,False,,english,Transportation Equipment,,
2026-01-14 16:45:00,2026-01-14,69020,DENSO CORPORATION,Update on Disclosed Matters:Notice Regarding Participation in Tender Offer and Expected Posting of Extraordinary Gains in Non-Consolidated Results,/inbs/ek/140120260113532926.pdf,False,,english,Transportation Equipment,,
2026-01-14 16:45:00,2026-01-14,69020,DENSO CORPORATION,Notice Regarding Change of Conditions of Purchase of Tender Offer for Own Shares,/inbs/ek/140120260113532941.pdf,False,,english,Transportation Equipment,,
2026-01-14 16:45:00,2026-01-14,72590,AISIN CORPORATION,Notice Concerning Changes to the Tender Offer Conditions for Own Share Tender Offer and Changes in Matters Concerning Share Repurchase,/inbs/ek/140120260114534042.pdf,False,,english,Transportation Equipment,,
2026-01-14 16:45:00,2026-01-14,72590,AISIN CORPORATION,Updated on Disclosed Matters:Notice Concerning Tender Offer  and Expected Recording of Extraordinary Profit in Non-Consolidated Financial Statements,/inbs/ek/140120260114534044.pdf,False,,english,Transportation Equipment,,
2026-01-14 16:45:00,2026-01-14,80150,TOYOTA TSUSHO CORPORATION,"Notice Concerning Amendment of Terms of Repurchase, etc. of the Tender Offer for Own Shares",/inbs/ek/140120260114533979.pdf,False,,english,Wholesale Trade,,
2026-01-14 16:45:00,2026-01-14,80150,TOYOTA TSUSHO CORPORATION,Update on Disclosed Matters: Notice Concerning Tender Offer Application and Expected Recording of Extraordinary Income and etc.,/inbs/ek/140120260114533976.pdf,False,,english,Wholesale Trade,,
2026-01-14 16:30:00,2026-01-14,33870,create restaurants holdings inc.,Financial Resuts of FY 2026 Q３（Supplementary Material）,/inbs/ek/140120260113532421.pdf,False,,english,Retail Trade,,
2026-01-14 16:30:00,2026-01-14,33870,create restaurants holdings inc.,"Summary of Business Results for the Third Quarter Ending November 30, 2025 [IFRS] (Consolidated)",/inbs/ek/140120260113532415.pdf,False,,english,Retail Trade,,
2026-01-14 16:30:00,2026-01-14,33870,create restaurants holdings inc.,Notice of Acquisition of Shares of RON Corporation,/inbs/ek/140120260114533286.pdf,False,,english,Retail Trade,,
2026-01-14 16:30:00,2026-01-14,36970,SHIFT Inc.,Notice Regarding the Issuance of Share Option for Subscription (Paid Share Options),/inbs/ek/140120260114534028.pdf,False,,english,Information & Communication,,
2026-01-14 16:10:00,2026-01-14,94180,"U-NEXT HOLDINGS Co.,Ltd.","Consolidated Financial Results for the Three Months Ended November 30, 2025［Japanese GAAP］",/inbs/ek/140120260113532925.pdf,False,,english,Information & Communication,,
2026-01-14 16:10:00,2026-01-14,94180,"U-NEXT HOLDINGS Co.,Ltd.",Summary of First Quarter of Fiscal Year Ending August 2026,/inbs/ek/140120260113532952.pdf,False,,english,Information & Communication,,
2026-01-14 16:00:00,2026-01-14,18330,OKUMURA CORPORATION,Notice Concerning the Recording of Non-Operating Income(Valuation Gains on Forward Exchange Contracts),/inbs/ek/140120260113532779.pdf,False,,english,Construction,,
2026-01-14 16:00:00,2026-01-14,28840,Yoshimura Food Holdings K.K.,"[Summary] Consolidated Financial Results for the Nine Months Ended November 30, 2025 (Under Japanese GAAP)",/inbs/ek/140120260114533969.pdf,False,,english,Foods,,
2026-01-14 16:00:00,2026-01-14,36780,"MEDIA DO Co.,Ltd.","Consolidated Financial Results for the Nine Months Ended November 30, 2025",/inbs/ek/140120260113532095.pdf,False,,english,Information & Communication,,
2026-01-14 16:00:00,2026-01-14,44130,"baudroie,inc.",Summary of Consolidated Financial Results for the Nine Months of the Fiscal Year Ending February 2026,/inbs/ek/140120260114533891.pdf,False,,english,Information & Communication,,
2026-01-14 16:00:00,2026-01-14,44130,"baudroie,inc.",Financial Results Briefing Material for the Third Quarter of Fiscal Year Ending February 2026,/inbs/ek/140120260114533914.pdf,False,,english,Information & Communication,,
2026-01-14 16:00:00,2026-01-14,44130,"baudroie,inc.",Notice Regarding Acquisition of Shares of RIKSOL Inc. (Making It a Subsidiary),/inbs/ek/140120260114533943.pdf,False,,english,Information & Communication,,
2026-01-14 16:00:00,2026-01-14,46680,"MEIKO NETWORK JAPAN CO.,LTD.","[Summary]Summary of Consolidated Financial Results for the Three Months Ended November 30, 2025",/inbs/ek/140120260114533899.pdf,False,,english,Services,,
2026-01-14 16:00:00,2026-01-14,60440,SANKI SERVICE CORPORATION,Summary of Financial Results for the Second Quarter 2026,/inbs/ek/140120260114533080.pdf,False,,english,Services,,
2026-01-14 16:00:00,2026-01-14,64250,Universal Entertainment Corporation,Notice on Quarterly Operating Results of TRLEI (Preliminary Report for 4th Quarter of Fiscal Year 2025),/inbs/ek/140120260114533736.pdf,False,,english,Machinery,,
2026-01-14 16:00:00,2026-01-14,65720,"OPEN Group,Inc.",[Summary] Financial Results for the Nine Months,/inbs/ek/140120260114533505.pdf,False,,english,Services,,
2026-01-14 16:00:00,2026-01-14,65720,"OPEN Group,Inc.",FY2026 3rd Quarter Earnings Briefing Material,/inbs/ek/140120260114533458.pdf,False,,english,Services,,
2026-01-14 16:00:00,2026-01-14,70350,"and factory,inc","[Summary] Consolidated Financial Results for the Three Months Ended November 30,2025",/inbs/ek/140120260113532923.pdf,False,,english,Services,,
2026-01-14 16:00:00,2026-01-14,80050,Scroll Corporation,Notice Regarding the Acquisition Status of Treasury Shares and Completion of Acquisition,/inbs/ek/140120260114533695.pdf,False,,english,Retail Trade,,
2026-01-14 16:00:00,2026-01-14,99790,DAISYO CORPORATION,[Summary] Financial Results for the Three Months,/inbs/ek/140120260114533558.pdf,False,,english,Retail Trade,,
2026-01-14 15:45:00,2026-01-14,33910,TSURUHA HOLDINGS INC.,"〔Summary〕Consolidated Financial Results for the Nine Months Ended November 30, 2025 (Completion of Interim Review by an Independent Auditor)",/inbs/ek/140120260114533940.pdf,False,,english,Retail Trade,,
2026-01-14 15:40:00,2026-01-14,66760,BUFFALO INC.,Notice Concerning Status of Purchase of Treasury Shares and Completion of Purchase Thereof,/inbs/ek/140120260114533840.pdf,False,,english,Electric Appliances,,
2026-01-14 15:30:00,2026-01-14,21680,Pasona Group Inc.,"Consolidated Financial Results for the Six Months Ended November 30, 2025 (Under Japanese GAAP)",/inbs/ek/140120260113532322.pdf,False,,english,Services,,
2026-01-14 15:30:00,2026-01-14,22920,S Foods Inc.,"[Summary]Consolidated Financial Results for the Nine Months Ended November 30, 2025 (Under Japanese GAAP)",/inbs/ek/140120260114533418.pdf,False,,english,Foods,,
2026-01-14 15:30:00,2026-01-14,22920,S Foods Inc.,Notice Revisions to Financial Results Forecast,/inbs/ek/140120260114533562.pdf,False,,english,Foods,,
2026-01-14 15:30:00,2026-01-14,22940,"Kakiyasu Honten Co.,Ltd.","Notice Regarding the Net Sales for December of the Fiscal Year Ended April 30,2026",/inbs/ek/140120260114533231.pdf,False,,english,Foods,,
2026-01-14 15:30:00,2026-01-14,23370,Ichigo Inc.,FY26/2 Q3 Earnings,/inbs/ek/140120260114533317.pdf,False,,english,Real Estate,,
2026-01-14 15:30:00,2026-01-14,23370,Ichigo Inc.,FY26/2 Q3 Corporate Presentation,/inbs/ek/140120260114533396.pdf,False,,english,Real Estate,,
2026-01-14 15:30:00,2026-01-14,23370,Ichigo Inc.,Expansion of Share Buyback plus Share Cancellation,/inbs/ek/140120260114533482.pdf,False,,english,Real Estate,,
2026-01-14 15:30:00,2026-01-14,24710,"S-Pool,Inc.","[Summary]Summary of Consolidated Financial Results for the Year ended November 30,2025(Under IFRS)",/inbs/ek/140120260113533068.pdf,False,,english,Services,,
2026-01-14 15:30:00,2026-01-14,24710,"S-Pool,Inc.",Results Briefing materials 4QFY2025,/inbs/ek/140120260113533070.pdf,False,,english,Services,,
2026-01-14 15:30:00,2026-01-14,24710,"S-Pool,Inc.",Notice Concernig Differences in Non-Consolidated Results From Actual Results for the Previous Fiscal Year,/inbs/ek/140120260113533071.pdf,False,,english,Services,,
2026-01-14 15:30:00,2026-01-14,24710,"S-Pool,Inc.",Notice Regarding the Formulation of a Growth Strategy for the Special Needs Employment Support Business,/inbs/ek/140120260114533888.pdf,False,,english,Services,,
2026-01-14 15:30:00,2026-01-14,27910,"DAIKOKUTENBUSSAN CO.,LTD.","[Summary]Summary of Consolidated Financial Results for the Six Months Ended November 30, 2025(Based on Japanese GAAP)",/inbs/ek/140120260113532963.pdf,False,,english,Retail Trade,,
2026-01-14 15:30:00,2026-01-14,27910,"DAIKOKUTENBUSSAN CO.,LTD.",Notice Concerning Difference between Earnings Forecast and Actual Earnings for the First Half of the Fiscal and Revision of FullYear Earnings Forecast,/inbs/ek/140120260113532971.pdf,False,,english,Retail Trade,,
2026-01-14 15:30:00,2026-01-14,28090,Kewpie Corporation,"Consolidated Financial Statements for the Fiscal Year Ended November 30, 2025",/inbs/ek/140120260113533059.pdf,False,,english,Foods,,
2026-01-14 15:30:00,2026-01-14,28090,Kewpie Corporation,"Supplementary Data for the Fiscal Year Ended November 30, 2025",/inbs/ek/140120260113533062.pdf,False,,english,Foods,,
2026-01-14 15:30:00,2026-01-14,28090,Kewpie Corporation,FY2025 Financial Results Briefing Materials,/inbs/ek/140120260113533066.pdf,False,,english,Foods,,
2026-01-14 15:30:00,2026-01-14,28090,Kewpie Corporation,Notice of Resolution for Acquisition by the Company of its Own Shares,/inbs/ek/140120260114533357.pdf,False,,english,Foods,,
2026-01-14 15:30:00,2026-01-14,28820,"EAT&HOLDINGS Co.,Ltd","Consolidated Financial Results for the Nine Months Ended November 30, 2025 (Under Japanese GAAP)",/inbs/ek/140120260114533307.pdf,False,,english,Foods,,
2026-01-14 15:30:00,2026-01-14,29270,"AFC-HD AMS Life Science Co.,Ltd.",[Summary] Financial Results for the Three Months,/inbs/ek/140120260114533318.pdf,False,,english,Foods,,
2026-01-14 15:30:00,2026-01-14,29300,Kitanotatsujin Corporation,"Summary of Consolidated Financial Results for the Nine Months Ended November 30, 2025 (Based on Japanese GAAP)",/inbs/ek/140120260109531520.pdf,False,,english,Chemicals,,
2026-01-14 15:30:00,2026-01-14,29300,Kitanotatsujin Corporation,"Supplementary Material for the Third Quarter of the Fiscal Year Ending February 28, 2026",/inbs/ek/140120260109531523.pdf,False,,english,Chemicals,,
2026-01-14 15:30:00,2026-01-14,29360,"BASE FOOD,Inc.","Non-consolidated Financial Results for the Nine Months of the Fiscal Year Ending February 28, 2026 (Under Japanese GAAP)",/inbs/ek/140120260114533614.pdf,False,,english,Foods,,
2026-01-14 15:30:00,2026-01-14,30300,"HUB CO.,LTD.",[Summary] Financial Results for the Nine Months,/inbs/ek/140120260114533756.pdf,False,,english,Retail Trade,,
2026-01-14 15:30:00,2026-01-14,30870,"DOUTOR・NICHIRES Holdings Co.,Ltd.","〔Summary〕Consolidated Financial Results  for the Nine Months Ended November 30, 2025",/inbs/ek/140120260109531736.pdf,False,,english,Retail Trade,,
2026-01-14 15:30:00,2026-01-14,30870,"DOUTOR・NICHIRES Holdings Co.,Ltd.",Notice Concerning Revision of Dividend Forecast,/inbs/ek/140120260109531750.pdf,False,,english,Retail Trade,,
2026-01-14 15:30:00,2026-01-14,30970,The Monogatari Corporation,Notice Regarding December 2025 Preliminary Monthly YoY Change in Sales and Number of Restaurants,/inbs/ek/140120260114533177.pdf,False,,english,Retail Trade,,
2026-01-14 15:30:00,2026-01-14,31390,"Lacto Japan Co.,Ltd.","[Summary]Consolidated Financial Results for the Fiscal year Ended November 30, 2025 (Under Japanese GAAP)",/inbs/ek/140120260108530914.pdf,False,,english,Wholesale Trade,,
2026-01-14 15:30:00,2026-01-14,31390,"Lacto Japan Co.,Ltd.",Notice of Mid-Term Management Plan“NEXT-LJ 2028”,/inbs/ek/140120260108530895.pdf,False,,english,Wholesale Trade,,
2026-01-14 15:30:00,2026-01-14,31390,"Lacto Japan Co.,Ltd.",Notice of Head Office Relocation,/inbs/ek/140120260108530894.pdf,False,,english,Wholesale Trade,,
2026-01-14 15:30:00,2026-01-14,31680,MERF Inc.,"Consolidated Financial Results for the Three Months Ended November 30, 2025 (Under Japanese GAAP)",/inbs/ek/140120260114533753.pdf,False,,english,Wholesale Trade,,
2026-01-14 15:30:00,2026-01-14,31980,"SFP Holdings Co.,Ltd.","[Summary] Consolidated Financial Results  for the Nine Months Ended November 30, 2025 (Under Japanese GAAP)",/inbs/ek/140120260114533739.pdf,False,,english,Retail Trade,,
2026-01-14 15:30:00,2026-01-14,31980,"SFP Holdings Co.,Ltd.",Financial Results for Q3 FY2026 (Supplementary Materials),/inbs/ek/140120260113532608.pdf,False,,english,Retail Trade,,
2026-01-14 15:30:00,2026-01-14,32230,SLD Entertainment Inc.,"Non-consolidated Financial Results for the Nine Months Ended November 30, 2025 (Under Japanese GAAP)",/inbs/ek/140120260114533405.pdf,False,,english,Retail Trade,,
2026-01-14 15:30:00,2026-01-14,32960,NIPPON REIT Investment Corporation,Notice Concerning Completion of Acquisition of Real Estate Trust Beneficiary Interests in Japan,/inbs/ek/140120260114533658.pdf,False,,english,REIT,,
2026-01-14 15:30:00,2026-01-14,35010,"SUMINOE Co.,Ltd.","Consolidated Financial Results for the Six Months Ended November 30, 2025 (Under Japanese GAAP)",/inbs/ek/140120260114533159.pdf,False,,english,Textiles & Apparels,,
2026-01-14 15:30:00,2026-01-14,35430,"KOMEDA Holdings Co.,Ltd.",Consolidated Financial Report - For the Nine Months Ended November 30 2025 (IFRS),/inbs/ek/140120260114533400.pdf,False,,english,Wholesale Trade,,
2026-01-14 15:30:00,2026-01-14,35460,"Alleanza Holdings Co.,Ltd.","[Summary]Consolidated Financial Results for the Nine Months Ended November 30,2025(JapaneseGAAP)(Completion of InterimReview by an IndependentAuditor)",/inbs/ek/140120260114533308.pdf,False,,english,Retail Trade,,
2026-01-14 15:30:00,2026-01-14,35480,BAROQUE JAPAN LIMITED,"Consolidated Financial Results for the Nine Months Ended Nov. 30, 2025 (Under Japanese GAAP)",/inbs/ek/140120260109531546.pdf,False,,english,Retail Trade,,
2026-01-14 15:30:00,2026-01-14,35480,BAROQUE JAPAN LIMITED,FY2026/02 Third Quarter Financial Results and Supplementary Information,/inbs/ek/140120260109531556.pdf,False,,english,Retail Trade,,
2026-01-14 15:30:00,2026-01-14,35480,BAROQUE JAPAN LIMITED,FY2026/02　3Q Databook,/inbs/ek/140120260109531558.pdf,False,,english,Retail Trade,,
2026-01-14 15:30:00,2026-01-14,35480,BAROQUE JAPAN LIMITED,Announcement of Revision to the Full-Year Financial Results Forecast,/inbs/ek/140120260109531625.pdf,False,,english,Retail Trade,,
2026-01-14 15:30:00,2026-01-14,35480,BAROQUE JAPAN LIMITED,Notice of Reduction of Legal Capital Surplus,/inbs/ek/140120260109531888.pdf,False,,english,Retail Trade,,
2026-01-14 15:30:00,2026-01-14,36080,"TSI HOLDINGS CO.,LTD.","Consolidated Financial Results for the Third Quarter of Fiscal Year Ending February 28, 2026 [Japanese GAAP] (Consolidated)",/inbs/ek/140120260113532720.pdf,False,,english,Textiles & Apparels,,
2026-01-14 15:30:00,2026-01-14,36260,TIS Inc.,Notice Regarding Absorption-type Merger (Simplified Merger and Short-form Merger) of Our Non-consolidated Subsidiary (Fixel Inc.),/inbs/ek/140120260114533147.pdf,False,,english,Information & Communication,,
2026-01-14 15:30:00,2026-01-14,36270,TECMIRA HOLDINGS INC.,[Summary] Financial Results for the Nine Months,/inbs/ek/140120260114533912.pdf,False,,english,Information & Communication,,
2026-01-14 15:30:00,2026-01-14,36270,TECMIRA HOLDINGS INC.,Quarterly Consolidated Financial Statements and Primary Notes,/inbs/ek/140120260114533361.pdf,False,,english,Information & Communication,,
2026-01-14 15:30:00,2026-01-14,36970,SHIFT Inc.,"Consolidated Financial Results for the Three Months Ended November 30, 2025 [Japanese GAAP]",/inbs/ek/140120260114533674.pdf,False,,english,Information & Communication,,
2026-01-14 15:30:00,2026-01-14,36970,SHIFT Inc.,"Announcement Regarding the Acquisition of Nisseicom, Limited (and Its Conversion into a Consolidated Subsidiary) Through a Subsidiary",/inbs/ek/140120260114533568.pdf,False,,english,Information & Communication,,
2026-01-14 15:30:00,2026-01-14,36970,SHIFT Inc.,Announcement of Acquisition of Treasury Shares,/inbs/ek/140120260114533539.pdf,False,,english,Information & Communication,,
2026-01-14 15:30:00,2026-01-14,36970,SHIFT Inc.,Notice Regarding an Absorption-Type Company Split of a Subsidiary (Airitech Inc.) and Absorption-Type Mergers Among Consolidated Subsidiaries,/inbs/ek/140120260114533852.pdf,False,,english,Information & Communication,,
2026-01-14 15:30:00,2026-01-14,39150,"TerraSky Co.,Ltd","[Summary] Consolidated Financial Results for the Nine Months Ended November 30, 2025 (Under Japanese GAAP)",/inbs/ek/140120260113532353.pdf,False,,english,Information & Communication,,
2026-01-14 15:30:00,2026-01-14,39150,"TerraSky Co.,Ltd",Q3 FY2/2026 Earnings Presentation,/inbs/ek/140120260114533846.pdf,False,,english,Information & Communication,,
2026-01-14 15:30:00,2026-01-14,39940,"Money Forward,Inc.","[Summary]Consolidated Financial Results for the Fiscal Year Ended November 30, 2025",/inbs/ek/140120260114533718.pdf,False,,english,Information & Communication,,
2026-01-14 15:30:00,2026-01-14,39940,"Money Forward,Inc.",Presentation Material for FY11/25 4Q Financial Results,/inbs/ek/140120260114533749.pdf,False,,english,Information & Communication,,
2026-01-14 15:30:00,2026-01-14,39940,"Money Forward,Inc.","Notice Regarding Recording of Extraordinary Income, Extraordinary Losses, and Non-Operating Expenses, and Differences Between Full-Year Financial",/inbs/ek/140120260114533759.pdf,False,,english,Information & Communication,,
2026-01-14 15:30:00,2026-01-14,39940,"Money Forward,Inc.",Notice Regarding Issuance of New Shares as Restricted Stock Compensation,/inbs/ek/140120260114533764.pdf,False,,english,Information & Communication,,
2026-01-14 15:30:00,2026-01-14,41760,coconala Inc.,"Summary of Consolidated Financial Results for the Three Months Ended November 30, 2025 (Under Japanese GAAP)",/inbs/ek/140120260114533936.pdf,False,,english,Information & Communication,,
2026-01-14 15:30:00,2026-01-14,41760,coconala Inc.,FY2026.8 First Quarter Financial Results,/inbs/ek/140120260114533806.pdf,False,,english,Information & Communication,,
2026-01-14 15:30:00,2026-01-14,42040,"Sekisui Chemical Co.,Ltd.",Notice Regarding Dividend Received from Consolidated Subsidiary,/inbs/ek/140120260114533654.pdf,False,,english,Chemicals,,
2026-01-14 15:30:00,2026-01-14,43970,TeamSpirit Inc.,"Consolidated Financial Results for the Fiscal Year Ended August 31, 2026 Q1 (Under Japanese GAAP)",/inbs/ek/140120260114533285.pdf,False,,english,Information & Communication,,
2026-01-14 15:30:00,2026-01-14,44340,"Serverworks Co.,Ltd.","Consolidated Financial Results for the Nine Months Ended November 30, 2025",/inbs/ek/140120260113532789.pdf,False,,english,Information & Communication,,
2026-01-14 15:30:00,2026-01-14,44430,"Sansan,Inc.",Financial Results for Q2 FY2025,/inbs/ek/140120260114533270.pdf,False,,english,Information & Communication,,
2026-01-14 15:30:00,2026-01-14,44430,"Sansan,Inc.",Presentation Materials for Q2 FY2025,/inbs/ek/140120260114533312.pdf,False,,english,Information & Communication,,
2026-01-14 15:30:00,2026-01-14,45440,"H.U. Group Holdings,Inc.",Notice Concerning Change of Representative Executive Officer,/inbs/ek/140120260114533644.pdf,False,,english,Services,,
2026-01-14 15:30:00,2026-01-14,45770,"Daito Pharmaceutical Co.,Ltd.","Summary of Consolidated Financial Results for the Six Months Ended November 30, 2025 (Under Japanese GAAP)",/inbs/ek/140120260114533878.pdf,False,,english,Pharmaceutical,,
2026-01-14 15:30:00,2026-01-14,45770,"Daito Pharmaceutical Co.,Ltd.","Second Half, Fiscal Year Ending May 2026 Financial Results Presentation Materials",/inbs/ek/140120260113533032.pdf,False,,english,Pharmaceutical,,
2026-01-14 15:30:00,2026-01-14,45910,RIBOMIC Inc.,New Substance Patent Application for Highly Active RBM-006 (Anti-Autotaxin Aptamer) and its Drug Impact in a Mouse Model of Diabetic Retinopathy,/inbs/ek/140120260114533785.pdf,False,,english,Pharmaceutical,,
2026-01-14 15:30:00,2026-01-14,46120,"NIPPON PAINT HOLDINGS CO.,LTD.",Notice Regarding the Status of Acquisition of Treasury Stock,/inbs/ek/140120260114533637.pdf,False,,english,Chemicals,,
2026-01-14 15:30:00,2026-01-14,48800,"CellSource Co.,Ltd.",December 2025 Monthly KPI Fiscal Year Ending October 2026,/inbs/ek/140120260114533339.pdf,False,,english,Pharmaceutical,,
2026-01-14 15:30:00,2026-01-14,58850,"GDEP ADVANCE,Inc.","Non-consolidated Financial Results for the Six Months Ended November 30, 2025",/inbs/ek/140120260113532783.pdf,False,,english,Wholesale Trade,,
2026-01-14 15:30:00,2026-01-14,58850,"GDEP ADVANCE,Inc.",FYE2026 2Q Supplementary Materials on Financial Results,/inbs/ek/140120260114533311.pdf,False,,english,Wholesale Trade,,
2026-01-14 15:30:00,2026-01-14,60580,VECTOR INC.,Notice Regarding Changes in Representative Directors (Additional Appointment),/inbs/ek/140120260114533247.pdf,False,,english,Services,,
2026-01-14 15:30:00,2026-01-14,60580,VECTOR INC.,"Consolidated Financial Results for the Third Quarter of the Fiscal Year Ending February 28, 2026",/inbs/ek/140120260114533292.pdf,False,,english,Services,,
2026-01-14 15:30:00,2026-01-14,60580,VECTOR INC.,"Presentation Materials for the Third Quarter of the Fiscal Year Ending February 28, 2026",/inbs/ek/140120260114533322.pdf,False,,english,Services,,
2026-01-14 15:30:00,2026-01-14,60580,VECTOR INC.,Notice Regarding the Holding of Extraordinary General Meeting of Shareholders and Decision on Agenda Items,/inbs/ek/140120260114533331.pdf,False,,english,Services,,
2026-01-14 15:30:00,2026-01-14,61820,MetaReal Corporation,"Consolidated Financial Results for the Third Quarter of the Fiscal Year Ending February 28, 2026 (Japanese GAAP)",/inbs/ek/140120260114533733.pdf,False,,english,Services,,
2026-01-14 15:30:00,2026-01-14,61830,"BELLSYSTEM24 HOLDINGS,INC.","Consolidated financial results for the nine months ended November 30, 2025 [IFRS]",/inbs/ek/140120260114533610.pdf,False,,english,Services,,
2026-01-14 15:30:00,2026-01-14,61830,"BELLSYSTEM24 HOLDINGS,INC.",Supplementary Materials for the Financial Results for Quarter Three of the Fiscal Year Ending Feb.2026,/inbs/ek/140120260114533613.pdf,False,,english,Services,,
2026-01-14 15:30:00,2026-01-14,61990,"SERAKU Co.,Ltd.","Summary of Consolidated Financial Results for the First Quarter of the Fiscal Year Ending August 31, 2026",/inbs/ek/140120260114533532.pdf,False,,english,Services,,
2026-01-14 15:30:00,2026-01-14,61990,"SERAKU Co.,Ltd.","Results of Operations for the First Quarter of the Fiscal Year Ended August 31, 2026",/inbs/ek/140120260114533536.pdf,False,,english,Services,,
2026-01-14 15:30:00,2026-01-14,65220,Asterisk Inc.,[Summary] Financial Results for the Three Months,/inbs/ek/140120260114533152.pdf,False,,english,Electric Appliances,,
2026-01-14 15:30:00,2026-01-14,65320,"BayCurrent,Inc.","Consolidated Financial Results for the Third Quarter of the Fiscal Year Ending February 28, 2026  (Under IFRS)",/inbs/ek/140120260108531097.pdf,False,,english,Services,,
2026-01-14 15:30:00,2026-01-14,65320,"BayCurrent,Inc.","Supplement to Financial Results for the Third Quarter of the Fiscal Year Ending February 28, 2026",/inbs/ek/140120260113533034.pdf,False,,english,Services,,
2026-01-14 15:30:00,2026-01-14,65520,"GameWith,Inc.",Summary of Financial Results for the second quarter 2026,/inbs/ek/140120260114533845.pdf,False,,english,Services,,
2026-01-14 15:30:00,2026-01-14,68490,NIHON KOHDEN CORPORATION,"Notice regarding Acquisition of Shares of DOWELL Co., Ltd.",/inbs/ek/140120260114533475.pdf,False,,english,Electric Appliances,,
2026-01-14 15:30:00,2026-01-14,70490,"SHIKIGAKU.Co.,Ltd.","Consolidated Financial Results for the Nine Months Ended November 30, 2025 [Japanese GAAP]",/inbs/ek/140120260114533284.pdf,False,,english,Services,,
2026-01-14 15:30:00,2026-01-14,70490,"SHIKIGAKU.Co.,Ltd.","Financial Results for the 3rd Quarter of the Fiscal Year Ending February 28th, 2026",/inbs/ek/140120260114533652.pdf,False,,english,Services,,
2026-01-14 15:30:00,2026-01-14,71570,LIFENET INSURANCE COMPANY,December 2025: MONTHLY DISCLOSURE,/inbs/ek/140120260113532799.pdf,False,,english,Insurance,,
2026-01-14 15:30:00,2026-01-14,73880,FP Partner Inc.,Notice of Determination of Matters Related to Acquisition of Treasury Shares,/inbs/ek/140120260114533534.pdf,False,,english,Insurance,,
2026-01-14 15:30:00,2026-01-14,73880,FP Partner Inc.,Notice of Partial Changes to Shareholder Benefits (Change to Benefit Items),/inbs/ek/140120260114533528.pdf,False,,english,Insurance,,
2026-01-14 15:30:00,2026-01-14,73880,FP Partner Inc.,Notice of Change in Use of Funds Raised on Public Listing,/inbs/ek/140120260114533524.pdf,False,,english,Insurance,,
2026-01-14 15:30:00,2026-01-14,73880,FP Partner Inc.,Notice of Relocation of Head Office and Partial Amendments to the Articles of Incorporation,/inbs/ek/140120260114533519.pdf,False,,english,Insurance,,
2026-01-14 15:30:00,2026-01-14,73880,FP Partner Inc.,"Non-consolidated Financial Results for the Fiscal Year Ended November 30, 2025  (Under Japanese GAAP)",/inbs/ek/140120260114533501.pdf,False,,english,Insurance,,
2026-01-14 15:30:00,2026-01-14,73880,FP Partner Inc.,"Financial Results Briefing Materials for the Fiscal Year Ended November 30, 2025",/inbs/ek/140120260114533454.pdf,False,,english,Insurance,,
2026-01-14 15:30:00,2026-01-14,74200,"SATORI ELECTRIC CO.,LTD.","Consolidated Financial Results for the Six Months Ended November 30, 2025 [Japanese GAAP]",/inbs/ek/140120260114533810.pdf,False,,english,Wholesale Trade,,
2026-01-14 15:30:00,2026-01-14,74200,"SATORI ELECTRIC CO.,LTD.","Notice regarding the difference between the Consolidated Financial Results Forecasts and Actual Results for the Six Months Ended November 30, 2025 and",/inbs/ek/140120260114533812.pdf,False,,english,Wholesale Trade,,
2026-01-14 15:30:00,2026-01-14,74200,"SATORI ELECTRIC CO.,LTD.",Notice Regarding Absorption-Type Merger of Consolidated Subsidiary,/inbs/ek/140120260114533817.pdf,False,,english,Wholesale Trade,,
2026-01-14 15:30:00,2026-01-14,74530,"RYOHIN KEIKAKU CO.,LTD.",[Summary] Financial Results for the Three Months,/inbs/ek/140120260114533743.pdf,False,,english,Retail Trade,,
2026-01-14 15:30:00,2026-01-14,75810,"SAIZERIYA CO.,LTD.","Consolidated Financial Results for the Three Months Ended November 30,2025(Under Japanese GAAP)",/inbs/ek/140120260114533132.pdf,False,,english,Retail Trade,,
2026-01-14 15:30:00,2026-01-14,75810,"SAIZERIYA CO.,LTD.",Announcement regarding share repurchases from the market,/inbs/ek/140120260108530669.pdf,False,,english,Retail Trade,,
2026-01-14 15:30:00,2026-01-14,75810,"SAIZERIYA CO.,LTD.",Notice of issue of stock options(stock acquisition rights)to Company employees,/inbs/ek/140120260108530607.pdf,False,,english,Retail Trade,,
2026-01-14 15:30:00,2026-01-14,77300,"MANI,INC.","Consolidated Financial Results for the Three Months Ended November 30, 2025 (Based on Japanese GAAP)",/inbs/ek/140120260114533411.pdf,False,,english,Precision Instruments,,
2026-01-14 15:30:00,2026-01-14,77300,"MANI,INC.",Notice Regarding Establishment of Chinese Manufacturing Subsidiary,/inbs/ek/140120260114533467.pdf,False,,english,Precision Instruments,,
2026-01-14 15:30:00,2026-01-14,78180,"TRANSACTION CO.,Ltd.","[Summary]Summary of Consolidated Financial Results for the Three Months Ended November 30, 2025 (Under Japanese GAAP)",/inbs/ek/140120260114533875.pdf,False,,english,Other Products,,
2026-01-14 15:30:00,2026-01-14,82670,"AEON CO.,LTD.","Revision_Financial Results for the Nine Months ended November 30, 2025",/inbs/ek/140120260114533202.pdf,False,,english,Retail Trade,,
2026-01-14 15:30:00,2026-01-14,89720,KDX Realty Investment Corporation,Notice Concerning Debt Financing (Determination of Interest Rate) (Series 0042),/inbs/ek/140120260114533671.pdf,False,,english,REIT,,
2026-01-14 15:30:00,2026-01-14,92840,"Canadian Solar Infrastructure Fund,Inc.",(Correction) Notice Concerning Change of Important Employee at the Asset Management Company,/inbs/ek/140120260114533708.pdf,False,,english,others,,
2026-01-14 15:30:00,2026-01-14,94330,KDDI CORPORATION,Notice Concerning the Identification of Suspicions Regarding Inappropriate Transactions at Our Consolidated Subsidiaries and the Establishment of a Sp,/inbs/ek/140120260113532861.pdf,False,,english,Information & Communication,,
2026-01-14 15:30:00,2026-01-14,96020,"TOHO CO.,LTD","Consolidated Financial Results for the Nine Months Ended November 30, 2025",/inbs/ek/140120260109531708.pdf,False,,english,Information & Communication,,
2026-01-14 15:30:00,2026-01-14,96020,"TOHO CO.,LTD",Consolidated Financial Results for 3Q FY2/26 Financial Results Presentation,/inbs/ek/140120260109531748.pdf,False,,english,Information & Communication,,
2026-01-14 15:30:00,2026-01-14,96020,"TOHO CO.,LTD",Notice Concerning Revision of Year-End Dividend Forecast,/inbs/ek/140120260114533615.pdf,False,,english,Information & Communication,,
2026-01-14 15:30:00,2026-01-14,96020,"TOHO CO.,LTD","Notice Concerning Stock Split, Partial Amendment to the Articles of Incorporation, and Changes in the Shareholder Benefit Program",/inbs/ek/140120260109531402.pdf,False,,english,Information & Communication,,
2026-01-14 15:30:00,2026-01-14,96020,"TOHO CO.,LTD",Notice Concerning Company Split (Simplified Absorption-type Company Split) with Consolidated Subsidiary [TOHO Global],/inbs/ek/140120260114533424.pdf,False,,english,Information & Communication,,
2026-01-14 15:30:00,2026-01-14,96020,"TOHO CO.,LTD",Notice Regarding the Company Split (Simplified Absorption-Type Split) with a Consolidated Subsidiary [TOHO CINEMAS],/inbs/ek/140120260114533662.pdf,False,,english,Information & Communication,,
2026-01-14 15:30:00,2026-01-14,98820,YELLOW HAT LTD.,Notice Concerning the Status of the Acquisition of Treasury Shares,/inbs/ek/140120260114533091.pdf,False,,english,Wholesale Trade,,
2026-01-14 15:00:00,2026-01-14,18870,JDC CORPORATION,"Notice Regarding Revision to Financial Results Forecast for the Fiscal Year Ending May 31, 2026",/inbs/ek/140120260113532946.pdf,False,,english,Construction,,
2026-01-14 15:00:00,2026-01-14,18870,JDC CORPORATION,"［Summary］Consolidated Financial Results for the Six Months Ended November 30, 2025[Japanese GAAP]",/inbs/ek/140120260113532918.pdf,False,,english,Construction,,
2026-01-14 15:00:00,2026-01-14,18870,JDC CORPORATION,Notice Regarding Dividend of Surplus (Interim Dividend),/inbs/ek/140120260113532954.pdf,False,,english,Construction,,
2026-01-14 15:00:00,2026-01-14,35630,FOOD & LIFE COMPANIES LTD.,Determination of Details Regarding Issuance of Stock Options for Employees,/inbs/ek/140120260113532683.pdf,False,,english,Retail Trade,,
2026-01-14 15:00:00,2026-01-14,38630,"Nippon Paper Industries Co.,Ltd.",Notice Concerning Recording of Extraordinary Income,/inbs/ek/140120260114533694.pdf,False,,english,Pulp & Paper,,
2026-01-14 15:00:00,2026-01-14,44900,VisasQ Inc.,FY2025 3Q Financial Results Presentation,/inbs/ek/140120260114533508.pdf,False,,english,Information & Communication,,
2026-01-14 15:00:00,2026-01-14,61940,"Atrae,Inc.",Notice Regarding Issuance of New Shares as Specific Restricted Stock to Executive Directors of the Company,/inbs/ek/140120260114533550.pdf,False,,english,Services,,
2026-01-14 15:00:00,2026-01-14,61940,"Atrae,Inc.",Notice Regarding Issuance of New Shares as Specific Restricted Stock to Employees of the Company,/inbs/ek/140120260114533552.pdf,False,,english,Services,,
2026-01-14 15:00:00,2026-01-14,61940,"Atrae,Inc.",Notice Regarding Issuance of Stock Options (Share Acquisition Rights),/inbs/ek/140120260114533555.pdf,False,,english,Services,,
2026-01-14 15:00:00,2026-01-14,64740,NACHI-FUJIKOSHI CORP.,"【Summary】Consolidated Financial Results for the Year Ended November 30, 2025 (Based on Japanese GAAP)",/inbs/ek/140120260112531969.pdf,False,,english,Machinery,,
2026-01-14 15:00:00,2026-01-14,64740,NACHI-FUJIKOSHI CORP.,"Notice Concerning Differences between Consolidated Financial Forecasts and Actual Results for the Fiscal Year Ended November 30, 2025",/inbs/ek/140120260114533113.pdf,False,,english,Machinery,,
2026-01-14 15:00:00,2026-01-14,64740,NACHI-FUJIKOSHI CORP.,Notice Concerning the Recording of Extraordinary Losses (Restructuring Expenses) and Extraordinary Incomes (Gain on Sale of Investment Securities),/inbs/ek/140120260112531971.pdf,False,,english,Machinery,,
2026-01-14 15:00:00,2026-01-14,81670,"RETAIL PARTNERS CO.,LTD.","Consolidated Financial Results for the Nine Months Ended November 30,2025(Under Japanese GAAP)",/inbs/ek/140120260113532950.pdf,False,,english,Retail Trade,,
2026-01-14 15:00:00,2026-01-14,98370,"MORITO CO.,LTD.","Consolidated Financial Results for the Fiscal Year Ended November 30, 2025 [Japanese GAAP]",/inbs/ek/140120260114533444.pdf,False,,english,Wholesale Trade,,
2026-01-14 15:00:00,2026-01-14,98370,"MORITO CO.,LTD.","Presentation Materials for the Fiscal Year Ending November 30, 2025, Financial Results",/inbs/ek/140120260114533450.pdf,False,,english,Wholesale Trade,,
2026-01-14 15:00:00,2026-01-14,98370,"MORITO CO.,LTD.",Notice Regarding the Recognition of Extraordinary Loss Due to Impairment Loss on Goodwill,/inbs/ek/140120260114533507.pdf,False,,english,Wholesale Trade,,
2026-01-14 15:00:00,2026-01-14,98370,"MORITO CO.,LTD.",Notice of Decision on Matters Related to Repurchase of Treasury Shares,/inbs/ek/140120260114533521.pdf,False,,english,Wholesale Trade,,
2026-01-14 15:00:00,2026-01-14,98370,"MORITO CO.,LTD.",Measures to Realize Management Conscious of Cost of Capital and Stock Price (Update),/inbs/ek/140120260114533540.pdf,False,,english,Wholesale Trade,,
2026-01-14 14:30:00,2026-01-14,89230,TOSEI CORPORATION,"Consolidated Financial Results for the Fiscal Year Ended November 30, 2025",/inbs/ek/140120260113532290.pdf,False,,english,Real Estate,,
2026-01-14 14:00:00,2026-01-14,87500,"Dai-ichi Life Holdings,Inc.",[Summary]Notice Regarding the Expansion of the Shareholder Benefit Program,/inbs/ek/140120260114533399.pdf,False,,english,Insurance,,
2026-01-14 14:00:00,2026-01-14,96010,"Shochiku Co.,Ltd.","[Summary] Summary of Consolidated Financial Results for the Nine Months Ended November 30, 2025",/inbs/ek/140120260114533543.pdf,False,,english,Information & Communication,,
2026-01-14 14:00:00,2026-01-14,96010,"Shochiku Co.,Ltd.",Notice Concerning Revision of Full-Year Earnings Forecast (Consolidated and Non-consolidated),/inbs/ek/140120260113533011.pdf,False,,english,Information & Communication,,
2026-01-14 13:00:00,2026-01-14,96440,"TANABE CONSULTING GROUP CO.,LTD.",Announcement Concerning the Status and Completion of Acquisition of Treasury Stock,/inbs/ek/140120260114533403.pdf,False,,english,Services,,
2026-01-14 12:00:00,2026-01-14,30480,BIC CAMERA INC.,"[Summary]Summary of Consolidated Financial Results for the Three Months Ended November 30, 2025 (Based on Japanese GAAP)",/inbs/ek/140120260113533058.pdf,False,,english,Retail Trade,,
2026-01-14 12:00:00,2026-01-14,44320,WingArc1st Inc.,"[Summary]Consolidated Financial Results for the Nine Months Ended November 30, 2025 (under IFRS)",/inbs/ek/140120260113532743.pdf,False,,english,Information & Communication,,
2026-01-14 12:00:00,2026-01-14,52430,note inc.,[Delayed] Summary of Consolidated Financial Results for FY2025,/inbs/ek/140120260114533436.pdf,False,,english,Information & Communication,,
2026-01-14 12:00:00,2026-01-14,65210,OXIDE Corporation,"Summary of Consolidated Financial Results for the Nine Months November 30, 2025",/inbs/ek/140120260114533200.pdf,False,,english,Electric Appliances,,
2026-01-14 12:00:00,2026-01-14,65210,OXIDE Corporation,Supplementary Explanation Material for FY2025 Feb 3Q Financial Results,/inbs/ek/140120260114533224.pdf,False,,english,Electric Appliances,,
2026-01-14 12:00:00,2026-01-14,65210,OXIDE Corporation,Notice Concerning Recording of Non-operating income (foreign exchange gain),/inbs/ek/140120260114533227.pdf,False,,english,Electric Appliances,,
2026-01-14 12:00:00,2026-01-14,93810,AIT CORPORATION,"[Summary]Consolidated Financial Results for the Third Quarter of the Fiscal Year Ending February 28, 2026 [Japanese GAAP]",/inbs/ek/140120260109531457.pdf,False,,english,Warehousing & Harbor Transportation Services,,
2026-01-14 12:00:00,2026-01-14,93810,AIT CORPORATION,Notice of Revision of Dividend Forecasts (Increased Dividend),/inbs/ek/140120260109531436.pdf,False,,english,Warehousing & Harbor Transportation Services,,
2026-01-14 11:30:00,2026-01-14,39350,"Edia Co.,Ltd.","Consolidated Financial Results  for the Nine Months Ended November 30, 2025  (Under Japanese GAAP)",/inbs/ek/140120260114533441.pdf,False,,english,Information & Communication,,
2026-01-14 10:00:00,2026-01-14,44400,WITZ Corporation,"[Delayed] Consolidated Financial Results for the Three Months Ended November 30, 2025 (Under Japanese GAAP)",/inbs/ek/140120260113532552.pdf,False,,english,Information & Communication,,
2026-01-14 10:00:00,2026-01-14,82730,"IZUMI CO.,LTD.",Notice of Results and Completion of Acquisition of Treasury Shares Through Off-Auction Own Share Repurchase Trading System (ToSTNeT-3),/inbs/ek/140120260113532991.pdf,False,,english,Retail Trade,,
2026-01-14 08:30:00,2026-01-14,73700,"Enjin Co.,Ltd.","Summary of Non-consolidated Financial Results for the Six Months Ended November 30, 2025[Japanese GAAP]",/inbs/ek/140120260113533069.pdf,False,,english,Services,,
2026-01-13 17:00:00,2026-01-13,36560,KLab Inc.,Notice Concerning Expected Compliance with Prime Listing Maintenance Criteria (Tradable Share Market Capitalization),/inbs/ek/140120260113532647.pdf,False,,english,Information & Communication,,
2026-01-13 16:50:00,2026-01-13,91430,"SG HOLDINGS CO.,LTD.",Notice on Status and Completion of Acquisition of Treasury Shares,/inbs/ek/140120260113532800.pdf,False,,english,Land Transportation,,
2026-01-13 16:40:00,2026-01-13,82730,"IZUMI CO.,LTD.",Notice of Determination of Purchase Price of Treasury Shares Through Off-Auction Own Share Repurchase Trading System (ToSTNeT-3),/inbs/ek/140120260113532243.pdf,False,,english,Retail Trade,,
2026-01-13 16:30:00,2026-01-13,72360,"T.RAD Co., Ltd.",Frequently Asked Questions from Investor Meetings and the Company’s Views,/inbs/ek/140120260113532746.pdf,False,,english,Transportation Equipment,,
2026-01-13 16:00:00,2026-01-13,30970,The Monogatari Corporation,Notice Regarding Capital Increase in a Subsidiary (Designation as a Specified Subsidiary),/inbs/ek/140120260113532289.pdf,False,,english,Retail Trade,,
2026-01-13 16:00:00,2026-01-13,32760,"Japan Property Management Center Co.,Ltd.","Monthly Information for December of the Fiscal Year Ending December 31, 2025",/inbs/ek/140120260113532157.pdf,False,,english,Real Estate,,
2026-01-13 16:00:00,2026-01-13,38170,"SRA Holdings,Inc.",Flash Report on Sales Performance for December 2025,/inbs/ek/140120260113532675.pdf,False,,english,Information & Communication,,
2026-01-13 16:00:00,2026-01-13,70920,Fast Fitness Japan Incorporated,Notice Concerning the Establishment of the Record Date for the Convocation of the Extraordinary Shareholders Meeting,/inbs/ek/140120260113532068.pdf,False,,english,Services,,
2026-01-13 16:00:00,2026-01-13,76070,"Shinwa Co.,Ltd.","Consolidated Financial Results for the Three Months Ended November 30, 2025(Under Japanese GAAP)",/inbs/ek/140120260113532341.pdf,False,,english,Wholesale Trade,,
2026-01-13 15:45:00,2026-01-13,81420,"TOHO Co.,Ltd.",Notice Concerning Stock Split and Partial Amendment to the Articles of Incorporation,/inbs/ek/140120260113532510.pdf,False,,english,Wholesale Trade,,
2026-01-13 15:45:00,2026-01-13,81420,"TOHO Co.,Ltd.",Notice Concerning Secondary Offering of Shares,/inbs/ek/140120260113532532.pdf,False,,english,Wholesale Trade,,
2026-01-13 15:35:00,2026-01-13,36590,"NEXON Co.,Ltd.",Notice Concerning Change of Major Shareholder,/inbs/ek/140120260113532457.pdf,False,,english,Information & Communication,,
2026-01-13 15:30:00,2026-01-13,13770,SAKATA SEED CORPORATION,"〔Summary〕Consolidated Financial Results for the Six Months Ended November 30, 2025",/inbs/ek/140120260106529641.pdf,False,,english,"Fishery, Agriculture & Forestry",,
2026-01-13 15:30:00,2026-01-13,13770,SAKATA SEED CORPORATION,"Supplementary Material of Consolidated Financial Results for the Six Months Ended November 30, 2025",/inbs/ek/140120260106529644.pdf,False,,english,"Fishery, Agriculture & Forestry",,
2026-01-13 15:30:00,2026-01-13,13770,SAKATA SEED CORPORATION,"Notice Regarding Differences Between the Financial Results Forecasts and Actual Results for the Six Months Ended November 30, 2025,  and Revisions of",/inbs/ek/140120260106529645.pdf,False,,english,"Fishery, Agriculture & Forestry",,
2026-01-13 15:30:00,2026-01-13,14190,"Tama Home Co.,Ltd.","[Summary] Summary of Consolidated Financial Results for the Six Months Ended November 30, 2025 (Under Japanese GAAP)",/inbs/ek/140120260113532505.pdf,False,,english,Construction,,
2026-01-13 15:30:00,2026-01-13,14190,"Tama Home Co.,Ltd.",Monthly Orders for December 2025,/inbs/ek/140120260113532512.pdf,False,,english,Construction,,
2026-01-13 15:30:00,2026-01-13,21530,E・J Holdings Inc.,Notice Regarding Dividends of Surplus (Interim Dividend),/inbs/ek/140120260109531875.pdf,False,,english,Services,,
2026-01-13 15:30:00,2026-01-13,21530,E・J Holdings Inc.,Notice Regarding Determination of Matters Concerning Acquisition of Shares under the Performance-Linked Stock-Based Compensation System,/inbs/ek/140120260109531873.pdf,False,,english,Services,,
2026-01-13 15:30:00,2026-01-13,21530,E・J Holdings Inc.,"[Summary] Consolidated Financial Results for the Six Months Ended November 30, 2025",/inbs/ek/140120260113532352.pdf,False,,english,Services,,
2026-01-13 15:30:00,2026-01-13,22220,"Kotobuki Spirits Co.,Ltd.",Sales Status for the Third Quarter of the Fiscal Year Ending March 2026 (Estimated),/inbs/ek/140120260113532069.pdf,False,,english,Foods,,
2026-01-13 15:30:00,2026-01-13,23790,dip Corporation,"Financial Results for the Third Quarter of the Fiscal Year Ending February 28, 2026 (Japanese GAAP, Consolidated)",/inbs/ek/140120260106529632.pdf,False,,english,Services,,
2026-01-13 15:30:00,2026-01-13,24620,"LIKE,Inc.","Consolidated Financial Results for the Six Months Ended November 30, 2025 〔Under Japanese GAAP〕",/inbs/ek/140120260113532199.pdf,False,,english,Services,,
2026-01-13 15:30:00,2026-01-13,27260,"PAL GROUP Holdings CO.,LTD","Consolidated Financial Results for the Nine Months Ended November 30, 2025 (Under Japanese GAAP)",/inbs/ek/140120260109531913.pdf,False,,english,Retail Trade,,
2026-01-13 15:30:00,2026-01-13,27260,"PAL GROUP Holdings CO.,LTD",Notice Concerning Dividends of Surplus (Increase),/inbs/ek/140120260109531421.pdf,False,,english,Retail Trade,,
2026-01-13 15:30:00,2026-01-13,27260,"PAL GROUP Holdings CO.,LTD",Notice regarding changes in directors and auditors,/inbs/ek/140120260109531435.pdf,False,,english,Retail Trade,,
2026-01-13 15:30:00,2026-01-13,29750,"Star Mica Holdings Co.,Ltd.","[Summary]Consolidated Financial Results for the Fiscal Year Ended November 30, 2025 (Under Japanese GAAP)",/inbs/ek/140120260109531820.pdf,False,,english,Real Estate,,
2026-01-13 15:30:00,2026-01-13,29750,"Star Mica Holdings Co.,Ltd.",FY2025 Financial Results,/inbs/ek/140120260109531826.pdf,False,,english,Real Estate,,
2026-01-13 15:30:00,2026-01-13,30500,"DCM Holdings Co.,Ltd.",Notice Regarding the Change of Representative Director of a Consolidated Subsidiary,/inbs/ek/140120260113532211.pdf,False,,english,Retail Trade,,
2026-01-13 15:30:00,2026-01-13,30640,"MonotaRO Co.,Ltd.",Monthly Sales Report Dec. 2025,/inbs/ek/140120260113532029.pdf,False,,english,Retail Trade,,
2026-01-13 15:30:00,2026-01-13,30930,"Treasure Factory Co.,LTD.","[Summary]Consolidated Financial Results for the Nine Months Ended November 30, 2025 (Under Japanese GAAP)",/inbs/ek/140120260112531980.pdf,False,,english,Retail Trade,,
2026-01-13 15:30:00,2026-01-13,30930,"Treasure Factory Co.,LTD.","[Summary]Presentation Materials for the 3rd Quarter Fiscal 2026 (Year Ending February 28, 2026)",/inbs/ek/140120260112531979.pdf,False,,english,Retail Trade,,
2026-01-13 15:30:00,2026-01-13,30930,"Treasure Factory Co.,LTD.",Notice regarding the Digital Transformation (App Integration) of the Shareholder Benefit Program,/inbs/ek/140120260112532013.pdf,False,,english,Retail Trade,,
2026-01-13 15:30:00,2026-01-13,31480,"CREATE SD HOLDINGS CO.,LTD.","Consolidated Financial Results for Six Months Ended November 30, 2025 (Japanese GAAP)",/inbs/ek/140120260109531924.pdf,False,,english,Retail Trade,,
2026-01-13 15:30:00,2026-01-13,32960,NIPPON REIT Investment Corporation,Notice Concerning Completion of Transfer of Real Estate Trust Beneficiary Interest in Japan,/inbs/ek/140120260113532277.pdf,False,,english,REIT,,
2026-01-13 15:30:00,2026-01-13,33490,COSMOS Pharmaceutical Corporation,"Consolidated Financial Results for the Six Months Ended November 30, 2025[Japanese GAAP]",/inbs/ek/140120260112532016.pdf,False,,english,Retail Trade,,
2026-01-13 15:30:00,2026-01-13,33490,COSMOS Pharmaceutical Corporation,Notice Concerning Organizational and Personnel Changes,/inbs/ek/140120260113532055.pdf,False,,english,Retail Trade,,
2026-01-13 15:30:00,2026-01-13,33910,TSURUHA HOLDINGS INC.,December 2025 Monthly Sales Flash Report,/inbs/ek/140120260113532394.pdf,False,,english,Retail Trade,,
2026-01-13 15:30:00,2026-01-13,34980,"Kasumigaseki Capital Co.,Ltd.","Consolidated Financial Results for the Three Months Ended November 30, 2025 (Under Japanese GAAP)",/inbs/ek/140120260113532263.pdf,False,,english,Real Estate,,
2026-01-13 15:30:00,2026-01-13,35460,"Alleanza Holdings Co.,Ltd.","[Summary] Consolidated Financial Results for the Nine Months Ended November 30, 2025 (Under Japanese GAAP)",/inbs/ek/140120260113532221.pdf,False,,english,Retail Trade,,
2026-01-13 15:30:00,2026-01-13,35460,"Alleanza Holdings Co.,Ltd.","【Summary】Supplementary Materials of ConsolidatedFinancial Results for the  Nine Months Ended February 28,2026",/inbs/ek/140120260113532050.pdf,False,,english,Retail Trade,,
2026-01-13 15:30:00,2026-01-13,39220,PR TIMES Corporation,"Summary of Consolidated Financial Results for the Nine Months Ended November 30, 2025 (Based on Japanese GAAP)",/inbs/ek/140120260113532301.pdf,False,,english,Information & Communication,,
2026-01-13 15:30:00,2026-01-13,43900,"IPS,Inc.",(Progress of Disclosure) Submission of Report on Preventive Measures Regarding Unauthorized Use of IP Phone Number Provided by Our Subsidiary,/inbs/ek/140120260113532232.pdf,False,,english,Information & Communication,,
2026-01-13 15:30:00,2026-01-13,52430,note inc.,Notice Concerning Recording of Deferred Tax Assets,/inbs/ek/140120260113532482.pdf,False,,english,Information & Communication,,
2026-01-13 15:30:00,2026-01-13,52430,note inc.,Notice Regarding Differences between Consolidated Financial Forecasts and Actual Results,/inbs/ek/140120260113532490.pdf,False,,english,Information & Communication,,
2026-01-13 15:30:00,2026-01-13,52430,note inc.,Notice Regarding Differences between Actual Non-Consolidated Financial Results and Previous Fiscal Year's Results,/inbs/ek/140120260113532508.pdf,False,,english,Information & Communication,,
2026-01-13 15:30:00,2026-01-13,52430,note inc.,Notice Regarding Recording of Extraordinary Loss on Valuation of Shares of Subsidiaries in Non-Consolidated Financial Result,/inbs/ek/140120260113532524.pdf,False,,english,Information & Communication,,
2026-01-13 15:30:00,2026-01-13,52430,note inc.,Presentation material for FY2025 Financial Results,/inbs/ek/140120260113532626.pdf,False,,english,Information & Communication,,
2026-01-13 15:30:00,2026-01-13,52430,note inc.,"(Update on Disclosed Matters) Notice Regarding Determination of Revenue Recognition Category for the Demonstration Project Selected for ""GENIAC""",/inbs/ek/140120260113532684.pdf,False,,english,Information & Communication,,
2026-01-13 15:30:00,2026-01-13,60470,Gunosy Inc.,"[Summary] Consolidated Financial Results for the Six Months Ended November 30, 2025 (Under Japanese GAAP)",/inbs/ek/140120260113532540.pdf,False,,english,Services,,
2026-01-13 15:30:00,2026-01-13,60470,Gunosy Inc.,Notice Regarding Revision of Financial Forecasts and Dividend Forecast (Special Dividend),/inbs/ek/140120260113532562.pdf,False,,english,Services,,
2026-01-13 15:30:00,2026-01-13,62550,NPC Incorporated,"Summary of Financial Results for the First Quarter of Fiscal Year Ending August 31, 2026",/inbs/ek/140120260113532229.pdf,False,,english,Machinery,,
2026-01-13 15:30:00,2026-01-13,62870,SATO CORPORATION,Notice Regarding the Resignation of Director,/inbs/ek/140120260108531016.pdf,False,,english,Machinery,,
2026-01-13 15:30:00,2026-01-13,62870,SATO CORPORATION,"Notice Regarding Appointments of Directors, Audit & Supervisory Board Members",/inbs/ek/140120260108531017.pdf,False,,english,Machinery,,
2026-01-13 15:30:00,2026-01-13,64320,"TAKEUCHI MFG.CO.,LTD.","Consolidated Financial Results for the Nine Months Ended November 30, 2025 [Under Japanese GAAP]",/inbs/ek/140120260113532349.pdf,False,,english,Machinery,,
2026-01-13 15:30:00,2026-01-13,65840,"Sanoh Industrial Co.,Ltd.",Stakeholder Questions and Our Responses (Q2 FY2025 Financial Results),/inbs/ek/140120260113532294.pdf,False,,english,Transportation Equipment,,
2026-01-13 15:30:00,2026-01-13,66190,W-SCOPE Corporation,10th and 11th Stock Acquisition Rights with an Exercise Price Adjustment by Allotment to Third Parties Notice of designation of non-exercise period,/inbs/ek/140120260113532594.pdf,False,,english,Electric Appliances,,
2026-01-13 15:30:00,2026-01-13,70850,"CURVES HOLDINGS Co.,Ltd.","Consolidated Financial Results for the Three Months Ended November 30, 2025[Japanese GAAP]",/inbs/ek/140120260113532125.pdf,False,,english,Services,,
2026-01-13 15:30:00,2026-01-13,70850,"CURVES HOLDINGS Co.,Ltd.",Supplementary Material Consolidated Results of Operations for 1Q of FY2026,/inbs/ek/140120260113532141.pdf,False,,english,Services,,
2026-01-13 15:30:00,2026-01-13,75320,Pan Pacific International Holdings Corporation,Monthly Sales Report,/inbs/ek/140120251225526877.pdf,False,,english,Retail Trade,,
2026-01-13 15:30:00,2026-01-13,75990,IDOM Inc.,"(Summary)Consolidated Financial Results  for the Nine Months Ended November 30, 2025  (Under Japanese GAAP)",/inbs/ek/140120260113532145.pdf,False,,english,Wholesale Trade,,
2026-01-13 15:30:00,2026-01-13,78880,SANKO GOSEI LTD.,"[Summary] Consolidated Financial Results for the Six Months Ended November 30, 2025 (Under Japanese GAAP)",/inbs/ek/140120260106529336.pdf,False,,english,Chemicals,,
2026-01-13 15:30:00,2026-01-13,79650,Zojirushi Corporation,Notice Concerning Dividends of Surplus,/inbs/ek/140120260109531807.pdf,False,,english,Electric Appliances,,
2026-01-13 15:30:00,2026-01-13,82330,"Takashimaya Company,Limited","(Amendment)Notice of the Purchase and Cancellation of Convertible Bonds due 2028 through a Tender Offer, and Update on Cancellation of Treasury Shares",/inbs/ek/140120260109531230.pdf,False,,english,Retail Trade,,
2026-01-13 15:30:00,2026-01-13,82730,"IZUMI CO.,LTD.","Summary of Consolidated Financial Results for the Nine Months Ended November 30, 2025  (Based on Japanese GAAP)",/inbs/ek/140120260113532585.pdf,False,,english,Retail Trade,,
2026-01-13 15:30:00,2026-01-13,82730,"IZUMI CO.,LTD.","Support Documentation about the Consolidated Financial Results for the Third Quarter of the Fiscal Year Ending February 28, 2026 (FY2025)",/inbs/ek/140120260113532197.pdf,False,,english,Retail Trade,,
2026-01-13 15:30:00,2026-01-13,82730,"IZUMI CO.,LTD.","Financial Results for the Nine Months of Ended November 30, 2026",/inbs/ek/140120260113532222.pdf,False,,english,Retail Trade,,
2026-01-13 15:30:00,2026-01-13,82730,"IZUMI CO.,LTD.",Notice of Acquisition of Treasury Shares and Repurchase of Treasury Shares Through Off-Auction Own Share Repurchase Trading System (ToSTNeT-3),/inbs/ek/140120260113532230.pdf,False,,english,Retail Trade,,
2026-01-13 15:30:00,2026-01-13,84390,Tokyo Century Corporation,Consolidated Subsidiary Aviation Capital Group to Order 50 Boeing Aircraft,/inbs/ek/140120260113532269.pdf,False,,english,Other Financing Business,,
2026-01-13 15:30:00,2026-01-13,89040,"AVANTIA CO.,LTD.","Consolidated Financial Results for the Three Months Ended November 30, 2025 (Under Japanese GAAP)",/inbs/ek/140120260113532147.pdf,False,,english,Real Estate,,
2026-01-13 15:30:00,2026-01-13,89720,KDX Realty Investment Corporation,Notice Concerning Debt Financing (Series 0042),/inbs/ek/140120260113532176.pdf,False,,english,REIT,,
2026-01-13 15:30:00,2026-01-13,92780,BOOKOFF GROUP HOLDINGS LIMITED,"Consolidated Summary Report for the Second Quarter of the Fiscal Year Ending May 31,2026 [Japanese GAAP]",/inbs/ek/140120260113532344.pdf,False,,english,Retail Trade,,
2026-01-13 15:30:00,2026-01-13,92780,BOOKOFF GROUP HOLDINGS LIMITED,Supplementary Financial Datafor the Second Quarter of the Fiscal Year Ending May 2026(2Q FY5/2026),/inbs/ek/140120260113532364.pdf,False,,english,Retail Trade,,
2026-01-13 15:30:00,2026-01-13,92840,"Canadian Solar Infrastructure Fund,Inc.",The Solar Power Generation and the Impact of the Temporary Output Curtailment (December 2025),/inbs/ek/140120260113532105.pdf,False,,english,others,,
2026-01-13 15:30:00,2026-01-13,95580,"Japaniace Co.,Ltd.","Non-consolidated Financial Results for the Fiscal Year Ended November 30, 2025",/inbs/ek/140120260113532424.pdf,False,,english,Services,,
2026-01-13 15:30:00,2026-01-13,95580,"Japaniace Co.,Ltd.","Financial Results Presentation Material for the Fiscal Year Ended November 30, 2025",/inbs/ek/140120260113532432.pdf,False,,english,Services,,
2026-01-13 15:30:00,2026-01-13,97200,"HOTEL NEWGRAND CO.,LTD.",[Summary] Financial Results for the Year,/inbs/ek/140120260113532124.pdf,False,,english,Services,,
2026-01-13 15:20:00,2026-01-13,27220,"IK HOLDINGS Co.,Ltd.",[Summary] Financial Results for the Six Months,/inbs/ek/140120260113532056.pdf,False,,english,Retail Trade,,
2026-01-13 15:10:00,2026-01-13,62820,OILES CORPORATION,Notice Regarding Equipment Restoration at the Company’s Ashikaga Plant,/inbs/ek/140120260113532609.pdf,False,,english,Machinery,,
2026-01-13 15:00:00,2026-01-13,16050,INPEX CORPORATION,Announcement Concerning the Status and Completion of Acquisition of Treasury Stock,/inbs/ek/140120260113532195.pdf,False,,english,Mining,,
2026-01-13 15:00:00,2026-01-13,27340,SALA CORPORATION,"Consolidated Financial Results for the Fiscal Year Ended November 30, 2025 (Under Japanese GAAP)",/inbs/ek/140120260112531993.pdf,False,,english,Retail Trade,,
2026-01-13 15:00:00,2026-01-13,27340,SALA CORPORATION,"Reference Materials for the Consolidated Financial Results for the Fiscal Year Ended November 30, 2025",/inbs/ek/140120260112531994.pdf,False,,english,Retail Trade,,
2026-01-13 15:00:00,2026-01-13,27340,SALA CORPORATION,Notice Concerning Recording of Non-operating Income (Gain on Valuation of Derivatives),/inbs/ek/140120260112531995.pdf,False,,english,Retail Trade,,
2026-01-13 15:00:00,2026-01-13,27340,SALA CORPORATION,Notice Concerning Formulation of the 6th Medium-Term Management Plan,/inbs/ek/140120260112531996.pdf,False,,english,Retail Trade,,
2026-01-13 15:00:00,2026-01-13,27340,SALA CORPORATION,"Notice Concerning Changes in Representative Director, Director and Executive Officer",/inbs/ek/140120260112531997.pdf,False,,english,Retail Trade,,
2026-01-13 15:00:00,2026-01-13,29820,"A.D.Works Group Co.,Ltd.","Notice Concerning the Completion of Transfer of Property Management Business for External Owners, etc. through the Company Split (Absorption-type Spli",/inbs/ek/140120260113532461.pdf,False,,english,Real Estate,,
2026-01-13 15:00:00,2026-01-13,63760,"NIKKISO CO.,LTD.","Notice Regarding Nomination of Candidates for Directors, Audit & Supervisory Board Members and Substitute Audit & Supervisory Board Members",/inbs/ek/140120260113532388.pdf,False,,english,Precision Instruments,,
2026-01-13 15:00:00,2026-01-13,80950,"Astena Holdings Co.,Ltd.",Announcement Regarding the Rolling Revision of the Medium-term Management Plan,/inbs/ek/140120260113532278.pdf,False,,english,Wholesale Trade,,
2026-01-13 15:00:00,2026-01-13,80950,"Astena Holdings Co.,Ltd.",Astena Holdings Announces Dividends from Surplus,/inbs/ek/140120260113532275.pdf,False,,english,Wholesale Trade,,
2026-01-13 15:00:00,2026-01-13,80950,"Astena Holdings Co.,Ltd.","[Summary]Consolidated Financial Results for the Fiscal Year Ended November 30, 2025 (Under Japanese GAAP)",/inbs/ek/140120260113532321.pdf,False,,english,Wholesale Trade,,
2026-01-13 15:00:00,2026-01-13,81630,"SRS HOLDINGS CO.,LTD.",Notice of Organizational Reforms and Personnel Changes,/inbs/ek/140120260113532564.pdf,False,,english,Retail Trade,,
2026-01-13 15:00:00,2026-01-13,82330,"Takashimaya Company,Limited",[Delayed] FY2025 Q3 Financial Results Briefing Main Q&A,/inbs/ek/140120260113532384.pdf,False,,english,Retail Trade,,
2026-01-13 13:00:00,2026-01-13,99560,"VALOR HOLDINGS CO.,LTD.",NOTICE OF MONTHLY BUSINESS RESULTS FOR DECEMBER (Fiscal Year Ended March 2026),/inbs/ek/140120260113532246.pdf,False,,english,Retail Trade,,
2026-01-13 12:00:00,2026-01-13,45760,"D.Western Therapeutics Institute, Inc.","Announcement of Launch in Singapore for Glaucoma and Ocular Hypertension Treatment ""GLA-ALPHA Combination Ophthalmic Solution (Japanese product name)""",/inbs/ek/140120260108531009.pdf,False,,english,Pharmaceutical,,
2026-01-13 11:30:00,2026-01-13,81940,LIFE CORPORATION,"［Summary］Consolidated Financial Results for the First Nine Months of the Fiscal Year Ending February 28,2026 (under Japanese GAAP)",/inbs/ek/140120251230528077.pdf,False,,english,Retail Trade,,
2026-01-13 11:30:00,2026-01-13,81940,LIFE CORPORATION,"Financial Results and Reference Documents for the First Nine Months of the Fiscal Year Ending February 28,2026",/inbs/ek/140120251230528079.pdf,False,,english,Retail Trade,,
2026-01-13 11:00:00,2026-01-13,36630,"CELSYS,Inc.",Notice of monthly business progress report for December 2025,/inbs/ek/140120260106529637.pdf,False,,english,Information & Communication,,
2026-01-13 11:00:00,2026-01-13,95190,"RENOVA,Inc.",Notice of Revenue from Electricity Sales in December 2025,/inbs/ek/140120260113532178.pdf,False,,english,Electric Power & Gas,,
2026-01-13 10:00:00,2026-01-13,26740,"HARD OFF CORPORATION Co.,Ltd.",Monthly Sales Data and Number of stores,/inbs/ek/140120260112532005.pdf,False,,english,Retail Trade,,
2026-01-13 09:30:00,2026-01-13,72360,"T.RAD Co., Ltd.",Notice Regarding Appointment of Provisional Audit & Supervisory Board Member,/inbs/ek/140120260109531876.pdf,False,,english,Transportation Equipment,,
2026-01-13 09:00:00,2026-01-13,84100,"Seven Bank,Ltd.",December 2025 Monthly Data (Non-consolidated),/inbs/ek/140120260109531476.pdf,False,,english,Banks,,
2026-01-13 08:30:00,2026-01-13,45650,"Nxera Pharma Co.,Ltd.",Nxera Pharma to Receive US$3.6 Million in Milestone Payment Pursuant to Research Collaboration with Centessa,/inbs/ek/140120260112531999.pdf,False,,english,Pharmaceutical,,
2026-01-13 08:30:00,2026-01-13,72500,"PACIFIC INDUSTRIAL CO.,LTD.","[Delayed] Notice Regarding Change in Terms and Conditions of the Tender Offer for Share Certificates, etc. of PACIFIC INDUSTRIAL CO., LTD.by CORE Inc.",/inbs/ek/140120260109531458.pdf,False,,english,Transportation Equipment,,
2026-01-13 08:30:00,2026-01-13,72500,"PACIFIC INDUSTRIAL CO.,LTD.",[Delayed] (Amendment) Notice regarding the partial amendment to “Notice Regarding Implementation of MBO and Recommendation for Tender”,/inbs/ek/140120260109531459.pdf,False,,english,Transportation Equipment,,
2026-01-09 19:20:00,2026-01-09,95010,"Tokyo Electric Power Company Holdings,Incorporated",Application for an Amendment to the Financial Assistance Amount (23rd Provision) and Approval of Modification to the Special Business Plan,/inbs/ek/140120260109531893.pdf,False,,english,Electric Power & Gas,,
2026-01-09 18:45:00,2026-01-09,18130,Fudo Tetra Corporation,"[Summary]Consolidated Financial Results for the Six Months Ended September 30, 2025 (Under Japanese GAAP)",/inbs/ek/140120260109531829.pdf,False,,english,Construction,,
2026-01-09 18:45:00,2026-01-09,18130,Fudo Tetra Corporation,Q2 FY2025 Supplementary materials for financial results,/inbs/ek/140120260109531840.pdf,False,,english,Construction,,
2026-01-09 18:30:00,2026-01-09,80080,YONDOSHI HOLDINGS INC.,Notice Concerning Changes to the Shareholder Benefit Program,/inbs/ek/140120260109531900.pdf,False,,english,Retail Trade,,
2026-01-09 17:30:00,2026-01-09,37880,GMO GlobalSign Holdings K.K.,Notice Regarding the Status of Repurchase of Own Shares,/inbs/ek/140120260109531870.pdf,False,,english,Information & Communication,,
2026-01-09 17:00:00,2026-01-09,62770,HOSOKAWA MICRON CORPORATION,Notice Regarding Disposal of Treasury Shares as Restricted Stock Compensation,/inbs/ek/140120260108531150.pdf,False,,english,Machinery,,
2026-01-09 16:30:00,2026-01-09,24100,"CAREER DESIGN CENTER CO.,LTD.",Notice of Disposal of Treasury Shares as Restricted Stock Compensation,/inbs/ek/140120260109531494.pdf,False,,english,Services,,
2026-01-09 16:00:00,2026-01-09,30460,JINS HOLDINGS Inc.,"Consolidated Financial Results for the Three Months Ended November 30, 2025 [Japanese GAAP]",/inbs/ek/140120260109531594.pdf,False,,english,Retail Trade,,
2026-01-09 16:00:00,2026-01-09,47140,RISO KYOIKU GROUP CORPORATION,"Consolidated Financial Results for the Nine Months Ended November 30, 2025 (Under Japanese GAAP)",/inbs/ek/140120260109531763.pdf,False,,english,Services,,
2026-01-09 16:00:00,2026-01-09,47140,RISO KYOIKU GROUP CORPORATION,"Consolidated Financial Results for the Third Quarter of the Fiscal Year Ending  February 28, 2026",/inbs/ek/140120260109531536.pdf,False,,english,Services,,
2026-01-09 16:00:00,2026-01-09,47140,RISO KYOIKU GROUP CORPORATION,"Notice Concerning Revisions to Full-Year Consolidated Earnings Forecasts for the Fiscal Year Ending February 28, 2026",/inbs/ek/140120260109531539.pdf,False,,english,Services,,
2026-01-09 16:00:00,2026-01-09,48290,"Nihon Enterprise Co.,Ltd.",[Summary] Financial Results for the Six Months,/inbs/ek/140120260109531662.pdf,False,,english,Information & Communication,,
2026-01-09 16:00:00,2026-01-09,65060,YASKAWA Electric Corporation,"Consolidated Results for the First Three Quarters of Fiscal Year Ending February 28, 2026 [IFRS]",/inbs/ek/140120260109531755.pdf,False,,english,Electric Appliances,,
2026-01-09 16:00:00,2026-01-09,72590,AISIN CORPORATION,Notice Concerning the Status of Stock Repurchases,/inbs/ek/140120260109531304.pdf,False,,english,Transportation Equipment,,
2026-01-09 16:00:00,2026-01-09,77250,INTER ACTION Corporation,"Consolidated Financial Results for the Second Quarter of the Fiscal Year Ending May 31, 2026〈Japanese GAAP〉",/inbs/ek/140120260108531159.pdf,False,,english,Precision Instruments,,
2026-01-09 16:00:00,2026-01-09,77250,INTER ACTION Corporation,"Notice Regarding Revisions to the Full-Year Consolidated Earnings Forecast and Year-End Dividend Forecast for the Fiscal Year Ending May 31, 2026",/inbs/ek/140120260108531167.pdf,False,,english,Precision Instruments,,
2026-01-09 16:00:00,2026-01-09,80080,YONDOSHI HOLDINGS INC.,Notice of Changes in Organizational Structure and Personnel,/inbs/ek/140120260109531785.pdf,False,,english,Retail Trade,,
2026-01-09 16:00:00,2026-01-09,80080,YONDOSHI HOLDINGS INC.,"CONSOLIDATED FINANCIAL REPORT（Japanese GAAP） NINE-MONTH PERIOD OF THE FISCAL YEAR ENDING FEBRUARY 28, 2026 (March 1, 2025 to November 30, 2025)",/inbs/ek/140120260109531760.pdf,False,,english,Retail Trade,,
2026-01-09 16:00:00,2026-01-09,81250,"Wakita & Co.,LTD.",[Summary] Financial Results for the Nine Months,/inbs/ek/140120260109531483.pdf,False,,english,Wholesale Trade,,
2026-01-09 16:00:00,2026-01-09,81250,"Wakita & Co.,LTD.",Summary of Consolidated Financial Results for the Third Quarter of the Fiscal Year Ending February 2026,/inbs/ek/140120260108531099.pdf,False,,english,Wholesale Trade,,
2026-01-09 16:00:00,2026-01-09,83090,"Sumitomo Mitsui Trust Group,Inc.",Notice regarding Status and Completion of Repurchase and Cancellation of Own Shares,/inbs/ek/140120260109531562.pdf,False,,english,Banks,,
2026-01-09 16:00:00,2026-01-09,87390,"SPARX Group Co.,Ltd.",SPARX Group Announces Assets Under Management for December 2025,/inbs/ek/140120260109531278.pdf,False,,english,Securities & Commodity Futures,,
2026-01-09 16:00:00,2026-01-09,89510,Nippon Building Fund Inc.,Notice Concerning Debt Financing,/inbs/ek/140120260109531647.pdf,False,,english,REIT,,
2026-01-09 16:00:00,2026-01-09,89640,Frontier Real Estate Investment Corporation,Notice Concerning Extension of Commitment Line Period,/inbs/ek/140120260109531453.pdf,False,,english,REIT,,
2026-01-09 16:00:00,2026-01-09,92700,Valuence Holdings Inc.,"Notice of Revisions to Consolidated Financial Forecasts and Dividend Forecast for the Fiscal Year Ending August 31, 2026",/inbs/ek/140120260109531509.pdf,False,,english,Wholesale Trade,,
2026-01-09 16:00:00,2026-01-09,92700,Valuence Holdings Inc.,"Consolidated Financial Results for the Three Months Ended November 30, 2025",/inbs/ek/140120260109531477.pdf,False,,english,Wholesale Trade,,
2026-01-09 16:00:00,2026-01-09,92700,Valuence Holdings Inc.,Q1 FY26 Financial Results,/inbs/ek/140120260109531499.pdf,False,,english,Wholesale Trade,,
2026-01-09 16:00:00,2026-01-09,97650,"OHBA CO.,LTD.","[Summary]Consolidated Financial Results  for the Six Months Ended November 30, 2025  (Under Japanese GAAP)",/inbs/ek/140120260107530236.pdf,False,,english,Services,,
2026-01-09 15:45:00,2026-01-09,71140,"Foodison,Inc.",Notice Regarding the Status of Share Repurchase,/inbs/ek/140120260109531792.pdf,False,,english,Wholesale Trade,,
2026-01-09 15:30:00,2026-01-09,21570,"KOSHIDAKA HOLDINGS Co.,LTD.","Consolidated Financial Results for the First Quarter the Fiscal Year Ending August 31, 2026",/inbs/ek/140120260105528859.pdf,False,,english,Services,,
2026-01-09 15:30:00,2026-01-09,21570,"KOSHIDAKA HOLDINGS Co.,LTD.",Results of Operations  for the First Quarter of the Fiscal Year Ending August 2026,/inbs/ek/140120260105528904.pdf,False,,english,Services,,
2026-01-09 15:30:00,2026-01-09,21600,GNI Group Ltd.,"Notice Concerning Completion of Acquisition of Shares (Conversion into a Consolidated Subsidiary) of ZOO LABO, Inc.",/inbs/ek/140120260109531426.pdf,False,,english,Pharmaceutical,,
2026-01-09 15:30:00,2026-01-09,30020,GUNZE LIMITED,Notice Regarding Status of Purchase of Treasury Shares,/inbs/ek/140120260107530159.pdf,False,,english,Textiles & Apparels,,
2026-01-09 15:30:00,2026-01-09,30930,"Treasure Factory Co.,LTD.",Monthly Sales Summary (December 2025) (Non-Consolidated),/inbs/ek/140120260108531146.pdf,False,,english,Retail Trade,,
2026-01-09 15:30:00,2026-01-09,31790,"Syuppin Co.,Ltd.",Notice of Monthly Information for December 2025,/inbs/ek/140120260109531396.pdf,False,,english,Retail Trade,,
2026-01-09 15:30:00,2026-01-09,31930,"Eternal Hospitality Group Co.,Ltd.",Monthly Report (December 2025),/inbs/ek/140120260109531559.pdf,False,,english,Retail Trade,,
2026-01-09 15:30:00,2026-01-09,31990,"Watahan & Co.,Ltd.",Monthly trends for the fiscal year ending March 2026 (December),/inbs/ek/140120260109531242.pdf,False,,english,Retail Trade,,
2026-01-09 15:30:00,2026-01-09,32800,"STrust Co.,Ltd.","Consolidated Financial Results for the Nine Months Ended November 30, 2025 [Japanese GAAP]",/inbs/ek/140120260109531671.pdf,False,,english,Real Estate,,
2026-01-09 15:30:00,2026-01-09,32960,NIPPON REIT Investment Corporation,Notice Concerning Extension of Term of Commitment Line Agreement,/inbs/ek/140120260109531296.pdf,False,,english,REIT,,
2026-01-09 15:30:00,2026-01-09,35490,"KUSURI NO AOKI HOLDINGS CO.,LTD.",Notice Regarding the Status of Purchase of Treasury Shares,/inbs/ek/140120260109531665.pdf,False,,english,Retail Trade,,
2026-01-09 15:30:00,2026-01-09,36080,"TSI HOLDINGS CO.,LTD.",Monthly Sales Report (Year-on-Year Comparison),/inbs/ek/140120260108531169.pdf,False,,english,Textiles & Apparels,,
2026-01-09 15:30:00,2026-01-09,36780,"MEDIA DO Co.,Ltd.",Notice Regarding Change in Other Affiliated Company (Equity-Method Affiliate),/inbs/ek/140120260107530450.pdf,False,,english,Information & Communication,,
2026-01-09 15:30:00,2026-01-09,37650,"GungHo Online Entertainment,Inc.",Notice Concerning Change in Representative Director,/inbs/ek/140120260109531454.pdf,False,,english,Information & Communication,,
2026-01-09 15:30:00,2026-01-09,37650,"GungHo Online Entertainment,Inc.",Notice Regarding the Opinion Reported by the Company's Nomination and Remuneration Committee to the Board of Directors,/inbs/ek/140120260109531666.pdf,False,,english,Information & Communication,,
2026-01-09 15:30:00,2026-01-09,37650,"GungHo Online Entertainment,Inc.",Overview of New Directors’ Remuneration System (Supplementary explanatory materials),/inbs/ek/140120260109531668.pdf,False,,english,Information & Communication,,
2026-01-09 15:30:00,2026-01-09,38340,"Asahi Net,Inc.","Number of ""Asahi Net"" Internet Connection Subscriptions as of December 31, 2025",/inbs/ek/140120260109531702.pdf,False,,english,Information & Communication,,
2026-01-09 15:30:00,2026-01-09,40630,"Shin-Etsu Chemical Co.,Ltd.",Notice Concerning Status of Repurchase of Shares,/inbs/ek/140120260109531641.pdf,False,,english,Chemicals,,
2026-01-09 15:30:00,2026-01-09,43940,"eXmotion Co.,Ltd.",[Summary] Financial Results for the Year,/inbs/ek/140120260109531688.pdf,False,,english,Information & Communication,,
2026-01-09 15:30:00,2026-01-09,45920,SanBio Company Limited,Announcement on Granting Stock Options (Share Acquisition Rights),/inbs/ek/140120260109531601.pdf,False,,english,Pharmaceutical,,
2026-01-09 15:30:00,2026-01-09,59000,"DAIKEN CO.,LTD.",[Summary] Financial Results for the Nine Months,/inbs/ek/140120260109531660.pdf,False,,english,Metal Products,,
2026-01-09 15:30:00,2026-01-09,61130,"AMADA CO.,LTD.",Notice Concerning Status of Purchase of Treasury Shares,/inbs/ek/140120260109531248.pdf,False,,english,Machinery,,
2026-01-09 15:30:00,2026-01-09,61780,"JAPAN POST HOLDINGS Co.,Ltd.",Notice Concerning the Status of the Acquisition of Treasury Stock,/inbs/ek/140120260109531350.pdf,False,,english,Services,,
2026-01-09 15:30:00,2026-01-09,62640,"Marumae Co.,Ltd.",Notice Regarding Completion of Payment for Disposal of Treasury Shares as Restricted Stock Compensation,/inbs/ek/140120260109531411.pdf,False,,english,Machinery,,
2026-01-09 15:30:00,2026-01-09,62890,GIKEN LTD.,Notice Regarding CDP Climate Change Program Assessment Results,/inbs/ek/140120260109531680.pdf,False,,english,Machinery,,
2026-01-09 15:30:00,2026-01-09,62890,GIKEN LTD.,Financial Results Overview for the First Quarter of FY2026 (September 2025 to November 2025),/inbs/ek/140120260109531670.pdf,False,,english,Machinery,,
2026-01-09 15:30:00,2026-01-09,62890,GIKEN LTD.,"Consolidated Financial Results for the Three Months Ended November 30, 2025 [JGAAP]",/inbs/ek/140120260109531664.pdf,False,,english,Machinery,,
2026-01-09 15:30:00,2026-01-09,63230,RORZE CORPORATION,"Consolidated Financial Results for the Nine Months Ended November 30, 2025 [Japanese GAAP]",/inbs/ek/140120260108530660.pdf,False,,english,Machinery,,
2026-01-09 15:30:00,2026-01-09,63230,RORZE CORPORATION,"FY2025 Third Quarter (Ended November 30, 2025) Financial Briefing",/inbs/ek/140120260108530670.pdf,False,,english,Machinery,,
2026-01-09 15:30:00,2026-01-09,68140,"FURUNO ELECTRIC CO.,LTD.","Consolidated Financial Results  for the Nine Months Ended November 30, 2025 (Japanese GAAP)",/inbs/ek/140120260105528704.pdf,False,,english,Electric Appliances,,
2026-01-09 15:30:00,2026-01-09,68500,Chino Corporation,Notice Regarding the Status of Repurchase of Treasury Shares,/inbs/ek/140120251219522527.pdf,False,,english,Electric Appliances,,
2026-01-09 15:30:00,2026-01-09,68660,HIOKI E.E.CORPORATION,Notice Regarding Changes in Audit & Supervisory Board Member,/inbs/ek/140120260109531629.pdf,False,,english,Electric Appliances,,
2026-01-09 15:30:00,2026-01-09,71810,"JAPAN POST INSURANCE Co.,Ltd.",Notice Concerning the Status of the Acquisition of Treasury Stock,/inbs/ek/140120260108530982.pdf,False,,english,Insurance,,
2026-01-09 15:30:00,2026-01-09,74470,"NAGAILEBEN Co.,Ltd.",Notice Concerning Completion of Payment for Disposal of Treasury Shares as Restricted Share-Based Remuneration,/inbs/ek/140120260108530562.pdf,False,,english,Wholesale Trade,,
2026-01-09 15:30:00,2026-01-09,74830,"DOSHISHA CO.,LTD.",Notice Regarding Personnel Changes,/inbs/ek/140120260109531595.pdf,False,,english,Wholesale Trade,,
2026-01-09 15:30:00,2026-01-09,75130,"Kojima Co.,Ltd.","Summary of Non-Consolidated Financial Results for the Three Months Ended November 30, 2025 (Based on Japanese GAAP)",/inbs/ek/140120260108530902.pdf,False,,english,Retail Trade,,
2026-01-09 15:30:00,2026-01-09,75130,"Kojima Co.,Ltd.",Supplementary Material on the Financial Results for the First Quarter of the Fiscal Year Ending August 2026,/inbs/ek/140120260108531058.pdf,False,,english,Retail Trade,,
2026-01-09 15:30:00,2026-01-09,75130,"Kojima Co.,Ltd.",Notice Concerning Change to (Expansion of) the Shareholder Benefit System,/inbs/ek/140120260108531050.pdf,False,,english,Retail Trade,,
2026-01-09 15:30:00,2026-01-09,75160,"KOHNAN SHOJI CO.,LTD.","Consolidated Financial Results for the Nine Months Ended November 30, 2025(Under Japanese GAAP)",/inbs/ek/140120260109531262.pdf,False,,english,Retail Trade,,
2026-01-09 15:30:00,2026-01-09,75160,"KOHNAN SHOJI CO.,LTD.",Notice of Revision to Consolidated Earnings Forecast,/inbs/ek/140120260109531303.pdf,False,,english,Retail Trade,,
2026-01-09 15:30:00,2026-01-09,79940,OKAMURA CORPORATION,Notice Regarding Commencement of Preparations for Group Organizational Reorganization,/inbs/ek/140120260109531281.pdf,False,,english,Other Products,,
2026-01-09 15:30:00,2026-01-09,80560,BIPROGY Inc.,"Notice Concerning the Status and the Completion of Acquisition, and the Cancellation of Own Shares",/inbs/ek/140120260109531431.pdf,False,,english,Information & Communication,,
2026-01-09 15:30:00,2026-01-09,81850,"CHIYODA CO.,LTD.",[Summary] Financial Results for the Nine Months,/inbs/ek/140120260109531626.pdf,False,,english,Retail Trade,,
2026-01-09 15:30:00,2026-01-09,82000,"RINGER HUT CO.,LTD.","[Summary] Consolidated Financial Results for the Nine Months Ended November 30, 2025 (Under Japanese GAAP)",/inbs/ek/140120260109531597.pdf,False,,english,Retail Trade,,
2026-01-09 15:30:00,2026-01-09,82000,"RINGER HUT CO.,LTD.",Notice Concerning Change of Representative Director and CEO,/inbs/ek/140120260109531604.pdf,False,,english,Retail Trade,,
2026-01-09 15:30:00,2026-01-09,82670,"AEON CO.,LTD.",AEON Monthly Operating Performance of Major Consolidated Companies in December 2025,/inbs/ek/140120260109531712.pdf,False,,english,Retail Trade,,
2026-01-09 15:30:00,2026-01-09,89270,"MEIHO ENTERPRISE CO.,LTD.",[Delayed]Supplementary Materials to the Financial Results for the First Quarter of the Fiscal Year Ending July 2026 (Q&A),/inbs/ek/140120260109531745.pdf,False,,english,Real Estate,,
2026-01-09 15:30:00,2026-01-09,89310,WADAKOHSAN CORPORATION,"Non-consolidated Financial Results for the Nine Months Ended November 30, 2025(Under Japanese GAAP)",/inbs/ek/140120260109531244.pdf,False,,english,Real Estate,,
2026-01-09 15:30:00,2026-01-09,90050,TOKYU CORPORATION,Announcement Concerning Share Buybacks,/inbs/ek/140120260106529148.pdf,False,,english,Land Transportation,,
2026-01-09 15:30:00,2026-01-09,92160,"Bewith,Inc.","Consolidated Financial Results for the Six Months Ended November 30, 2025 (Under Japanese GAAP)",/inbs/ek/140120260108531111.pdf,False,,english,Services,,
2026-01-09 15:30:00,2026-01-09,92160,"Bewith,Inc.",Notice of Consolidated Q2 FY2026 Forecast vs Actual Results Differences and Extraordinary Losses Recording,/inbs/ek/140120260106529687.pdf,False,,english,Services,,
2026-01-09 15:30:00,2026-01-09,92840,"Canadian Solar Infrastructure Fund,Inc.",Notice Concerning Change of Important Employee at the Asset Management Company,/inbs/ek/140120260109531368.pdf,False,,english,others,,
2026-01-09 15:30:00,2026-01-09,97160,"NOMURA Co.,Ltd.","[Summary] Consolidated Financial Results for the Nine Months Ended November 30, 2025 (Under Japanese GAAP)",/inbs/ek/140120260108531073.pdf,False,,english,Services,,
2026-01-09 15:30:00,2026-01-09,97160,"NOMURA Co.,Ltd.",Financial Summary for the 3rd Quarter of Fiscal 2025,/inbs/ek/140120260108531077.pdf,False,,english,Services,,
2026-01-09 15:30:00,2026-01-09,97160,"NOMURA Co.,Ltd.",Notice Concerning Revisions to Full-Year Consolidated Financial Results and Dividend Forecasts,/inbs/ek/140120260108531086.pdf,False,,english,Services,,
2026-01-09 15:30:00,2026-01-09,97400,"CENTRAL SECURITY PATROLS CO.,LTD.",[Summary] Financial Results for the Nine Months,/inbs/ek/140120260109531467.pdf,False,,english,Services,,
2026-01-09 15:00:00,2026-01-09,59760,"Neturen Co.,Ltd.",Notice Regarding Capital Participation through Acquisition of Shares of ANDO Imagineering Group Inc.,/inbs/ek/140120260108530584.pdf,False,,english,Metal Products,,
2026-01-09 15:00:00,2026-01-09,62000,"Insource Co.,Ltd.",Notice: Regarding Disposal of Treasury Stock for Restricted Stock Compensation,/inbs/ek/140120260109531638.pdf,False,,english,Services,,
2026-01-09 15:00:00,2026-01-09,82030,MrMax Holdings Ltd.,"Consolidated Financial Results for the Nine Months(Q3)Ended November 30, 2025 (Under Japanese GAAP)",/inbs/ek/140120260109531282.pdf,False,,english,Retail Trade,,
2026-01-09 14:00:00,2026-01-09,19050,TENOX CORPORATION,"[Delayed]Notice Regarding Capital and Business Alliance with Japan Home Shield Corporation, including Subscription for New Shares through Third-Party",/inbs/ek/140120260109531640.pdf,False,,english,Construction,,
2026-01-09 14:00:00,2026-01-09,90720,"NIKKON Holdings Co.,Ltd.",Notice of Status of Repurchase of Shares,/inbs/ek/140120260109531295.pdf,False,,english,Land Transportation,,
2026-01-09 14:00:00,2026-01-09,99740,"Belc CO.,LTD.","Consolidated Financial Results for the Nine Months Ended November 30,2025[Japanese GAAP]",/inbs/ek/140120260109531339.pdf,False,,english,Retail Trade,,
2026-01-09 13:30:00,2026-01-09,71800,"Kyushu Financial Group,Inc.","Notice Regarding Status of Share Repurchase (Buyback of Treasury Stock Pursuant to Article 165, Paragraph 2 of the Companies Act)",/inbs/ek/140120260109531213.pdf,False,,english,Banks,,
2026-01-09 13:30:00,2026-01-09,83370,"The Chiba Kogyo Bank,Ltd.",(Update on disclosure matter) Notice Concerning the Signing of Transfer Agreements Related to Additional Acquisition of Shares of Consolidated Subsidi,/inbs/ek/140120260108530783.pdf,False,,english,Banks,,
2026-01-09 13:00:00,2026-01-09,16050,INPEX CORPORATION,Announcement Concerning the Status of Acquisition of Treasury Stock,/inbs/ek/140120260109531301.pdf,False,,english,Mining,,
2026-01-09 13:00:00,2026-01-09,28040,"BULL-DOG SAUCE CO.,LTD.",Notice Concerning Status of Share Repurchase,/inbs/ek/140120260108531115.pdf,False,,english,Foods,,
2026-01-09 13:00:00,2026-01-09,35010,"SUMINOE Co.,Ltd.","Notice Regarding Revisions to the Financial Result Forecast for the Second Quarter (Interim Period) of the Fiscal Year Ending May 31, 2026",/inbs/ek/140120260108530976.pdf,False,,english,Textiles & Apparels,,
2026-01-09 13:00:00,2026-01-09,42120,Sekisui Jushi Corporation,Notice Regarding the Status of Repurchase of Treasury Stock,/inbs/ek/140120260108530864.pdf,False,,english,Chemicals,,
2026-01-09 13:00:00,2026-01-09,42120,Sekisui Jushi Corporation,Notice Regarding the Status and Completion of Repurchase of Treasury Stock,/inbs/ek/140120260108530868.pdf,False,,english,Chemicals,,
2026-01-09 13:00:00,2026-01-09,64820,Yushin Company,Notice Regarding the Status of Repurchase of Own Shares,/inbs/ek/140120260109531344.pdf,False,,english,Machinery,,
2026-01-09 12:30:00,2026-01-09,46760,"FUJI MEDIA HOLDINGS,INC.",[Updated] Notice Regarding Delivery of Revised Information List Regarding Large-Scale Acquisition Activities in respect of the Company’s Shares,/inbs/ek/140120260109531461.pdf,False,,english,Information & Communication,,
2026-01-09 12:00:00,2026-01-09,26020,"The Nisshin OilliO Group,Ltd.",Notice Concerning Progress on Acquisition of Treasury Shares,/inbs/ek/140120260108531054.pdf,False,,english,Foods,,
2026-01-09 11:30:00,2026-01-09,98320,"AUTOBACS SEVEN CO.,LTD.",Monthly Retail Sales Report（December 2025）,/inbs/ek/140120260109531450.pdf,False,,english,Wholesale Trade,,
2026-01-09 11:00:00,2026-01-09,42460,DaikyoNishikawa Corporation,"Notice Concerning Results of Share Repurchase through Off-Auction Transaction (ToSTNeT-3), Completion, and Changes in the Largest/Major Shareholders",/inbs/ek/140120251225526705.pdf,False,,english,Chemicals,,
2026-01-09 10:30:00,2026-01-09,82190,"AOYAMA TRADING Co.,Ltd.",Notice Concerning Monthly Sales Year-on-Year for December 2025 <Preliminary Report>,/inbs/ek/140120260108531118.pdf,False,,english,Retail Trade,,
2026-01-09 10:00:00,2026-01-09,68590,ESPEC CORP.,Notice Concerning the Status of Acquisition of Own Shares,/inbs/ek/140120260109531258.pdf,False,,english,Electric Appliances,,
2026-01-09 10:00:00,2026-01-09,82000,"RINGER HUT CO.,LTD.",Notice Concerning the Passing and Retirement of Director,/inbs/ek/140120260109531264.pdf,False,,english,Retail Trade,,
2026-01-09 09:30:00,2026-01-09,77390,CANON ELECTRONICS INC.,Notice Concerning the Setting of the Record Date for Convocation of an Extraodinary General Meeting of Shareholders,/inbs/ek/140120260108531173.pdf,False,,english,Electric Appliances,,
2026-01-08 21:00:00,2026-01-08,86980,"Monex Group,Inc.",Announcement of Intra-Group Organizational Restructuring,/inbs/ek/140120260108530878.pdf,False,,english,Securities & Commodity Futures,,
2026-01-08 18:50:00,2026-01-08,47630,"CREEK & RIVER Co.,Ltd.",Q3 FY02/26 Financial Results Briefing Materials,/inbs/ek/140120260108531113.pdf,False,,english,Services,,
2026-01-08 17:10:00,2026-01-08,18610,"Kumagai Gumi Co.,Ltd.","Notice Concerning Results of Partial Sale of Shares in Sumitomo Forestry Co., Ltd. and Recording of Extraordinary Income (Gain on Sale of Investment S",/inbs/ek/140120260108531012.pdf,False,,english,Construction,,
2026-01-08 17:00:00,2026-01-08,42460,DaikyoNishikawa Corporation,Notice Concerning Share Repurchase through Off-Auction Own Share Repurchase Transaction (ToSTNeT-3),/inbs/ek/140120251225526690.pdf,False,,english,Chemicals,,
2026-01-08 17:00:00,2026-01-08,59320,"Sankyo Tateyama,Inc.",Revenue Structure Reform and Future Vision Direction,/inbs/ek/140120260107530347.pdf,False,,english,Metal Products,,
2026-01-08 17:00:00,2026-01-08,70680,Feedforce Group Inc.,"【Delayed】Consolidated Financial Results for the Six Months of the Fiscal Year Ending May 31, 2026 (Under Japanese GAAP)",/inbs/ek/140120260108530991.pdf,False,,english,Services,,
2026-01-08 17:00:00,2026-01-08,70680,Feedforce Group Inc.,【Delayed】Financial Results for the Second Quarter of FY2026 (Our Business Plan and Growth Potential),/inbs/ek/140120260108531004.pdf,False,,english,Services,,
2026-01-08 16:34:00,2026-01-08,82670,"AEON CO.,LTD.","Announcement of Commencement of Tender Offer Bid for Share Certificates, etc. in SUNDAY CO., LTD. (Securities Code: 7450)",/inbs/ek/140120260108530829.pdf,False,,english,Retail Trade,,
2026-01-08 16:30:00,2026-01-08,34870,"CRE Logistics REIT,Inc.",Notice Concerning Conclusion of Interest Rate Swap Agreement,/inbs/ek/140120260108530942.pdf,False,,english,REIT,,
2026-01-08 16:30:00,2026-01-08,45650,"Nxera Pharma Co.,Ltd.",Nxera Pharma Licenses Japan and Select Asia-Pacific Rights to Vamorolone for Duchenne Muscular Dystrophy from Santhera Pharmaceuticals,/inbs/ek/140120260108530972.pdf,False,,english,Pharmaceutical,,
2026-01-08 16:00:00,2026-01-08,29780,TSUKURUBA Inc.,[Delayed]Financial Results Q1 Fiscal Year 2026,/inbs/ek/140120260108530931.pdf,False,,english,Real Estate,,
2026-01-08 16:00:00,2026-01-08,34660,LaSalle LOGIPORT REIT,Notice regarding submission of shelf registration statement of investment corporation bonds,/inbs/ek/140120260108530658.pdf,False,,english,REIT,,
2026-01-08 16:00:00,2026-01-08,40420,TOSOH CORPORATION,Notice Concerning the Status of Acquisition of Own Shares,/inbs/ek/140120260106529646.pdf,False,,english,Chemicals,,
2026-01-08 16:00:00,2026-01-08,61460,DISCO CORPORATION,Preliminary Report on Non-Consolidated Sales Figures and Shipment Figures (Third Quarter of Fiscal Year 2025),/inbs/ek/140120260108530820.pdf,False,,english,Machinery,,
2026-01-08 16:00:00,2026-01-08,65920,"MABUCHI MOTOR CO.,LTD.","Announcement of Completion of Acquisition of Nippon Pulse Motor Co., Ltd. and Name Change of Nippon Pulse Motor Co., Ltd.,",/inbs/ek/140120260108530919.pdf,False,,english,Electric Appliances,,
2026-01-08 16:00:00,2026-01-08,82370,"MATSUYA CO.,LTD.",Monthly Sales Report December.2025,/inbs/ek/140120260107529817.pdf,False,,english,Retail Trade,,
2026-01-08 16:00:00,2026-01-08,95130,"Electric Power Development Co.,Ltd.",Notice Regarding Status of Purchase of Own Shares (Progress Report),/inbs/ek/140120260108530921.pdf,False,,english,Electric Power & Gas,,
2026-01-08 15:45:00,2026-01-08,18610,"Kumagai Gumi Co.,Ltd.",Notice Concerning the Secondary Offering of Shares,/inbs/ek/140120260108530617.pdf,False,,english,Construction,,
2026-01-08 15:45:00,2026-01-08,18610,"Kumagai Gumi Co.,Ltd.",Notice of Decision on Matters Related to the Acquisition of Treasury Shares,/inbs/ek/140120260108530625.pdf,False,,english,Construction,,
2026-01-08 15:45:00,2026-01-08,18610,"Kumagai Gumi Co.,Ltd.","Notice of Change to Shareholding Ratios of Sumitomo Forestry Co., Ltd. and Kumagai Gumi Co., Ltd.",/inbs/ek/140120260108530638.pdf,False,,english,Construction,,
2026-01-08 15:45:00,2026-01-08,18610,"Kumagai Gumi Co.,Ltd.",Notice of Recording of Extraordinary Income (Gain on Sale of Investment Securities) and Revisions to Operating Results Forecast and Dividend Forecast,/inbs/ek/140120260108530651.pdf,False,,english,Construction,,
2026-01-08 15:45:00,2026-01-08,19110,"Sumitomo Forestry Co.,Ltd.","Notice of Change to Shareholding Ratios of Sumitomo Forestry Co., Ltd. and Kumagai Gumi Co., Ltd.",/inbs/ek/140120260108530737.pdf,False,,english,Construction,,
2026-01-08 15:31:00,2026-01-08,99830,"FAST RETAILING CO.,LTD.","Consolidated Financial Results for the Three Months Ended November 30, 2025 (Under IFRS)",/inbs/ek/140120260107530243.pdf,False,,english,Retail Trade,,
2026-01-08 15:31:00,2026-01-08,99830,"FAST RETAILING CO.,LTD.","Notice of FAST RETAILING CO., LTD. (the “Company”) regarding the Company’s Revision to its Dividend Estimate for the Year Ending August 31, 2026",/inbs/ek/140120260108530656.pdf,False,,english,Retail Trade,,
2026-01-08 15:30:00,2026-01-08,24330,HAKUHODO DY HOLDINGS INCORPORATED,Announcement Concerning the Status of Acquisition of Treasury Shares,/inbs/ek/140120260108530606.pdf,False,,english,Services,,
2026-01-08 15:30:00,2026-01-08,28710,NICHIREI CORPORATION,[Summary]Notice Concerning Secondary Offering of Shares,/inbs/ek/140120260108530884.pdf,False,,english,Foods,,
2026-01-08 15:30:00,2026-01-08,28710,NICHIREI CORPORATION,Notice Concerning Introduction of Shareholder Benefits Program,/inbs/ek/140120260108530890.pdf,False,,english,Foods,,
2026-01-08 15:30:00,2026-01-08,29180,"WARABEYA NICHIYO HOLDINGS CO.,LTD.","Summary of Consolidated Financial Results for the Nine Months Ended November 30, 2025",/inbs/ek/140120260106529731.pdf,False,,english,Foods,,
2026-01-08 15:30:00,2026-01-08,29180,"WARABEYA NICHIYO HOLDINGS CO.,LTD.","Supplementary Materials for the 3rd Quarter of the Fiscal Year Ending February 28, 2026",/inbs/ek/140120260107530416.pdf,False,,english,Foods,,
2026-01-08 15:30:00,2026-01-08,29180,"WARABEYA NICHIYO HOLDINGS CO.,LTD.",Notice Regarding the Closure of Murayama Plant No.2,/inbs/ek/140120260107530418.pdf,False,,english,Foods,,
2026-01-08 15:30:00,2026-01-08,32260,Mitsui Fudosan Accommodations Fund Inc.,Notification of Borrowing Fund,/inbs/ek/140120260108530800.pdf,False,,english,REIT,,
2026-01-08 15:30:00,2026-01-08,33820,"Seven & i Holdings Co.,Ltd.","Consolidated Financial Results for the Nine Months Ended November 30, 2025",/inbs/ek/140120260107530257.pdf,False,,english,Retail Trade,,
2026-01-08 15:30:00,2026-01-08,33820,"Seven & i Holdings Co.,Ltd.",Brief Summary for the Third Quarter of FY2025,/inbs/ek/140120260107530214.pdf,False,,english,Retail Trade,,
2026-01-08 15:30:00,2026-01-08,33820,"Seven & i Holdings Co.,Ltd.",Presentation for the Third Quarter of FY2025,/inbs/ek/140120260107530218.pdf,False,,english,Retail Trade,,
2026-01-08 15:30:00,2026-01-08,41800,"Appier Group,Inc.",Determination of Terms and Conditions of Stock Options (Share Acquisition Rights),/inbs/ek/140120260108530718.pdf,False,,english,Information & Communication,,
2026-01-08 15:30:00,2026-01-08,41870,OSAKA ORGANIC CHEMICAL INDUSTRY LTD.,"Consolidated Financial Results  for the Fiscal Year Ended November 30, 2025 (Under Japanese GAAP)",/inbs/ek/140120260107530004.pdf,False,,english,Chemicals,,
2026-01-08 15:30:00,2026-01-08,41870,OSAKA ORGANIC CHEMICAL INDUSTRY LTD.,"Presentation Materials for Financial Results for the Fiscal Year Ended November 30, 2025",/inbs/ek/140120260107530011.pdf,False,,english,Chemicals,,
2026-01-08 15:30:00,2026-01-08,41870,OSAKA ORGANIC CHEMICAL INDUSTRY LTD.,Notice Concerning Dividends of Surplus,/inbs/ek/140120260107530015.pdf,False,,english,Chemicals,,
2026-01-08 15:30:00,2026-01-08,43430,"AEON Fantasy Co.,LTD.","[Summary]Consolidated Financial Results for the Nine Months Ended November 30, 2025 [Japanese GAAP]",/inbs/ek/140120260108530873.pdf,False,,english,Services,,
2026-01-08 15:30:00,2026-01-08,43430,"AEON Fantasy Co.,LTD.","【Summary】Supplementary Materialfor the Third Quarter of the Fiscal Year Ending February 28, 2026",/inbs/ek/140120260108530879.pdf,False,,english,Services,,
2026-01-08 15:30:00,2026-01-08,43430,"AEON Fantasy Co.,LTD.",Notice Concerning the Recording of Non-operating Income and Extraordinary Losses,/inbs/ek/140120260108530877.pdf,False,,english,Services,,
2026-01-08 15:30:00,2026-01-08,47630,"CREEK & RIVER Co.,Ltd.","[Summary] Consolidated Financial Results  for the Nine Months Ended November 30, 2025  (Under Japanese GAAP)",/inbs/ek/140120260108530805.pdf,False,,english,Services,,
2026-01-08 15:30:00,2026-01-08,59320,"Sankyo Tateyama,Inc.","Consolidated Financial Results for the Six Months Ended November 30, 2025 (Under Japanese GAAP)",/inbs/ek/140120260107530207.pdf,False,,english,Metal Products,,
2026-01-08 15:30:00,2026-01-08,59320,"Sankyo Tateyama,Inc.",(Update on Disclosed Matter) Notice of Progress of Restructuring of European Subsidiaries and Recording of Extraordinary Losses,/inbs/ek/140120260107530344.pdf,False,,english,Metal Products,,
2026-01-08 15:30:00,2026-01-08,59320,"Sankyo Tateyama,Inc.",Notice of Solicitation of Voluntary Retirement in Connection with Structural Reform,/inbs/ek/140120260107530348.pdf,False,,english,Metal Products,,
2026-01-08 15:30:00,2026-01-08,61360,OSG Corporation,"FY2025 Consolidated Financial Results (December 1, 2024 - November 30, 2025)",/inbs/ek/140120260108530561.pdf,False,,english,Machinery,,
2026-01-08 15:30:00,2026-01-08,61360,OSG Corporation,Notice Regarding Changes in Shareholder Return Policy,/inbs/ek/140120260108530739.pdf,False,,english,Machinery,,
2026-01-08 15:30:00,2026-01-08,69710,KYOCERA CORPORATION,Notice Regarding the Status of Own Share Repurchase,/inbs/ek/140120260108530556.pdf,False,,english,Electric Appliances,,
2026-01-08 15:30:00,2026-01-08,76490,"SUGI HOLDINGS Co.,LTD.",[Summary] Financial Results for the Nine Months,/inbs/ek/140120260108530797.pdf,False,,english,Retail Trade,,
2026-01-08 15:30:00,2026-01-08,80160,"ONWARD HOLDINGS CO.,LTD.","Consolidated Financial Results  for the Nine Months Ended November 30, 2025  [Japanese GAAP]",/inbs/ek/140120260107530378.pdf,False,,english,Textiles & Apparels,,
2026-01-08 15:30:00,2026-01-08,80160,"ONWARD HOLDINGS CO.,LTD.",FY0226 (FY2025) Q3 Results Presentation Material,/inbs/ek/140120260107530423.pdf,False,,english,Textiles & Apparels,,
2026-01-08 15:30:00,2026-01-08,80160,"ONWARD HOLDINGS CO.,LTD.",Summary of Monthly Net Sales for December 2025,/inbs/ek/140120260107530425.pdf,False,,english,Textiles & Apparels,,
2026-01-08 15:30:00,2026-01-08,82370,"MATSUYA CO.,LTD.","Consolidated Financial Results for the Nine Months Ended November 30, 2025 [Under Japanese GAAP]",/inbs/ek/140120260107530332.pdf,False,,english,Retail Trade,,
2026-01-08 15:30:00,2026-01-08,82670,"AEON CO.,LTD.",Financial Results Presentation for the 3Q ended of FY2025,/inbs/ek/140120260108530871.pdf,False,,english,Retail Trade,,
2026-01-08 15:30:00,2026-01-08,82670,"AEON CO.,LTD.","Financial Results for the Nine Months ended Nov. 30, 2025",/inbs/ek/140120260108530860.pdf,False,,english,Retail Trade,,
2026-01-08 15:30:00,2026-01-08,82670,"AEON CO.,LTD.","Brief Summary for 3Q ended Nov. 30, 2025 for Fiscal Year Ending Feb. 28, 2026",/inbs/ek/140120260108530825.pdf,False,,english,Retail Trade,,
2026-01-08 15:30:00,2026-01-08,85700,"AEON Financial Service Co.,Ltd.","[Summary] Financial Results for the Nine Months ended November 30, 2025",/inbs/ek/140120260108530801.pdf,False,,english,Other Financing Business,,
2026-01-08 15:30:00,2026-01-08,89750,Ichigo Office REIT Investment Corporation,Ichigo Office Portfolio Occupancy (Flash Data) － December 2025,/inbs/ek/140120260108530710.pdf,False,,english,REIT,,
2026-01-08 15:30:00,2026-01-08,92780,BOOKOFF GROUP HOLDINGS LIMITED,Monthly Sales Flash Report December 2025,/inbs/ek/140120260108530498.pdf,False,,english,Retail Trade,,
2026-01-08 15:30:00,2026-01-08,99480,"ARCS COMPANY,LIMITED","[Summary]Consolidated Financial Results for the Nine Months Ended November 30, 2025 (Under Japanese GAAP)",/inbs/ek/140120260108530646.pdf,False,,english,Retail Trade,,
2026-01-08 15:00:00,2026-01-08,82780,"FUJI CO.,LTD.","Consolidated Financial Results for the Nine Months Ended November 30, 2025(Under Japanese GAAP)",/inbs/ek/140120260107530446.pdf,False,,english,Retail Trade,,
2026-01-08 15:00:00,2026-01-08,82780,"FUJI CO.,LTD.","Supplementary Financial Data FUJI CO., LTD",/inbs/ek/140120260107530302.pdf,False,,english,Retail Trade,,
2026-01-08 15:00:00,2026-01-08,82780,"FUJI CO.,LTD.",(Disclosure Update) Notice Regarding Share Transfer of Equity Method Affiliate and Recording of Extraordinary Gains,/inbs/ek/140120260107530277.pdf,False,,english,Retail Trade,,
2026-01-08 15:00:00,2026-01-08,82780,"FUJI CO.,LTD.",Notice Regarding Revision of Full-Year Consolidated Earnings Forecast,/inbs/ek/140120260107530294.pdf,False,,english,Retail Trade,,
2026-01-08 14:10:00,2026-01-08,13760,"KANEKO SEEDS CO.,LTD.","［Delayed］Summary of Consolidated Financial Results for the Six Months Ended November 30, 2025　(Based on Japanese GAAP)",/inbs/ek/140120260105528958.pdf,False,,english,"Fishery, Agriculture & Forestry",,
2026-01-08 14:00:00,2026-01-08,23030,Dawn Corporation,"[Summary]Non-consolidated Financial Results for the Six Months Ended November 30, 2025 (Under Japanese GAAP)",/inbs/ek/140120260105529008.pdf,False,,english,Information & Communication,,
2026-01-08 14:00:00,2026-01-08,99460,"MINISTOP CO.,LTD.","Notice of the Revision of the Consolidated Results Forecast for the Fiscal Year Ending February 28, 2026",/inbs/ek/140120260108530614.pdf,False,,english,Retail Trade,,
2026-01-08 14:00:00,2026-01-08,99460,"MINISTOP CO.,LTD.","[Summary]Consolidated Financial Results for the Nine Months Ended November 30, 2025(Under Japanese GAAP)",/inbs/ek/140120260108530626.pdf,False,,english,Retail Trade,,
2026-01-08 14:00:00,2026-01-08,99460,"MINISTOP CO.,LTD.","Brief Summary of 3Q ended Nov. 30, 2025 for the Fiscal Year Ending Feb. 28, 2026",/inbs/ek/140120260108530650.pdf,False,,english,Retail Trade,,
2026-01-08 13:30:00,2026-01-08,97550,OYO Corporation,Notice Concerning Revisions to Forecasts of Consolidated Financial Results and Dividends,/inbs/ek/140120260106529353.pdf,False,,english,Services,,
2026-01-08 13:00:00,2026-01-08,33330,"ASAHI CO.,LTD.",Preliminary Monthly Business Report for December 2025,/inbs/ek/140120260108530696.pdf,False,,english,Retail Trade,,
2026-01-08 13:00:00,2026-01-08,33910,TSURUHA HOLDINGS INC.,"Consolidated Financial Results for the Nine Months Ended November 30, 2025(Under Japanese GAAP)",/inbs/ek/140120260108530750.pdf,False,,english,Retail Trade,,
2026-01-08 13:00:00,2026-01-08,33910,TSURUHA HOLDINGS INC.,"Notice Concerning Financial Disclosure of a Delisted Subsidiary, WELCIA HOLDINGS CO., LTD.",/inbs/ek/140120260108530747.pdf,False,,english,Retail Trade,,
2026-01-08 13:00:00,2026-01-08,33910,TSURUHA HOLDINGS INC.,Notice Concerning Revisions to Full-Year Consolidated Earnings Forecast and Year-End Dividend Forecast,/inbs/ek/140120260108530745.pdf,False,,english,Retail Trade,,
2026-01-08 13:00:00,2026-01-08,33910,TSURUHA HOLDINGS INC.,Notice Concerning the Recording of Extraordinary Income (Gain on Step Acquisition),/inbs/ek/140120260108530741.pdf,False,,english,Retail Trade,,
2026-01-08 13:00:00,2026-01-08,33910,TSURUHA HOLDINGS INC.,Notice Regarding the Purchase of Treasury Shares Resulting from the Processing of Fractional Shares Less Than One Full Share Due to a Share Exchange,/inbs/ek/140120260108530738.pdf,False,,english,Retail Trade,,
2026-01-08 13:00:00,2026-01-08,33910,TSURUHA HOLDINGS INC.,Notice Concerning Changes to the Shareholder Benefit Program,/inbs/ek/140120260108530735.pdf,False,,english,Retail Trade,,
2026-01-08 13:00:00,2026-01-08,35460,"Alleanza Holdings Co.,Ltd.","Monthly Sales Summary for the Term Ending February 28,2026（December）",/inbs/ek/140120260107530386.pdf,False,,english,Retail Trade,,
2026-01-08 13:00:00,2026-01-08,76860,"HitoMile Co.,Ltd.",Monthly_Sales_Update December 2025,/inbs/ek/140120260108530569.pdf,False,,english,Retail Trade,,
2026-01-08 13:00:00,2026-01-08,99040,"Verite Co.,Ltd.",December 2025 Flash Report vs. LY,/inbs/ek/140120260108530591.pdf,False,,english,Retail Trade,,
2026-01-08 12:00:00,2026-01-08,89140,"Arealink Co.,Ltd.",Monthly Data December 2025,/inbs/ek/140120260107529760.pdf,False,,english,Real Estate,,
2026-01-08 11:30:00,2026-01-08,46800,ROUND ONE Corporation,Performance in December 2025,/inbs/ek/140120260108530586.pdf,False,,english,Services,,
2026-01-08 11:00:00,2026-01-08,19820,"Hibiya Engineering,Ltd.",Notice Regarding the Status of the Acquisition of Own Shares,/inbs/ek/140120260108530593.pdf,False,,english,Construction,,
2026-01-08 11:00:00,2026-01-08,71860,"Yokohama Financial Group,Inc.",Notice of Results of the Common Stock Share Repurchase through Off-Auction Own Share Repurchase Trading system (ToSTNeT-3),/inbs/ek/140120260108530620.pdf,False,,english,Banks,,
2026-01-08 11:00:00,2026-01-08,95320,"OSAKA GAS CO.,LTD.",Announcement Regarding Status of Share Repurchase,/inbs/ek/140120260107530039.pdf,False,,english,Electric Power & Gas,,
2026-01-08 10:30:00,2026-01-08,89560,NTT UD REIT Investment Corporation,[Delayed] NTT UD REIT Investment Corporation Earnings Presentation for the Fiscal Period 46,/inbs/ek/140120260108530565.pdf,False,,english,REIT,,
2026-01-08 10:10:00,2026-01-08,27220,"IK HOLDINGS Co.,Ltd.",Monthly Sales Report 2025.12,/inbs/ek/140120260108530535.pdf,False,,english,Retail Trade,,
2026-01-08 10:00:00,2026-01-08,42720,"NIPPON KAYAKU CO.,LTD.",Notice regarding Acquisition of Treasury Stock Results,/inbs/ek/140120260106529629.pdf,False,,english,Chemicals,,
2026-01-08 10:00:00,2026-01-08,81110,Goldwin Inc.,Notice Regarding the Status of the Acquisition of Treasury Stock,/inbs/ek/140120260107530238.pdf,False,,english,Textiles & Apparels,,
2026-01-08 08:45:00,2026-01-08,97190,SCSK Corporation,"[Delayed](Correction) Notice of Holding of Extraordinary Shareholders’ Meeting for Share Consolidation, Abolition of Provisions on Number of Shares",/inbs/ek/140120260108530489.pdf,False,,english,Information & Communication,,
2026-01-08 08:30:00,2026-01-08,21600,GNI Group Ltd.,Cullgen’s Participation in the J.P. Morgan Healthcare Conference,/inbs/ek/140120260108530488.pdf,False,,english,Pharmaceutical,,
2026-01-08 08:00:00,2026-01-08,87710,"eGuarantee,Inc.",Announcement on the Status and Completion of Acquisition of Treasury Shares,/inbs/ek/140120260107530408.pdf,False,,english,Other Financing Business,,
2026-01-07 19:10:00,2026-01-07,45300,"HISAMITSU PHARMACEUTICAL CO.,INC.",[Delayed]Announcement of Implementation of MBO and Recommendation for Tendering Shares,/inbs/ek/140120260107530441.pdf,False,,english,Pharmaceutical,,
2026-01-07 19:10:00,2026-01-07,45300,"HISAMITSU PHARMACEUTICAL CO.,INC.","[Delayed]Notice Regarding Commencement of Tender Offer by TAIYO KOSAN CO.,INC. for Share Certificates, Etc. of Hisamitsu Pharmaceutical Co., Inc. (Sec",/inbs/ek/140120260107530442.pdf,False,,english,Pharmaceutical,,
2026-01-07 19:00:00,2026-01-07,84250,"Mizuho Leasing Company,Limited",(Amendment) Notice Regarding Changes to the Terms and Conditions of the Tender Offer for the Investment Units of Japan Infrastructure Fund Investment,/inbs/ek/140120260107529778.pdf,False,,english,Other Financing Business,,
2026-01-07 18:40:00,2026-01-07,33910,TSURUHA HOLDINGS INC.,"Announcement Regarding the Results of the Tender Offer for the Company’s Shares by AEON Co., Ltd.",/inbs/ek/140120260107530323.pdf,False,,english,Retail Trade,,
2026-01-07 18:40:00,2026-01-07,33910,TSURUHA HOLDINGS INC.,"(Progress of Disclosed Matters)Notice Regarding Planned Acquisition of Shares After the Tender Offer for the Company’s Shares by AEON Co., Ltd.",/inbs/ek/140120260107530327.pdf,False,,english,Retail Trade,,
2026-01-07 17:15:00,2026-01-07,40470,"KANTO DENKA KOGYO CO.,LTD.",Notice of a Fire at Our Shibukawa Plant (Seventh Report),/inbs/ek/140120260107530362.pdf,False,,english,Chemicals,,
2026-01-07 17:00:00,2026-01-07,19490,"SUMITOMO DENSETSU CO.,LTD.",Notice Regarding Cancellation of Treasury Shares,/inbs/ek/140120260107530178.pdf,False,,english,Construction,,
2026-01-07 17:00:00,2026-01-07,19490,"SUMITOMO DENSETSU CO.,LTD.","Notice of Convocation of Extraordinary Shareholders Meeting Concerning Share Consolidation, Partial Amendment to the Articles of Incorporation",/inbs/ek/140120260107530134.pdf,False,,english,Construction,,
2026-01-07 16:45:00,2026-01-07,71860,"Yokohama Financial Group,Inc.",Notice Regarding Progress of Repurchase of Our Common Stock Share,/inbs/ek/140120260107530202.pdf,False,,english,Banks,,
2026-01-07 16:45:00,2026-01-07,71860,"Yokohama Financial Group,Inc.",Notice Regarding Common Stock Share Repurchase through Off-Auction Own Share Repurchase Trading system (ToSTNeT-3),/inbs/ek/140120260107530328.pdf,False,,english,Banks,,
2026-01-07 16:15:00,2026-01-07,73540,Direct Marketing MiX Inc.,Notice Concerning Approval of Transfer to Standard Market Segment and Withdrawal of Plan for Compliance with Prime Market Listing Maintenance Criteria,/inbs/ek/140120260107530131.pdf,False,,english,Services,,
2026-01-07 16:05:00,2026-01-07,42460,DaikyoNishikawa Corporation,Notice Concerning Secondary Offering of Shares,/inbs/ek/140120251225526677.pdf,False,,english,Chemicals,,
2026-01-07 16:05:00,2026-01-07,42460,DaikyoNishikawa Corporation,Notice Concerning Determination of Matters Related to Share Repurchase,/inbs/ek/140120251225526678.pdf,False,,english,Chemicals,,
2026-01-07 16:00:00,2026-01-07,15180,"MITSUI MATSUSHIMA HOLDINGS CO.,LTD.",Notice of Acquisition of Own Shares,/inbs/ek/140120260107530020.pdf,False,,english,Other Products,,
2026-01-07 16:00:00,2026-01-07,17210,COMSYS Holdings Corporation,Notice Concerning Acquisition Status of Treasury Shares,/inbs/ek/140120260107530003.pdf,False,,english,Construction,,
2026-01-07 16:00:00,2026-01-07,30460,JINS HOLDINGS Inc.,"December 2025 Monthly Sales Summary for fiscal year Sep. 1, 2025 through Aug. 31, 2026 (% YoY)",/inbs/ek/140120260107530158.pdf,False,,english,Retail Trade,,
2026-01-07 16:00:00,2026-01-07,38350,"eBASE Co.,Ltd.",Notice Concerning the Status of Acquisition of Treasury Stock,/inbs/ek/140120260107530013.pdf,False,,english,Information & Communication,,
2026-01-07 16:00:00,2026-01-07,43710,Core Concept Technologies Inc.,Notice of the Progress on the Acquisition of Treasury Shares,/inbs/ek/140120260107530166.pdf,False,,english,Information & Communication,,
2026-01-07 16:00:00,2026-01-07,50270,AnyMind Group Inc.,Answers to Frequently Asked Questions (Questions received in FY2025 Q4),/inbs/ek/140120260107530305.pdf,False,,english,Information & Communication,,
2026-01-07 16:00:00,2026-01-07,60360,"KeePer Technical Laboratory Co.,Ltd.",Monthly Report for December 2025,/inbs/ek/140120260107530281.pdf,False,,english,Services,,
2026-01-07 16:00:00,2026-01-07,82670,"AEON CO.,LTD.",Notice of Tender Offer Results for TSURUHA (3391) and Subsidiary Change,/inbs/ek/140120260107530303.pdf,False,,english,Retail Trade,,
2026-01-07 16:00:00,2026-01-07,82670,"AEON CO.,LTD.",Notice of Share Acquisition After Tender Offer for TSURUHA (3391),/inbs/ek/140120260107530308.pdf,False,,english,Retail Trade,,
2026-01-07 16:00:00,2026-01-07,82670,"AEON CO.,LTD.",Notice Concerning Revisions to Full-Year Consolidated Earnings Forecast,/inbs/ek/140120260107530312.pdf,False,,english,Retail Trade,,
2026-01-07 16:00:00,2026-01-07,89640,Frontier Real Estate Investment Corporation,Notice Concerning Execution of Short-term and Long-term Borrowings (Green Loan and others),/inbs/ek/140120260107530233.pdf,False,,english,REIT,,
2026-01-07 16:00:00,2026-01-07,90440,"Nankai Electric Railway Co.,Ltd.",Notice Concerning Status of Purchase of Treasury Shares,/inbs/ek/140120260107530154.pdf,False,,english,Land Transportation,,
2026-01-07 16:00:00,2026-01-07,98610,"YOSHINOYA HOLDINGS CO.,LTD.","[Summary]Consolidated Financial Results for the Nine Months Ended November 30, 2025 (Under Japanese GAAP)",/inbs/ek/140120260106529518.pdf,False,,english,Retail Trade,,
2026-01-07 15:45:00,2026-01-07,31970,"SKYLARK HOLDINGS CO.,LTD.",December 2025 Skylark Group Monthly IR Report,/inbs/ek/140120260107530252.pdf,False,,english,Retail Trade,,
2026-01-07 15:45:00,2026-01-07,89510,Nippon Building Fund Inc.,Notice Concerning Issue of New Investment Units and Secondary Offering of Investment Units,/inbs/ek/140120260107529984.pdf,False,,english,REIT,,
2026-01-07 15:45:00,2026-01-07,89510,Nippon Building Fund Inc.,Notice of Acquisition of Domestic Real Estate Trust Beneficiary Interests and Asset and Disposition of Domestic Real Estate Trust Beneficiary Interest,/inbs/ek/140120260107529986.pdf,False,,english,REIT,,
2026-01-07 15:45:00,2026-01-07,89510,Nippon Building Fund Inc.,Notice Concerning Revisions of Forecast of Operating Results and Distributions Per Unit,/inbs/ek/140120260107529988.pdf,False,,english,REIT,,
2026-01-07 15:40:00,2026-01-07,60710,"IBJ,Inc.",IBJ Corporation (Marriage Agency Business) KPI Report for December 2025,/inbs/ek/140120260107530273.pdf,False,,english,Services,,
2026-01-07 15:31:00,2026-01-07,94490,"GMO internet group,Inc.",Announcement Regarding the Status of Share Repurchases (Acquisition of treasury stock pursuant to Article 459-1 of the Japanese Companies Act and the,/inbs/ek/140120260107529771.pdf,False,,english,Information & Communication,,
2026-01-07 15:30:00,2026-01-07,14140,"SHO-BOND Holdings Co.,Ltd.",Notice Concerning the Status of Acquisition of Own Shares,/inbs/ek/140120260106529692.pdf,False,,english,Construction,,
2026-01-07 15:30:00,2026-01-07,14330,"BESTERRA CO.,LTD","Notice Regarding Change in Major Shareholder, the largest Shareholder",/inbs/ek/140120260107530190.pdf,False,,english,Construction,,
2026-01-07 15:30:00,2026-01-07,23370,Ichigo Inc.,Ichigo Solar & Wind Power Generation & CO2 Reduction Data - December 2025,/inbs/ek/140120260107530071.pdf,False,,english,Real Estate,,
2026-01-07 15:30:00,2026-01-07,26700,"ABC-MART,INC.","[summary] Consolidated Financial Results for the Nine Months Ended November 30, 2025 (Under Japanese GAAP)",/inbs/ek/140120260106529544.pdf,False,,english,Retail Trade,,
2026-01-07 15:30:00,2026-01-07,26700,"ABC-MART,INC.","Financial Data for the Nine months Ended November 30,2025　（From March 1, 2025 to November 30, 2025）",/inbs/ek/140120260107529830.pdf,False,,english,Retail Trade,,
2026-01-07 15:30:00,2026-01-07,26780,ASKUL Corporation,Notice Regarding Execution of a Committed Overdraft Facility Agreement,/inbs/ek/140120260107530049.pdf,False,,english,Retail Trade,,
2026-01-07 15:30:00,2026-01-07,27920,"HONEYS HOLDINGS CO.,LTD.",[Summary] Financial Results for the Six Months,/inbs/ek/140120260107529846.pdf,False,,english,Retail Trade,,
2026-01-07 15:30:00,2026-01-07,36120,"WORLD CO.,LTD.","Consolidated Financial Results for the First Nine Months of the Fiscal Year Ending February 28, 2026",/inbs/ek/140120260106529613.pdf,False,,english,Textiles & Apparels,,
2026-01-07 15:30:00,2026-01-07,36120,"WORLD CO.,LTD.",Monthly Sales Summary for Domestic Retail Business - December (FY2025),/inbs/ek/140120260106529617.pdf,False,,english,Textiles & Apparels,,
2026-01-07 15:30:00,2026-01-07,36120,"WORLD CO.,LTD.",Notice on sale of fixed assets,/inbs/ek/140120260106529619.pdf,False,,english,Textiles & Apparels,,
2026-01-07 15:30:00,2026-01-07,36120,"WORLD CO.,LTD.","DATA BOOK(March 1, 2025 - November 30, 2025)",/inbs/ek/140120260107530124.pdf,False,,english,Textiles & Apparels,,
2026-01-07 15:30:00,2026-01-07,42050,ZEON CORPORATION,Notice Concerning Completion of Cancellation of Treasury Shares,/inbs/ek/140120260106529657.pdf,False,,english,Chemicals,,
2026-01-07 15:30:00,2026-01-07,45270,"ROHTO PHARMACEUTICAL CO.,LTD.","Acquisition of shares (subsidiarization) of a Thailand-based wellness-related company, Thann Oryza Co., Ltd.",/inbs/ek/140120260107529942.pdf,False,,english,Pharmaceutical,,
2026-01-07 15:30:00,2026-01-07,46760,"FUJI MEDIA HOLDINGS,INC.",[Summary] Notice Regarding Delivery of Revised Information List Regarding Large-Scale Acquisition Activities in respect of the Company’s Shares,/inbs/ek/140120260107530242.pdf,False,,english,Information & Communication,,
2026-01-07 15:30:00,2026-01-07,49220,KOSE Holdings Corporation,Notice of Completion of Payment and Partial Forfeiture for Disposal of Treasury Shares as Restricted Stock for Employee Stock Ownership Plan,/inbs/ek/140120260107529876.pdf,False,,english,Chemicals,,
2026-01-07 15:30:00,2026-01-07,49750,JCU CORPORATION,Notification of Progress on Share Repurchases,/inbs/ek/140120260107530119.pdf,False,,english,Chemicals,,
2026-01-07 15:30:00,2026-01-07,58440,"Kyoto Financial Group,Inc.",Notice Regarding the Status of Share Repurchase,/inbs/ek/140120260106529110.pdf,False,,english,Banks,,
2026-01-07 15:30:00,2026-01-07,60780,"Value HR Co.,Ltd.",Notice Regarding the Status of Acquisition of Treasury Shares,/inbs/ek/140120260107530225.pdf,False,,english,Services,,
2026-01-07 15:30:00,2026-01-07,64480,"BROTHER INDUSTRIES,LTD.",Notice Regarding the Status of Share Repurchases,/inbs/ek/140120260107529949.pdf,False,,english,Electric Appliances,,
2026-01-07 15:30:00,2026-01-07,67020,Fujitsu Limited,Notice regarding the status of repurchase of its own shares,/inbs/ek/140120260106529147.pdf,False,,english,Electric Appliances,,
2026-01-07 15:30:00,2026-01-07,68410,YOKOGAWA ELECTRIC CORPORATION,Notice Concerning the Status of Acquisition and Completion of Own Shares,/inbs/ek/140120260107530044.pdf,False,,english,Electric Appliances,,
2026-01-07 15:30:00,2026-01-07,71120,"CUBE CO.,LTD.",[FY12/25] Preliminary Monthly Sales Report of Directly Managed Stores for December 2025,/inbs/ek/140120260107530249.pdf,False,,english,Retail Trade,,
2026-01-07 15:30:00,2026-01-07,72870,"NIPPON SEIKI CO.,LTD.",Notice Concerning Status of Acquisition of the Company’s Own Shares,/inbs/ek/140120260105528582.pdf,False,,english,Transportation Equipment,,
2026-01-07 15:30:00,2026-01-07,73130,"TS TECH CO.,LTD.",TS Tech announces status of treasury stock purchase,/inbs/ek/140120260107530019.pdf,False,,english,Transportation Equipment,,
2026-01-07 15:30:00,2026-01-07,75540,KOURAKUEN CORPORATION,[Summary]Notice Regarding Preliminary Sales Trends for December of the Fiscal Year Ending March 2026,/inbs/ek/140120260106529484.pdf,False,,english,Retail Trade,,
2026-01-07 15:30:00,2026-01-07,78930,PRONEXUS INC.,Notice concerning the Status of the Acquisition of Treasury Stock,/inbs/ek/140120260107529821.pdf,False,,english,Other Products,,
2026-01-07 15:30:00,2026-01-07,85910,ORIX CORPORATION,Notice regarding Share Repurchase Status,/inbs/ek/140120260105528919.pdf,False,,english,Other Financing Business,,
2026-01-07 15:30:00,2026-01-07,85950,"JAFCO Group Co.,Ltd.",Notice Regarding Transition to Non-Consolidated Financial Statements,/inbs/ek/140120260107529887.pdf,False,,english,Securities & Commodity Futures,,
2026-01-07 15:30:00,2026-01-07,87980,"Advance Create Co.,Ltd.",[Summary]Notice Concerning Submission of“Improvement Status Report”,/inbs/ek/140120260107530163.pdf,False,,english,Insurance,,
2026-01-07 15:30:00,2026-01-07,92020,ANA HOLDINGS INC.,Notice Concerning the Status of Repurchase of Shares,/inbs/ek/140120260106529481.pdf,False,,english,Air Transportation,,
2026-01-07 15:30:00,2026-01-07,92790,GIFT HOLDINGS INC.,December 2025 Monthly YoY Change in Sales and Number of Company-owned Stores,/inbs/ek/140120260107529910.pdf,False,,english,Retail Trade,,
2026-01-07 15:30:00,2026-01-07,92820,Ichigo Green Infrastructure Investment Corporation,Solar Power Generation & CO2 Reduction Data － December 2025,/inbs/ek/140120260107530081.pdf,False,,english,others,,
2026-01-07 15:30:00,2026-01-07,93380,INFORICH INC.,Notice Regarding Acquisition of Shares in CHARGESPOT (THAILAND) COMPANY LIMITED,/inbs/ek/140120260107530108.pdf,False,,english,Services,,
2026-01-07 15:30:00,2026-01-07,95330,"TOHO GAS CO.,LTD.",Notice of Status of Share Buy-back,/inbs/ek/140120260107529824.pdf,False,,english,Electric Power & Gas,,
2026-01-07 15:30:00,2026-01-07,97930,"Daiseki Co.,Ltd.","Consolidated Financial Results for the Nine Months Ended November 30, 2025",/inbs/ek/140120260106529365.pdf,False,,english,Services,,
2026-01-07 15:30:00,2026-01-07,97930,"Daiseki Co.,Ltd.",Notice Concerning Revision to Cash Dividend Forecast,/inbs/ek/140120260106529369.pdf,False,,english,Services,,
2026-01-07 15:30:00,2026-01-07,97950,"STEP CO.,LTD.",Notice Regarding the Status of Share Repurchases,/inbs/ek/140120260107529836.pdf,False,,english,Services,,
2026-01-07 15:30:00,2026-01-07,98370,"MORITO CO.,LTD.",Notice of Repurchase of Treasury Shares,/inbs/ek/140120260107530093.pdf,False,,english,Wholesale Trade,,
2026-01-07 15:30:00,2026-01-07,98690,"KATO SANGYO CO.,LTD.",Notice Concerning Status of Acquisition of Treasury Stock,/inbs/ek/140120251226527588.pdf,False,,english,Wholesale Trade,,
2026-01-07 15:00:00,2026-01-07,17190,HAZAMA ANDO CORPORATION,Notice Concerning Acquisition of Shares in Singapore-Based Construction Company QXY Resources Pte. Ltd.,/inbs/ek/140120260106529451.pdf,False,,english,Construction,,
2026-01-07 15:00:00,2026-01-07,26590,"SAN-A CO.,LTD.","Consolidated Financial Results for the Nine Months Ended November 30, 2025(Under Japanese GAAP)",/inbs/ek/140120260106529413.pdf,False,,english,Retail Trade,,
2026-01-07 15:00:00,2026-01-07,74140,"ONOKEN CO.,LTD.",Notice Concerning the Status of Acquisition of Treasury Shares,/inbs/ek/140120260107529967.pdf,False,,english,Wholesale Trade,,
2026-01-07 15:00:00,2026-01-07,82030,MrMax Holdings Ltd.,Monthly Sales Information for MrMax in December 2025,/inbs/ek/140120260107529886.pdf,False,,english,Retail Trade,,
2026-01-07 15:00:00,2026-01-07,94120,SKY Perfect JSAT Holdings Inc.,Notice of Organization Changes and Appointment of Executive Officers,/inbs/ek/140120260107530161.pdf,False,,english,Information & Communication,,
2026-01-07 14:00:00,2026-01-07,18200,"Nishimatsu Construction Co.,Ltd.",Notice of Organizational Changes in Headquarters and Changes in Executive Officers,/inbs/ek/140120260107530036.pdf,False,,english,Construction,,
2026-01-07 13:30:00,2026-01-07,58300,"Iyogin Holdings,Inc.",Notice Concerning Status of Acquisition of Own Shares,/inbs/ek/140120251225526292.pdf,False,,english,Banks,,
2026-01-07 13:00:00,2026-01-07,13760,"KANEKO SEEDS CO.,LTD.",[Summary] Financial Results for the Six Months,/inbs/ek/140120260107529812.pdf,False,,english,"Fishery, Agriculture & Forestry",,
2026-01-07 13:00:00,2026-01-07,86300,"Sompo Holdings,Inc.",Announcement regarding Progress of Share Buybacks,/inbs/ek/140120260105528745.pdf,False,,english,Insurance,,
2026-01-07 12:00:00,2026-01-07,41160,"Dainichiseika Color & Chemicals Mfg.Co.,Ltd.",Notice Concerning Ransomware Incident at Consolidated Subsidiary (Second Report),/inbs/ek/140120260106529090.pdf,False,,english,Chemicals,,
2026-01-07 11:30:00,2026-01-07,67580,SONY GROUP CORPORATION,Notice Regarding the Status of Repurchase of Shares of Common Stock,/inbs/ek/140120260106529422.pdf,False,,english,Electric Appliances,,
2026-01-07 11:00:00,2026-01-07,52430,note inc.,"Announcement of Analysis Results Regarding Sales Trends of Paid Content on the Media Platform ""note""",/inbs/ek/140120260107529829.pdf,False,,english,Information & Communication,,
2026-01-07 11:00:00,2026-01-07,82330,"Takashimaya Company,Limited","(Update)“Notice of the Purchase and Cancellation of Convertible Bonds due 2028 through a Tender Offer,and Update on Cancellation of Treasury Shares”",/inbs/ek/140120260105528425.pdf,False,,english,Retail Trade,,
2026-01-07 11:00:00,2026-01-07,82830,PALTAC CORPORATION,Notice Concerning the Status of Acquisition of Treasury Shares,/inbs/ek/140120260107529797.pdf,False,,english,Wholesale Trade,,
2026-01-07 10:00:00,2026-01-07,20020,NISSHIN SEIFUN GROUP INC.,Notice Concerning Status of Acquisition of Treasury Shares,/inbs/ek/140120260106529565.pdf,False,,english,Foods,,
2026-01-07 10:00:00,2026-01-07,44010,ADEKA CORPORATION,Notice regarding progress of acquisition of own shares,/inbs/ek/140120260107529766.pdf,False,,english,Chemicals,,
2026-01-07 10:00:00,2026-01-07,99360,OHSHO FOOD SERVICE CORP.,[Summary] Monthly Sales Flash Report for December 2025,/inbs/ek/140120260106529736.pdf,False,,english,Retail Trade,,
2026-01-07 09:00:00,2026-01-07,66200,"Miyakoshi Holdings,Inc.","Notice Regarding Demolition of Buildings, etc at Consolidated Subsidiary",/inbs/ek/140120260106529688.pdf,False,,english,Real Estate,,
2026-01-07 09:00:00,2026-01-07,78390,"SHOEI CO.,LTD.",Notice Concerning the Status of Acquisition of Treasury Shares,/inbs/ek/140120260107529762.pdf,False,,english,Other Products,,
2026-01-07 08:15:00,2026-01-07,29720,SANKEI REAL ESTATE Inc.,(Delayed) Notice regarding Commencement of the Tender Offer for Investment Units of SRE by Tiger LPS and Lion LPS,/inbs/ek/140120260106529738.pdf,False,,english,REIT,,
2026-01-07 08:15:00,2026-01-07,29720,SANKEI REAL ESTATE Inc.,(Delayed) Expression of Opinion in Support of the Tender Offer by Tiger LPS and Lion LPS for Investment Units of SRE and Recommendation to Tender,/inbs/ek/140120260106529739.pdf,False,,english,REIT,,
2026-01-07 08:15:00,2026-01-07,29720,SANKEI REAL ESTATE Inc.,(Delayed) Notice Concerning Abolition of Unitholder Benefit Program,/inbs/ek/140120260106529740.pdf,False,,english,REIT,,
2026-01-06 23:00:00,2026-01-06,45300,"HISAMITSU PHARMACEUTICAL CO.,INC.","Announcement on Withdrawal of the Earnings Forecast for the Fiscal Year Ending February 28, 2026",/inbs/ek/140120260105528873.pdf,False,,english,Pharmaceutical,,
2026-01-06 23:00:00,2026-01-06,45300,"HISAMITSU PHARMACEUTICAL CO.,INC.","Announcement on Revision of the Dividend Forecast for the Fiscal Year Ending February 28, 2026 (No Dividend)",/inbs/ek/140120260105528875.pdf,False,,english,Pharmaceutical,,
2026-01-06 23:00:00,2026-01-06,45300,"HISAMITSU PHARMACEUTICAL CO.,INC.","[Summary]Consolidated Financial Results for the Third Quarter of the Fiscal Year Ending February 28, 2026",/inbs/ek/140120260105528279.pdf,False,,english,Pharmaceutical,,
2026-01-06 18:15:00,2026-01-06,49170,MANDOM CORPORATION,(Amendment) Notice regarding partial amendment to the Notice regarding Expression of Opinion in favor of Implementation of MBO and Recommendation,/inbs/ek/140120260106529668.pdf,False,,english,Chemicals,,
2026-01-06 17:30:00,2026-01-06,35930,"HOGY MEDICAL CO.,LTD.","(Amendment) Notice Regarding Commencement of Tender Offer for the Common Stock of Hogy Medical Co., Ltd. (Securities Code: 3593) by TCG2509 Co., Ltd.",/inbs/ek/140120260106529553.pdf,False,,english,Textiles & Apparels,,
2026-01-06 17:30:00,2026-01-06,35930,"HOGY MEDICAL CO.,LTD.","(Amendment) Notice Regarding Expression of Opinion in Support of Tender Offer for Company Shares by TCG2509 Co., Ltd. and Recommendation to Tender",/inbs/ek/140120260106529652.pdf,False,,english,Textiles & Apparels,,
2026-01-06 17:00:00,2026-01-06,96440,"TANABE CONSULTING GROUP CO.,LTD.",Announcement Concerning the Status of Acquisition of Treasury Stock,/inbs/ek/140120260106529473.pdf,False,,english,Services,,
2026-01-06 16:30:00,2026-01-06,87290,Sony Financial Group Inc.,Notice Regarding the Status of Repurchase of Shares of Common Stock,/inbs/ek/140120260106529597.pdf,False,,english,Insurance,,
2026-01-06 16:15:00,2026-01-06,53810,Mipox Corporation,"[Delayed]Consolidated Financial Results for the Six Months Ended September 30, 2025 (Under Japanese GAAP)",/inbs/ek/140120260106529548.pdf,False,,english,Glass & Ceramics Products,,
2026-01-06 16:00:00,2026-01-06,18880,"WAKACHIKU CONSTRUCTION CO.,LTD.",Implementation of Borrowings under Commitment Line Agreements,/inbs/ek/140120260106529505.pdf,False,,english,Construction,,
2026-01-06 16:00:00,2026-01-06,20010,NIPPN CORPORATION,Notice Regarding the Status of Acquisition of Own Shares,/inbs/ek/140120260106529197.pdf,False,,english,Foods,,
2026-01-06 16:00:00,2026-01-06,21460,"UT Group Co.,Ltd.",Notice regarding the Status of Stock Acquisition,/inbs/ek/140120260106529442.pdf,False,,english,Services,,
2026-01-06 16:00:00,2026-01-06,22700,"MEGMILK SNOW BRAND Co.,Ltd.",Notice regarding Results of Repurchase of Own Shares,/inbs/ek/140120260106529144.pdf,False,,english,Foods,,
2026-01-06 16:00:00,2026-01-06,34020,"TORAY INDUSTRIES,INC.",Notice regarding the Status of Repurchase of Shares,/inbs/ek/140120260105528447.pdf,False,,english,Textiles & Apparels,,
2026-01-06 16:00:00,2026-01-06,60130,"TAKUMA CO.,LTD.",Notice Regarding the Status of Share Repurchase,/inbs/ek/140120260105528683.pdf,False,,english,Machinery,,
2026-01-06 16:00:00,2026-01-06,64580,SINKO INDUSTRIES LTD.,Notice Concerning Status of Share Repurchase,/inbs/ek/140120260106529212.pdf,False,,english,Machinery,,
2026-01-06 16:00:00,2026-01-06,79170,ZACROS Corporation,Notice Regarding the Status of Repurchase of Treasury Stock,/inbs/ek/140120260106529281.pdf,False,,english,Chemicals,,
2026-01-06 16:00:00,2026-01-06,81590,"TACHIBANA ELETECH CO.,LTD.",Notice Concerning the Status of Share Repurchase,/inbs/ek/140120260106529431.pdf,False,,english,Wholesale Trade,,
2026-01-06 16:00:00,2026-01-06,87080,"AIZAWA SECURITIES GROUP CO.,LTD.",Notice Regarding Issuance of 15th Series of Unsecured Bonds,/inbs/ek/140120260106529351.pdf,False,,english,Securities & Commodity Futures,,
2026-01-06 16:00:00,2026-01-06,97190,SCSK Corporation,"Notice of Holding of Extraordinary Shareholders’ Meeting for Share Consolidation, Abolition of Provisions on Number of Shares Per Unit, and Partial",/inbs/ek/140120260106529571.pdf,False,,english,Information & Communication,,
2026-01-06 16:00:00,2026-01-06,97190,SCSK Corporation,Notice Concerning Cancellation of Treasury Shares,/inbs/ek/140120260106529576.pdf,False,,english,Information & Communication,,
2026-01-06 15:30:00,2026-01-06,22070,"MEITO CO.,LTD.",Notice Regarding the Status of Acquisition of Own Shares,/inbs/ek/140120260105528986.pdf,False,,english,Foods,,
2026-01-06 15:30:00,2026-01-06,25790,Coca-Cola Bottlers Japan Holdings Inc.,Announcement related to acquisition status of treasury shares,/inbs/ek/140120260106529492.pdf,False,,english,Foods,,
2026-01-06 15:30:00,2026-01-06,26700,"ABC-MART,INC.","Monthly Sales Report for December 2025, FY 2026",/inbs/ek/140120260106529251.pdf,False,,english,Retail Trade,,
2026-01-06 15:30:00,2026-01-06,26850,"and ST HD Co.,Ltd.",Monthly Sales Figures,/inbs/ek/140120260106529417.pdf,False,,english,Retail Trade,,
2026-01-06 15:30:00,2026-01-06,28020,"Ajinomoto Co.,Inc.",Notice Concerning Progress on Repurchase of Own Shares,/inbs/ek/140120260106529063.pdf,False,,english,Foods,,
2026-01-06 15:30:00,2026-01-06,32880,"Open House Group Co.,Ltd.",(Corrections) Notice Regarding the Status of Share Acquisition,/inbs/ek/140120260106529257.pdf,False,,english,Real Estate,,
2026-01-06 15:30:00,2026-01-06,38360,AVANT GROUP CORPORATION,Notice Regarding Status of Repurchase of Own Shares,/inbs/ek/140120260106529301.pdf,False,,english,Information & Communication,,
2026-01-06 15:30:00,2026-01-06,40210,Nissan Chemical Corporation,Notice Regarding Status of Repurchase of the Company's Own Shares,/inbs/ek/140120260105528992.pdf,False,,english,Chemicals,,
2026-01-06 15:30:00,2026-01-06,42040,"Sekisui Chemical Co.,Ltd.",Announcement concerning the Status of the Acquisition of Treasury Shares,/inbs/ek/140120260106529274.pdf,False,,english,Chemicals,,
2026-01-06 15:30:00,2026-01-06,47320,"USS Co.,Ltd.",Announcement of USS Group Used Car Auction Data,/inbs/ek/140120260106529549.pdf,False,,english,Services,,
2026-01-06 15:30:00,2026-01-06,49110,"Shiseido Company,Limited",Result of Early Retirement Program “Next Career Support Plan” Implemented for Shiseido Company Ltd. and Certain Subsidiaries in Japan,/inbs/ek/140120260106529519.pdf,False,,english,Chemicals,,
2026-01-06 15:30:00,2026-01-06,64450,JANOME Corporation,Notice Regarding the Status of Acquisition of Treasury Shares,/inbs/ek/140120260106529526.pdf,False,,english,Machinery,,
2026-01-06 15:30:00,2026-01-06,65710,"QB Net Holdings Co.,Ltd.",[Summary] Monthly Data（December 2025）,/inbs/ek/140120260106529050.pdf,False,,english,Services,,
2026-01-06 15:30:00,2026-01-06,67630,"Teikoku Tsushin Kogyo Co.,Ltd.",Notice Concerning the Status of Acquisition of Treasury Stocks,/inbs/ek/140120260106529113.pdf,False,,english,Electric Appliances,,
2026-01-06 15:30:00,2026-01-06,69250,USHIO INC.,Notice Concerning the Status of Purchase of Treasury Shares,/inbs/ek/140120260106529194.pdf,False,,english,Electric Appliances,,
2026-01-06 15:30:00,2026-01-06,76060,UNITED ARROWS LTD.,"Monthly Sales Report for December 2025, FY 2026",/inbs/ek/140120260106529303.pdf,False,,english,Retail Trade,,
2026-01-06 15:30:00,2026-01-06,76790,"YAKUODO HOLDINGS Co.,Ltd.",Notice Concerning Revisions to Full-Year Consolidated Earnings Forecast,/inbs/ek/140120260105528997.pdf,False,,english,Retail Trade,,
2026-01-06 15:30:00,2026-01-06,76790,"YAKUODO HOLDINGS Co.,Ltd.","[Summary] Consolidated Financial Results for the Nine Months Ended November 30,2025 (Under Japanese GAAP)",/inbs/ek/140120251225526140.pdf,False,,english,Retail Trade,,
2026-01-06 15:30:00,2026-01-06,76790,"YAKUODO HOLDINGS Co.,Ltd.",Notice Concerning Monthly Flash Report for December 2025,/inbs/ek/140120251225526078.pdf,False,,english,Retail Trade,,
2026-01-06 15:30:00,2026-01-06,82330,"Takashimaya Company,Limited","Summary of Consolidated Financial Results for the Nine Months Ended November 30, 2025",/inbs/ek/140120260106529488.pdf,False,,english,Retail Trade,,
2026-01-06 15:30:00,2026-01-06,82330,"Takashimaya Company,Limited","Financial Results for the Third Quarter of the Fiscal Year Ending February 28, 2026 presentation",/inbs/ek/140120260106529499.pdf,False,,english,Retail Trade,,
2026-01-06 15:30:00,2026-01-06,82330,"Takashimaya Company,Limited","Notice of the Purchase and Cancellation of Convertible Bonds due 2028 through a Tender Offer, and Update on Cancellation of Treasury Shares",/inbs/ek/140120260105528422.pdf,False,,english,Retail Trade,,
2026-01-06 15:30:00,2026-01-06,82330,"Takashimaya Company,Limited",About Earnings Forecasts for This Fiscal Year,/inbs/ek/140120260105528488.pdf,False,,english,Retail Trade,,
2026-01-06 15:30:00,2026-01-06,87250,"MS&AD Insurance Group Holdings,Inc.",Notice Regarding Progress on Purchase of the Company’s Own Shares,/inbs/ek/140120260106529520.pdf,False,,english,Insurance,,
2026-01-06 15:30:00,2026-01-06,90080,Keio Corporation,Notice Regarding the Status of Acquisition of Treasury Stock,/inbs/ek/140120260105528802.pdf,False,,english,Land Transportation,,
2026-01-06 15:30:00,2026-01-06,90220,Central Japan Railway Company,Notice Concerning the Status of Repurchase of Own Shares,/inbs/ek/140120260106529267.pdf,False,,english,Land Transportation,,
2026-01-06 15:30:00,2026-01-06,90650,SANKYU INC.,Notice Regarding the Status of Acquire of Treasury Stock,/inbs/ek/140120260105528257.pdf,False,,english,Land Transportation,,
2026-01-06 15:30:00,2026-01-06,92840,"Canadian Solar Infrastructure Fund,Inc.",Notice Concerning the Impact of the Earthquake Occurred in Eastern Shimane Prefecture,/inbs/ek/140120260106529494.pdf,False,,english,others,,
2026-01-06 15:30:00,2026-01-06,93010,Mitsubishi Logistics Corporation,Notice Concerning the Status of the Acquisition of Treasury Shares,/inbs/ek/140120260105528288.pdf,False,,english,Warehousing & Harbor Transportation Services,,
2026-01-06 15:30:00,2026-01-06,98420,ARCLANDS CORPORATION,"Consolidated Financial Results  for the Nine Months Ended November 30, 2025  (Under Japanese GAAP)",/inbs/ek/140120260106529244.pdf,False,,english,Retail Trade,,
2026-01-06 15:30:00,2026-01-06,98420,ARCLANDS CORPORATION,Notice of Revisions to Full-Year Financial Results Forecasts,/inbs/ek/140120260106529320.pdf,False,,english,Retail Trade,,
2026-01-06 15:30:00,2026-01-06,98800,INNOTECH CORPORATION,Notice of the Status of Acquisition of Treasury Stock,/inbs/ek/140120260106529443.pdf,False,,english,Electric Appliances,,
2026-01-06 15:00:00,2026-01-06,28090,Kewpie Corporation,Notice of the Progress of Acquisition by the Company of its Own Shares,/inbs/ek/140120260106529205.pdf,False,,english,Foods,,
2026-01-06 15:00:00,2026-01-06,72760,"KOITO MANUFACTURING CO.,LTD.",Announcement Regarding the Status of Acquisition of Own Shares,/inbs/ek/140120260106529462.pdf,False,,english,Electric Appliances,,
2026-01-06 15:00:00,2026-01-06,76110,HIDAY HIDAKA Corp.,Monthly Sales Report for December 2025,/inbs/ek/140120260106529382.pdf,False,,english,Retail Trade,,
2026-01-06 15:00:00,2026-01-06,76110,HIDAY HIDAKA Corp.,"Non-consolidated Financial Results  for the Nine Months Ended November 30, 2025  (Under Japanese GAAP)",/inbs/ek/140120260106529419.pdf,False,,english,Retail Trade,,
2026-01-06 15:00:00,2026-01-06,88640,"AIRPORT FACILITIES Co.,LTD.",Notice Regarding the Progress of Acquisition of Treasury Shares,/inbs/ek/140120260106529312.pdf,False,,english,Real Estate,,
2026-01-06 14:30:00,2026-01-06,28100,House Foods Group Inc.,Notice of Status of Acquisition of Company’s Own Shares,/inbs/ek/140120260106529211.pdf,False,,english,Foods,,
2026-01-06 14:30:00,2026-01-06,82000,"RINGER HUT CO.,LTD.",Monthly Sales Report for December 2025,/inbs/ek/140120260106529296.pdf,False,,english,Retail Trade,,
2026-01-06 14:30:00,2026-01-06,86000,"TOMONY Holdings,Inc.",Notice Concerning the Status of Acquisition of Own Shares,/inbs/ek/140120260105528902.pdf,False,,english,Banks,,
2026-01-06 14:00:00,2026-01-06,38610,Oji Holdings Corporation,Notice Regarding Status of Share Repurchase,/inbs/ek/140120260106529230.pdf,False,,english,Pulp & Paper,,
2026-01-06 14:00:00,2026-01-06,40080,"Sumitomo Seika Chemicals Company,Limited.",Notice Regarding the Status of Acquisition of Treasury Shares,/inbs/ek/140120260106529241.pdf,False,,english,Chemicals,,
2026-01-06 14:00:00,2026-01-06,85110,"Japan Securities Finance Co.,Ltd.",Announcement regarding status of share repurchase,/inbs/ek/140120260106529405.pdf,False,,english,Other Financing Business,,
2026-01-06 14:00:00,2026-01-06,94120,SKY Perfect JSAT Holdings Inc.,Number of Subscribers as of the End of December 2025,/inbs/ek/140120260106529324.pdf,False,,english,Information & Communication,,
2026-01-06 13:30:00,2026-01-06,48390,WOWOW INC.,December 2025 Subscription Data,/inbs/ek/140120260106529318.pdf,False,,english,Information & Communication,,
2026-01-06 13:00:00,2026-01-06,34750,"Good Com Asset Co.,Ltd.","[Updated]Consolidated Financial Results for the Fiscal Year Ended October 31, 2025",/inbs/ek/140120260106529385.pdf,False,,english,Real Estate,,
2026-01-06 13:00:00,2026-01-06,61010,TSUGAMI CORPORATION,Notice of Status of Acquisition of Treasury Shares,/inbs/ek/140120260105528832.pdf,False,,english,Machinery,,
2026-01-06 12:00:00,2026-01-06,65210,OXIDE Corporation,Notice Concerning the Monthly Exercise Status of Stock Options,/inbs/ek/140120260106529196.pdf,False,,english,Electric Appliances,,
2026-01-06 11:45:00,2026-01-06,46620,Focus Systems Corporation,Notice Regarding the Status of the Acquisition of Own Shares,/inbs/ek/140120260106529330.pdf,False,,english,Information & Communication,,
2026-01-06 11:30:00,2026-01-06,69470,ZUKEN INC.,Notice Concerning the Status of the Repurchase of Own Shares,/inbs/ek/140120260105529013.pdf,False,,english,Electric Appliances,,
2026-01-06 11:30:00,2026-01-06,72360,"T.RAD Co., Ltd.",Notice of Acquisition Status of Treasury Stock,/inbs/ek/140120260106529310.pdf,False,,english,Transportation Equipment,,
2026-01-06 11:00:00,2026-01-06,34070,ASAHI KASEI CORPORATION,Notice regarding status of share repurchase,/inbs/ek/140120251225526080.pdf,False,,english,Chemicals,,
2026-01-06 11:00:00,2026-01-06,42020,Daicel Corporation,Notice Concerning the Status of acquisition of Treasury Stocks,/inbs/ek/140120260106529133.pdf,False,,english,Chemicals,,
2026-01-06 11:00:00,2026-01-06,43450,"CTS Co.,Ltd.",Notice regarding the results and completion of the repurchase of treasury stock,/inbs/ek/140120260106529238.pdf,False,,english,Services,,
2026-01-06 11:00:00,2026-01-06,88300,"Sumitomo Realty & Development Co.,Ltd.",Announcement on the Status of Share Repurchases,/inbs/ek/140120260106529201.pdf,False,,english,Real Estate,,
2026-01-06 11:00:00,2026-01-06,90390,"Sakai Moving Service Co.,Ltd.","Monthly Sales Flash Report December, 2025",/inbs/ek/140120260106529163.pdf,False,,english,Land Transportation,,
2026-01-06 11:00:00,2026-01-06,90390,"Sakai Moving Service Co.,Ltd.",Notice Regarding the Status of Share Repurchase,/inbs/ek/140120260106529184.pdf,False,,english,Land Transportation,,
2026-01-06 10:00:00,2026-01-06,19280,"Sekisui House,Ltd.",Notice Regarding the Completion of Reorganization of Consolidated Subsidiaries in the U.S. Homebuilder Business,/inbs/ek/140120260105528809.pdf,False,,english,Construction,,
2026-01-06 08:59:00,2026-01-06,60580,VECTOR INC.,[Delayed]Notice Regarding Secondary Offering of Shares and Change in Major Shareholder and Largest Major Shareholder,/inbs/ek/140120260105529044.pdf,False,,english,Services,,
2026-01-06 08:30:00,2026-01-06,21600,GNI Group Ltd.,Notice Regarding Completion of the Pre-NDA Meeting on the Regulatory Strategy for F351 Following Potential Eligibility for Priority Review,/inbs/ek/140120260105529001.pdf,False,,english,Pharmaceutical,,
2026-01-05 19:00:00,2026-01-05,48130,"ACCESS CO.,LTD.",(Progress of Disclosed Matters) Notice regarding the Signing of a Contract in Network Business and Partial Payment,/inbs/ek/140120260105528995.pdf,False,,english,Information & Communication,,
2026-01-05 18:05:00,2026-01-05,70920,Fast Fitness Japan Incorporated,"(Amendment) Notice regarding Partial Amendment to the "" Notice Regarding the Implementation of Management Buyout and Recommendation to Tender Offer""",/inbs/ek/140120260105529009.pdf,False,,english,Services,,
2026-01-05 18:05:00,2026-01-05,70920,Fast Fitness Japan Incorporated,"(Amendment) Notice regarding Partial Amendment by JG35 Inc. to the ""Notice Concerning Commencement of Tender Offer for Shares of FFJ by JG35 Inc.""",/inbs/ek/140120260105529011.pdf,False,,english,Services,,
2026-01-05 17:00:00,2026-01-05,34860,GLOBAL LINK MANAGEMENT INC.,Notice Concerning the Status and Completion of the Acquisition of Treasury Stock,/inbs/ek/140120260105528845.pdf,False,,english,Real Estate,,
2026-01-05 17:00:00,2026-01-05,42750,"Carlit Co.,Ltd.",Notice Regarding Status of Purchase of Treasury Shares,/inbs/ek/140120251225526568.pdf,False,,english,Chemicals,,
2026-01-05 17:00:00,2026-01-05,59810,"TOKYO ROPE MFG.CO.,LTD",Notice Concerning Status of Share Buybacks,/inbs/ek/140120260105528928.pdf,False,,english,Metal Products,,
2026-01-05 17:00:00,2026-01-05,66190,W-SCOPE Corporation,For the 10th and 11th Stock Acquisition Rights (with provisions to revise the exercise price) through third-party allotment Notice of Monthly Exercise,/inbs/ek/140120260105528952.pdf,False,,english,Electric Appliances,,
2026-01-05 17:00:00,2026-01-05,70340,"Prored Partners CO.,LTD.",Notice Regarding Determination of Details of Issuance of Stock Options (Share Acquisition Rights),/inbs/ek/140120260105528896.pdf,False,,english,Services,,
2026-01-05 17:00:00,2026-01-05,79510,YAMAHA CORPORATION,Notice Concerning the Status of Acquisition of Treasury Stock,/inbs/ek/140120251224525862.pdf,False,,english,Other Products,,
2026-01-05 17:00:00,2026-01-05,83160,"Sumitomo Mitsui Financial Group,Inc.",Notice regarding Progress of Repurchase of Own Shares,/inbs/ek/140120260105528464.pdf,False,,english,Banks,,
2026-01-05 17:00:00,2026-01-05,86280,"MATSUI SECURITIES CO.,LTD.",Monthly Report for December 2025,/inbs/ek/140120260105528749.pdf,False,,english,Securities & Commodity Futures,,
2026-01-05 17:00:00,2026-01-05,98890,JBCC Holdings Inc.,Notice Concerning the Status of Share Repurchase,/inbs/ek/140120260105528499.pdf,False,,english,Information & Communication,,
2026-01-05 16:30:00,2026-01-05,49170,MANDOM CORPORATION,"(Amendment) Notice Regarding Amendment to “Notice Regarding Commencement of Tender Offer for Shares Certificates, Etc. of Mandom Corporation",/inbs/ek/140120260105528921.pdf,False,,english,Chemicals,,
2026-01-05 16:30:00,2026-01-05,98420,ARCLANDS CORPORATION,Notice Concerning Year-on-Year Change in Net Sales,/inbs/ek/140120260105528909.pdf,False,,english,Retail Trade,,
2026-01-05 16:00:00,2026-01-05,23260,Digital Arts Inc.,Notice Concerning Status of Acquisition of Own Shares,/inbs/ek/140120260105528797.pdf,False,,english,Information & Communication,,
2026-01-05 16:00:00,2026-01-05,25850,"LIFEDRINK COMPANY,INC.",(Update on disclosed matter) Notice Regarding Acquisition of Fixed Assets,/inbs/ek/140120260105528359.pdf,False,,english,Foods,,
2026-01-05 16:00:00,2026-01-05,39940,"Money Forward,Inc.","[Summary]Completion of Exam under Foreign Exchange Act Tender Offer for the Share Certificates of OutlookConsulting Co., Ltd",/inbs/ek/140120260105528607.pdf,False,,english,Information & Communication,,
2026-01-05 16:00:00,2026-01-05,40460,"OSAKA SODA CO.,LTD.",Notice Concerning the Status of the Acquisition of Treasury Shares,/inbs/ek/140120260105528356.pdf,False,,english,Chemicals,,
2026-01-05 16:00:00,2026-01-05,42900,Prestige International Inc.,Notice Concerning the Status of the Repurchase of Treasury Stock,/inbs/ek/140120251229527861.pdf,False,,english,Services,,
2026-01-05 16:00:00,2026-01-05,45260,"RIKEN VITAMIN CO.,LTD.",Notice Regarding the Acquisition Status of Own Shares,/inbs/ek/140120260105528161.pdf,False,,english,Foods,,
2026-01-05 16:00:00,2026-01-05,46340,"artience Co.,Ltd.",Notice Regarding Status of Treasury Share Acquisition,/inbs/ek/140120260105528243.pdf,False,,english,Chemicals,,
2026-01-05 16:00:00,2026-01-05,49560,"KONISHI CO.,LTD.",Completion of Payment for Treasury Stock Disposal (Third-Party Allotment),/inbs/ek/140120260105528589.pdf,False,,english,Chemicals,,
2026-01-05 16:00:00,2026-01-05,50360,"Japan Business Systems,Inc.",Notice Regarding Status of Acquisition of Treasury Shares,/inbs/ek/140120260105528273.pdf,False,,english,Information & Communication,,
2026-01-05 16:00:00,2026-01-05,52550,Monstarlab Inc.,[Delayed]Notice Regarding Investment in Analog Partners Fund I,/inbs/ek/140120260105528421.pdf,False,,english,Information & Communication,,
2026-01-05 16:00:00,2026-01-05,54440,"YAMATO KOGYO CO.,LTD.",Notice Concerning the Status of the Acquisition of Treasury Shares,/inbs/ek/140120260105528871.pdf,False,,english,Iron & Steel,,
2026-01-05 16:00:00,2026-01-05,60880,SIGMAXYZ Holdings Inc.,Notice Concerning Repurchase of Treasury Shares,/inbs/ek/140120260105528318.pdf,False,,english,Services,,
2026-01-05 16:00:00,2026-01-05,61570,"NS TOOL CO.,LTD.",Notice Regarding the Status of Share Buyback,/inbs/ek/140120260105528857.pdf,False,,english,Machinery,,
2026-01-05 16:00:00,2026-01-05,69290,"NIPPON CERAMIC CO.,LTD.",Notice Regarding the Status of Own Share Repurchase,/inbs/ek/140120251225526902.pdf,False,,english,Electric Appliances,,
2026-01-05 16:00:00,2026-01-05,80050,Scroll Corporation,Notice Regarding the Status of Treasury Shares Acquisition,/inbs/ek/140120260105528758.pdf,False,,english,Retail Trade,,
2026-01-05 16:00:00,2026-01-05,81740,"NIPPON GAS CO.,LTD.",Notice of Progress of Repurchase of the Company's Own Shares,/inbs/ek/140120260105528885.pdf,False,,english,Retail Trade,,
2026-01-05 16:00:00,2026-01-05,82370,"MATSUYA CO.,LTD.",Monthly Sales Report December.2025,/inbs/ek/140120260105528567.pdf,False,,english,Retail Trade,,
2026-01-05 16:00:00,2026-01-05,83060,"Mitsubishi UFJ Financial Group,Inc.",Notice Regarding Progress on Repurchase of Common Stock,/inbs/ek/140120260105528263.pdf,False,,english,Banks,,
2026-01-05 16:00:00,2026-01-05,83080,"Resona Holdings, Inc.",Announcement Regarding Status of Acquisition of Treasury Shares,/inbs/ek/140120260105528470.pdf,False,,english,Banks,,
2026-01-05 16:00:00,2026-01-05,83090,"Sumitomo Mitsui Trust Group,Inc.",Notice Regarding Status of Repurchase of Own Shares,/inbs/ek/140120260105528515.pdf,False,,english,Banks,,
2026-01-05 16:00:00,2026-01-05,84110,"Mizuho Financial Group,Inc.",Notice regarding Progress of Repurchase of Our Common Stock,/inbs/ek/140120260105528476.pdf,False,,english,Banks,,
2026-01-05 16:00:00,2026-01-05,87500,"Dai-ichi Life Holdings,Inc.",Notice Regarding the Status of Repurchase of the Company’s Shares,/inbs/ek/140120260105528369.pdf,False,,english,Insurance,,
2026-01-05 16:00:00,2026-01-05,93190,"Chuo Warehouse Co.,Ltd.",Notice concerning the status of acquisition of Own Shares,/inbs/ek/140120260105528637.pdf,False,,english,Warehousing & Harbor Transportation Services,,
2026-01-05 16:00:00,2026-01-05,95020,"Chubu Electric Power Company,Incorporated",Inappropriate Matters in the Formulation of Standard Seismic Motion for the New Regulatory Requirements Compliance Review of the Hamaoka Nuclear Power,/inbs/ek/140120260105528890.pdf,False,,english,Electric Power & Gas,,
2026-01-05 16:00:00,2026-01-05,95360,"SAIBU GAS HOLDINGS CO.,LTD.",Notice Concerning Acquisition Status of Own Shares,/inbs/ek/140120260105528312.pdf,False,,english,Electric Power & Gas,,
2026-01-05 16:00:00,2026-01-05,95520,"Quants Research Institute Holdings,Inc.",Consolidated Financial Results for the Fiscal Year Ended September 2025 (Under IFRS),/inbs/ek/140120260105528903.pdf,False,,english,Services,,
2026-01-05 16:00:00,2026-01-05,97650,"OHBA CO.,LTD.",Notice of Acquisition Status of Treasury Stock,/inbs/ek/140120251230528073.pdf,False,,english,Services,,
2026-01-05 15:40:00,2026-01-05,22820,NH Foods Ltd.,Notice of Acquisition Status of Treasury Stocks,/inbs/ek/140120260105528346.pdf,False,,english,Foods,,
2026-01-05 15:40:00,2026-01-05,66760,BUFFALO INC.,Notice Concerning Status of Purchase of Treasury Shares,/inbs/ek/140120260105528719.pdf,False,,english,Electric Appliances,,
2026-01-05 15:30:00,2026-01-05,23370,Ichigo Inc.,Share Buyback Update,/inbs/ek/140120260105528545.pdf,False,,english,Real Estate,,
2026-01-05 15:30:00,2026-01-05,24130,"M3,Inc.",Notice Regarding the Status of Repurchase of Own Shares,/inbs/ek/140120260105528296.pdf,False,,english,Services,,
2026-01-05 15:30:00,2026-01-05,26780,ASKUL Corporation,December 2025 Operating Results,/inbs/ek/140120260105528562.pdf,False,,english,Retail Trade,,
2026-01-05 15:30:00,2026-01-05,30500,"DCM Holdings Co.,Ltd.",Notice Concerning Share Buybacks,/inbs/ek/140120260105528500.pdf,False,,english,Retail Trade,,
2026-01-05 15:30:00,2026-01-05,31070,"Daiwabo Holdings Co.,Ltd.",Notice of Acquisition of Treasury Shares Status,/inbs/ek/140120260105528558.pdf,False,,english,Wholesale Trade,,
2026-01-05 15:30:00,2026-01-05,31670,TOKAI Holdings Corporation,Notice Regarding the Status of Stock Repurchases,/inbs/ek/140120260105528693.pdf,False,,english,Wholesale Trade,,
2026-01-05 15:30:00,2026-01-05,31860,"NEXTAGE Co.,Ltd.",Notice Regarding Dividends of Surplus (Increased Dividend),/inbs/ek/140120251226527772.pdf,False,,english,Retail Trade,,
2026-01-05 15:30:00,2026-01-05,31860,"NEXTAGE Co.,Ltd.","Consolidated Financial Results for the Fiscal Year Ended November 30, 2025",/inbs/ek/140120251226527769.pdf,False,,english,Retail Trade,,
2026-01-05 15:30:00,2026-01-05,32880,"Open House Group Co.,Ltd.",Notice Regarding the Status and Completion of Share Acquisition,/inbs/ek/140120260105528223.pdf,False,,english,Real Estate,,
2026-01-05 15:30:00,2026-01-05,33500,Metaplanet Inc.,Notice Regarding the Status of Share Buybacks,/inbs/ek/140120260105528667.pdf,False,,english,Wholesale Trade,,
2026-01-05 15:30:00,2026-01-05,33500,Metaplanet Inc.,Notice Regarding the Monthly Exercise Status of the 20th to 22nd Series Stock Acquisition Rights with Adjustment and Suspension Clauses Issued Through,/inbs/ek/140120260105528670.pdf,False,,english,Wholesale Trade,,
2026-01-05 15:30:00,2026-01-05,33820,"Seven & i Holdings Co.,Ltd.",Notice Regarding the Status of Acquisition of Own Shares,/inbs/ek/140120260105528454.pdf,False,,english,Retail Trade,,
2026-01-05 15:30:00,2026-01-05,34660,LaSalle LOGIPORT REIT,Notice regarding status of repurchase of own investment units,/inbs/ek/140120260105528409.pdf,False,,english,REIT,,
2026-01-05 15:30:00,2026-01-05,35490,"KUSURI NO AOKI HOLDINGS CO.,LTD.","Monthly Sales Report December, 2025",/inbs/ek/140120260105528537.pdf,False,,english,Retail Trade,,
2026-01-05 15:30:00,2026-01-05,36590,"NEXON Co.,Ltd.",Status Report of Share Buyback Program,/inbs/ek/140120260105528508.pdf,False,,english,Information & Communication,,
2026-01-05 15:30:00,2026-01-05,36790,"ZIGExN Co.,Ltd.",Notice Concerning Progress of Share Repurchase,/inbs/ek/140120260105528348.pdf,False,,english,Information & Communication,,
2026-01-05 15:30:00,2026-01-05,39030,gumi Inc.,Notice Concerning Monthly Exercise Status of the 26th Series of Stock Acquisitoin Rights (with Exercise Price Adjustment Clause),/inbs/ek/140120260105528502.pdf,False,,english,Information & Communication,,
2026-01-05 15:30:00,2026-01-05,40630,"Shin-Etsu Chemical Co.,Ltd.",Notice of the Completion of Ex Post Facto Adjustment for the Fully Committed Share Repurchase (FCSR),/inbs/ek/140120260105528724.pdf,False,,english,Chemicals,,
2026-01-05 15:30:00,2026-01-05,40820,"DAIICHI KIGENSO KAGAKU-KOGYO CO.,LTD",Notice Concerning Status of Acquisition of Own Shares,/inbs/ek/140120251226527743.pdf,False,,english,Chemicals,,
2026-01-05 15:30:00,2026-01-05,40950,"NIHON PARKERIZING CO.,LTD.",Notice Concerning the Status of Repurchase of Shares of Common Stock,/inbs/ek/140120260105528679.pdf,False,,english,Chemicals,,
2026-01-05 15:30:00,2026-01-05,41180,KANEKA CORPORATION,Notice Regarding the Status of Share Repurchase,/inbs/ek/140120251225526170.pdf,False,,english,Chemicals,,
2026-01-05 15:30:00,2026-01-05,44800,"MEDLEY,INC.",Notice Regarding the Status (Progress Report) of Share Repurchase,/inbs/ek/140120260105528628.pdf,False,,english,Information & Communication,,
2026-01-05 15:30:00,2026-01-05,45690,"KYORIN Pharmaceutical Co.,Ltd.",KYORIN and Lunatus Enter into Distribution Agreement for Lasvic Tablets in Nine Middle Eastern Countries,/inbs/ek/140120260105528520.pdf,False,,english,Pharmaceutical,,
2026-01-05 15:30:00,2026-01-05,45770,"Daito Pharmaceutical Co.,Ltd.",Notice Regarding Repurchase of Own Shares,/inbs/ek/140120251226527324.pdf,False,,english,Pharmaceutical,,
2026-01-05 15:30:00,2026-01-05,46760,"FUJI MEDIA HOLDINGS,INC.",Announcement Regarding the Status of Stock Repurchase,/inbs/ek/140120260105528681.pdf,False,,english,Information & Communication,,
2026-01-05 15:30:00,2026-01-05,48490,en Inc.,Notice Concerning Status of Acquisition of Own Shares,/inbs/ek/140120260105528763.pdf,False,,english,Services,,
2026-01-05 15:30:00,2026-01-05,50270,AnyMind Group Inc.,Notice Regarding Completion of Acquisition of All Shares of SUNSMILE INC.(Making it a Consolidated Subsidiary),/inbs/ek/140120260105528823.pdf,False,,english,Information & Communication,,
2026-01-05 15:30:00,2026-01-05,52020,"Nippon Sheet Glass Company,Limited",Exercise by a Class A Shareholder of the Right to Request Acquisition of the Class A Shares in Exchange for Common Shares,/inbs/ek/140120260105528320.pdf,False,,english,Glass & Ceramics Products,,
2026-01-05 15:30:00,2026-01-05,52430,note inc.,Notice Concerning the Determination of the Terms for the Issuance of Stock Acquisition Rights (Stock Options),/inbs/ek/140120260105528773.pdf,False,,english,Information & Communication,,
2026-01-05 15:30:00,2026-01-05,52430,note inc.,Notice Concerning the Determination of the Terms for the Issuance of Paid Stock Options (Stock Acquisition Rights),/inbs/ek/140120260105528775.pdf,False,,english,Information & Communication,,
2026-01-05 15:30:00,2026-01-05,53340,"Niterra Co.,Ltd.",Notice Concerning the Status of Repurchase of Own Shares,/inbs/ek/140120251226527539.pdf,False,,english,Glass & Ceramics Products,,
2026-01-05 15:30:00,2026-01-05,53930,NICHIAS CORPORATION,Notice Concerning Status of Purchase of Treasury Stock,/inbs/ek/140120260105528343.pdf,False,,english,Glass & Ceramics Products,,
2026-01-05 15:30:00,2026-01-05,57150,"FURUKAWA CO.,LTD.",Notice Regarding the Status of Acquisition of Own Shares,/inbs/ek/140120251224525663.pdf,False,,english,Nonferrous Metals,,
2026-01-05 15:30:00,2026-01-05,58310,"Shizuoka Financial Group,Inc.",Notice Concerning Acquisition Status of Treasury Stock,/inbs/ek/140120251230528048.pdf,False,,english,Banks,,
2026-01-05 15:30:00,2026-01-05,59110,Yokogawa Bridge Holdings Corp.,Notice Concerning the Status of the Acquisition of Treasury Shares,/inbs/ek/140120260105528175.pdf,False,,english,Metal Products,,
2026-01-05 15:30:00,2026-01-05,60980,"Recruit Holdings Co.,Ltd.",Status of Share Repurchases,/inbs/ek/140120251222524016.pdf,False,,english,Services,,
2026-01-05 15:30:00,2026-01-05,61970,Solasto Corporation,Notice regarding the Status of Stock Buy-back,/inbs/ek/140120260105528372.pdf,False,,english,Services,,
2026-01-05 15:30:00,2026-01-05,62980,"Y.A.C.HOLDINGS CO.,LTD.",Notice Regarding Acquisition of Treasury Shares,/inbs/ek/140120251225526890.pdf,False,,english,Machinery,,
2026-01-05 15:30:00,2026-01-05,68440,"Shindengen Electric Manufacturing Co.,Ltd.",Notice Regarding Completion of  Share Acquisition for Newly Established Power Device Business Company,/inbs/ek/140120260105528521.pdf,False,,english,Electric Appliances,,
2026-01-05 15:30:00,2026-01-05,68490,NIHON KOHDEN CORPORATION,Nihon Kohden Announces the Status of Acquisition of Own Shares,/inbs/ek/140120260105528676.pdf,False,,english,Electric Appliances,,
2026-01-05 15:30:00,2026-01-05,68570,ADVANTEST CORPORATION,Status of Share Repurchase,/inbs/ek/140120260105528574.pdf,False,,english,Electric Appliances,,
2026-01-05 15:30:00,2026-01-05,69230,"Stanley Electric Co.,Ltd.",Notice of the Status of Purchase of Treasury Stock,/inbs/ek/140120251222524022.pdf,False,,english,Electric Appliances,,
2026-01-05 15:30:00,2026-01-05,69650,HAMAMATSU PHOTONICS K.K.,Notice Regarding the Status of Repurchase of Own Shares,/inbs/ek/140120260105528292.pdf,False,,english,Electric Appliances,,
2026-01-05 15:30:00,2026-01-05,76830,"WA,Inc.","[Summary] Monthly Sales Report for December 2025, FY2026",/inbs/ek/140120260105528709.pdf,False,,english,Retail Trade,,
2026-01-05 15:30:00,2026-01-05,77160,NAKANISHI INC.,Notice Regarding Status and Completion of Own Share RepurchaseNotice Regarding Status of Own Share Repurchase,/inbs/ek/140120251226527262.pdf,False,"Title Updated at 15:40 on 06 January, 2026",english,Precision Instruments,,
2026-01-05 15:30:00,2026-01-05,79110,TOPPAN Holdings Inc.,Notice Concerning Status of Acquisition of Own Shares,/inbs/ek/140120260105528462.pdf,False,,english,Other Products,,
2026-01-05 15:30:00,2026-01-05,79120,"Dai Nippon Printing Co.,Ltd.",Announcement of Share Buyback,/inbs/ek/140120260105528186.pdf,False,,english,Other Products,,
2026-01-05 15:30:00,2026-01-05,79810,"TAKARA STANDARD CO.,LTD.",Announcement Concerning the Status of the Purchase of Treasury Shares,/inbs/ek/140120260105528367.pdf,False,,english,Other Products,,
2026-01-05 15:30:00,2026-01-05,80560,BIPROGY Inc.,Notice Concerning the Status of the Acquisition of Own Shares,/inbs/ek/140120251225526264.pdf,False,,english,Information & Communication,,
2026-01-05 15:30:00,2026-01-05,81790,"ROYAL HOLDINGS Co., Ltd.",Notice Regarding Appointment of Executive Officer,/inbs/ek/140120260105528601.pdf,False,,english,Retail Trade,,
2026-01-05 15:30:00,2026-01-05,82180,"KOMERI CO.,LTD.",Notice Concerning the Status of Acquisition of Own Shares,/inbs/ek/140120260105528698.pdf,False,,english,Retail Trade,,
2026-01-05 15:30:00,2026-01-05,82420,H2O RETAILING CORPORATION,Notice Regarding Status of Purchase of Own Shares,/inbs/ek/140120260105528323.pdf,False,,english,Retail Trade,,
2026-01-05 15:30:00,2026-01-05,82520,"MARUI GROUP CO.,LTD.",Notice of Progress of Acquisition of Treasury Stock,/inbs/ek/140120251227527793.pdf,False,,english,Retail Trade,,
2026-01-05 15:30:00,2026-01-05,83580,Suruga Bank Ltd.,Announcement Regarding the Status of Treasury Stock Acquisition,/inbs/ek/140120260105528586.pdf,False,,english,Banks,,
2026-01-05 15:30:00,2026-01-05,84180,"Yamaguchi Financial Group,Inc.",Announcement regarding situation for acquisition of own shares,/inbs/ek/140120260105528801.pdf,False,,english,Banks,,
2026-01-05 15:30:00,2026-01-05,87710,"eGuarantee,Inc.",Announcement on the Status of Acquisition of Treasury Shares,/inbs/ek/140120260105528553.pdf,False,,english,Other Financing Business,,
2026-01-05 15:30:00,2026-01-05,87950,"T&D Holdings, Inc.",Notice Regarding the Status of Acquisition of Treasury Shares,/inbs/ek/140120251225526396.pdf,False,,english,Insurance,,
2026-01-05 15:30:00,2026-01-05,88010,"Mitsui Fudosan Co.,Ltd.",Notice Concerning the Status of Share Repurchase,/inbs/ek/140120251217521632.pdf,False,,english,Real Estate,,
2026-01-05 15:30:00,2026-01-05,89670,"Japan Logistics Fund,Inc.","Notice Concerning the Current Status and Completion of Investment Units Buyback Program, and Cancellation of Investment Units",/inbs/ek/140120260105528446.pdf,False,,english,REIT,,
2026-01-05 15:30:00,2026-01-05,89840,Daiwa House REIT Investment Corporation,Notice Concerning Status and Completion of Repurchase of Investment Units,/inbs/ek/140120260105528504.pdf,False,,english,REIT,,
2026-01-05 15:30:00,2026-01-05,92010,"Japan Airlines Co.,Ltd.",Notice Regarding Status of Share Repurchase,/inbs/ek/140120260105528827.pdf,False,,english,Air Transportation,,
2026-01-05 15:30:00,2026-01-05,92740,"KPP GROUP HOLDINGS CO.,LTD.",Notice Regarding the Status of Share Repurchase,/inbs/ek/140120260105528658.pdf,False,,english,Wholesale Trade,,
2026-01-05 15:30:00,2026-01-05,93320,"NISSO HOLDINGS Co.,Ltd.",Notice of Status of Acquisition of Treasury Shares,/inbs/ek/140120251223524988.pdf,False,,english,Services,,
2026-01-05 15:30:00,2026-01-05,93990,Beat Holdings Limited,Monthly Report of Bitcoin ETF,/inbs/ek/140120260105528627.pdf,False,,english,Information & Communication,,
2026-01-05 15:30:00,2026-01-05,93990,Beat Holdings Limited,Monthly Report of Stock Acquisition Rights with Exercise Price Amendment Clause issued by Third Party Allotment,/inbs/ek/140120260105528631.pdf,False,,english,Information & Communication,,
2026-01-05 15:30:00,2026-01-05,94320,"NTT,Inc.",Notice regarding the Status of Stock Repurchases,/inbs/ek/140120260105528706.pdf,False,,english,Information & Communication,,
2026-01-05 15:30:00,2026-01-05,94350,"HIKARI TSUSHIN,INC.",Notice Concerning Status of Acquisition of Own Shares,/inbs/ek/140120251229527902.pdf,False,,english,Information & Communication,,
2026-01-05 15:30:00,2026-01-05,96210,"CTI Engineering Co.,Ltd.",Notice Concerning the Status of Acquisition of Own Shares,/inbs/ek/140120260105528660.pdf,False,,english,Services,,
2026-01-05 15:30:00,2026-01-05,96780,"KANAMOTO CO.,LTD.",Notification Concerning Progress on Purchase of Treasury Shares,/inbs/ek/140120260105528518.pdf,False,,english,Services,,
2026-01-05 15:30:00,2026-01-05,98310,"YAMADA HOLDINGS CO.,LTD.",Notice Concerning the Status of Acquisition of Own Shares,/inbs/ek/140120260105528309.pdf,False,,english,Retail Trade,,
2026-01-05 15:30:00,2026-01-05,98870,"MATSUYA FOODS HOLDINGS CO.,LTD.",Notice Concerning Completion of Acquisition of Stocks of Matsufuji Corporation(to Make it a Subsidiary)(Subsequent Developments of Disclosed Matters),/inbs/ek/140120260105528390.pdf,False,,english,Retail Trade,,
2026-01-05 15:30:00,2026-01-05,99480,"ARCS COMPANY,LIMITED",Notice Regarding the Status and Completion of Repurchase of own Shares,/inbs/ek/140120260105528789.pdf,False,,english,Retail Trade,,
2026-01-05 15:30:00,2026-01-05,99900,SAC'S BAR HOLDINGS INC.,"Notice Concerning Monthly Sales Information, etc. for Tokyo Derica Co., Ltd.",/inbs/ek/140120260105528740.pdf,False,,english,Retail Trade,,
2026-01-05 15:00:00,2026-01-05,31060,KURABO INDUSTRIES LTD.,Notification on Regarding Status of Share Repurchase,/inbs/ek/140120251226527031.pdf,False,,english,Textiles & Apparels,,
2026-01-05 15:00:00,2026-01-05,74190,"Nojima Co.,Ltd.",Notice Regarding the Status of Share Repurchases,/inbs/ek/140120260105528639.pdf,False,,english,Retail Trade,,
2026-01-05 15:00:00,2026-01-05,79140,"Kyodo Printing Co.,Ltd.",Notice Regarding the Status of Own Share Repurchase,/inbs/ek/140120260105528241.pdf,False,,english,Other Products,,
2026-01-05 15:00:00,2026-01-05,99620,MISUMI Group Inc.,Notice Regarding Repurchase of Treasury Stocks,/inbs/ek/140120251226527784.pdf,False,,english,Wholesale Trade,,
2026-01-05 14:00:00,2026-01-05,22640,"MORINAGA MILK INDUSTRY CO.,LTD.",Notice Regarding Acquisition of Treasury Stock,/inbs/ek/140120260105528194.pdf,False,,english,Foods,,
2026-01-05 14:00:00,2026-01-05,33150,"NIPPON COKE & ENGINEERING COMPANY,LIMITED",Notice Concerning Fire at Kitakyushu Coking Works,/inbs/ek/140120260105528657.pdf,False,,english,Oil & Coal Products,,
2026-01-05 14:00:00,2026-01-05,64630,"TPR CO.,LTD.",Notice Regarding Share Repurchases,/inbs/ek/140120260105528624.pdf,False,,english,Machinery,,
2026-01-05 14:00:00,2026-01-05,65230,PHC Holdings Corporation,(Progress of Disclosure Matter) Notice Regarding the Business Transfer of a Consolidated Subsidiary,/inbs/ek/140120260105528389.pdf,False,,english,Electric Appliances,,
2026-01-05 14:00:00,2026-01-05,80580,Mitsubishi Corporation,Notice regarding the status of share repurchases,/inbs/ek/140120251224525402.pdf,False,,english,Wholesale Trade,,
2026-01-05 14:00:00,2026-01-05,85110,"Japan Securities Finance Co.,Ltd.",Announcement of the Average Outstanding Balance of Loans for Margin Transactions,/inbs/ek/140120260105528599.pdf,False,,english,Other Financing Business,,
2026-01-05 14:00:00,2026-01-05,95310,"TOKYO GAS CO.,LTD.",Notice of Shares Buyback (Progress Report),/inbs/ek/140120260105528439.pdf,False,,english,Electric Power & Gas,,
2026-01-05 14:00:00,2026-01-05,98240,"SENSHU ELECTRIC CO.,LTD.",Notice Regarding the Status of Treasury Shares,/inbs/ek/140120260105528247.pdf,False,,english,Wholesale Trade,,
2026-01-05 13:30:00,2026-01-05,23950,"SHIN NIPPON BIOMEDICAL LABORATORIES,LTD.",[Update on Disclosed Matter]Status of US Subsidiary Satsuma Pharmaceutical’s Negotiation for Atzumi,/inbs/ek/140120260105528633.pdf,False,,english,Services,,
2026-01-05 13:00:00,2026-01-05,19510,"EXEO Group,Inc.",Notice of Status of Acquisition of Treasury Shares,/inbs/ek/140120251225526949.pdf,False,,english,Construction,,
2026-01-05 13:00:00,2026-01-05,58510,RYOBI LIMITED,Notice Regarding the Status and Completion of Share Repurchase,/inbs/ek/140120260105528220.pdf,False,,english,Nonferrous Metals,,
2026-01-05 13:00:00,2026-01-05,67680,TAMURA CORPORATION,Notice Regarding Structural Improvement through the Introduction of Special Outplacement Support Program,/inbs/ek/140120260105528591.pdf,False,,english,Electric Appliances,,
2026-01-05 13:00:00,2026-01-05,80780,"HANWA CO.,LTD.",Notice Concerning the status of Acquisition of the Company's Own Shares,/inbs/ek/140120251225526168.pdf,False,,english,Wholesale Trade,,
2026-01-05 13:00:00,2026-01-05,83810,"The San-in Godo Bank,Ltd.",Notice Regarding the Status of Acquisition of Own Shares,/inbs/ek/140120260105528485.pdf,False,,english,Banks,,
2026-01-05 13:00:00,2026-01-05,92470,TRE HOLDINGS CORPORATION,Notice Regarding the Status of the Acquisition of Treasury Shares,/inbs/ek/140120260105528278.pdf,False,,english,Services,,
2026-01-05 12:30:00,2026-01-05,51220,"OKAMOTO INDUSTRIES,INC.",Notice Concerning the Progress of Repurchase of Own Shares,/inbs/ek/140120260105528548.pdf,False,,english,Rubber Products,,
2026-01-05 12:30:00,2026-01-05,65920,"MABUCHI MOTOR CO.,LTD.",Announcement of the Status of Purchase of Treasury Stock,/inbs/ek/140120251226527742.pdf,False,,english,Electric Appliances,,
2026-01-05 12:00:00,2026-01-05,45680,"DAIICHI SANKYO COMPANY,LIMITED",Daiichi Sankyo Announces Status Relating to Acquisition of Own Shares,/inbs/ek/140120260105528271.pdf,False,,english,Pharmaceutical,,
2026-01-05 12:00:00,2026-01-05,89560,NTT UD REIT Investment Corporation,Notice Concerning Status of Acquisition of Own Investment Units,/inbs/ek/140120260105528387.pdf,False,,english,REIT,,
2026-01-05 12:00:00,2026-01-05,91010,Nippon Yusen Kabushiki Kaisha,Notice Regarding the Status of Stock Acquisition,/inbs/ek/140120260104528157.pdf,False,,english,Marine Transportation,,
2026-01-05 11:30:00,2026-01-05,59290,Sanwa Holdings Corporation,Notice Regarding the Status of Share Buyback,/inbs/ek/140120260105528206.pdf,False,,english,Metal Products,,
2026-01-05 11:30:00,2026-01-05,65170,"Denyo Co.,Ltd.",Notice Concerning the Status of Share Repurchase,/inbs/ek/140120260105528250.pdf,False,,english,Electric Appliances,,
2026-01-05 11:30:00,2026-01-05,84730,"SBI Holdings,Inc.",Notice Regarding Status of Acquisition of the Company’s Own Shares,/inbs/ek/140120260105528484.pdf,False,,english,Securities & Commodity Futures,,
2026-01-05 11:30:00,2026-01-05,99340,"INABA DENKISANGYO CO.,LTD.",Notice Concerning the Status of the Acquisition of Own Shares,/inbs/ek/140120260105528199.pdf,False,,english,Wholesale Trade,,
2026-01-05 11:00:00,2026-01-05,80120,"NAGASE & CO.,LTD.",Notice Regarding the Status of Repurchase of Own Shares,/inbs/ek/140120251225526839.pdf,False,,english,Wholesale Trade,,
2026-01-05 11:00:00,2026-01-05,82550,Axial Retailing Inc.,Monthly Sales Report for December（YoY）,/inbs/ek/140120260105528328.pdf,False,,english,Retail Trade,,
2026-01-05 11:00:00,2026-01-05,99870,"SUZUKEN CO.,LTD.",Suzuken Provides Update on Share Repurchase Program,/inbs/ek/140120251229527841.pdf,False,,english,Wholesale Trade,,
2026-01-05 10:15:00,2026-01-05,64570,GLORY LTD.,Status regarding Acquisition of Own Shares,/inbs/ek/140120260105528375.pdf,False,,english,Machinery,,
2026-01-05 10:00:00,2026-01-05,20530,"CHUBU SHIRYO CO.,LTD.",Notice Concerning the Progress of the Purchase of Treasury Shares,/inbs/ek/140120260105528205.pdf,False,,english,Foods,,
2026-01-05 10:00:00,2026-01-05,35800,"KOMATSU MATERE Co.,Ltd.",Notice Regarding the Status of the Acquisition of Treasury Shares,/inbs/ek/140120251219523134.pdf,False,,english,Textiles & Apparels,,
2026-01-05 10:00:00,2026-01-05,40410,"Nippon Soda Co.,Ltd.",Notice Concerning Status of Acquisition of Treasury Shares,/inbs/ek/140120251225526108.pdf,False,,english,Chemicals,,
2026-01-05 10:00:00,2026-01-05,79880,NIFCO INC.,Notice Concerning the Status of Acquisition of Own Shares,/inbs/ek/140120260105528239.pdf,False,,english,Chemicals,,
2026-01-05 10:00:00,2026-01-05,83590,"Hachijuni Nagano Bank,Ltd.",Notice Concerning Completion of Merger,/inbs/ek/140120260105528191.pdf,False,,english,Banks,,
2026-01-05 10:00:00,2026-01-05,93640,"Kamigumi Co.,Ltd.",Notice concerning status of acquisition of treasury stock,/inbs/ek/140120251226527684.pdf,False,,english,Warehousing & Harbor Transportation Services,,
2026-01-05 10:00:00,2026-01-05,97590,"NSD CO.,LTD.",Notice of the Status of the Share Repurchase,/inbs/ek/140120260105528208.pdf,False,,english,Information & Communication,,
2026-01-05 09:30:00,2026-01-05,34360,SUMCO CORPORATION,Announcement regarding Changes in Personnel Affairs,/inbs/ek/140120260105528202.pdf,False,,english,Metal Products,,
2026-01-05 09:30:00,2026-01-05,54630,Maruichi Steel Tube Ltd.,Notice Regarding Progress on Repurchase of Own Shares,/inbs/ek/140120251225526350.pdf,False,,english,Iron & Steel,,
2026-01-05 09:00:00,2026-01-05,27530,"AMIYAKI TEI CO.,LTD.","[Summary] Consolidated Financial Results for the Nine Months Ended December 31, 2025 (Under Japanese GAAP)",/inbs/ek/140120251226527512.pdf,False,,english,Retail Trade,,
2026-01-05 09:00:00,2026-01-05,49970,"NIHON NOHYAKU CO.,LTD.",Notice Regarding Settlement of Litigation Filed against Our Consolidated Subsidiary,/inbs/ek/140120260104528142.pdf,False,,english,Chemicals,,
2026-01-05 08:50:00,2026-01-05,66990,"DIAMOND ELECTRIC HOLDINGS Co.,Ltd.",Notice Concerning Monthly Exercise Status of the 8th Series Stock Acquisition Rights (with Exercise Price Revision Clause) by Third Party Allotment,/inbs/ek/140120260105528183.pdf,False,,english,Electric Appliances,,
2026-01-05 08:50:00,2026-01-05,80530,"SUMITOMO CORPORATION (SUMITOMO SHOJI KAISHA,LTD.)",Notice Regarding the Progress of Share Repurchases,/inbs/ek/140120260105528178.pdf,False,,english,Wholesale Trade,,
2026-01-05 08:45:00,2026-01-05,62680,Nabtesco Corporation,Progress Notice Concerning the Completion of Company Split of the Hydraulic Equipment Business and the Share Transfer to Comer Industries S.p.A.,/inbs/ek/140120260105528168.pdf,False,,english,Machinery,,
2026-01-05 08:45:00,2026-01-05,80020,Marubeni Corporation,Notice Regarding the Progress of Share Repurchases,/inbs/ek/140120260105528164.pdf,False,,english,Wholesale Trade,,
2026-01-05 08:45:00,2026-01-05,80310,"MITSUI & CO.,LTD.",Progress on Share Repurchase,/inbs/ek/140120251224525904.pdf,False,,english,Wholesale Trade,,
2026-01-05 08:30:00,2026-01-05,46840,"OBIC Co.,Ltd.",Notice Regarding Status of Share Repurchase,/inbs/ek/140120251226527645.pdf,False,,english,Information & Communication,,
2026-01-05 08:00:00,2026-01-05,25400,"YOMEISHU SEIZO CO.,LTD.",[Delayed](Progress of Disclosed Matters) Notice regarding Certain Media Report,/inbs/ek/140120251231528103.pdf,False,,english,Foods,,
