publish_datetime,publish_date,stock_code,company_name,title,pdf_url,has_xbrl,notes,language,sector,listed_exchange,xbrl_url
2026-01-05 19:00:00,2026-01-05,48130,ＡＣＣＥＳＳ,（開示事項の経過）ネットワーク事業における契約締結及び一部入金に関するお知らせ,https://www.release.tdnet.info/inbs/140120260105528993.pdf,False,,japanese,,東,
2026-01-05 17:30:00,2026-01-05,43750,Ｇ－セーフィー,ストック・オプション（新株予約権）の発行内容確定に関するお知らせ,https://www.release.tdnet.info/inbs/140120260105528940.pdf,False,,japanese,,東,
2026-01-05 17:30:00,2026-01-05,63800,オリチエン工業,第１回新株予約権の月間権利行使状況に関するお知らせ,https://www.release.tdnet.info/inbs/140120260105528954.pdf,False,,japanese,,東,
2026-01-05 17:30:00,2026-01-05,97600,進学会ＨＤ,連結子会社の保有する有価証券の評価損発生に関するお知らせ,https://www.release.tdnet.info/inbs/140120260105528860.pdf,False,,japanese,,東,
2026-01-05 17:10:00,2026-01-05,45820,Ｇ－シンバイオ製薬,第三者割当により発行された第58回新株予約権及び第65回新株予約権（行使価額修正条項付）の月間行使状況に関するお知らせ,https://www.release.tdnet.info/inbs/140120260105528950.pdf,False,,japanese,,東,
2026-01-05 17:10:00,2026-01-05,81050,ＢｉｔｃｏｉｎＪＰＮ,第三者割当により発行された行使価額修正条項付第１回新株予約権の大量行使に関するお知らせ,https://www.release.tdnet.info/inbs/140120260105528870.pdf,False,,japanese,,東,
2026-01-05 17:00:00,2026-01-05,34860,グローバルリンクＭ,自己株式の取得状況及び取得終了に関するお知らせ,https://www.release.tdnet.info/inbs/140120260105528844.pdf,False,,japanese,,東,
2026-01-05 17:00:00,2026-01-05,42220,児玉化,自己株式の取得状況に関するお知らせ,https://www.release.tdnet.info/inbs/140120260105528781.pdf,False,,japanese,,東,
2026-01-05 17:00:00,2026-01-05,42750,カーリット,自己株式の取得状況に関するお知らせ,https://www.release.tdnet.info/inbs/140120251225526537.pdf,False,,japanese,,東,
2026-01-05 17:00:00,2026-01-05,59810,東製綱,自己株式取得状況に関するお知らせ,https://www.release.tdnet.info/inbs/140120260105528924.pdf,False,,japanese,,東,
2026-01-05 17:00:00,2026-01-05,66190,ＷＳＣＯＰＥ,第三者割当てによる第10回及び第11回新株予約権（行使価額修正条項付）の月間行使状況に関するお知らせ,https://www.release.tdnet.info/inbs/140120260105528947.pdf,False,,japanese,,東,
2026-01-05 17:00:00,2026-01-05,70340,プロレドパートナーズ,ストックオプション（新株予約権）の発行内容確定に関するお知らせ,https://www.release.tdnet.info/inbs/140120260105528920.pdf,False,,japanese,,東,
2026-01-05 17:00:00,2026-01-05,70680,Ｇ－ＦフォースＧ,自己株式立会外買付取引（ToSTNeT-3）による自己株式の買付けに関するお知らせ,https://www.release.tdnet.info/inbs/140120260105528916.pdf,False,,japanese,,東,
2026-01-05 17:00:00,2026-01-05,70920,ＦＦＪ,（訂正）「ＭＢＯの実施及び応募の推奨に関するお知らせ」の一部訂正に関するお知らせ,https://www.release.tdnet.info/inbs/140120260105528200.pdf,False,,japanese,,東,
2026-01-05 17:00:00,2026-01-05,70920,ＦＦＪ,（訂正）株式会社JG35による「株式会社Fast Fitness Japan（7092）の株券等に対する公開買付けの開始に関するお知らせ」の一部訂正に関するお知らせ,https://www.release.tdnet.info/inbs/140120260105528235.pdf,False,,japanese,,東,
2026-01-05 17:00:00,2026-01-05,79510,ヤマハ,自己株式の取得状況に関するお知らせ,https://www.release.tdnet.info/inbs/140120251224525860.pdf,False,,japanese,,東,
2026-01-05 17:00:00,2026-01-05,83160,三井住友,自己株式の取得状況に関するお知らせ,https://www.release.tdnet.info/inbs/140120260105528458.pdf,False,,japanese,,東名,
2026-01-05 17:00:00,2026-01-05,86280,松井証,2025年12月の月間売買実績・取引口座数等（速報値）のお知らせ,https://www.release.tdnet.info/inbs/140120260105528748.pdf,False,,japanese,,東,
2026-01-05 17:00:00,2026-01-05,98890,ＪＢＣＣ　ＨＤ,自己株式の取得状況に関するお知らせ,https://www.release.tdnet.info/inbs/140120260105528357.pdf,False,,japanese,,東,
2026-01-05 16:30:00,2026-01-05,23380,クオンタムＳ,連結子会社におけるイーサリアム（ETH）の追加取得に関するお知らせ,https://www.release.tdnet.info/inbs/140120260105528507.pdf,False,,japanese,,東,
2026-01-05 16:30:00,2026-01-05,60580,ベクトル,株式の売出し並びに主要株主及び筆頭株主の異動に関するお知らせ,https://www.release.tdnet.info/inbs/140120260105528923.pdf,False,,japanese,,東,
2026-01-05 16:30:00,2026-01-05,77270,オーバル,自己株式の取得状況に関するお知らせ,https://www.release.tdnet.info/inbs/140120260105528530.pdf,False,,japanese,,東,
2026-01-05 16:30:00,2026-01-05,94170,スマートバリュー,自己株式取得状況に関するお知らせ,https://www.release.tdnet.info/inbs/140120260105528911.pdf,False,,japanese,,東,
2026-01-05 16:30:00,2026-01-05,98420,アークランズ,売上高前年同月比推移に関するお知らせ,https://www.release.tdnet.info/inbs/140120260105528907.pdf,False,,japanese,,東,
2026-01-05 16:15:00,2026-01-05,70570,エヌ・シー・エヌ,連結子会社の社名変更に関するお知らせ,https://www.release.tdnet.info/inbs/140120260105528913.pdf,False,,japanese,,東,
2026-01-05 16:00:00,2026-01-05,17110,ＳＤＳＨＤ,第９回新株予約権の行使状況（2025年12月31日時点）及び発行済株式総数並びに特別利益計上に関するお知らせ,https://www.release.tdnet.info/inbs/140120260105528862.pdf,False,,japanese,,東,
2026-01-05 16:00:00,2026-01-05,21930,ＣＯＯＫＰＡＤ,自己株式の取得状況に関するお知らせ,https://www.release.tdnet.info/inbs/140120251224525652.pdf,False,,japanese,,東,
2026-01-05 16:00:00,2026-01-05,23260,デジアーツ,自己株式の取得状況に関するお知らせ,https://www.release.tdnet.info/inbs/140120260105528792.pdf,False,,japanese,,東,
2026-01-05 16:00:00,2026-01-05,23380,クオンタムＳ,第三者割当による第13回新株予約権（行使価額修正条項付）の月間行使状況に関するお知らせ,https://www.release.tdnet.info/inbs/140120260105528371.pdf,False,,japanese,,東,
2026-01-05 16:00:00,2026-01-05,25850,ライフドリンクＣ,（開示事項の経過）固定資産の取得に関するお知らせ,https://www.release.tdnet.info/inbs/140120260105528355.pdf,False,,japanese,,東,
2026-01-05 16:00:00,2026-01-05,26680,タビオ,自己株式の取得状況に関するお知らせ,https://www.release.tdnet.info/inbs/140120260105528846.pdf,False,,japanese,,東,
2026-01-05 16:00:00,2026-01-05,31690,ミサワ,自己株式の取得状況に関するお知らせ,https://www.release.tdnet.info/inbs/140120260105528814.pdf,False,,japanese,,東,
2026-01-05 16:00:00,2026-01-05,33260,ランシステム,株主優待制度の変更に関するお知らせ,https://www.release.tdnet.info/inbs/140120260105528557.pdf,False,,japanese,,東,
2026-01-05 16:00:00,2026-01-05,36670,ｅｎｉｓｈ,第三者割当により発行された第20回新株予約権（行使価額修正条項付）の月間行使状況に関するお知らせ,https://www.release.tdnet.info/inbs/140120260105528623.pdf,False,,japanese,,東,
2026-01-05 16:00:00,2026-01-05,38400,ＰＡＴＨ,第三者割当により発行された第20回新株予約権（行使価額修正条項付）の月間行使状況に関するお知らせ,https://www.release.tdnet.info/inbs/140120260105528438.pdf,False,,japanese,,東,
2026-01-05 16:00:00,2026-01-05,39940,マネーフォワード,当社子会社によるアウトルックコンサルティング株式会社株券等に対する公開買付けに係る外国為替及び外国貿易法の届出における審査完了に関するお知らせ,https://www.release.tdnet.info/inbs/140120260105528605.pdf,False,,japanese,,東,
2026-01-05 16:00:00,2026-01-05,40460,大阪ソーダ,自己株式の取得状況に関するお知らせ,https://www.release.tdnet.info/inbs/140120260105528350.pdf,False,,japanese,,東,
2026-01-05 16:00:00,2026-01-05,42900,ＰＩ,自己株式の取得状況に関するお知らせ,https://www.release.tdnet.info/inbs/140120251226527753.pdf,False,,japanese,,東,
2026-01-05 16:00:00,2026-01-05,44440,Ｇ－インフォネット,自己株式の取得状況に関するお知らせ,https://www.release.tdnet.info/inbs/140120260105528358.pdf,False,,japanese,,東,
2026-01-05 16:00:00,2026-01-05,45260,理研ビタミン,自己株式の取得状況に関するお知らせ,https://www.release.tdnet.info/inbs/140120260105528160.pdf,False,,japanese,,東,
2026-01-05 16:00:00,2026-01-05,45630,Ｇ－アンジェス,行使価額修正条項付新株予約権の月間行使状況に関するお知らせ,https://www.release.tdnet.info/inbs/140120260105528294.pdf,False,,japanese,,東,
2026-01-05 16:00:00,2026-01-05,45840,Ｇ－キッズ・バイオ,第三者割当による第４回無担保転換社債型新株予約権付社債及び第23回新株予約権の月間行使状況に関するお知らせ,https://www.release.tdnet.info/inbs/140120260105528486.pdf,False,,japanese,,東,
2026-01-05 16:00:00,2026-01-05,46340,ａｒｔｉｅｎｃｅ,自己株式の取得状況に関するお知らせ,https://www.release.tdnet.info/inbs/140120251225526088.pdf,False,,japanese,,東,
2026-01-05 16:00:00,2026-01-05,48330,Ｇ－Ｄｅｆコンサル,第三者割当による第７回新株予約権（行使価額修正条項付）の月間行使状況に関するお知らせ,https://www.release.tdnet.info/inbs/140120260105528209.pdf,False,,japanese,,東,
2026-01-05 16:00:00,2026-01-05,49180,アイビー,第三者割当による第５回新株予約権（行使価額修正条項付）の月間行使状況に関するお知らせ,https://www.release.tdnet.info/inbs/140120260105528751.pdf,False,,japanese,,東,
2026-01-05 16:00:00,2026-01-05,49560,コニシ,（開示事項の経過）第三者割当による自己株式処分の払込完了に関するお知らせ,https://www.release.tdnet.info/inbs/140120260105528398.pdf,False,,japanese,,東,
2026-01-05 16:00:00,2026-01-05,50360,日本ビジネスシステム,自己株式の取得状況に関するお知らせ,https://www.release.tdnet.info/inbs/140120260105528270.pdf,False,,japanese,,東,
2026-01-05 16:00:00,2026-01-05,52540,Ｇ－Ａｒｅｎｔ,自己株式取得に係る事項の決定に関するお知らせ,https://www.release.tdnet.info/inbs/140120260105528475.pdf,False,,japanese,,東,
2026-01-05 16:00:00,2026-01-05,53410,ＡＳＡＨＩ　ＥＩＴＯ,第三者割当により発行された第12回新株予約権（行使価額修正条項付）の月間行使状況に関するお知らせ,https://www.release.tdnet.info/inbs/140120260105528723.pdf,False,,japanese,,東,
2026-01-05 16:00:00,2026-01-05,54440,大和工,自己株式の取得状況に関するお知らせ,https://www.release.tdnet.info/inbs/140120260105528694.pdf,False,,japanese,,東,
2026-01-05 16:00:00,2026-01-05,55890,オートサーバー,2025年12月期12月度 ASNET取引台数実績（速報値）,https://www.release.tdnet.info/inbs/140120260105528826.pdf,False,,japanese,,東名,
2026-01-05 16:00:00,2026-01-05,58710,ＳＯＬＩＺＥ　ＨＤ,当社連結子会社による子会社（孫会社）の設立と新たな事業の開始に関するお知らせ,https://www.release.tdnet.info/inbs/140120260105528784.pdf,False,,japanese,,東,
2026-01-05 16:00:00,2026-01-05,60880,シグマクシスＨＤ,自己株式の取得状況に関するお知らせ,https://www.release.tdnet.info/inbs/140120260105528308.pdf,False,,japanese,,東,
2026-01-05 16:00:00,2026-01-05,60910,ウエスコＨＤ,自己株式の取得状況に関するお知らせ,https://www.release.tdnet.info/inbs/140120251201513031.pdf,False,,japanese,,東,
2026-01-05 16:00:00,2026-01-05,61570,日進工具,自己株式の取得状況に関するお知らせ,https://www.release.tdnet.info/inbs/140120260105528856.pdf,False,,japanese,,東,
2026-01-05 16:00:00,2026-01-05,61950,Ｇ－ホープ,自己株式の取得状況に関するお知らせ,https://www.release.tdnet.info/inbs/140120260105528171.pdf,False,,japanese,,東福,
2026-01-05 16:00:00,2026-01-05,61980,Ｇ－キャリア,自己株式取得状況に関するお知らせ,https://www.release.tdnet.info/inbs/140120260105528713.pdf,False,,japanese,,東,
2026-01-05 16:00:00,2026-01-05,67310,ピクセラ,第19回新株予約権の行使期間満了（未行使）に関するお知らせ,https://www.release.tdnet.info/inbs/140120251230528088.pdf,False,,japanese,,東,
2026-01-05 16:00:00,2026-01-05,69290,日セラミック,自己株式の取得状況に関するお知らせ,https://www.release.tdnet.info/inbs/140120251225526895.pdf,False,,japanese,,東,
2026-01-05 16:00:00,2026-01-05,70820,Ｇ－ジモティー,自己株式の取得状況に関するお知らせ,https://www.release.tdnet.info/inbs/140120260105528526.pdf,False,,japanese,,東,
2026-01-05 16:00:00,2026-01-05,75020,プラザＨＤ,連結子会社間の会社分割（吸収分割）に関するお知らせ,https://www.release.tdnet.info/inbs/140120260105528614.pdf,False,,japanese,,東,
2026-01-05 16:00:00,2026-01-05,75780,ニチリョク,第３回新株予約権（行使価額修正条項付）の月間行使状況に関するお知らせ,https://www.release.tdnet.info/inbs/140120260105528368.pdf,False,,japanese,,東,
2026-01-05 16:00:00,2026-01-05,77760,Ｇ－セルシード,第25回新株予約権（行使価格修正条項付）の月間行使状況に関するお知らせ,https://www.release.tdnet.info/inbs/140120260105528651.pdf,False,,japanese,,東,
2026-01-05 16:00:00,2026-01-05,78370,アールシーコア,2027年３月期（来期）における特別利益の計上見込みに関するお知らせ,https://www.release.tdnet.info/inbs/140120260105528395.pdf,False,,japanese,,東,
2026-01-05 16:00:00,2026-01-05,79460,光陽社,自己株式の取得状況に関するお知らせ,https://www.release.tdnet.info/inbs/140120260105528437.pdf,False,,japanese,,東名,
2026-01-05 16:00:00,2026-01-05,80050,スクロール,自己株式の取得状況に関するお知らせ,https://www.release.tdnet.info/inbs/140120260105528753.pdf,False,,japanese,,東,
2026-01-05 16:00:00,2026-01-05,81740,日瓦斯,自己株式の取得状況（途中経過）に関するお知らせ,https://www.release.tdnet.info/inbs/140120260105528877.pdf,False,,japanese,,東,
2026-01-05 16:00:00,2026-01-05,82370,松屋,2025年12月売上速報,https://www.release.tdnet.info/inbs/140120260105528552.pdf,False,,japanese,,東,
2026-01-05 16:00:00,2026-01-05,83060,三菱ＵＦＪ,自己株式の取得状況に関するお知らせ,https://www.release.tdnet.info/inbs/140120260105528261.pdf,False,,japanese,,東名,
2026-01-05 16:00:00,2026-01-05,83080,りそなＨＤ,自己株式の取得状況に関するお知らせ,https://www.release.tdnet.info/inbs/140120260105528466.pdf,False,,japanese,,東,
2026-01-05 16:00:00,2026-01-05,83090,三井住友トラストＧ,自己株式の取得状況に関するお知らせ,https://www.release.tdnet.info/inbs/140120260105528510.pdf,False,,japanese,,東名,
2026-01-05 16:00:00,2026-01-05,84110,みずほ,自己株式の取得状況に関するお知らせ,https://www.release.tdnet.info/inbs/140120260105528472.pdf,False,,japanese,,東,
2026-01-05 16:00:00,2026-01-05,85080,Ｊトラスト,自己株式の取得状況に関するお知らせ,https://www.release.tdnet.info/inbs/140120260105528225.pdf,False,,japanese,,東,
2026-01-05 16:00:00,2026-01-05,87500,第一生命ＨＤ,自己株式の取得状況に関するお知らせ,https://www.release.tdnet.info/inbs/140120260105528362.pdf,False,,japanese,,東,
2026-01-05 16:00:00,2026-01-05,93190,中央倉庫,自己株式取得状況に関するお知らせ,https://www.release.tdnet.info/inbs/140120260105528635.pdf,False,,japanese,,東,
2026-01-05 16:00:00,2026-01-05,95020,中部電力,浜岡原子力発電所の新規制基準適合性審査における基準地震動策定に係る不適切事案について,https://www.release.tdnet.info/inbs/140120260105528888.pdf,False,,japanese,,東名,
2026-01-05 16:00:00,2026-01-05,95360,西部ガスＨＤ,自己株式の取得状況に関するお知らせ,https://www.release.tdnet.info/inbs/140120260105528302.pdf,False,,japanese,,東福,
2026-01-05 16:00:00,2026-01-05,95520,クオンツ総研ＨＤ,2025年９月期　決算短信〔ＩＦＲＳ〕(連結),https://www.release.tdnet.info/inbs/140120260105528710.pdf,True,,japanese,,東,https://www.release.tdnet.info/inbs/081220260105528710.zip
2026-01-05 16:00:00,2026-01-05,97650,オオバ,自己株式の取得状況に関するお知らせ,https://www.release.tdnet.info/inbs/140120251230528072.pdf,False,,japanese,,東,
2026-01-05 15:45:00,2026-01-05,48890,Ｇ－レナサイエンス,株式及び新株予約権発行プログラム設定契約に基づく第２回第三者割当による新株式及び新株予約権の払込完了のお知らせ,https://www.release.tdnet.info/inbs/140120260105528400.pdf,False,,japanese,,東,
2026-01-05 15:45:00,2026-01-05,78100,クロスフォー,第三者割当による第6回新株予約権及び第1回無担保転換社債型新株予約権付社債の発行に係る払込完了に関するお知らせ,https://www.release.tdnet.info/inbs/140120251226527716.pdf,False,,japanese,,東,
2026-01-05 15:40:00,2026-01-05,22820,日ハム,自己株式の取得状況に関するお知らせ,https://www.release.tdnet.info/inbs/140120260105528299.pdf,False,,japanese,,東,
2026-01-05 15:40:00,2026-01-05,31740,ハピネス＆Ｄ,第三者割当により発行された第13回新株予約権（行使価額修正条項付）の月間行使状況に関するお知らせ,https://www.release.tdnet.info/inbs/140120260105528714.pdf,False,,japanese,,東,
2026-01-05 15:40:00,2026-01-05,66760,ＢＵＦＦＡＬＯ,自己株式取得状況に関するお知らせ,https://www.release.tdnet.info/inbs/140120251225526588.pdf,False,,japanese,,東名,
2026-01-05 15:35:00,2026-01-05,37770,Ｇ－環境フレンドリー,非上場の親会社等の決算に関するお知らせ,https://www.release.tdnet.info/inbs/140120260105528531.pdf,False,,japanese,,東,
2026-01-05 15:30:00,2026-01-05,17240,シンクレイヤ,自己株式の取得状況に関するお知らせ,https://www.release.tdnet.info/inbs/140120260105528255.pdf,False,,japanese,,東,
2026-01-05 15:30:00,2026-01-05,21360,ヒップ,自己株式の取得状況に関するお知らせ,https://www.release.tdnet.info/inbs/140120251201512816.pdf,False,,japanese,,東,
2026-01-05 15:30:00,2026-01-05,21560,セーラー広告,自己株式を活用した第三者割当による第４回新株予約権（行使価額修正条項付）の月間行使状況に関するお知らせ,https://www.release.tdnet.info/inbs/140120260105528280.pdf,False,,japanese,,東,
2026-01-05 15:30:00,2026-01-05,23340,Ｇ－イオレ,第14回新株予約権（行使価額修正条項付）の月間行使状況に関するお知らせ,https://www.release.tdnet.info/inbs/140120260105528738.pdf,False,,japanese,,東,
2026-01-05 15:30:00,2026-01-05,23370,いちご,自己株式の取得状況のお知らせ,https://www.release.tdnet.info/inbs/140120260105528542.pdf,False,,japanese,,東,
2026-01-05 15:30:00,2026-01-05,23700,Ｇ－ＭＤＮＴ,第三者割当による第20回新株予約権（行使価額修正条項付）の月間行使状況に関するお知らせ,https://www.release.tdnet.info/inbs/140120260105528705.pdf,False,,japanese,,東,
2026-01-05 15:30:00,2026-01-05,24130,エムスリー,自己株式の取得状況に関するお知らせ (会社法第459条第1項の規定による定款の定めに基づく自己株式の取得),https://www.release.tdnet.info/inbs/140120260105528289.pdf,False,,japanese,,東,
2026-01-05 15:30:00,2026-01-05,24770,手間いらず,自己株式の取得状況に関するお知らせ,https://www.release.tdnet.info/inbs/140120260105528571.pdf,False,,japanese,,東,
2026-01-05 15:30:00,2026-01-05,25860,Ｇ－フルッタフルッタ,第三者割当による第1４回新株予約権（行使価額修正条項付）の月間行使状況に関するお知らせ,https://www.release.tdnet.info/inbs/140120260105528828.pdf,False,,japanese,,東,
2026-01-05 15:30:00,2026-01-05,26780,アスクル,2026年5月期12月度月次業績のお知らせ,https://www.release.tdnet.info/inbs/140120260105528540.pdf,False,,japanese,,東,
2026-01-05 15:30:00,2026-01-05,27890,カルラ,(第54期）　2025年12月の売上推移速報に関するお知らせ,https://www.release.tdnet.info/inbs/140120260105528167.pdf,False,,japanese,,東,
2026-01-05 15:30:00,2026-01-05,27890,カルラ,2026年２月期　第３四半期決算短信〔日本基準〕（連結）,https://www.release.tdnet.info/inbs/140120260105528174.pdf,True,,japanese,,東,https://www.release.tdnet.info/inbs/081220260105528174.zip
2026-01-05 15:30:00,2026-01-05,29270,ＡＦＣ－ＨＤ,第三者割当により発行された第６回新株予約権（行使価額修正条項付）の月間行使状況に関するお知らせ,https://www.release.tdnet.info/inbs/140120260105528330.pdf,False,,japanese,,東,
2026-01-05 15:30:00,2026-01-05,29700,ＧＬＣ　ＧＲＯＵＰ,持株会社体制への移行完了及び商号変更に関するお知らせ,https://www.release.tdnet.info/inbs/140120260105528442.pdf,False,,japanese,,東,
2026-01-05 15:30:00,2026-01-05,29830,Ｇ－アールプランナー,株式分割及び株式分割に伴う定款の一部変更に関するお知らせ,https://www.release.tdnet.info/inbs/140120251226527264.pdf,False,,japanese,,東名,
2026-01-05 15:30:00,2026-01-05,30500,ＤＣＭ,自己株式の取得状況に関するお知らせ,https://www.release.tdnet.info/inbs/140120260105528496.pdf,False,,japanese,,東,
2026-01-05 15:30:00,2026-01-05,31070,ダイワボＨＤ,自己株式の取得状況に関するお知らせ,https://www.release.tdnet.info/inbs/140120260105528556.pdf,False,,japanese,,東,
2026-01-05 15:30:00,2026-01-05,31670,ＴＯＫＡＩ　ＨＤ,自己株式の取得状況に関するお知らせ,https://www.release.tdnet.info/inbs/140120260105528690.pdf,False,,japanese,,東,
2026-01-05 15:30:00,2026-01-05,31860,ネクステージ,剰余金の配当（増配）に関するお知らせ,https://www.release.tdnet.info/inbs/140120251226527735.pdf,False,,japanese,,東名,
2026-01-05 15:30:00,2026-01-05,31860,ネクステージ,2025年11月期 決算短信〔日本基準〕(連結),https://www.release.tdnet.info/inbs/140120251224525934.pdf,True,,japanese,,東名,https://www.release.tdnet.info/inbs/081220251224525934.zip
2026-01-05 15:30:00,2026-01-05,32880,オープンハウスＧ,自己株式の取得状況に関するお知らせ,https://www.release.tdnet.info/inbs/140120260105528197.pdf,False,,japanese,,東,
2026-01-05 15:30:00,2026-01-05,33500,メタプラネット,第三者割当により発行された第20回乃至第22回新株予約権（行使価額修正条項付及び行使停止条項付）の月間行使状況に関するお知らせ,https://www.release.tdnet.info/inbs/140120260105528640.pdf,False,,japanese,,東,
2026-01-05 15:30:00,2026-01-05,33500,メタプラネット,自己株式の取得状況に関するお知らせ（会社法第１６５条第２項の規定による定款の定めに基づく自己株式の取得）,https://www.release.tdnet.info/inbs/140120260105528638.pdf,False,,japanese,,東,
2026-01-05 15:30:00,2026-01-05,33580,Ｔｒａｉｌｈｅａｄ,第５回新株予約権（行使価額修正条項付）の月間行使状況に関するお知らせ,https://www.release.tdnet.info/inbs/140120260105528733.pdf,False,,japanese,,東,
2026-01-05 15:30:00,2026-01-05,33820,７＆ｉＨＤ,自己株式の取得状況に関するお知らせ,https://www.release.tdnet.info/inbs/140120260105528449.pdf,False,,japanese,,東,
2026-01-05 15:30:00,2026-01-05,34510,Ｒ－トーセイ・リート,T’s garden越谷大袋におけるマスターリース契約の終了に関するお知らせ,https://www.release.tdnet.info/inbs/140120260105528429.pdf,False,,japanese,,東,
2026-01-05 15:30:00,2026-01-05,34660,Ｒ－ラサールロジ,自己投資口の取得状況に関するお知らせ,https://www.release.tdnet.info/inbs/140120260105528408.pdf,False,,japanese,,東,
2026-01-05 15:30:00,2026-01-05,35490,クスリのアオキＨＤ,2025年12月度 月次営業速報に関するお知らせ,https://www.release.tdnet.info/inbs/140120260105528529.pdf,False,,japanese,,東,
2026-01-05 15:30:00,2026-01-05,36240,Ｇ－アクセルＭ,第三者割当により発行された第31回新株予約権（行使価額修正条項付）の月間行使状況に関するお知らせ,https://www.release.tdnet.info/inbs/140120260105528525.pdf,False,,japanese,,東,
2026-01-05 15:30:00,2026-01-05,36590,ネクソン,自己株式の取得状況に関するお知らせ(会社法第165条第2項の規定による定款の定めに基づく自己株式の取得),https://www.release.tdnet.info/inbs/140120260105528506.pdf,False,,japanese,,東,
2026-01-05 15:30:00,2026-01-05,36720,オルトプラス,第三者割当により発行された第11回新株予約権（行使価額修正条項付）の月間行使状況に関するお知らせ,https://www.release.tdnet.info/inbs/140120260105528306.pdf,False,,japanese,,東,
2026-01-05 15:30:00,2026-01-05,36790,じげん,自己株式の取得状況に関するお知らせ,https://www.release.tdnet.info/inbs/140120260105528345.pdf,False,,japanese,,東,
2026-01-05 15:30:00,2026-01-05,37530,フライト,第三者割当による第10回新株予約権（行使価額修正条項付）の月間行使状況に関するお知らせ,https://www.release.tdnet.info/inbs/140120251202513701.pdf,False,,japanese,,東,
2026-01-05 15:30:00,2026-01-05,37580,アエリア,自己株式の取得状況に関するお知らせ,https://www.release.tdnet.info/inbs/140120260105528759.pdf,False,,japanese,,東,
2026-01-05 15:30:00,2026-01-05,39030,ｇｕｍｉ,第26回新株予約権（行使価額修正条項付）の月間行使状況に関するお知らせ,https://www.release.tdnet.info/inbs/140120260105528457.pdf,False,,japanese,,東,
2026-01-05 15:30:00,2026-01-05,39700,Ｇ－イノベーション,第三者割当による第８回及び第９回新株予約権（行使価額修正条項付）の月間行使状況に関するお知らせ,https://www.release.tdnet.info/inbs/140120260105528646.pdf,False,,japanese,,東,
2026-01-05 15:30:00,2026-01-05,40630,信越化,コミットメント型自己株式取得（FCSR）における事後調整完了のお知らせ,https://www.release.tdnet.info/inbs/140120260105528685.pdf,False,,japanese,,東名,
2026-01-05 15:30:00,2026-01-05,40820,稀元素,自己株式の取得状況に関するお知らせ,https://www.release.tdnet.info/inbs/140120251226527741.pdf,False,,japanese,,東,
2026-01-05 15:30:00,2026-01-05,40950,日パーカライ,自己株式の取得状況に関するお知らせ （会社法第165条第２項の規定による定款の定めに基づく自己株式の取得）,https://www.release.tdnet.info/inbs/140120260105528675.pdf,False,,japanese,,東,
2026-01-05 15:30:00,2026-01-05,41180,カネカ,自己株式の取得状況に関するお知らせ,https://www.release.tdnet.info/inbs/140120251225526164.pdf,False,,japanese,,東,
2026-01-05 15:30:00,2026-01-05,44390,東名,株式需給緩衝信託の設定に伴う当社株式の売却状況に関するお知らせ,https://www.release.tdnet.info/inbs/140120251226527777.pdf,False,,japanese,,東名,
2026-01-05 15:30:00,2026-01-05,44800,メドレー,自己株式の取得状況（途中経過）に関するお知らせ,https://www.release.tdnet.info/inbs/140120260105528626.pdf,False,,japanese,,東,
2026-01-05 15:30:00,2026-01-05,45640,Ｇ－ＯＴＳ,第三者割当による第38回新株予約権（行使価額修正条項付）の月間行使状況に関するお知らせ,https://www.release.tdnet.info/inbs/140120260105528732.pdf,False,,japanese,,東,
2026-01-05 15:30:00,2026-01-05,45690,杏林製薬,ニューキノロン系経口抗菌剤「ラスビック錠」の中東9か国における独占的販売契約締結のお知らせ,https://www.release.tdnet.info/inbs/140120251226527043.pdf,False,,japanese,,東,
2026-01-05 15:30:00,2026-01-05,45760,Ｇ－ＤＷＴＩ,第13回新株予約権（行使価額修正条項付）の月間行使状況に関するお知らせ,https://www.release.tdnet.info/inbs/140120260105528569.pdf,False,,japanese,,東,
2026-01-05 15:30:00,2026-01-05,45770,ダイト,自己株式の取得状況に関するお知らせ,https://www.release.tdnet.info/inbs/140120251226527318.pdf,False,,japanese,,東,
2026-01-05 15:30:00,2026-01-05,45830,Ｇ－カイオム,第23回新株予約権（行使価額修正条項付）の月間行使状況に関するお知らせ,https://www.release.tdnet.info/inbs/140120251226527614.pdf,False,,japanese,,東,
2026-01-05 15:30:00,2026-01-05,45940,Ｇ－ブライトパス,第三者割当による第20回新株予約権（行使価額修正条項付）の月間行使状況に関するお知らせ,https://www.release.tdnet.info/inbs/140120260105528407.pdf,False,,japanese,,東,
2026-01-05 15:30:00,2026-01-05,45970,Ｇ－ソレイジア,行使価額修正条項付第15回新株予約権の月間行使状況に関するお知らせ,https://www.release.tdnet.info/inbs/140120260105528434.pdf,False,,japanese,,東,
2026-01-05 15:30:00,2026-01-05,46760,フジＨＤ,自己株式の取得状況に関するお知らせ,https://www.release.tdnet.info/inbs/140120260105528672.pdf,False,,japanese,,東,
2026-01-05 15:30:00,2026-01-05,48490,エン,自己株式の取得状況に関するお知らせ,https://www.release.tdnet.info/inbs/140120260105528762.pdf,False,,japanese,,東,
2026-01-05 15:30:00,2026-01-05,48820,Ｇ－ペルセウス,第三者割当による第29回新株予約権（行使価額修正条項付）の発行に係る払込完了に関するお知らせ,https://www.release.tdnet.info/inbs/140120251226527177.pdf,False,,japanese,,東,
2026-01-05 15:30:00,2026-01-05,48910,Ｇ－ティムス,第10回新株予約権（行使価額修正条項付）の月間行使状況に関するお知らせ,https://www.release.tdnet.info/inbs/140120260105528365.pdf,False,,japanese,,東,
2026-01-05 15:30:00,2026-01-05,50270,Ｇ－ＡｎｙＭｉｎｄ,株式会社サン・スマイルの株式の取得（連結子会社化）完了に関するお知らせ,https://www.release.tdnet.info/inbs/140120260105528790.pdf,False,,japanese,,東,
2026-01-05 15:30:00,2026-01-05,50330,Ｇ－ヌーラボ,自己株式の取得状況に関するお知らせ,https://www.release.tdnet.info/inbs/140120251224525797.pdf,False,,japanese,,東,
2026-01-05 15:30:00,2026-01-05,52020,板硝子,A種種類株主によるA種種類株式の普通株式を対価とする取得請求権の行使に関するお知らせ,https://www.release.tdnet.info/inbs/140120260105528305.pdf,False,,japanese,,東,
2026-01-05 15:30:00,2026-01-05,52430,Ｇ－ｎｏｔｅ,ストックオプション（新株予約権）の発行内容確定に関するお知らせ,https://www.release.tdnet.info/inbs/140120260105528767.pdf,False,,japanese,,東,
2026-01-05 15:30:00,2026-01-05,52430,Ｇ－ｎｏｔｅ,有償ストック・オプション（新株予約権）の発行内容確定に関するお知らせ,https://www.release.tdnet.info/inbs/140120260105528769.pdf,False,,japanese,,東,
2026-01-05 15:30:00,2026-01-05,52800,ヨシコン,自己株式の市場買付けに関するお知らせ,https://www.release.tdnet.info/inbs/140120260105528258.pdf,False,,japanese,,東,
2026-01-05 15:30:00,2026-01-05,53340,日特殊陶,自己株式の取得状況に関するお知らせ（会社法第459条第１項の規定による定款の定めに基づく自己株式の取得）,https://www.release.tdnet.info/inbs/140120251226527532.pdf,False,,japanese,,東名,
2026-01-05 15:30:00,2026-01-05,53930,ニチアス,自己株式の取得状況に関するお知らせ,https://www.release.tdnet.info/inbs/140120260105528342.pdf,False,,japanese,,東,
2026-01-05 15:30:00,2026-01-05,57150,古河機金,自己株式の取得状況に関するお知らせ,https://www.release.tdnet.info/inbs/140120251224525662.pdf,False,,japanese,,東,
2026-01-05 15:30:00,2026-01-05,58310,しずおかＦＧ,自己株式の取得状況に関するお知らせ,https://www.release.tdnet.info/inbs/140120251230528046.pdf,False,,japanese,,東,
2026-01-05 15:30:00,2026-01-05,59110,横河ブＨＤ,自己株式の取得状況に関するお知らせ,https://www.release.tdnet.info/inbs/140120260105528173.pdf,False,,japanese,,東,
2026-01-05 15:30:00,2026-01-05,60310,Ｇ－ＺＥＴＡ,自己株式の取得状況及び取得終了に関するお知らせ,https://www.release.tdnet.info/inbs/140120251225526871.pdf,False,,japanese,,東,
2026-01-05 15:30:00,2026-01-05,60980,リクルートＨＤ,自己株式の取得状況について,https://www.release.tdnet.info/inbs/140120251222524015.pdf,False,,japanese,,東,
2026-01-05 15:30:00,2026-01-05,61970,ソラスト,自己株式の取得状況に関するお知らせ,https://www.release.tdnet.info/inbs/140120260105528336.pdf,False,,japanese,,東,
2026-01-05 15:30:00,2026-01-05,61990,セラク,自己株式の取得状況に関するお知らせ,https://www.release.tdnet.info/inbs/140120260105528254.pdf,False,,japanese,,東,
2026-01-05 15:30:00,2026-01-05,62980,ワイエイシイＨＤ,自己株式の取得状況に関するお知らせ,https://www.release.tdnet.info/inbs/140120251205515669.pdf,False,,japanese,,東,
2026-01-05 15:30:00,2026-01-05,65450,Ｇ－ＩＩＦ,自己株式の取得状況及び取得終了に関するお知らせ,https://www.release.tdnet.info/inbs/140120260105528673.pdf,False,,japanese,,東,
2026-01-05 15:30:00,2026-01-05,66590,メディアリンクス,第三者割当により発行された第18回新株予約権（行使価額修正条項付）の月間行使状況に関するお知らせ,https://www.release.tdnet.info/inbs/140120260105528514.pdf,False,,japanese,,東,
2026-01-05 15:30:00,2026-01-05,68440,新電元,（開示事項の経過） パワーデバイス事業新設会社の株式取得（子会社化）完了に関するお知らせ,https://www.release.tdnet.info/inbs/140120260105528494.pdf,False,,japanese,,東,
2026-01-05 15:30:00,2026-01-05,68490,日本光電,自己株式の取得状況に関するお知らせ,https://www.release.tdnet.info/inbs/140120260105528674.pdf,False,,japanese,,東,
2026-01-05 15:30:00,2026-01-05,68570,アドバンテス,自己株式の取得状況に関するお知らせ,https://www.release.tdnet.info/inbs/140120260105528570.pdf,False,,japanese,,東,
2026-01-05 15:30:00,2026-01-05,69180,アバール,自己株式の取得状況に関するお知らせ,https://www.release.tdnet.info/inbs/140120251223525139.pdf,False,,japanese,,東,
2026-01-05 15:30:00,2026-01-05,69230,スタンレー電,自己株式の取得状況に関するお知らせ,https://www.release.tdnet.info/inbs/140120251222524020.pdf,False,,japanese,,東,
2026-01-05 15:30:00,2026-01-05,69650,浜松ホトニク,自己株式の取得状況に関するお知らせ,https://www.release.tdnet.info/inbs/140120260105528286.pdf,False,,japanese,,東,
2026-01-05 15:30:00,2026-01-05,70440,ピアラ,（開示事項の経過）株式会社オニオンの株式取得（子会社化）の完了に関するお知らせ,https://www.release.tdnet.info/inbs/140120260105528742.pdf,False,,japanese,,東,
2026-01-05 15:30:00,2026-01-05,70470,Ｇ－ポート,自己株式の取得状況および取得終了に関するお知らせ,https://www.release.tdnet.info/inbs/140120260105528325.pdf,False,,japanese,,東福,
2026-01-05 15:30:00,2026-01-05,70830,Ｇ－ＡＨＣグループ,自己株式の取得状況に関するお知らせ,https://www.release.tdnet.info/inbs/140120260105528381.pdf,False,,japanese,,東,
2026-01-05 15:30:00,2026-01-05,70900,Ｇ－リグア,第三者割当増資による新株式発行に係る払込完了に関するお知らせ,https://www.release.tdnet.info/inbs/140120260105528394.pdf,False,,japanese,,東,
2026-01-05 15:30:00,2026-01-05,71340,アップガレージＧ,2026年３月期 12月度月次売上状況（速報）等について,https://www.release.tdnet.info/inbs/140120260105528317.pdf,False,,japanese,,東,
2026-01-05 15:30:00,2026-01-05,74800,スズデン,自己株式の消却完了に関するお知らせ,https://www.release.tdnet.info/inbs/140120260105528788.pdf,False,,japanese,,東,
2026-01-05 15:30:00,2026-01-05,74800,スズデン,２０２６年３月期１２月度売上高推移速報についてのお知らせ （個別）,https://www.release.tdnet.info/inbs/140120260105528791.pdf,False,,japanese,,東,
2026-01-05 15:30:00,2026-01-05,75640,ワークマン,2026年３月期　月次前年比速報に関するお知らせ,https://www.release.tdnet.info/inbs/140120260105528487.pdf,False,,japanese,,東,
2026-01-05 15:30:00,2026-01-05,76150,京都きもの友禅ＨＤ,第三者割当による第５回新株予約権（行使価額修正条項付）の月間行使状況に関するお知らせ,https://www.release.tdnet.info/inbs/140120260105528490.pdf,False,,japanese,,東,
2026-01-05 15:30:00,2026-01-05,76830,ダブルエー,2026年１月期12月度単体月次概況（速報）のお知らせ,https://www.release.tdnet.info/inbs/140120260105528707.pdf,False,,japanese,,東,
2026-01-05 15:30:00,2026-01-05,77160,ナカニシ,自己株式の取得状況および取得終了に関するお知らせ自己株式の取得状況に関するお知らせ,https://www.release.tdnet.info/inbs/140120251226527260.pdf,False,2026/01/06 15:39 表題変更,japanese,,東,
2026-01-05 15:30:00,2026-01-05,79110,ＴＯＰＰＡＮ　ＨＤ,自己株式の取得状況に関するお知らせ,https://www.release.tdnet.info/inbs/140120260105528456.pdf,False,,japanese,,東,
2026-01-05 15:30:00,2026-01-05,79120,大日印,自己株式の取得状況に関するお知らせ,https://www.release.tdnet.info/inbs/140120260105528185.pdf,False,,japanese,,東,
2026-01-05 15:30:00,2026-01-05,79320,ニッピ,自己株式の取得状況（途中経過）に関するお知らせ,https://www.release.tdnet.info/inbs/140120260105528684.pdf,False,,japanese,,東,
2026-01-05 15:30:00,2026-01-05,79570,フジコピアン,第三者割当による第２回新株予約権（行使価額修正条項付）の月間行使状況に関するお知らせ,https://www.release.tdnet.info/inbs/140120260105528404.pdf,False,,japanese,,東福,
2026-01-05 15:30:00,2026-01-05,79810,タカラスタン,自己株式の取得状況に関するお知らせ,https://www.release.tdnet.info/inbs/140120260105528340.pdf,False,,japanese,,東,
2026-01-05 15:30:00,2026-01-05,80560,ＢＩＰＲＯＧＹ,自己株式の取得状況に関するお知らせ,https://www.release.tdnet.info/inbs/140120251225526259.pdf,False,,japanese,,東,
2026-01-05 15:30:00,2026-01-05,81050,ＢｉｔｃｏｉｎＪＰＮ,第三者割当により発行された行使価額修正条項付第１回新株予約権の大量行使及び月間行使状況に関するお知らせ,https://www.release.tdnet.info/inbs/140120260105528861.pdf,False,,japanese,,東,
2026-01-05 15:30:00,2026-01-05,81790,ロイヤルＨＤ,執行役員選任のお知らせ,https://www.release.tdnet.info/inbs/140120260105528578.pdf,False,,japanese,,東福,
2026-01-05 15:30:00,2026-01-05,82180,コメリ,自己株式の取得状況に関するお知らせ,https://www.release.tdnet.info/inbs/140120260105528691.pdf,False,,japanese,,東,
2026-01-05 15:30:00,2026-01-05,82420,Ｈ２Ｏリテイル,自己株式の取得状況に関するお知らせ（会社法第459条第1項の規定による定款の定めに基づく自己株式の取得）,https://www.release.tdnet.info/inbs/140120260105528282.pdf,False,,japanese,,東,
2026-01-05 15:30:00,2026-01-05,82520,丸井Ｇ,自己株式の取得状況（途中経過）に関するお知らせ,https://www.release.tdnet.info/inbs/140120251227527792.pdf,False,,japanese,,東,
2026-01-05 15:30:00,2026-01-05,83580,スルガ銀,自己株式の取得状況に関するお知らせ,https://www.release.tdnet.info/inbs/140120260105528583.pdf,False,,japanese,,東,
2026-01-05 15:30:00,2026-01-05,84180,山口ＦＧ,自己株式の取得状況に関するお知らせ,https://www.release.tdnet.info/inbs/140120260105528768.pdf,False,,japanese,,東,
2026-01-05 15:30:00,2026-01-05,85180,アジア投資,2025年第２回新株予約権（行使価額修正条項付）の月間行使状況に関するお知らせ,https://www.release.tdnet.info/inbs/140120260105528549.pdf,False,,japanese,,東,
2026-01-05 15:30:00,2026-01-05,87370,あかつき本社,あかつき本社第55回無担保社債発行に関するお知らせ,https://www.release.tdnet.info/inbs/140120251218522263.pdf,False,,japanese,,東,
2026-01-05 15:30:00,2026-01-05,87420,小林洋行,自己株式の取得状況に関するお知らせ,https://www.release.tdnet.info/inbs/140120260105528196.pdf,False,,japanese,,東,
2026-01-05 15:30:00,2026-01-05,87690,ＡＲＭ,完全子会社の吸収合併（簡易合併・略式合併）完了に関するお知らせ,https://www.release.tdnet.info/inbs/140120251223525000.pdf,False,,japanese,,東,
2026-01-05 15:30:00,2026-01-05,87710,Ｅギャランティ,自己株式取得状況に関するお知らせ,https://www.release.tdnet.info/inbs/140120260105528551.pdf,False,,japanese,,東,
2026-01-05 15:30:00,2026-01-05,87950,Ｔ＆ＤＨＤ,自己株式の取得状況に関するお知らせ（会社法第459条第１項の規定による定款の定めに基づく自己株式の取得）,https://www.release.tdnet.info/inbs/140120251225526383.pdf,False,,japanese,,東,
2026-01-05 15:30:00,2026-01-05,88010,三井不,自己株式の取得状況に関するお知らせ,https://www.release.tdnet.info/inbs/140120251217521622.pdf,False,,japanese,,東,
2026-01-05 15:30:00,2026-01-05,89670,Ｒ－ニホンロジ,自己の投資口の取得状況及び取得終了並びに消却に関するお知らせ,https://www.release.tdnet.info/inbs/140120260105528443.pdf,False,,japanese,,東,
2026-01-05 15:30:00,2026-01-05,89840,Ｒ－ハウスリート,自己投資口の取得状況及び取得終了に関するお知らせ,https://www.release.tdnet.info/inbs/140120260105528480.pdf,False,,japanese,,東,
2026-01-05 15:30:00,2026-01-05,92010,ＪＡＬ,自己株式の取得状況に関するお知らせ （会社法第165条第2項の規定による定款の定めに基づく自己株式の取得）,https://www.release.tdnet.info/inbs/140120260105528824.pdf,False,,japanese,,東,
2026-01-05 15:30:00,2026-01-05,92140,Ｇ－リカバリー,自己株式の取得状況に関するお知らせ,https://www.release.tdnet.info/inbs/140120251224525915.pdf,False,,japanese,,東,
2026-01-05 15:30:00,2026-01-05,92530,Ｇ－スローガン,自己株式の取得状況に関するお知らせ,https://www.release.tdnet.info/inbs/140120260105528642.pdf,False,,japanese,,東,
2026-01-05 15:30:00,2026-01-05,92740,ＫＰＰグループＨＤ,自己株式の取得状況に関するお知らせ,https://www.release.tdnet.info/inbs/140120260105528652.pdf,False,,japanese,,東,
2026-01-05 15:30:00,2026-01-05,93320,ＮＩＳＳＯＨＤ,自己株式の取得状況に関するお知らせ,https://www.release.tdnet.info/inbs/140120251223524960.pdf,False,,japanese,,東,
2026-01-05 15:30:00,2026-01-05,93340,Ｐ－アイビスＨＤ,監査等委員会設置会社への移行、定款の一部変更及び会計監査人の選任に関するお知らせ,https://www.release.tdnet.info/inbs/140120260105528517.pdf,False,,japanese,,東福,
2026-01-05 15:30:00,2026-01-05,93990,ビート,ビットコインETFの月次報告に関するお知らせ,https://www.release.tdnet.info/inbs/140120260105528625.pdf,False,,japanese,,東,
2026-01-05 15:30:00,2026-01-05,93990,ビート,第三者割当による行使価額修正条項付新株予約権の月間行使状況に関するお知らせ,https://www.release.tdnet.info/inbs/140120260105528629.pdf,False,,japanese,,東,
2026-01-05 15:30:00,2026-01-05,94320,ＮＴＴ,自己株式の取得状況に関するお知らせ,https://www.release.tdnet.info/inbs/140120260105528701.pdf,False,,japanese,,東,
2026-01-05 15:30:00,2026-01-05,94350,光通信,自己株式の取得状況に関するお知らせ,https://www.release.tdnet.info/inbs/140120251229527900.pdf,False,,japanese,,東,
2026-01-05 15:30:00,2026-01-05,94360,沖縄セルラー,自己株式の取得状況に関するお知らせ,https://www.release.tdnet.info/inbs/140120260105528182.pdf,False,,japanese,,東,
2026-01-05 15:30:00,2026-01-05,96210,建設技研,自己株式の取得状況に関するお知らせ,https://www.release.tdnet.info/inbs/140120260105528656.pdf,False,,japanese,,東,
2026-01-05 15:30:00,2026-01-05,96780,カナモト,自己株式の取得状況（途中経過）に関するお知らせ,https://www.release.tdnet.info/inbs/140120260105528513.pdf,False,,japanese,,東札,
2026-01-05 15:30:00,2026-01-05,98310,ヤマダＨＤ,自己株式の取得状況に関するお知らせ,https://www.release.tdnet.info/inbs/140120260105528260.pdf,False,,japanese,,東,
2026-01-05 15:30:00,2026-01-05,98760,コックス,2026年２月期 12月度 月次売上高前年比速報のお知らせ,https://www.release.tdnet.info/inbs/140120260105528632.pdf,False,,japanese,,東,
2026-01-05 15:30:00,2026-01-05,98780,セキド,第三者割当により発行された第18回新株予約権（行使価額修正条項及び行使停止条項付）の月間行使状況に関するお知らせ,https://www.release.tdnet.info/inbs/140120260105528592.pdf,False,,japanese,,東,
2026-01-05 15:30:00,2026-01-05,98870,松屋フーズＨＤ,株式会社松富士の株式取得（子会社化）完了に関するお知らせ(開示事項の経過),https://www.release.tdnet.info/inbs/140120260105528386.pdf,False,,japanese,,東,
2026-01-05 15:30:00,2026-01-05,99480,アークス,自己株式の取得状況及び取得終了に関するお知らせ（会社法第１６５条第２項の規定による定款の定めに基づく自己株式の取得）,https://www.release.tdnet.info/inbs/140120260105528783.pdf,False,,japanese,,東札,
2026-01-05 15:30:00,2026-01-05,99900,サックスバーＨＤ,(株)東京デリカの月次売上情報等のお知らせ,https://www.release.tdnet.info/inbs/140120260105528739.pdf,False,,japanese,,東,
2026-01-05 15:15:00,2026-01-05,96120,ラックランド,長期売掛金に係る貸倒引当金繰入額（特別損失）の計上に関するお知らせ,https://www.release.tdnet.info/inbs/140120260105528806.pdf,False,,japanese,,東,
2026-01-05 15:00:00,2026-01-05,14200,サンヨーＨ,第３回新株予約権（行使価額修正条項付新株予約権）の月間行使状況に関するお知らせ,https://www.release.tdnet.info/inbs/140120260105528316.pdf,False,,japanese,,東,
2026-01-05 15:00:00,2026-01-05,31060,クラボウ,自己株式の取得状況に関するお知らせ,https://www.release.tdnet.info/inbs/140120251219523165.pdf,False,,japanese,,東,
2026-01-05 15:00:00,2026-01-05,70570,エヌ・シー・エヌ,自己株式を活用した第三者割当による第３回新株予約権（行使価額修正型新株予約権への転換権付）の月間行使状況に関するお知らせ,https://www.release.tdnet.info/inbs/140120260105528731.pdf,False,,japanese,,東,
2026-01-05 15:00:00,2026-01-05,74190,ノジマ,自己株式の取得状況に関するお知らせ,https://www.release.tdnet.info/inbs/140120260105528636.pdf,False,,japanese,,東,
2026-01-05 15:00:00,2026-01-05,79140,共同印,自己株式の取得状況に関するお知らせ,https://www.release.tdnet.info/inbs/140120260105528214.pdf,False,,japanese,,東,
2026-01-05 15:00:00,2026-01-05,99620,ミスミＧ,自己株式の取得状況に関するお知らせ,https://www.release.tdnet.info/inbs/140120251226527783.pdf,False,,japanese,,東,
2026-01-05 14:30:00,2026-01-05,79380,リーガル,自己株式の取得状況に関するお知らせ,https://www.release.tdnet.info/inbs/140120260105528725.pdf,False,,japanese,,東,
2026-01-05 14:30:00,2026-01-05,98780,セキド,主要株主である筆頭株主の異動に関するお知らせ,https://www.release.tdnet.info/inbs/140120260105528720.pdf,False,,japanese,,東,
2026-01-05 14:15:00,2026-01-05,49170,マンダム,（変更）カロンHDによる公開買付届出書の訂正届出書の提出に伴う「カロンHDによるマンダムの株券等に対する公開買付けの開始に関するお知らせ」の変更のお知らせ,https://www.release.tdnet.info/inbs/140120260105528227.pdf,False,,japanese,,東,
2026-01-05 14:00:00,2026-01-05,22640,森永乳,自己株式の取得状況に関するお知らせ,https://www.release.tdnet.info/inbs/140120260105528190.pdf,False,,japanese,,東,
2026-01-05 14:00:00,2026-01-05,23510,Ｇ－ＡＳＪ,自己株式の取得状況に関するお知らせ（会社法第459条第１項の規定による定款の定めに基づく自己株式の取得）,https://www.release.tdnet.info/inbs/140120260105528687.pdf,False,,japanese,,東,
2026-01-05 14:00:00,2026-01-05,33150,日本コークス,当社北九州事業所火災発生の件,https://www.release.tdnet.info/inbs/140120260105528527.pdf,False,,japanese,,東,
2026-01-05 14:00:00,2026-01-05,36340,ソケッツ,特別利益の計上に関するお知らせ,https://www.release.tdnet.info/inbs/140120251216520963.pdf,False,,japanese,,東,
2026-01-05 14:00:00,2026-01-05,64630,ＴＰＲ,自己株式の取得状況に関するお知らせ,https://www.release.tdnet.info/inbs/140120260105528622.pdf,False,,japanese,,東,
2026-01-05 14:00:00,2026-01-05,65230,ＰＨＣＨＤ,（開示事項の経過）連結子会社の事業譲渡に関するお知らせ,https://www.release.tdnet.info/inbs/140120260105528388.pdf,False,,japanese,,東,
2026-01-05 14:00:00,2026-01-05,80580,三菱商事,自己株式の取得状況に関するお知らせ,https://www.release.tdnet.info/inbs/140120251224525396.pdf,False,,japanese,,東,
2026-01-05 14:00:00,2026-01-05,85110,日証金,貸借取引貸付金・貸付有価証券等の平均残高のお知らせ,https://www.release.tdnet.info/inbs/140120260105528598.pdf,False,,japanese,,東,
2026-01-05 14:00:00,2026-01-05,93510,東洋埠頭,自己株式の取得状況に関するお知らせ,https://www.release.tdnet.info/inbs/140120251223524569.pdf,False,,japanese,,東,
2026-01-05 14:00:00,2026-01-05,95310,東瓦斯,自己株式の取得状況に関するお知らせ,https://www.release.tdnet.info/inbs/140120260105528436.pdf,False,,japanese,,東名,
2026-01-05 14:00:00,2026-01-05,98240,泉州電業,自己株式取得状況に関するお知らせ,https://www.release.tdnet.info/inbs/140120260105528245.pdf,False,,japanese,,東,
2026-01-05 13:00:00,2026-01-05,19510,エクシオグループ,自己株式の取得状況に関するお知らせ,https://www.release.tdnet.info/inbs/140120251225526946.pdf,False,,japanese,,東,
2026-01-05 13:00:00,2026-01-05,39480,光ビジネス,自己株式の取得状況に関するお知らせ,https://www.release.tdnet.info/inbs/140120260105528473.pdf,False,,japanese,,東,
2026-01-05 13:00:00,2026-01-05,58510,リョービ,自己株式の取得状況及び取得終了に関するお知らせ,https://www.release.tdnet.info/inbs/140120260105528216.pdf,False,,japanese,,東,
2026-01-05 13:00:00,2026-01-05,67680,タムラ製,体質改善に向けた転身支援制度特別措置の実施に関するお知らせ,https://www.release.tdnet.info/inbs/140120260105528581.pdf,False,,japanese,,東,
2026-01-05 13:00:00,2026-01-05,80780,阪和興,自己株式の取得状況に関するお知らせ,https://www.release.tdnet.info/inbs/140120251225526076.pdf,False,,japanese,,東,
2026-01-05 13:00:00,2026-01-05,83810,山陰合銀,自己株式の取得状況に関するお知らせ,https://www.release.tdnet.info/inbs/140120260105528482.pdf,False,,japanese,,東,
2026-01-05 13:00:00,2026-01-05,92470,ＴＲＥＨＤ,自己株式の取得状況に関するお知らせ（会社法第165条第２項の規定による定款の定めに基づく自己株式の取得）,https://www.release.tdnet.info/inbs/140120260105528276.pdf,False,,japanese,,東,
2026-01-05 12:30:00,2026-01-05,50350,Ｇ－ＨＯＵＳＥＩ,自己株式の取得状況に関するお知らせ,https://www.release.tdnet.info/inbs/140120260105528516.pdf,False,,japanese,,東,
2026-01-05 12:30:00,2026-01-05,51220,オカモト,自己株式取得状況（途中経過）に関するお知らせ,https://www.release.tdnet.info/inbs/140120260105528532.pdf,False,,japanese,,東,
2026-01-05 12:30:00,2026-01-05,65920,マブチモーター,自己株式の取得状況に関するお知らせ,https://www.release.tdnet.info/inbs/140120251226527737.pdf,False,,japanese,,東,
2026-01-05 12:15:00,2026-01-05,48830,Ｇ－モダリス,第三者割当により発行された第17回新株予約権（行使価額修正条項付）の月間行使状況に関するお知らせ,https://www.release.tdnet.info/inbs/140120260105528424.pdf,False,,japanese,,東,
2026-01-05 12:00:00,2026-01-05,35570,Ｇ－Ｕ＆Ｃ,2025年12月度　月次報告,https://www.release.tdnet.info/inbs/140120260105528491.pdf,False,,japanese,,東,
2026-01-05 12:00:00,2026-01-05,45680,第一三共,自己株式の取得状況に関するお知らせ,https://www.release.tdnet.info/inbs/140120260105528264.pdf,False,,japanese,,東,
2026-01-05 12:00:00,2026-01-05,45790,Ｇ－ラクオリア創薬,完全子会社の吸収合併完了に関するお知らせ,https://www.release.tdnet.info/inbs/140120251226527017.pdf,False,,japanese,,東,
2026-01-05 12:00:00,2026-01-05,49360,アクシージア,新任執行役員の選任並びに取締役の管掌変更及び執行役員の業務委嘱事項に関するお知らせ,https://www.release.tdnet.info/inbs/140120251209516765.pdf,False,,japanese,,東,
2026-01-05 12:00:00,2026-01-05,60290,アトラＧ,第三者割当による第６回新株予約権の払込完了に関するお知らせ,https://www.release.tdnet.info/inbs/140120251226527537.pdf,False,,japanese,,東,
2026-01-05 12:00:00,2026-01-05,89270,明豊エンター,2025年12月月次仕入及び販売に関するお知らせ,https://www.release.tdnet.info/inbs/140120260105528417.pdf,False,,japanese,,東,
2026-01-05 12:00:00,2026-01-05,89560,Ｒ－ＮＴＴ都市開発Ｒ,自己投資口の取得状況に関するお知らせ,https://www.release.tdnet.info/inbs/140120260105528379.pdf,False,,japanese,,東,
2026-01-05 12:00:00,2026-01-05,91010,郵船,自己株式の取得状況に関するお知らせ（会社法第459条第１項の規定による定款の定めに基づく自己株式の取得）,https://www.release.tdnet.info/inbs/140120260104528146.pdf,False,,japanese,,東,
2026-01-05 11:55:00,2026-01-05,13264,Ｅ－ワールド,SPDRゴールド・シェアに関する日々の開示事項,https://www.release.tdnet.info/inbs/140120260105528471.pdf,False,,japanese,,東,
2026-01-05 11:50:00,2026-01-05,13494,Ｅ－ＳＳＧＡ－ＳＩＮ,アジア国債・公債ＥＴＦ（正式名称：ＡＢＦ汎アジア債券インデックス・ファンド）に関する日々の開示事項,https://www.release.tdnet.info/inbs/140120260105528467.pdf,False,,japanese,,東,
2026-01-05 11:45:00,2026-01-05,15574,Ｅ－ＳＳＧＡＴＣ,SPDR S&P500 ETFに関する日々の開示事項,https://www.release.tdnet.info/inbs/140120260105528481.pdf,False,,japanese,,東,
2026-01-05 11:30:00,2026-01-05,20704,Ｎ－三菱ＵＦＪ証ＨＤ,上場ETN（発行者：三菱UFJ証券ホールディングス株式会社）に関する日々の開示事項,https://www.release.tdnet.info/inbs/140120260105528344.pdf,False,,japanese,,東,
2026-01-05 11:30:00,2026-01-05,23950,新日科学,(開示事項の経過) Satsuma社「Atzumi」のパートナリング交渉に関する進捗状況のお知らせ,https://www.release.tdnet.info/inbs/140120260105528313.pdf,False,,japanese,,東,
2026-01-05 11:30:00,2026-01-05,59290,三和ＨＤ,自己株式の取得状況に関するお知らせ,https://www.release.tdnet.info/inbs/140120251225526638.pdf,False,,japanese,,東,
2026-01-05 11:30:00,2026-01-05,65170,デンヨー,自己株式の取得状況に関するお知らせ,https://www.release.tdnet.info/inbs/140120260105528246.pdf,False,,japanese,,東,
2026-01-05 11:30:00,2026-01-05,82440,近鉄百貨店,株式需給緩衝信託の設定に伴う当社株式の売却状況に関するお知らせ,https://www.release.tdnet.info/inbs/140120251222524001.pdf,False,,japanese,,東,
2026-01-05 11:30:00,2026-01-05,84730,ＳＢＩ,自己株式の取得状況に関するお知らせ（会社法第１６５条第２項の規定による定款の定めに基づく自己株式の取得）,https://www.release.tdnet.info/inbs/140120260105528459.pdf,False,,japanese,,東,
2026-01-05 11:30:00,2026-01-05,87050,日産証券グループ,自己株式の取得状況（途中経過）に関するお知らせ,https://www.release.tdnet.info/inbs/140120251224525737.pdf,False,,japanese,,東,
2026-01-05 11:30:00,2026-01-05,99340,因幡電産,自己株式の取得状況に関するお知らせ,https://www.release.tdnet.info/inbs/140120260105528189.pdf,False,,japanese,,東,
2026-01-05 11:00:00,2026-01-05,33290,東和フード,2025年12月度売上高速報（前期対比）,https://www.release.tdnet.info/inbs/140120260105528412.pdf,False,,japanese,,東,
2026-01-05 11:00:00,2026-01-05,43170,レイ,自己株式の取得状況に関するお知らせ,https://www.release.tdnet.info/inbs/140120260105528310.pdf,False,,japanese,,東,
2026-01-05 11:00:00,2026-01-05,80120,長瀬産,自己株式の取得状況に関するお知らせ,https://www.release.tdnet.info/inbs/140120251225526838.pdf,False,,japanese,,東,
2026-01-05 11:00:00,2026-01-05,82550,アクシアル,１２月度月次業績推移（前年比）,https://www.release.tdnet.info/inbs/140120260105528281.pdf,False,,japanese,,東,
2026-01-05 11:00:00,2026-01-05,90510,センコン物流,自己株式の取得状況及び取得終了に関するお知らせ,https://www.release.tdnet.info/inbs/140120260105528244.pdf,False,,japanese,,東,
2026-01-05 11:00:00,2026-01-05,99870,スズケン,自己株式の取得状況に関するお知らせ,https://www.release.tdnet.info/inbs/140120251229527820.pdf,False,,japanese,,東名札,
2026-01-05 10:45:00,2026-01-05,48840,Ｇ－クリングル,第三者割当により発行された第16回新株予約権（行使価額修正条項付）の月間行使状況に関するお知らせ,https://www.release.tdnet.info/inbs/140120260105528401.pdf,False,,japanese,,東,
2026-01-05 10:30:00,2026-01-05,15624,Ｅ－三井住友ＤＳＡＭ,上場ＥＴＦ（管理会社：三井住友DSアセットマネジメント）に関する日々の開示事項,https://www.release.tdnet.info/inbs/140120260105528315.pdf,False,,japanese,,東,
2026-01-05 10:30:00,2026-01-05,22410,ＭＸＳダウ,ＭＡＸＩＳ ＮＹダウ上場投信 決算短信（2025年11月期）,https://www.release.tdnet.info/inbs/140120260105528331.pdf,False,,japanese,,東,
2026-01-05 10:30:00,2026-01-05,22420,ＭＸＳダウヘ有,ＭＡＸＩＳ ＮＹダウ上場投信（為替ヘッジあり） 決算短信（2025年11月期）,https://www.release.tdnet.info/inbs/140120260105528337.pdf,False,,japanese,,東,
2026-01-05 10:30:00,2026-01-05,33170,フライングＧ,2026年３月期12月度　月次業績のお知らせ,https://www.release.tdnet.info/inbs/140120260104528130.pdf,False,,japanese,,東,
2026-01-05 10:15:00,2026-01-05,64570,グローリー,自己株式の取得状況に関するお知らせ,https://www.release.tdnet.info/inbs/140120260105528266.pdf,False,,japanese,,東,
2026-01-05 10:10:00,2026-01-05,76430,ダイイチ,2026年９月期12月度の売上高前年比に関するお知らせ,https://www.release.tdnet.info/inbs/140120260105528272.pdf,False,,japanese,,東札,
2026-01-05 10:00:00,2026-01-05,13294,Ｅ－ブラックロック,上場ETF（管理会社：ブラックロック・ジャパン）に関する日々の開示事項,https://www.release.tdnet.info/inbs/140120260105528240.pdf,False,,japanese,,東,
2026-01-05 10:00:00,2026-01-05,16714,Ｅ－シンプレクス,上場ＥＴＦ(管理会社：シンプレクス・アセット・マネジメント)に関する日々の開示事項,https://www.release.tdnet.info/inbs/140120260105528195.pdf,False,,japanese,,東,
2026-01-05 10:00:00,2026-01-05,20530,中部飼料,自己株式の取得状況に関するお知らせ,https://www.release.tdnet.info/inbs/140120260105528204.pdf,False,,japanese,,東名,
2026-01-05 10:00:00,2026-01-05,35800,小松マテーレ,自己株式の取得状況に関するお知らせ,https://www.release.tdnet.info/inbs/140120251219523130.pdf,False,,japanese,,東,
2026-01-05 10:00:00,2026-01-05,39510,朝日印刷,自己株式の取得状況に関するお知らせ,https://www.release.tdnet.info/inbs/140120260105528248.pdf,False,,japanese,,東,
2026-01-05 10:00:00,2026-01-05,40410,日曹達,自己株式の取得状況に関するお知らせ,https://www.release.tdnet.info/inbs/140120251225526100.pdf,False,,japanese,,東,
2026-01-05 10:00:00,2026-01-05,79880,ニフコ,自己株式の取得状況に関するお知らせ（会社法第165条第２項の規定による定款の定めに基づく自己株式の取得）,https://www.release.tdnet.info/inbs/140120260105528224.pdf,False,,japanese,,東,
2026-01-05 10:00:00,2026-01-05,83590,八十二長野銀行,合併完了のお知らせ,https://www.release.tdnet.info/inbs/140120260105528188.pdf,False,,japanese,,東,
2026-01-05 10:00:00,2026-01-05,93640,上組,自己株式の取得状況に関するお知らせ,https://www.release.tdnet.info/inbs/140120251226527676.pdf,False,,japanese,,東,
2026-01-05 10:00:00,2026-01-05,97590,ＮＳＤ,自己株式の取得状況に関するお知らせ,https://www.release.tdnet.info/inbs/140120260105528207.pdf,False,,japanese,,東,
2026-01-05 10:00:00,2026-01-05,97990,旭情報,自己株式の取得状況に関するお知らせ,https://www.release.tdnet.info/inbs/140120251224525921.pdf,False,,japanese,,東,
2026-01-05 09:40:00,2026-01-05,14890,ＮＦ日経高配当５０,ETFの収益分配金見込額のお知らせ,https://www.release.tdnet.info/inbs/140120260105528229.pdf,False,,japanese,,東,
2026-01-05 09:40:00,2026-01-05,15770,ＮＦ日本高配当７０,ETFの収益分配金見込額のお知らせ,https://www.release.tdnet.info/inbs/140120260105528230.pdf,False,,japanese,,東,
2026-01-05 09:40:00,2026-01-05,20830,日本成長株アクティブ,ETFの収益分配金見込額のお知らせ,https://www.release.tdnet.info/inbs/140120260105528231.pdf,False,,japanese,,東,
2026-01-05 09:40:00,2026-01-05,20840,日本高配当アクティブ,ETFの収益分配金見込額のお知らせ,https://www.release.tdnet.info/inbs/140120260105528232.pdf,False,,japanese,,東,
2026-01-05 09:40:00,2026-01-05,25290,ＮＦ株主還元７０,ETFの収益分配金見込額のお知らせ,https://www.release.tdnet.info/inbs/140120260105528233.pdf,False,,japanese,,東,
2026-01-05 09:30:00,2026-01-05,31090,シキボウ,（開示事項の経過）事業譲受等の完了に関するお知らせ,https://www.release.tdnet.info/inbs/140120260105528184.pdf,False,,japanese,,東,
2026-01-05 09:30:00,2026-01-05,34360,ＳＵＭＣＯ,代表取締役等の異動に関するお知らせ,https://www.release.tdnet.info/inbs/140120251226527442.pdf,False,,japanese,,東,
2026-01-05 09:30:00,2026-01-05,54630,丸一鋼管,自己株式の取得状況に関するお知らせ,https://www.release.tdnet.info/inbs/140120251225526336.pdf,False,,japanese,,東,
2026-01-05 09:00:00,2026-01-05,27530,あみやき,2026年3月期第3四半期決算短信〔日本基準〕（連結）,https://www.release.tdnet.info/inbs/140120251226527496.pdf,True,,japanese,,東名,https://www.release.tdnet.info/inbs/081220251226527496.zip
2026-01-05 09:00:00,2026-01-05,49970,日農薬,当社連結子会社に対する訴訟の和解に関するお知らせ,https://www.release.tdnet.info/inbs/140120260101528106.pdf,False,,japanese,,東,
2026-01-05 08:50:00,2026-01-05,13054,Ｅ－ダイワＥＴＦ,iFreeETFの収益分配金見込額のお知らせ,https://www.release.tdnet.info/inbs/140120260105528169.pdf,False,,japanese,,東,
2026-01-05 08:50:00,2026-01-05,66990,ダイヤＨＤ,第三者割当により発行された第８回新株予約権（行使価額修正条項付）の月間行使状況に関するお知らせ,https://www.release.tdnet.info/inbs/140120251229527937.pdf,False,,japanese,,東,
2026-01-05 08:50:00,2026-01-05,80530,住友商,自己株式の取得状況に関するお知らせ,https://www.release.tdnet.info/inbs/140120260105528176.pdf,False,,japanese,,東,
2026-01-05 08:45:00,2026-01-05,62680,ナブテスコ,（開示事項の経過）油圧機器事業の会社分割（簡易吸収分割）ならびにComer Industries S.p.A.への株式譲渡完了に関するお知らせ,https://www.release.tdnet.info/inbs/140120260105528132.pdf,False,,japanese,,東,
2026-01-05 08:45:00,2026-01-05,80020,丸紅,自己株式の取得状況に関するお知らせ,https://www.release.tdnet.info/inbs/140120260105528162.pdf,False,,japanese,,東,
2026-01-05 08:45:00,2026-01-05,80310,三井物産,自己株式の取得状況（途中経過）,https://www.release.tdnet.info/inbs/140120251224525902.pdf,False,,japanese,,東名札福,
2026-01-05 08:30:00,2026-01-05,16724,Ｅ－ＷｉｓｄｏｍＴｒ,上場ETF（管理会社：WisdomTree、外国投資法人：MSL）に関する日々の開示事項,https://www.release.tdnet.info/inbs/140120260105528137.pdf,False,,japanese,,東,
2026-01-05 08:30:00,2026-01-05,16724,Ｅ－ＷｉｓｄｏｍＴｒ,上場ETF（管理会社：WisdomTree、外国投資法人：CSL）に関する日々の開示事項,https://www.release.tdnet.info/inbs/140120260105528138.pdf,False,,japanese,,東,
2026-01-05 08:30:00,2026-01-05,46840,オービック,自己株式の取得状況に関するお知らせ,https://www.release.tdnet.info/inbs/140120251226527641.pdf,False,,japanese,,東,
2026-01-06 23:00:00,2026-01-06,45300,久光薬,タイヨー興産株式会社による久光製薬株式会社（証券コード：4530）の株券等に対する公開買付けの開始に関するお知らせ,https://www.release.tdnet.info/inbs/140120260105528868.pdf,False,,japanese,,東名福,
2026-01-06 23:00:00,2026-01-06,45300,久光薬,ＭＢＯの実施及び応募の推奨に関するお知らせ,https://www.release.tdnet.info/inbs/140120260105528866.pdf,False,,japanese,,東名福,
2026-01-06 23:00:00,2026-01-06,45300,久光薬,2026年２月期業績予想の取り下げに関するお知らせ,https://www.release.tdnet.info/inbs/140120260105528863.pdf,False,,japanese,,東名福,
2026-01-06 23:00:00,2026-01-06,45300,久光薬,2026年２月期配当予想の修正（無配）に関するお知らせ,https://www.release.tdnet.info/inbs/140120260105528865.pdf,False,,japanese,,東名福,
2026-01-06 23:00:00,2026-01-06,45300,久光薬,2026年２月期　第３四半期決算短信〔日本基準〕（連結）,https://www.release.tdnet.info/inbs/140120260105528236.pdf,True,,japanese,,東名福,https://www.release.tdnet.info/inbs/081220260105528236.zip
2026-01-06 17:30:00,2026-01-06,30450,カワサキ,支配株主等に関する事項について,https://www.release.tdnet.info/inbs/140120260106529653.pdf,False,,japanese,,東,
2026-01-06 17:30:00,2026-01-06,35930,ホギメディ,（訂正）「TCG2509 株式会社による株式会社ホギメディカル株式（3593）の普通株式に対する公開買付けの開始に関するお知らせ」の訂正に関するお知らせ,https://www.release.tdnet.info/inbs/140120260106529535.pdf,False,,japanese,,東,
2026-01-06 17:30:00,2026-01-06,35930,ホギメディ,（訂正）「TCG2509 株式会社による当社株式に対する公開買付けに関する賛同の意見表明及び応募推奨のお知らせ」の訂正に関するお知らせ,https://www.release.tdnet.info/inbs/140120260106529530.pdf,False,,japanese,,東,
2026-01-06 17:00:00,2026-01-06,43970,Ｇ－チームスピリット,当社取締役に対する譲渡制限付株式としての新株式発行の払込完了に関するお知らせ,https://www.release.tdnet.info/inbs/140120260106529595.pdf,False,,japanese,,東,
2026-01-06 17:00:00,2026-01-06,43970,Ｇ－チームスピリット,ストック・オプション（新株予約権）の発行内容確定に関するお知らせ,https://www.release.tdnet.info/inbs/140120260106529593.pdf,False,,japanese,,東,
2026-01-06 17:00:00,2026-01-06,81050,ＢｉｔｃｏｉｎＪＰＮ,第三者割当により発行された行使価額修正条項付第１回新株予約権の大量行使に関するお知らせ,https://www.release.tdnet.info/inbs/140120260106529622.pdf,False,,japanese,,東,
2026-01-06 17:00:00,2026-01-06,96440,タナベコンサルＧ,自己株式の取得状況に関するお知らせ,https://www.release.tdnet.info/inbs/140120260106529472.pdf,False,,japanese,,東,
2026-01-06 16:30:00,2026-01-06,45710,Ｇ－ＮＡＮＯ,第22回新株予約権（行使価額修正条項付）の月間行使状況に関するお知らせ,https://www.release.tdnet.info/inbs/140120260106529589.pdf,False,,japanese,,東,
2026-01-06 16:30:00,2026-01-06,87290,ソニーＦＧ,自己株式の取得状況に関するお知らせ,https://www.release.tdnet.info/inbs/140120260106529592.pdf,False,,japanese,,東,
2026-01-06 16:15:00,2026-01-06,29720,Ｒ－サンケイＲＥ,Tiger LPS及びLion LPSによるサンケイリアルエステート投資法人（証券コード：2972）投資口に対する公開買付けの開始に関するお知らせ,https://www.release.tdnet.info/inbs/140120260106529380.pdf,False,,japanese,,東,
2026-01-06 16:15:00,2026-01-06,29720,Ｒ－サンケイＲＥ,Tiger LPS及びLion LPSによるサンケイリアルエステート投資法人（証券コード：2972）投資口に対する公開買付けに関する賛同の意見表明及び応募推奨のお知らせ,https://www.release.tdnet.info/inbs/140120260106529384.pdf,False,,japanese,,東,
2026-01-06 16:15:00,2026-01-06,29720,Ｒ－サンケイＲＥ,投資主優待制度の廃止に関するお知らせ,https://www.release.tdnet.info/inbs/140120260106529496.pdf,False,,japanese,,東,
2026-01-06 16:15:00,2026-01-06,70680,Ｇ－ＦフォースＧ,（訂正）「自己株式立会外買付取引（ToSTNeT-3）による自己株式の取得結果及び取得終了に関するお知らせ」の一部訂正について,https://www.release.tdnet.info/inbs/140120260106529591.pdf,False,,japanese,,東,
2026-01-06 16:00:00,2026-01-06,18880,若築建,コミットメントライン契約に基づく借入の実施について,https://www.release.tdnet.info/inbs/140120260106529501.pdf,False,,japanese,,東,
2026-01-06 16:00:00,2026-01-06,20010,ニップン,自己株式の取得状況に関するお知らせ,https://www.release.tdnet.info/inbs/140120260106529186.pdf,False,,japanese,,東,
2026-01-06 16:00:00,2026-01-06,21460,ＵＴグループ,自己株式の取得状況に関するお知らせ,https://www.release.tdnet.info/inbs/140120260106529439.pdf,False,,japanese,,東,
2026-01-06 16:00:00,2026-01-06,22700,雪印メグ,自己株式の取得状況に関するお知らせ （会社法第 165 条第２項の規定による定款の定めに基づく自己株式の取得）,https://www.release.tdnet.info/inbs/140120260106529135.pdf,False,,japanese,,東札,
2026-01-06 16:00:00,2026-01-06,24590,アウン,営業外収益及び営業外費用の計上に関するお知らせ,https://www.release.tdnet.info/inbs/140120260106529234.pdf,False,,japanese,,東,
2026-01-06 16:00:00,2026-01-06,31890,ＡＮＡＰ,第三者割当により発行された第８回新株予約権（行使価額修正条項付）の月間行使状況に関するお知らせ,https://www.release.tdnet.info/inbs/140120260106529402.pdf,False,,japanese,,東,
2026-01-06 16:00:00,2026-01-06,34020,東レ,自己株式の取得状況に関するお知らせ,https://www.release.tdnet.info/inbs/140120260105528377.pdf,False,,japanese,,東,
2026-01-06 16:00:00,2026-01-06,35980,山喜,山喜ソーイング株式会社（信州工場）の閉鎖に関するお知らせ,https://www.release.tdnet.info/inbs/140120260106529575.pdf,False,,japanese,,東,
2026-01-06 16:00:00,2026-01-06,36670,ｅｎｉｓｈ,借入金の返済完了に関するお知らせ,https://www.release.tdnet.info/inbs/140120260106529550.pdf,False,,japanese,,東,
2026-01-06 16:00:00,2026-01-06,36670,ｅｎｉｓｈ,第三者割当により発行された第20回新株予約権（行使価額修正条項付）の大量行使に関するお知らせ,https://www.release.tdnet.info/inbs/140120260106529474.pdf,False,,japanese,,東,
2026-01-06 16:00:00,2026-01-06,36800,Ｇ－ホットリンク,自己株式の取得状況に関するお知らせ,https://www.release.tdnet.info/inbs/140120260106529495.pdf,False,,japanese,,東,
2026-01-06 16:00:00,2026-01-06,45630,Ｇ－アンジェス,"HGF遺伝子治療用製品のType ""B"" Clinical Meeting実施に関するお知らせ",https://www.release.tdnet.info/inbs/140120260105529012.pdf,False,,japanese,,東,
2026-01-06 16:00:00,2026-01-06,58920,Ｇ－ｙｕｔｏｒｉ,第三者割当による新株式の発行及び第三者割当による第６回新株予約権の発行に係る払込完了に関するお知らせ,https://www.release.tdnet.info/inbs/140120260106529379.pdf,False,,japanese,,東,
2026-01-06 16:00:00,2026-01-06,60130,タクマ,自己株式の取得状況に関するお知らせ,https://www.release.tdnet.info/inbs/140120260105528653.pdf,False,,japanese,,東,
2026-01-06 16:00:00,2026-01-06,60340,Ｇ－ＭＲＴ,自己株式の取得状況に関するお知らせ,https://www.release.tdnet.info/inbs/140120260106529433.pdf,False,,japanese,,東,
2026-01-06 16:00:00,2026-01-06,64580,新晃工業,自己株式取得状況に関するお知らせ,https://www.release.tdnet.info/inbs/140120260106529208.pdf,False,,japanese,,東,
2026-01-06 16:00:00,2026-01-06,67310,ピクセラ,臨時株主総会及び普通株主による種類株主総会招集のための基準日の設定に関するお知らせ,https://www.release.tdnet.info/inbs/140120251230528090.pdf,False,,japanese,,東,
2026-01-06 16:00:00,2026-01-06,76780,あさくま,2026年１月期12月度売上高前年対比等のお知らせ,https://www.release.tdnet.info/inbs/140120260105528864.pdf,False,,japanese,,東,
2026-01-06 16:00:00,2026-01-06,76990,Ｇ－ＯＰＳ,当社有価証券信託受益証券の受益者への分配金の単価決定に関するお知らせ,https://www.release.tdnet.info/inbs/140120260106529375.pdf,False,,japanese,,東,
2026-01-06 16:00:00,2026-01-06,79170,ＺＡＣＲＯＳ,自己株式の取得状況に関するお知らせ,https://www.release.tdnet.info/inbs/140120260105528752.pdf,False,,japanese,,東,
2026-01-06 16:00:00,2026-01-06,81590,立花エレ,自己株式の取得状況に関するお知らせ,https://www.release.tdnet.info/inbs/140120260106529428.pdf,False,,japanese,,東,
2026-01-06 16:00:00,2026-01-06,87080,アイザワ証Ｇ,第15回無担保社債発行に関するお知らせ,https://www.release.tdnet.info/inbs/140120260106529345.pdf,False,,japanese,,東,
2026-01-06 16:00:00,2026-01-06,87830,ａｂｃ,自己株式の取得状況に関するお知らせ,https://www.release.tdnet.info/inbs/140120260106529265.pdf,False,,japanese,,東,
2026-01-06 16:00:00,2026-01-06,97190,ＳＣＳＫ,株式併合、単元株式数の定めの廃止及び定款一部変更に関する臨時株主総会開催のお知らせ,https://www.release.tdnet.info/inbs/140120260106529383.pdf,False,,japanese,,東,
2026-01-06 16:00:00,2026-01-06,97190,ＳＣＳＫ,自己株式の消却に関するお知らせ,https://www.release.tdnet.info/inbs/140120260106529389.pdf,False,,japanese,,東,
2026-01-06 15:40:00,2026-01-06,62910,エアーテック,自己株式の取得状況および取得終了に関するお知らせ,https://www.release.tdnet.info/inbs/140120260106529256.pdf,False,,japanese,,東,
2026-01-06 15:40:00,2026-01-06,74350,ナ・デックス,自己株式の取得状況に関するお知らせ,https://www.release.tdnet.info/inbs/140120260106529243.pdf,False,,japanese,,東,
2026-01-06 15:40:00,2026-01-06,76380,ＮＥＷ　ＡＲＴ,自己株式の取得状況に関するお知らせ,https://www.release.tdnet.info/inbs/140120260106529560.pdf,False,,japanese,,東,
2026-01-06 15:30:00,2026-01-06,22070,ｍｅｉｔｏ,自己株式の取得状況に関するお知らせ,https://www.release.tdnet.info/inbs/140120260105528985.pdf,False,,japanese,,東名,
2026-01-06 15:30:00,2026-01-06,24380,Ｇ－アスカネット,自己株式の取得状況に関するお知らせ,https://www.release.tdnet.info/inbs/140120260105528378.pdf,False,,japanese,,東,
2026-01-06 15:30:00,2026-01-06,25790,コカ・コーラＢＪＨ,自己株式の取得状況に関するお知らせ,https://www.release.tdnet.info/inbs/140120260106529483.pdf,False,,japanese,,東,
2026-01-06 15:30:00,2026-01-06,26690,カネ美食品,2025年12月度の売上高のお知らせ,https://www.release.tdnet.info/inbs/140120260106529357.pdf,False,,japanese,,東,
2026-01-06 15:30:00,2026-01-06,26700,ＡＢＣマート,2026年2月期　12月度概況について,https://www.release.tdnet.info/inbs/140120260106529245.pdf,False,,japanese,,東,
2026-01-06 15:30:00,2026-01-06,26850,アンドエスティＨＤ,月次売上高前年比に関するお知らせ,https://www.release.tdnet.info/inbs/140120260106529416.pdf,False,,japanese,,東,
2026-01-06 15:30:00,2026-01-06,27820,セリア,2025年12月度の月次売上高前年比及び店舗数,https://www.release.tdnet.info/inbs/140120260106529316.pdf,False,,japanese,,東,
2026-01-06 15:30:00,2026-01-06,28020,味の素,自己株式の取得状況に関するお知らせ,https://www.release.tdnet.info/inbs/140120260106529039.pdf,False,,japanese,,東,
2026-01-06 15:30:00,2026-01-06,30230,ラサ商事,自己株式の取得状況に関するお知らせ,https://www.release.tdnet.info/inbs/140120251222523678.pdf,False,,japanese,,東,
2026-01-06 15:30:00,2026-01-06,33770,バイク王,特別損失の計上および業績予想の修正に関するお知らせ,https://www.release.tdnet.info/inbs/140120251226527544.pdf,True,,japanese,,東,https://www.release.tdnet.info/inbs/091220251226527544.zip
2026-01-06 15:30:00,2026-01-06,34090,北紡,（開示事項の経過）ビットコイン購入に関するお知らせ,https://www.release.tdnet.info/inbs/140120260106529280.pdf,False,,japanese,,東,
2026-01-06 15:30:00,2026-01-06,34150,トウキョウベース,【2026年1月期】2025.12月度月次売上速報,https://www.release.tdnet.info/inbs/140120260105528966.pdf,False,,japanese,,東,
2026-01-06 15:30:00,2026-01-06,38360,アバントグループ,自己株式の取得状況に関するお知らせ,https://www.release.tdnet.info/inbs/140120260106529298.pdf,False,,japanese,,東,
2026-01-06 15:30:00,2026-01-06,40210,日産化,自己株式の取得状況に関するお知らせ,https://www.release.tdnet.info/inbs/140120260105528990.pdf,False,,japanese,,東,
2026-01-06 15:30:00,2026-01-06,40550,Ｇ－ティアンドエスＧ,自己株式の取得状況に関するお知らせ,https://www.release.tdnet.info/inbs/140120260106529436.pdf,False,,japanese,,東,
2026-01-06 15:30:00,2026-01-06,40740,Ｇ－ラキール,自己株式の取得状況に関するお知らせ,https://www.release.tdnet.info/inbs/140120260105528965.pdf,False,,japanese,,東,
2026-01-06 15:30:00,2026-01-06,42040,積水化,自己株式の取得状況に関するお知らせ,https://www.release.tdnet.info/inbs/140120260106529269.pdf,False,,japanese,,東,
2026-01-06 15:30:00,2026-01-06,44400,ヴィッツ,譲渡制限付株式報酬としての自己株式の処分の払込完了に関するお知らせ,https://www.release.tdnet.info/inbs/140120251217521395.pdf,False,,japanese,,東,
2026-01-06 15:30:00,2026-01-06,45980,Ｇ－ＤＥＬＴＡ－Ｐ,DFP-11207の胆道がんに対する医師主導治験開始に関するお知らせ,https://www.release.tdnet.info/inbs/140120260106529531.pdf,False,,japanese,,東,
2026-01-06 15:30:00,2026-01-06,47320,ＵＳＳ,2026年３月期第３四半期ＵＳＳグループ中古車オークション実績（速報）,https://www.release.tdnet.info/inbs/140120260106529498.pdf,False,,japanese,,東名,
2026-01-06 15:30:00,2026-01-06,49110,資生堂,当社および国内一部子会社における希望退職プログラム「ネクストキャリア支援プラン」実施結果に関するお知らせ,https://www.release.tdnet.info/inbs/140120260106529516.pdf,False,,japanese,,東,
2026-01-06 15:30:00,2026-01-06,55970,Ｇ－ブルーイノベ,取締役の異動に関するお知らせ,https://www.release.tdnet.info/inbs/140120260106529509.pdf,False,,japanese,,東,
2026-01-06 15:30:00,2026-01-06,59000,ダイケン,通期連結業績予想の修正に関するお知らせ,https://www.release.tdnet.info/inbs/140120251219522754.pdf,True,,japanese,,東,https://www.release.tdnet.info/inbs/091220251219522754.zip
2026-01-06 15:30:00,2026-01-06,62570,藤商事,特別利益（投資有価証券売却益）の計上に関するお知らせ,https://www.release.tdnet.info/inbs/140120260106529432.pdf,False,,japanese,,東,
2026-01-06 15:30:00,2026-01-06,64450,ジャノメ,自己株式の取得状況に関するお知らせ,https://www.release.tdnet.info/inbs/140120260106529525.pdf,False,,japanese,,東,
2026-01-06 15:30:00,2026-01-06,64960,中北製作所,2026年５月期第２四半期（中間期）決算短信〔日本基準〕（連結）,https://www.release.tdnet.info/inbs/140120251216520398.pdf,True,,japanese,,東,https://www.release.tdnet.info/inbs/081220251216520398.zip
2026-01-06 15:30:00,2026-01-06,64960,中北製作所,2026年５月期第２四半期（中間期）連結業績予想と実績との差異に関するお知らせ,https://www.release.tdnet.info/inbs/140120251218522015.pdf,False,,japanese,,東,
2026-01-06 15:30:00,2026-01-06,65710,キュービーネットＨＤ,国内店舗売上高前年比（2025年12月）についてのお知らせ,https://www.release.tdnet.info/inbs/140120260106529215.pdf,False,,japanese,,東,
2026-01-06 15:30:00,2026-01-06,67630,帝通工,自己株式の取得状況に関するお知らせ,https://www.release.tdnet.info/inbs/140120260106529111.pdf,False,,japanese,,東,
2026-01-06 15:30:00,2026-01-06,69250,ウシオ電,自己株式の取得状況に関するお知らせ,https://www.release.tdnet.info/inbs/140120260106529189.pdf,False,,japanese,,東,
2026-01-06 15:30:00,2026-01-06,70470,Ｇ－ポート,投資家Q&A（2025年12月）,https://www.release.tdnet.info/inbs/140120260105528329.pdf,False,,japanese,,東福,
2026-01-06 15:30:00,2026-01-06,71380,Ｇ－ＴＯＲＩＣＯ,第三者割当による新株式及び第10回新株予約権の発行に係る払込完了に関するお知らせ,https://www.release.tdnet.info/inbs/140120260106529340.pdf,False,,japanese,,東,
2026-01-06 15:30:00,2026-01-06,72730,イクヨ,自己株式の取得状況に関するお知らせ,https://www.release.tdnet.info/inbs/140120260106529497.pdf,False,,japanese,,東,
2026-01-06 15:30:00,2026-01-06,74630,アドヴァングループ,自己株式の市場買付に関するお知らせ,https://www.release.tdnet.info/inbs/140120260106529475.pdf,False,,japanese,,東,
2026-01-06 15:30:00,2026-01-06,76060,Ｕアローズ,2025年12月度月次売上概況（速報）〔2026年3月決算期〕,https://www.release.tdnet.info/inbs/140120260106529173.pdf,False,,japanese,,東,
2026-01-06 15:30:00,2026-01-06,76250,Ｇダイニング,月次売上速報（2025年12月度）,https://www.release.tdnet.info/inbs/140120260106529440.pdf,False,,japanese,,東,
2026-01-06 15:30:00,2026-01-06,76400,トップカルチャ,2026年10月期12月度月次売上動向,https://www.release.tdnet.info/inbs/140120260105529024.pdf,False,,japanese,,東,
2026-01-06 15:30:00,2026-01-06,76790,薬王堂ＨＤ,通期連結業績予想の修正に関するお知らせ,https://www.release.tdnet.info/inbs/140120251223524768.pdf,False,,japanese,,東,
2026-01-06 15:30:00,2026-01-06,76790,薬王堂ＨＤ,2026年２月期　第３四半期決算短信〔日本基準〕(連結),https://www.release.tdnet.info/inbs/140120251225526123.pdf,True,,japanese,,東,https://www.release.tdnet.info/inbs/081220251225526123.zip
2026-01-06 15:30:00,2026-01-06,76790,薬王堂ＨＤ,2025年12月度 月次速報に関するお知らせ,https://www.release.tdnet.info/inbs/140120251225526072.pdf,False,,japanese,,東,
2026-01-06 15:30:00,2026-01-06,80180,三共生興,自己株式の取得状況に関するお知らせ（会社法165条第２項の規定による定款の定めに基づく自己株式の取得）,https://www.release.tdnet.info/inbs/140120251225526293.pdf,False,,japanese,,東,
2026-01-06 15:30:00,2026-01-06,82330,高島屋,2026年2月期 第3四半期 決算短信〔日本基準〕（連結）,https://www.release.tdnet.info/inbs/140120251227527801.pdf,True,,japanese,,東,https://www.release.tdnet.info/inbs/081220251227527801.zip
2026-01-06 15:30:00,2026-01-06,82330,高島屋,2026年2月期 第3四半期 決算説明会資料,https://www.release.tdnet.info/inbs/140120251227527803.pdf,False,,japanese,,東,
2026-01-06 15:30:00,2026-01-06,82330,高島屋,2028年満期ユーロ円建転換社債型新株予約権付社債の買入れ及び消却に係る事項の決定並びに自己株式の消却見合わせに関するお知らせ,https://www.release.tdnet.info/inbs/140120251227527789.pdf,False,,japanese,,東,
2026-01-06 15:30:00,2026-01-06,82330,高島屋,当期業績予想について,https://www.release.tdnet.info/inbs/140120251227527791.pdf,False,,japanese,,東,
2026-01-06 15:30:00,2026-01-06,87250,ＭＳ＆ＡＤ,自己株式の取得状況に関するお知らせ,https://www.release.tdnet.info/inbs/140120260106529517.pdf,False,,japanese,,東名,
2026-01-06 15:30:00,2026-01-06,90080,京王,自己株式の取得状況に関するお知らせ,https://www.release.tdnet.info/inbs/140120260105528770.pdf,False,,japanese,,東,
2026-01-06 15:30:00,2026-01-06,90220,ＪＲ東海,自己株式の取得状況に関するお知らせ,https://www.release.tdnet.info/inbs/140120260106529262.pdf,False,,japanese,,東名,
2026-01-06 15:30:00,2026-01-06,90650,山九,自己株式の取得状況に関するお知らせ,https://www.release.tdnet.info/inbs/140120260105528252.pdf,False,,japanese,,東福,
2026-01-06 15:30:00,2026-01-06,91660,Ｇ－ＧＥＮＤＡ,自己株式の取得状況に関するお知らせ（会社法第165条第2項の規定による定款の定めに基づく自己株式の取得）,https://www.release.tdnet.info/inbs/140120260106529341.pdf,False,,japanese,,東,
2026-01-06 15:30:00,2026-01-06,92530,Ｇ－スローガン,2026年2月期 第3四半期決算短信〔日本基準〕（連結）,https://www.release.tdnet.info/inbs/140120251224525357.pdf,True,,japanese,,東,https://www.release.tdnet.info/inbs/081220251224525357.zip
2026-01-06 15:30:00,2026-01-06,92530,Ｇ－スローガン,2026年2月期 第3四半期決算説明資料,https://www.release.tdnet.info/inbs/140120251224525393.pdf,False,,japanese,,東,
2026-01-06 15:30:00,2026-01-06,92840,Ｉ－カナディアンソラ,島根県東部を震源とする地震による運用資産への影響に関するお知らせ,https://www.release.tdnet.info/inbs/140120260106529490.pdf,False,,japanese,,東,
2026-01-06 15:30:00,2026-01-06,93010,三菱倉,自己株式の取得状況に関するお知らせ,https://www.release.tdnet.info/inbs/140120260105528285.pdf,False,,japanese,,東,
2026-01-06 15:30:00,2026-01-06,98420,アークランズ,2026年２月期 第３四半期決算短信〔日本基準〕（連結）,https://www.release.tdnet.info/inbs/140120260106529128.pdf,True,,japanese,,東,https://www.release.tdnet.info/inbs/081220260106529128.zip
2026-01-06 15:30:00,2026-01-06,98420,アークランズ,通期業績予想の修正に関するお知らせ,https://www.release.tdnet.info/inbs/140120260106529255.pdf,False,,japanese,,東,
2026-01-06 15:30:00,2026-01-06,98800,イノテック,自己株式の取得状況に関するお知らせ,https://www.release.tdnet.info/inbs/140120260106529441.pdf,False,,japanese,,東,
2026-01-06 15:30:00,2026-01-06,98850,シャルレ,自己株式の取得状況に関するお知らせ,https://www.release.tdnet.info/inbs/140120260106529393.pdf,False,,japanese,,東,
2026-01-06 15:30:00,2026-01-06,99800,ＭＲＫ　ＨＬＤ,自己株式の取得状況に関するお知らせ,https://www.release.tdnet.info/inbs/140120260106529400.pdf,False,,japanese,,東,
2026-01-06 15:00:00,2026-01-06,28090,キユーピー,自己株式の取得状況(途中経過)に関するお知らせ,https://www.release.tdnet.info/inbs/140120260106529195.pdf,False,,japanese,,東,
2026-01-06 15:00:00,2026-01-06,40680,Ｇ－ベイシス,自己株式の取得状況に関するお知らせ,https://www.release.tdnet.info/inbs/140120260106529313.pdf,False,,japanese,,東,
2026-01-06 15:00:00,2026-01-06,71700,Ｐ－中央グループ,投資有価証券売却益（特別利益）の計上に関するお知らせ,https://www.release.tdnet.info/inbs/140120260106529522.pdf,False,,japanese,,東,
2026-01-06 15:00:00,2026-01-06,72760,小糸製,自己株式の取得状況に関するお知らせ,https://www.release.tdnet.info/inbs/140120260106529461.pdf,False,,japanese,,東,
2026-01-06 15:00:00,2026-01-06,76110,ハイデ日高,2026年２月期12 月度売上高速報についてのお知らせ,https://www.release.tdnet.info/inbs/140120260106529378.pdf,False,,japanese,,東,
2026-01-06 15:00:00,2026-01-06,76110,ハイデ日高,2026年２月期 第３四半期決算短信〔日本基準〕（非連結）,https://www.release.tdnet.info/inbs/140120260106529406.pdf,True,,japanese,,東,https://www.release.tdnet.info/inbs/081220260106529406.zip
2026-01-06 15:00:00,2026-01-06,76110,ハイデ日高,2026年２月期第3四半期決算補足説明資料,https://www.release.tdnet.info/inbs/140120260106529448.pdf,False,,japanese,,東,
2026-01-06 15:00:00,2026-01-06,80760,カノークス,株式需給緩衝信託の設定に伴う当社株式の売却状況に関するお知らせ,https://www.release.tdnet.info/inbs/140120260106529105.pdf,False,,japanese,,東名,
2026-01-06 15:00:00,2026-01-06,87470,豊トラスティ証券,連結総資産の減少に関するお知らせ,https://www.release.tdnet.info/inbs/140120260106529139.pdf,False,,japanese,,東,
2026-01-06 15:00:00,2026-01-06,88640,空港施設,自己株式の取得状況（途中経過）に関するお知らせ,https://www.release.tdnet.info/inbs/140120260106529309.pdf,False,,japanese,,東,
2026-01-06 14:30:00,2026-01-06,28100,ハウス食Ｇ,自己株式の取得状況に関するお知らせ,https://www.release.tdnet.info/inbs/140120260106529203.pdf,False,,japanese,,東,
2026-01-06 14:30:00,2026-01-06,60720,地盤ネットＨＤ,東証スタンダード市場への市場区分変更に関するお知らせ,https://www.release.tdnet.info/inbs/140120260106529437.pdf,False,,japanese,,東,
2026-01-06 14:30:00,2026-01-06,61730,Ｇ－アクアライン,主要株主の異動に関するお知らせ,https://www.release.tdnet.info/inbs/140120260106529478.pdf,False,,japanese,,東,
2026-01-06 14:30:00,2026-01-06,65680,Ｇ－神戸天然物化学,島根県東部を震源とする地震の影響に関するお知らせ,https://www.release.tdnet.info/inbs/140120260106529480.pdf,False,,japanese,,東,
2026-01-06 14:30:00,2026-01-06,82000,リンガーハット,2025年12月度　月次情報,https://www.release.tdnet.info/inbs/140120260106529282.pdf,False,,japanese,,東福,
2026-01-06 14:30:00,2026-01-06,86000,トモニＨＤ,自己株式の取得状況に関するお知らせ,https://www.release.tdnet.info/inbs/140120260105528786.pdf,False,,japanese,,東,
2026-01-06 14:00:00,2026-01-06,30580,三洋堂ＨＤ,2026年3月期12月度の月次売上高前年比及び店舗数について,https://www.release.tdnet.info/inbs/140120260106529123.pdf,False,,japanese,,東,
2026-01-06 14:00:00,2026-01-06,38610,王子ＨＤ,自己株式の取得状況に関するお知らせ,https://www.release.tdnet.info/inbs/140120260106529227.pdf,False,,japanese,,東,
2026-01-06 14:00:00,2026-01-06,40080,住友精化,自己株式の取得状況に関するお知らせ,https://www.release.tdnet.info/inbs/140120260106529229.pdf,False,,japanese,,東,
2026-01-06 14:00:00,2026-01-06,85110,日証金,自己株式の取得状況に関するお知らせ,https://www.release.tdnet.info/inbs/140120260106529403.pdf,False,,japanese,,東,
2026-01-06 14:00:00,2026-01-06,94120,スカパーＪＳＡＴ,2025年12月末現在 加入件数について,https://www.release.tdnet.info/inbs/140120260106529323.pdf,False,,japanese,,東,
2026-01-06 13:30:00,2026-01-06,48390,ＷＯＷＯＷ,2025年12月の加入件数について,https://www.release.tdnet.info/inbs/140120260106529307.pdf,False,,japanese,,東,
2026-01-06 13:30:00,2026-01-06,97090,ＮＣＳ＆Ａ,自己株式の取得状況に関するお知らせ,https://www.release.tdnet.info/inbs/140120260106529127.pdf,False,,japanese,,東,
2026-01-06 13:00:00,2026-01-06,61010,ツガミ,自己株式の取得状況に関するお知らせ,https://www.release.tdnet.info/inbs/140120260105528829.pdf,False,,japanese,,東,
2026-01-06 12:55:00,2026-01-06,45300,久光薬,一部報道について,https://www.release.tdnet.info/inbs/140120260106529381.pdf,False,,japanese,,東名福,
2026-01-06 12:00:00,2026-01-06,39050,Ｇ－データセクション,（開示事項の変更）英国CUDO社との資本提携（子会社化）に向けた基本合意及び合弁会社（子会社）設立に関する日程延期のお知らせ,https://www.release.tdnet.info/inbs/140120260106529087.pdf,False,,japanese,,東,
2026-01-06 12:00:00,2026-01-06,39050,Ｇ－データセクション,（開示事項の変更）大口受注に関するお知らせ,https://www.release.tdnet.info/inbs/140120260106529093.pdf,False,,japanese,,東,
2026-01-06 12:00:00,2026-01-06,39050,Ｇ－データセクション,業績予想の修正に関するお知らせ,https://www.release.tdnet.info/inbs/140120260106529062.pdf,True,,japanese,,東,https://www.release.tdnet.info/inbs/091220260106529062.zip
2026-01-06 12:00:00,2026-01-06,60590,ウチヤマＨＤ,第三者割当による第２回及び第３回新株予約権（行使価額修正型新株予約権への転換権付）の月間行使状況に関するお知らせ,https://www.release.tdnet.info/inbs/140120260105528942.pdf,False,,japanese,,東,
2026-01-06 12:00:00,2026-01-06,60590,ウチヤマＨＤ,2026年３月期対前年比較月次速報,https://www.release.tdnet.info/inbs/140120260105528897.pdf,False,,japanese,,東,
2026-01-06 12:00:00,2026-01-06,65210,Ｇ－オキサイド,新株予約権(ストック・オプション)の月間行使状況に関するお知らせ,https://www.release.tdnet.info/inbs/140120260106529182.pdf,False,,japanese,,東,
2026-01-06 12:00:00,2026-01-06,82280,マルイチ産商,（訂正）「（開示事項の経過）完全子会社の吸収合併（簡易合併・略式合併）に関するお知らせ」の一部訂正について,https://www.release.tdnet.info/inbs/140120260106529168.pdf,False,,japanese,,名,
2026-01-06 12:00:00,2026-01-06,87420,小林洋行,2025年12月の月間売買実績（速報値）に関するお知らせ,https://www.release.tdnet.info/inbs/140120260106529159.pdf,False,,japanese,,東,
2026-01-06 11:45:00,2026-01-06,38400,ＰＡＴＨ,暗号資産売却益（営業外収益）の計上に関するお知らせ,https://www.release.tdnet.info/inbs/140120260106529288.pdf,False,,japanese,,東,
2026-01-06 11:45:00,2026-01-06,46620,フォーカスシステムズ,自己株式の取得状況に関するお知らせ（会社法第165条第２項の規定による定款の定めに基づく自己株式の取得）,https://www.release.tdnet.info/inbs/140120260106529278.pdf,False,,japanese,,東,
2026-01-06 11:40:00,2026-01-06,13264,Ｅ－ワールド,SPDRゴールド・シェアに関する日々の開示事項,https://www.release.tdnet.info/inbs/140120260106529286.pdf,False,,japanese,,東,
2026-01-06 11:35:00,2026-01-06,13494,Ｅ－ＳＳＧＡ－ＳＩＮ,アジア国債・公債ＥＴＦ（正式名称：ＡＢＦ汎アジア債券インデックス・ファンド）に関する日々の開示事項,https://www.release.tdnet.info/inbs/140120260106529279.pdf,False,,japanese,,東,
2026-01-06 11:30:00,2026-01-06,15574,Ｅ－ＳＳＧＡＴＣ,SPDR S&P500 ETFに関する日々の開示事項,https://www.release.tdnet.info/inbs/140120260106529276.pdf,False,,japanese,,東,
2026-01-06 11:30:00,2026-01-06,20704,Ｎ－三菱ＵＦＪ証ＨＤ,上場ETN（発行者：三菱UFJ証券ホールディングス株式会社）に関する日々の開示事項,https://www.release.tdnet.info/inbs/140120260106529226.pdf,False,,japanese,,東,
2026-01-06 11:30:00,2026-01-06,44450,Ｇ－リビンＴ,自己株式の取得状況に関するお知らせ,https://www.release.tdnet.info/inbs/140120260106529311.pdf,False,,japanese,,東名,
2026-01-06 11:30:00,2026-01-06,45710,Ｇ－ＮＡＮＯ,適格機関投資家として金融庁に登録,https://www.release.tdnet.info/inbs/140120260106529268.pdf,False,,japanese,,東,
2026-01-06 11:30:00,2026-01-06,69470,図研,自己株式の取得状況に関するお知らせ,https://www.release.tdnet.info/inbs/140120260105528785.pdf,False,,japanese,,東,
2026-01-06 11:30:00,2026-01-06,72360,ティラド,自己株式の取得状況に関するお知らせ,https://www.release.tdnet.info/inbs/140120260106529305.pdf,False,,japanese,,東,
2026-01-06 11:30:00,2026-01-06,81050,ＢｉｔｃｏｉｎＪＰＮ,主要株主の異動に関するお知らせ,https://www.release.tdnet.info/inbs/140120260106529176.pdf,False,,japanese,,東,
2026-01-06 11:00:00,2026-01-06,13690,Ｏｎｅ・日経２２５,ETFの収益分配金見込額のお知らせ,https://www.release.tdnet.info/inbs/140120260106529217.pdf,False,,japanese,,東,
2026-01-06 11:00:00,2026-01-06,14730,Ｏｎｅ・トピックス,ETFの収益分配金見込額のお知らせ,https://www.release.tdnet.info/inbs/140120260106529218.pdf,False,,japanese,,東,
2026-01-06 11:00:00,2026-01-06,14740,Ｏｎｅ・ＪＰＸ４００,ETFの収益分配金見込額のお知らせ,https://www.release.tdnet.info/inbs/140120260106529219.pdf,False,,japanese,,東,
2026-01-06 11:00:00,2026-01-06,14840,Ｏｎｅ・設備人材投資,ETFの収益分配金見込額のお知らせ,https://www.release.tdnet.info/inbs/140120260106529220.pdf,False,,japanese,,東,
2026-01-06 11:00:00,2026-01-06,14930,Ｏｎｅ・中小型,ETFの収益分配金見込額のお知らせ,https://www.release.tdnet.info/inbs/140120260106529221.pdf,False,,japanese,,東,
2026-01-06 11:00:00,2026-01-06,14980,Ｏｎｅ・ＥＳＧ,ETFの収益分配金見込額のお知らせ,https://www.release.tdnet.info/inbs/140120260106529222.pdf,False,,japanese,,東,
2026-01-06 11:00:00,2026-01-06,25560,Ｏｎｅ・Ｊリート,ETFの収益分配金見込額のお知らせ,https://www.release.tdnet.info/inbs/140120260106529223.pdf,False,,japanese,,東,
2026-01-06 11:00:00,2026-01-06,32370,Ｇ－イントランス,その他の関係会社の異動に関するお知らせ,https://www.release.tdnet.info/inbs/140120260105529048.pdf,False,,japanese,,東,
2026-01-06 11:00:00,2026-01-06,34070,旭化成,自己株式の取得状況に関するお知らせ,https://www.release.tdnet.info/inbs/140120251225526073.pdf,False,,japanese,,東,
2026-01-06 11:00:00,2026-01-06,42020,ダイセル,自己株式の取得状況に関するお知らせ,https://www.release.tdnet.info/inbs/140120260106529125.pdf,False,,japanese,,東,
2026-01-06 11:00:00,2026-01-06,43450,シーティーエス,自己株式の取得結果及び取得終了に関するお知らせ,https://www.release.tdnet.info/inbs/140120260106529235.pdf,False,,japanese,,東,
2026-01-06 11:00:00,2026-01-06,70680,Ｇ－ＦフォースＧ,自己株式立会外買付取引（ToSTNeT-3）による自己株式の取得結果及び取得終了に関するお知らせ,https://www.release.tdnet.info/inbs/140120260106529264.pdf,False,,japanese,,東,
2026-01-06 11:00:00,2026-01-06,88300,住友不,自己株式の取得状況に関するお知らせ,https://www.release.tdnet.info/inbs/140120260106529185.pdf,False,,japanese,,東,
2026-01-06 11:00:00,2026-01-06,90390,サカイ引越,2025年12月度月次売上高（速報）に関するお知らせ,https://www.release.tdnet.info/inbs/140120260106529157.pdf,False,,japanese,,東,
2026-01-06 11:00:00,2026-01-06,90390,サカイ引越,自己株式の取得状況に関するお知らせ,https://www.release.tdnet.info/inbs/140120260106529175.pdf,False,,japanese,,東,
2026-01-06 11:00:00,2026-01-06,96330,テアトル,自己株式の取得状況に関するお知らせ,https://www.release.tdnet.info/inbs/140120260106529200.pdf,False,,japanese,,東,
2026-01-06 10:30:00,2026-01-06,15624,Ｅ－三井住友ＤＳＡＭ,上場ＥＴＦ（管理会社：三井住友DSアセットマネジメント）に関する日々の開示事項,https://www.release.tdnet.info/inbs/140120260106529193.pdf,False,,japanese,,東,
2026-01-06 10:00:00,2026-01-06,16714,Ｅ－シンプレクス,上場ＥＴＦ(管理会社：シンプレクス・アセット・マネジメント)に関する日々の開示事項,https://www.release.tdnet.info/inbs/140120260106529141.pdf,False,,japanese,,東,
2026-01-06 10:00:00,2026-01-06,19280,積水ハウス,米国戸建住宅事業における連結子会社の再編の完了に関するお知らせ,https://www.release.tdnet.info/inbs/140120260105528780.pdf,False,,japanese,,東名,
2026-01-06 10:00:00,2026-01-06,65370,Ｇ－ＷＡＳＨハウス,（開示事項の経過）中華人民共和国での初出店に関するお知らせ,https://www.release.tdnet.info/inbs/140120260105529045.pdf,False,,japanese,,東福,
2026-01-06 09:40:00,2026-01-06,13294,Ｅ－ブラックロック,上場ETF（管理会社：ブラックロック・ジャパン）に関する日々の開示事項,https://www.release.tdnet.info/inbs/140120260106529117.pdf,False,,japanese,,東,
2026-01-06 09:00:00,2026-01-06,49170,マンダム,（変更）「ＭＢＯの実施に関する賛同の意見表明及び応募の推奨に関するお知らせ」の一部変更に関するお知らせ,https://www.release.tdnet.info/inbs/140120260105529004.pdf,False,,japanese,,東,
2026-01-06 09:00:00,2026-01-06,53860,鶴弥,自己株式取得状況に関するお知らせ,https://www.release.tdnet.info/inbs/140120260106529094.pdf,False,,japanese,,東名,
2026-01-06 08:55:00,2026-01-06,13450,上場Ｊリート,ＥＴＦの収益分配金見込額のお知らせ,https://www.release.tdnet.info/inbs/140120260106529070.pdf,False,,japanese,,東,
2026-01-06 08:55:00,2026-01-06,13990,上場高配当低ボラ,ＥＴＦの収益分配金見込額のお知らせ,https://www.release.tdnet.info/inbs/140120260106529071.pdf,False,,japanese,,東,
2026-01-06 08:55:00,2026-01-06,14810,上場日本経済貢献,ＥＴＦの収益分配金見込額のお知らせ,https://www.release.tdnet.info/inbs/140120260106529072.pdf,False,,japanese,,東,
2026-01-06 08:55:00,2026-01-06,14900,上場ベータヘッジ,ＥＴＦの収益分配金見込額のお知らせ,https://www.release.tdnet.info/inbs/140120260106529073.pdf,False,,japanese,,東,
2026-01-06 08:55:00,2026-01-06,15780,上場２２５Ｍ,ＥＴＦの収益分配金見込額のお知らせ,https://www.release.tdnet.info/inbs/140120260106529074.pdf,False,,japanese,,東,
2026-01-06 08:55:00,2026-01-06,15860,上場ＴＰＸ除く金融,ＥＴＦの収益分配金見込額のお知らせ,https://www.release.tdnet.info/inbs/140120260106529075.pdf,False,,japanese,,東,
2026-01-06 08:55:00,2026-01-06,15920,上場ＪＰＸ日経４００,ＥＴＦの収益分配金見込額のお知らせ,https://www.release.tdnet.info/inbs/140120260106529076.pdf,False,,japanese,,東,
2026-01-06 08:55:00,2026-01-06,16980,上場配当,ＥＴＦの収益分配金見込額のお知らせ,https://www.release.tdnet.info/inbs/140120260106529077.pdf,False,,japanese,,東,
2026-01-06 08:55:00,2026-01-06,22350,上場ダウヘッジなし,ＥＴＦの収益分配金見込額のお知らせ,https://www.release.tdnet.info/inbs/140120260106529079.pdf,False,,japanese,,東,
2026-01-06 08:55:00,2026-01-06,25620,上場ダウヘッジあり,ＥＴＦの収益分配金見込額のお知らせ,https://www.release.tdnet.info/inbs/140120260106529080.pdf,False,,japanese,,東,
2026-01-06 08:55:00,2026-01-06,25660,上場ＥＳＧリート,ＥＴＦの収益分配金見込額のお知らせ,https://www.release.tdnet.info/inbs/140120260106529081.pdf,False,,japanese,,東,
2026-01-06 08:55:00,2026-01-06,25680,上場ＮＳＱ１００ヘ無,ＥＴＦの収益分配金見込額のお知らせ,https://www.release.tdnet.info/inbs/140120260106529082.pdf,False,,japanese,,東,
2026-01-06 08:55:00,2026-01-06,25690,上場ＮＳＱ１００ヘ有,ＥＴＦの収益分配金見込額のお知らせ,https://www.release.tdnet.info/inbs/140120260106529083.pdf,False,,japanese,,東,
2026-01-06 08:30:00,2026-01-06,16724,Ｅ－ＷｉｓｄｏｍＴｒ,上場ETF（管理会社：WisdomTree、外国投資法人：MSL）に関する日々の開示事項,https://www.release.tdnet.info/inbs/140120260106529037.pdf,False,,japanese,,東,
2026-01-06 08:30:00,2026-01-06,16724,Ｅ－ＷｉｓｄｏｍＴｒ,上場ETF（管理会社：WisdomTree、外国投資法人：CSL）に関する日々の開示事項,https://www.release.tdnet.info/inbs/140120260106529038.pdf,False,,japanese,,東,
2026-01-06 08:30:00,2026-01-06,21600,Ｇ－ＧＮＩ,F351優先審査の事前協議完了に伴う今後の承認申請方針について,https://www.release.tdnet.info/inbs/140120260105528977.pdf,False,,japanese,,東,
2026-01-07 18:00:00,2026-01-07,84250,みずほリース,（変更）ＭＭパワー合同会社によるジャパン・インフラファンド投資法人投資口に対する公開買付けの買付条件等の変更に関するお知らせ,https://www.release.tdnet.info/inbs/140120260107529773.pdf,False,,japanese,,東,
2026-01-07 18:00:00,2026-01-07,92870,Ｉ－ＪＩＦ,（変更）「MMパワーによるジャパン・インフラファンド投資法人投資口に対する公開買付けに関する賛同の意見表明及び応募推奨のお知らせ」の一部変更のお知らせ,https://www.release.tdnet.info/inbs/140120260107530340.pdf,False,,japanese,,東,
2026-01-07 18:00:00,2026-01-07,92870,Ｉ－ＪＩＦ,（変更）「2025年11月期決算短信公表の延期に関するお知らせ」の一部変更に関するお知らせ,https://www.release.tdnet.info/inbs/140120260107530337.pdf,False,,japanese,,東,
2026-01-07 17:35:00,2026-01-07,14890,ＮＦ日経高配当５０,ETFの収益分配のお知らせ,https://www.release.tdnet.info/inbs/140120260107530357.pdf,False,,japanese,,東,
2026-01-07 17:35:00,2026-01-07,15770,ＮＦ日本高配当７０,ETFの収益分配のお知らせ,https://www.release.tdnet.info/inbs/140120260107530358.pdf,False,,japanese,,東,
2026-01-07 17:35:00,2026-01-07,20830,日本成長株アクティブ,ETFの収益分配のお知らせ,https://www.release.tdnet.info/inbs/140120260107530359.pdf,False,,japanese,,東,
2026-01-07 17:35:00,2026-01-07,20840,日本高配当アクティブ,ETFの収益分配のお知らせ,https://www.release.tdnet.info/inbs/140120260107530360.pdf,False,,japanese,,東,
2026-01-07 17:35:00,2026-01-07,25290,ＮＦ株主還元７０,ETFの収益分配のお知らせ,https://www.release.tdnet.info/inbs/140120260107530381.pdf,False,,japanese,,東,
2026-01-07 17:00:00,2026-01-07,19490,住友電設,自己株式消却に関するお知らせ,https://www.release.tdnet.info/inbs/140120260107530082.pdf,False,,japanese,,東,
2026-01-07 17:00:00,2026-01-07,19490,住友電設,株式併合並びに単元株式数の定めの廃止及び定款の一部変更に関する臨時株主総会開催のお知らせ,https://www.release.tdnet.info/inbs/140120260107530100.pdf,False,,japanese,,東,
2026-01-07 17:00:00,2026-01-07,31400,Ｇ－ＢＲＵＮＯ,中国におけるライセンス契約締結に関するお知らせ,https://www.release.tdnet.info/inbs/140120260107529889.pdf,False,,japanese,,東,
2026-01-07 17:00:00,2026-01-07,97190,ＳＣＳＫ,（訂正）株式併合、単元株式数の定めの廃止及び定款一部変更に関する臨時株主総会開催のお知らせ,https://www.release.tdnet.info/inbs/140120260107530080.pdf,False,,japanese,,東,
2026-01-07 16:45:00,2026-01-07,71860,横浜ＦＧ,自己株式の取得状況に関するお知らせ,https://www.release.tdnet.info/inbs/140120260107530201.pdf,False,,japanese,,東,
2026-01-07 16:45:00,2026-01-07,71860,横浜ＦＧ,自己株式立会外買付取引（ToSTNeT-３）による自己株式の買付けに関するお知らせ,https://www.release.tdnet.info/inbs/140120260107530325.pdf,False,,japanese,,東,
2026-01-07 16:15:00,2026-01-07,73540,ＤｍＭｉＸ,スタンダード市場への市場区分変更承認及びプライム市場上場維持基準への適合に向けた計画の取り下げに関するお知らせ,https://www.release.tdnet.info/inbs/140120260107530089.pdf,False,,japanese,,東,
2026-01-07 16:05:00,2026-01-07,42460,ＤＮＣ,株式の売出しに関するお知らせ,https://www.release.tdnet.info/inbs/140120251225526632.pdf,False,,japanese,,東,
2026-01-07 16:05:00,2026-01-07,42460,ＤＮＣ,自己株式取得に係る事項の決定に関するお知らせ（会社法第165条第２項の規定による定款の定めに基づく自己株式の取得）,https://www.release.tdnet.info/inbs/140120251225526651.pdf,False,,japanese,,東,
2026-01-07 16:04:00,2026-01-07,82670,イオン,株式会社ツルハホールディングス（証券コード3391）に対する公開買付けの結果及び子会社の異動に関するお知らせ,https://www.release.tdnet.info/inbs/140120260106529253.pdf,False,,japanese,,東,
2026-01-07 16:04:00,2026-01-07,82670,イオン,（開示事項の経過）株式会社ツルハホールディングス（証券コード3391）に対する公開買付け後の株式取得予定に関するお知らせ,https://www.release.tdnet.info/inbs/140120251218522433.pdf,False,,japanese,,東,
2026-01-07 16:00:00,2026-01-07,15180,三井松島ＨＤ,自己株式の取得状況に関するお知らせ,https://www.release.tdnet.info/inbs/140120260107530002.pdf,False,,japanese,,東福,
2026-01-07 16:00:00,2026-01-07,17210,コムシスＨＤ,自己株式の取得状況に関するお知らせ,https://www.release.tdnet.info/inbs/140120260107530001.pdf,False,,japanese,,東,
2026-01-07 16:00:00,2026-01-07,30460,ＪＩＮＳＨＤ,2025年12月度（2026年8月期）月次売上状況（速報）等について,https://www.release.tdnet.info/inbs/140120260107530156.pdf,False,,japanese,,東,
2026-01-07 16:00:00,2026-01-07,32220,Ｕ．Ｓ．Ｍ．Ｈ,2026年２月期　第３四半期決算短信〔日本基準〕(連結),https://www.release.tdnet.info/inbs/140120260106529724.pdf,True,,japanese,,東,https://www.release.tdnet.info/inbs/081220260106529724.zip
2026-01-07 16:00:00,2026-01-07,33910,ツルハＨＤ,イオン株式会社による当社株式に対する公開買付けの結果並びに親会社及びその他の関係会社の異動に関するお知らせ,https://www.release.tdnet.info/inbs/140120260107530246.pdf,False,,japanese,,東,
2026-01-07 16:00:00,2026-01-07,33910,ツルハＨＤ,（開示事項の経過）イオン株式会社による当社株式に対する公開買付け後の株式取得予定に関するお知らせ,https://www.release.tdnet.info/inbs/140120260107530244.pdf,False,,japanese,,東,
2026-01-07 16:00:00,2026-01-07,35660,Ｇ－ユニネク,2025年12月期12月度 月次業績速報,https://www.release.tdnet.info/inbs/140120260107529946.pdf,False,,japanese,,東,
2026-01-07 16:00:00,2026-01-07,38350,ｅＢＡＳＥ,自己株式の取得状況に関するお知らせ,https://www.release.tdnet.info/inbs/140120260107530009.pdf,False,,japanese,,東,
2026-01-07 16:00:00,2026-01-07,39480,光ビジネス,主要株主及び主要株主である筆頭株主の異動に関するお知らせ,https://www.release.tdnet.info/inbs/140120260107530162.pdf,False,,japanese,,東,
2026-01-07 16:00:00,2026-01-07,43710,Ｇ－ＣＣＴ,自己株式の取得状況に関するお知らせ,https://www.release.tdnet.info/inbs/140120260107530146.pdf,False,,japanese,,東,
2026-01-07 16:00:00,2026-01-07,44220,Ｇ－ＶＡＬＵＥＮＥＸ,株式分割および株式分割に伴う定款の一部変更に関するお知らせ,https://www.release.tdnet.info/inbs/140120260106529559.pdf,False,,japanese,,東,
2026-01-07 16:00:00,2026-01-07,47450,東京個別,当社株式の上場廃止に関するお知らせ,https://www.release.tdnet.info/inbs/140120251219523302.pdf,False,,japanese,,東,
2026-01-07 16:00:00,2026-01-07,48330,Ｇ－Ｄｅｆコンサル,第三者割当による第７回新株予約権（行使価額修正条項付）の大量行使に関するお知らせ,https://www.release.tdnet.info/inbs/140120260107530253.pdf,False,,japanese,,東,
2026-01-07 16:00:00,2026-01-07,50270,Ｇ－ＡｎｙＭｉｎｄ,よくお問い合わせ頂くご質問への回答（2025年第4四半期に頂いた質問）,https://www.release.tdnet.info/inbs/140120260107530272.pdf,False,,japanese,,東,
2026-01-07 16:00:00,2026-01-07,51310,Ｇ－リンカーズ,資金の借入に関するお知らせ,https://www.release.tdnet.info/inbs/140120260107530058.pdf,False,,japanese,,東,
2026-01-07 16:00:00,2026-01-07,55990,Ｇ－Ｓ＆Ｊ,自己株式の取得状況に関するお知らせ,https://www.release.tdnet.info/inbs/140120260107529902.pdf,False,,japanese,,東,
2026-01-07 16:00:00,2026-01-07,60360,ＫｅｅＰｅｒ技研,キーパーラボ運営事業とキーパー製品等関連事業の月次速報（12月）,https://www.release.tdnet.info/inbs/140120260107530192.pdf,False,,japanese,,東名,
2026-01-07 16:00:00,2026-01-07,60960,レアジョブ,株主優待制度の変更に関するお知らせ,https://www.release.tdnet.info/inbs/140120260106529297.pdf,False,,japanese,,東,
2026-01-07 16:00:00,2026-01-07,66640,オプトエレクト,第三者割当による新株式の発行及び自己株式の処分の払込完了に関するお知らせ,https://www.release.tdnet.info/inbs/140120260107530286.pdf,False,,japanese,,東,
2026-01-07 16:00:00,2026-01-07,82670,イオン,通期業績予想の修正に関するお知らせ,https://www.release.tdnet.info/inbs/140120260107530310.pdf,True,,japanese,,東,https://www.release.tdnet.info/inbs/091220260107530310.zip
2026-01-07 16:00:00,2026-01-07,89640,Ｒ－フロンティア,資金の借入に関するお知らせ（グリーンローンを含む）,https://www.release.tdnet.info/inbs/140120260107530229.pdf,False,,japanese,,東,
2026-01-07 16:00:00,2026-01-07,90440,南海電鉄,自己株式の取得状況に関するお知らせ（会社法第165条第２項の規定による定款の定めに基づく自己株式の取得）,https://www.release.tdnet.info/inbs/140120260107530153.pdf,False,,japanese,,東,
2026-01-07 16:00:00,2026-01-07,98610,吉野家ＨＤ,2026年2月期第3四半期決算短信〔日本基準〕(連結),https://www.release.tdnet.info/inbs/140120260106529489.pdf,True,,japanese,,東,https://www.release.tdnet.info/inbs/081220260106529489.zip
2026-01-07 16:00:00,2026-01-07,98610,吉野家ＨＤ,2026年2月期第3四半期決算補足資料,https://www.release.tdnet.info/inbs/140120260107530061.pdf,False,,japanese,,東,
2026-01-07 15:45:00,2026-01-07,31970,すかいらーくＨＤ,2025年12月度　すかいらーくグループIRレポート,https://www.release.tdnet.info/inbs/140120260107530250.pdf,False,,japanese,,東,
2026-01-07 15:45:00,2026-01-07,89510,Ｒ－ビルＦ,新投資口発行及び投資口売出しに関するお知らせ,https://www.release.tdnet.info/inbs/140120260107529907.pdf,False,,japanese,,東,
2026-01-07 15:45:00,2026-01-07,89510,Ｒ－ビルＦ,国内不動産信託受益権及び国内不動産の取得並びに国内不動産信託受益権の譲渡に関するお知らせ,https://www.release.tdnet.info/inbs/140120260107529911.pdf,False,,japanese,,東,
2026-01-07 15:45:00,2026-01-07,89510,Ｒ－ビルＦ,2026年６月期の運用状況及び１口当たり分配金の予想の修正並びに2026年12月期の運用状況及び１口当たり分配金の予想に関するお知らせ,https://www.release.tdnet.info/inbs/140120260107529917.pdf,True,,japanese,,東,https://www.release.tdnet.info/inbs/091220260107529917.zip
2026-01-07 15:45:00,2026-01-07,89510,Ｒ－ビルＦ,2026年１月７日付で公表したニュースリリースについての補足説明資料,https://www.release.tdnet.info/inbs/140120260107529981.pdf,False,,japanese,,東,
2026-01-07 15:40:00,2026-01-07,60710,ＩＢＪ,株式会社 IBJ（結婚相談所事業）2025年12月次KPI報告について,https://www.release.tdnet.info/inbs/140120260107530266.pdf,False,,japanese,,東,
2026-01-07 15:31:00,2026-01-07,71770,ＧＭＯＦＨＤ,2025年12月の月次開示情報（速報）に関するお知らせ,https://www.release.tdnet.info/inbs/140120260107530053.pdf,False,,japanese,,東,
2026-01-07 15:31:00,2026-01-07,94490,ＧＭＯ,自己株式の取得状況に関するお知らせ,https://www.release.tdnet.info/inbs/140120260107529769.pdf,False,,japanese,,東,
2026-01-07 15:30:00,2026-01-07,14140,ショーボンド,自己株式の取得状況に関するお知らせ,https://www.release.tdnet.info/inbs/140120260106529679.pdf,False,,japanese,,東,
2026-01-07 15:30:00,2026-01-07,14330,ベステラ,主要株主である筆頭株主の異動に関するお知らせ,https://www.release.tdnet.info/inbs/140120260107530179.pdf,False,,japanese,,東,
2026-01-07 15:30:00,2026-01-07,14360,Ｇ－グリーンエナジー,サステナビリティ・リンク・ローンによるシンジケートローン契約締結に関するお知らせ,https://www.release.tdnet.info/inbs/140120260107529959.pdf,False,,japanese,,東,
2026-01-07 15:30:00,2026-01-07,14380,岐阜造園,支配株主等に関する事項について,https://www.release.tdnet.info/inbs/140120260107530203.pdf,False,,japanese,,東名,
2026-01-07 15:30:00,2026-01-07,23340,Ｇ－イオレ,募集新株予約権（有償ストック・オプション）の発行内容確定に関するお知らせ,https://www.release.tdnet.info/inbs/140120260107530067.pdf,False,,japanese,,東,
2026-01-07 15:30:00,2026-01-07,23370,いちご,いちご太陽光および風力発電所 月次発電実績（2025年12月）のお知らせ,https://www.release.tdnet.info/inbs/140120260107530065.pdf,False,,japanese,,東,
2026-01-07 15:30:00,2026-01-07,26700,ＡＢＣマート,2026年２月期第３四半期決算短信〔日本基準〕(連結),https://www.release.tdnet.info/inbs/140120260106529543.pdf,True,,japanese,,東,https://www.release.tdnet.info/inbs/081220260106529543.zip
2026-01-07 15:30:00,2026-01-07,26700,ＡＢＣマート,2026年2月期 第3四半期　決算データ資料（期間:2025年3月1日～2025年11月30日）,https://www.release.tdnet.info/inbs/140120260107529826.pdf,False,,japanese,,東,
2026-01-07 15:30:00,2026-01-07,26780,アスクル,特別当座貸越契約の締結に関するお知らせ,https://www.release.tdnet.info/inbs/140120260107530046.pdf,False,,japanese,,東,
2026-01-07 15:30:00,2026-01-07,27050,大戸屋ＨＤ,2025年12月度の月次売上高等に係る昨年対比増減率について,https://www.release.tdnet.info/inbs/140120260107529894.pdf,False,,japanese,,東,
2026-01-07 15:30:00,2026-01-07,27920,ハニーズＨＬＤ,2026年５月期　第２四半期（中間期）決算短信〔日本基準〕（連結）,https://www.release.tdnet.info/inbs/140120260106529191.pdf,True,,japanese,,東,https://www.release.tdnet.info/inbs/081220260106529191.zip
2026-01-07 15:30:00,2026-01-07,30820,きちりＨＤ,2025年12月度 月次売上高等前年同月比についてのお知らせ,https://www.release.tdnet.info/inbs/140120260107530054.pdf,False,,japanese,,東,
2026-01-07 15:30:00,2026-01-07,30820,きちりＨＤ,自己株式取得状況に関するお知らせ,https://www.release.tdnet.info/inbs/140120260107530057.pdf,False,,japanese,,東,
2026-01-07 15:30:00,2026-01-07,36120,ワールド,2026年２月期 第３四半期決算短信〔ＩＦＲＳ〕（連結）,https://www.release.tdnet.info/inbs/140120260106529603.pdf,True,,japanese,,東,https://www.release.tdnet.info/inbs/081220260106529603.zip
2026-01-07 15:30:00,2026-01-07,36120,ワールド,2026年２月期 第３四半期決算補足資料（データブック）,https://www.release.tdnet.info/inbs/140120260106529604.pdf,False,,japanese,,東,
2026-01-07 15:30:00,2026-01-07,36120,ワールド,国内小売事業 2026年2月期　月次売上概況（12月度）,https://www.release.tdnet.info/inbs/140120260106529607.pdf,False,,japanese,,東,
2026-01-07 15:30:00,2026-01-07,36120,ワールド,固定資産売却に関するお知らせ,https://www.release.tdnet.info/inbs/140120260106529609.pdf,False,,japanese,,東,
2026-01-07 15:30:00,2026-01-07,36900,イルグルム,（開示事項の経過）資金借入に関するお知らせ,https://www.release.tdnet.info/inbs/140120260107529758.pdf,False,,japanese,,東,
2026-01-07 15:30:00,2026-01-07,36900,イルグルム,シルバーエッグ・テクノロジー株式会社（証券コード：3961）の株券等に対する公開買付けの結果及び子会社の異動（特定子会社の異動）に関するお知らせ,https://www.release.tdnet.info/inbs/140120260107529757.pdf,False,,japanese,,東,
2026-01-07 15:30:00,2026-01-07,39610,Ｇ－シルバーエッグ,株式会社イルグルムによる当社株券等に対する公開買付けの結果並びに親会社、主要株主である筆頭株主及び支配株主（親会社を除く。）の異動に関するお知らせ,https://www.release.tdnet.info/inbs/140120260105528610.pdf,False,,japanese,,東,
2026-01-07 15:30:00,2026-01-07,40470,関電化,渋川工場火災事故についてのお知らせ（第７報）,https://www.release.tdnet.info/inbs/140120260107530210.pdf,False,,japanese,,東,
2026-01-07 15:30:00,2026-01-07,42050,日ゼオン,自己株式の消却完了に関するお知らせ,https://www.release.tdnet.info/inbs/140120260106529656.pdf,False,,japanese,,東,
2026-01-07 15:30:00,2026-01-07,44960,Ｇ－コマースワン,自己株式の取得状況に関するお知らせ,https://www.release.tdnet.info/inbs/140120260107529863.pdf,False,,japanese,,東,
2026-01-07 15:30:00,2026-01-07,45270,ロート薬,"タイを拠点とするウェルネス関連企業 Thann Oryza Co., Ltd. の 株式取得（子会社化）について",https://www.release.tdnet.info/inbs/140120260107529928.pdf,False,,japanese,,東,
2026-01-07 15:30:00,2026-01-07,46760,フジＨＤ,当社株式の大規模買付行為等に係る改訂情報リスト交付に関するお知らせ,https://www.release.tdnet.info/inbs/140120260107530239.pdf,False,,japanese,,東,
2026-01-07 15:30:00,2026-01-07,47200,城南進研,親会社以外の支配株主及び主要株主の異動に関するお知らせ,https://www.release.tdnet.info/inbs/140120260106529723.pdf,False,,japanese,,東,
2026-01-07 15:30:00,2026-01-07,49220,コーセーＨＤ,従業員持株会向け譲渡制限付株式インセンティブとしての自己株式の処分の払込完了 及び一部失権に関するお知らせ,https://www.release.tdnet.info/inbs/140120251224525657.pdf,False,,japanese,,東,
2026-01-07 15:30:00,2026-01-07,49750,ＪＣＵ,自己株式の取得状況に関するお知らせ,https://www.release.tdnet.info/inbs/140120260107530117.pdf,False,,japanese,,東,
2026-01-07 15:30:00,2026-01-07,58440,京都ＦＧ,自己株式の取得状況に関するお知らせ,https://www.release.tdnet.info/inbs/140120260106529109.pdf,False,,japanese,,東,
2026-01-07 15:30:00,2026-01-07,58910,魁力屋,（開示事項の経過）株式会社エムピーキッチンホールディングスの株式の取得（子会社化）完了のお知らせ,https://www.release.tdnet.info/inbs/140120260107529965.pdf,False,,japanese,,東,
2026-01-07 15:30:00,2026-01-07,60780,バリューＨＲ,自己株式の取得状況に関するお知らせ,https://www.release.tdnet.info/inbs/140120260107530191.pdf,False,,japanese,,東,
2026-01-07 15:30:00,2026-01-07,64480,ブラザー,自己株式の取得状況に関するお知らせ,https://www.release.tdnet.info/inbs/140120260107529941.pdf,False,,japanese,,東名,
2026-01-07 15:30:00,2026-01-07,66260,ＳＥＭＩＴＥＣ,自己株式の取得状況に関するお知らせ,https://www.release.tdnet.info/inbs/140120260106529334.pdf,False,,japanese,,東,
2026-01-07 15:30:00,2026-01-07,67020,富士通,自己株式の取得状況に関するお知らせ,https://www.release.tdnet.info/inbs/140120260106529143.pdf,False,,japanese,,東名,
2026-01-07 15:30:00,2026-01-07,68410,横河電,自己株式取得状況および取得終了に関するお知らせ,https://www.release.tdnet.info/inbs/140120260107530042.pdf,False,,japanese,,東,
2026-01-07 15:30:00,2026-01-07,69280,エノモト,第三者割当による自己株式処分の払込完了に関するお知らせ,https://www.release.tdnet.info/inbs/140120260106529737.pdf,False,,japanese,,東,
2026-01-07 15:30:00,2026-01-07,71120,Ｇ－キューブ,［2025年12月期］2025年12月度 直営店月次売上速報,https://www.release.tdnet.info/inbs/140120260107530231.pdf,False,,japanese,,東,
2026-01-07 15:30:00,2026-01-07,72870,日本精機,自己株式の取得状況に関するお知らせ,https://www.release.tdnet.info/inbs/140120260105528560.pdf,False,,japanese,,東,
2026-01-07 15:30:00,2026-01-07,73130,ＴＳテック,自己株式の取得状況に関するお知らせ,https://www.release.tdnet.info/inbs/140120260107529815.pdf,False,,japanese,,東,
2026-01-07 15:30:00,2026-01-07,73180,Ｇ－セレンディップ,自己株式取得に係る事項の決定に関するお知らせ,https://www.release.tdnet.info/inbs/140120260107530047.pdf,False,,japanese,,東,
2026-01-07 15:30:00,2026-01-07,74170,南陽,自己株式の取得状況に関するお知らせ,https://www.release.tdnet.info/inbs/140120260106529427.pdf,False,,japanese,,東福,
2026-01-07 15:30:00,2026-01-07,74450,ライトオン,2026年8月期　第1四半期決算短信〔日本基準〕（非連結）,https://www.release.tdnet.info/inbs/140120251228527800.pdf,True,,japanese,,東,https://www.release.tdnet.info/inbs/081220251228527800.zip
2026-01-07 15:30:00,2026-01-07,74450,ライトオン,特別損失の計上に関するお知らせ,https://www.release.tdnet.info/inbs/140120251228527821.pdf,False,,japanese,,東,
2026-01-07 15:30:00,2026-01-07,74450,ライトオン,月次売上高前年比情報に関するお知らせ,https://www.release.tdnet.info/inbs/140120260106529727.pdf,False,,japanese,,東,
2026-01-07 15:30:00,2026-01-07,75540,幸楽苑,2026年３月期12月度売上推移速報に関するお知らせ,https://www.release.tdnet.info/inbs/140120260106529482.pdf,False,,japanese,,東,
2026-01-07 15:30:00,2026-01-07,78930,プロネクサス,自己株式の取得状況に関するお知らせ,https://www.release.tdnet.info/inbs/140120260107529795.pdf,False,,japanese,,東,
2026-01-07 15:30:00,2026-01-07,79750,リヒトラブ,2026年２月期通期連結業績予想の修正に関するお知らせ,https://www.release.tdnet.info/inbs/140120260106529690.pdf,True,,japanese,,東名,https://www.release.tdnet.info/inbs/091220260106529690.zip
2026-01-07 15:30:00,2026-01-07,85910,オリックス,自己株式の取得状況に関するお知らせ,https://www.release.tdnet.info/inbs/140120260105528917.pdf,False,,japanese,,東,
2026-01-07 15:30:00,2026-01-07,85950,ジャフコ　グループ,非連結決算への移行に関するお知らせ,https://www.release.tdnet.info/inbs/140120260107529859.pdf,False,,japanese,,東,
2026-01-07 15:30:00,2026-01-07,87980,アドバンスクリエイト,東京証券取引所、福岡証券取引所及び札幌証券取引所への「改善状況報告書」の提出に関するお知らせ,https://www.release.tdnet.info/inbs/140120260107530139.pdf,False,,japanese,,東札福,
2026-01-07 15:30:00,2026-01-07,88440,コスモスイニシア,株式の追加取得（完全子会社化）に関するお知らせ,https://www.release.tdnet.info/inbs/140120260107530008.pdf,False,,japanese,,東,
2026-01-07 15:30:00,2026-01-07,92020,ＡＮＡ,自己株式の取得状況に関するお知らせ（会社法第165条第２項の規定による定款の定めに基づく自己株式の取得）,https://www.release.tdnet.info/inbs/140120260106529479.pdf,False,,japanese,,東,
2026-01-07 15:30:00,2026-01-07,92510,Ｇ－ＡＢ＆Ｃ,国内店舗月次営業速報（2025年12月）のお知らせ,https://www.release.tdnet.info/inbs/140120260107530074.pdf,False,,japanese,,東,
2026-01-07 15:30:00,2026-01-07,92540,Ｇ－ラバブルマーケ,事業計画及び成長可能性に関する事項,https://www.release.tdnet.info/inbs/140120260107530205.pdf,False,,japanese,,東,
2026-01-07 15:30:00,2026-01-07,92790,ギフトＨＤ,2026年10月期12月度 直営店売上速報についてのお知らせ,https://www.release.tdnet.info/inbs/140120260107529905.pdf,False,,japanese,,東,
2026-01-07 15:30:00,2026-01-07,92820,Ｉ－いちごグリーン,太陽光発電所月次発電実績（2025年12月）のお知らせ,https://www.release.tdnet.info/inbs/140120260107530060.pdf,False,,japanese,,東,
2026-01-07 15:30:00,2026-01-07,93380,Ｇ－ＩＮＦＯＲＩＣＨ,CHARGESPOT (THAILAND) COMPANY LIMITED の株式取得についてのお知らせ,https://www.release.tdnet.info/inbs/140120260107530107.pdf,False,,japanese,,東,
2026-01-07 15:30:00,2026-01-07,95330,東邦瓦斯,自己株式の取得状況に関するお知らせ,https://www.release.tdnet.info/inbs/140120260107529785.pdf,False,,japanese,,東名,
2026-01-07 15:30:00,2026-01-07,97930,ダイセキ,2026年2月期第3四半期決算短信〔日本基準〕（連結）,https://www.release.tdnet.info/inbs/140120251222523980.pdf,True,,japanese,,東名,https://www.release.tdnet.info/inbs/081220251222523980.zip
2026-01-07 15:30:00,2026-01-07,97930,ダイセキ,配当予想の修正に関するお知らせ,https://www.release.tdnet.info/inbs/140120251223524092.pdf,False,,japanese,,東名,
2026-01-07 15:30:00,2026-01-07,97950,ステップ,自己株式の取得状況に関するお知らせ,https://www.release.tdnet.info/inbs/140120260107529833.pdf,False,,japanese,,東,
2026-01-07 15:30:00,2026-01-07,98370,モリト,自己株式の取得状況に関するお知らせ,https://www.release.tdnet.info/inbs/140120260107530090.pdf,False,,japanese,,東,
2026-01-07 15:30:00,2026-01-07,98460,天満屋ス,2026年2月期　第3四半期決算短信〔日本基準〕（連結）,https://www.release.tdnet.info/inbs/140120260105528994.pdf,True,,japanese,,東,https://www.release.tdnet.info/inbs/081220260105528994.zip
2026-01-07 15:30:00,2026-01-07,98690,加藤産業,自己株式の取得状況に関するお知らせ,https://www.release.tdnet.info/inbs/140120251226527573.pdf,False,,japanese,,東,
2026-01-07 15:30:00,2026-01-07,98780,セキド,第三者割当により発行された第18回新株予約権（行使価額修正条項及び行使停止条項付）の停止指定の決定に関するお知らせ,https://www.release.tdnet.info/inbs/140120260107530228.pdf,False,,japanese,,東,
2026-01-07 15:00:00,2026-01-07,17190,安藤ハザマ,シンガポールの建設会社「QXY Resources Pte. Ltd.」の株式取得に関するお知らせ,https://www.release.tdnet.info/inbs/140120260106529447.pdf,False,,japanese,,東,
2026-01-07 15:00:00,2026-01-07,19970,暁飯島,2026年８月期 第１四半期決算短信〔日本基準〕（非連結）,https://www.release.tdnet.info/inbs/140120260106529555.pdf,True,,japanese,,東,https://www.release.tdnet.info/inbs/081220260106529555.zip
2026-01-07 15:00:00,2026-01-07,26590,サンエー,2026年２月期第３四半期決算短信〔日本基準〕(連結),https://www.release.tdnet.info/inbs/140120260106529404.pdf,True,,japanese,,東,https://www.release.tdnet.info/inbs/081220260106529404.zip
2026-01-07 15:00:00,2026-01-07,51300,Ｐ－ヒロＨＤ,資金の借入に関するお知らせ,https://www.release.tdnet.info/inbs/140120260107530063.pdf,False,,japanese,,東,
2026-01-07 15:00:00,2026-01-07,74140,小野建,自己株式の取得状況に関するお知らせ,https://www.release.tdnet.info/inbs/140120260107529966.pdf,False,,japanese,,東福,
2026-01-07 15:00:00,2026-01-07,82030,ＭｒＭａｘＨＤ,2025年12月度　ＭｒＭａｘ月次の売上状況について,https://www.release.tdnet.info/inbs/140120260107529883.pdf,False,,japanese,,東福,
2026-01-07 15:00:00,2026-01-07,87470,豊トラスティ証券,連結総資産の減少に関するお知らせ,https://www.release.tdnet.info/inbs/140120260107529059.pdf,False,,japanese,,東,
2026-01-07 15:00:00,2026-01-07,94120,スカパーＪＳＡＴ,組織変更および執行役員人事のお知らせ,https://www.release.tdnet.info/inbs/140120260107530016.pdf,False,,japanese,,東,
2026-01-07 14:00:00,2026-01-07,18200,西松建,本社機構改編及び執行役員の異動に関するお知らせ,https://www.release.tdnet.info/inbs/140120260106529206.pdf,False,,japanese,,東,
2026-01-07 14:00:00,2026-01-07,56580,日亜鋼,自己株式の取得状況に関するお知らせ,https://www.release.tdnet.info/inbs/140120260107529814.pdf,False,,japanese,,東,
2026-01-07 13:30:00,2026-01-07,58300,いよぎんＨＤ,自己株式の取得状況に関するお知らせ,https://www.release.tdnet.info/inbs/140120251225526285.pdf,False,,japanese,,東,
2026-01-07 13:00:00,2026-01-07,13760,カネコ種苗,2026年５月期　第２四半期（中間期）決算短信〔日本基準〕（連結）,https://www.release.tdnet.info/inbs/140120260105528955.pdf,True,,japanese,,東,https://www.release.tdnet.info/inbs/081220260105528955.zip
2026-01-07 13:00:00,2026-01-07,30650,ライフフーズ,主要株主の異動に関するお知らせ,https://www.release.tdnet.info/inbs/140120260107529976.pdf,False,,japanese,,東,
2026-01-07 13:00:00,2026-01-07,81660,タカキュー,月次売上高前年比情報（速報）のお知らせ,https://www.release.tdnet.info/inbs/140120260107529868.pdf,False,,japanese,,東,
2026-01-07 13:00:00,2026-01-07,86300,ＳＯＭＰＯＨＤ,自己株式の取得状況に関するお知らせ,https://www.release.tdnet.info/inbs/140120260105528741.pdf,False,,japanese,,東,
2026-01-07 12:30:00,2026-01-07,28920,日食化,自己株式の取得状況に関するお知らせ,https://www.release.tdnet.info/inbs/140120260106529615.pdf,False,,japanese,,東,
2026-01-07 12:30:00,2026-01-07,29700,ＧＬＣ　ＧＲＯＵＰ,2025年12月期月次概況（12月度速報）のお知らせ,https://www.release.tdnet.info/inbs/140120260107529897.pdf,False,,japanese,,東,
2026-01-07 12:00:00,2026-01-07,14820,ｉＳ米国債七十円へジ,ＥＴＦの収益分配金見込額のお知らせ,https://www.release.tdnet.info/inbs/140120260107529993.pdf,False,,japanese,,東,
2026-01-07 12:00:00,2026-01-07,14960,ｉＳ米＄ＩＧ社債ヘジ,ＥＴＦの収益分配金見込額のお知らせ,https://www.release.tdnet.info/inbs/140120260107529994.pdf,False,,japanese,,東,
2026-01-07 12:00:00,2026-01-07,14970,ｉＳ米＄ＨＹ社債ヘジ,ＥＴＦの収益分配金見込額のお知らせ,https://www.release.tdnet.info/inbs/140120260107529995.pdf,False,,japanese,,東,
2026-01-07 12:00:00,2026-01-07,16560,ｉＳ米国債七十,ＥＴＦの収益分配金見込額のお知らせ,https://www.release.tdnet.info/inbs/140120260107529996.pdf,False,,japanese,,東,
2026-01-07 12:00:00,2026-01-07,20120,ｉＳ米国債０３月,ＥＴＦの収益分配金見込額のお知らせ,https://www.release.tdnet.info/inbs/140120260107529997.pdf,False,,japanese,,東,
2026-01-07 12:00:00,2026-01-07,22550,ｉＳ米国債二十,ＥＴＦの収益分配金見込額のお知らせ,https://www.release.tdnet.info/inbs/140120260107529998.pdf,False,,japanese,,東,
2026-01-07 12:00:00,2026-01-07,22560,ｉＳ米国総合債券,ＥＴＦの収益分配金見込額のお知らせ,https://www.release.tdnet.info/inbs/140120260107529999.pdf,False,,japanese,,東,
2026-01-07 12:00:00,2026-01-07,22570,ｉＳ＄ＩＧ社債,ＥＴＦの収益分配金見込額のお知らせ,https://www.release.tdnet.info/inbs/140120260107530000.pdf,False,,japanese,,東,
2026-01-07 12:00:00,2026-01-07,22580,ｉＳ＄ＨＹ社債,ＥＴＦの収益分配金見込額のお知らせ,https://www.release.tdnet.info/inbs/140120260107530021.pdf,False,,japanese,,東,
2026-01-07 12:00:00,2026-01-07,22590,ｉＳフランス国債ヘジ,ＥＴＦの収益分配金見込額のお知らせ,https://www.release.tdnet.info/inbs/140120260107530022.pdf,False,,japanese,,東,
2026-01-07 12:00:00,2026-01-07,25610,ｉＳ日本国債,ＥＴＦの収益分配金見込額のお知らせ,https://www.release.tdnet.info/inbs/140120260107530026.pdf,False,,japanese,,東,
2026-01-07 12:00:00,2026-01-07,26200,ｉＳ米国債一三,ＥＴＦの収益分配金見込額のお知らせ,https://www.release.tdnet.info/inbs/140120260107530027.pdf,False,,japanese,,東,
2026-01-07 12:00:00,2026-01-07,26210,ｉＳ米国債二十へジ,ＥＴＦの収益分配金見込額のお知らせ,https://www.release.tdnet.info/inbs/140120260107530028.pdf,False,,japanese,,東,
2026-01-07 12:00:00,2026-01-07,26220,ｉＳ新興国債券へジ,ＥＴＦの収益分配金見込額のお知らせ,https://www.release.tdnet.info/inbs/140120260107530029.pdf,False,,japanese,,東,
2026-01-07 12:00:00,2026-01-07,26490,ｉＳＧＮＭＡ債ヘジ,ＥＴＦの収益分配金見込額のお知らせ,https://www.release.tdnet.info/inbs/140120260107530030.pdf,False,,japanese,,東,
2026-01-07 12:00:00,2026-01-07,28530,ｉＳ気候外国債券ヘジ,ＥＴＦの収益分配金見込額のお知らせ,https://www.release.tdnet.info/inbs/140120260107530031.pdf,False,,japanese,,東,
2026-01-07 12:00:00,2026-01-07,28560,ｉＳ米国債三七ヘジ,ＥＴＦの収益分配金見込額のお知らせ,https://www.release.tdnet.info/inbs/140120260107530032.pdf,False,,japanese,,東,
2026-01-07 12:00:00,2026-01-07,28570,ｉＳドイツ国債ヘジ,ＥＴＦの収益分配金見込額のお知らせ,https://www.release.tdnet.info/inbs/140120260107530033.pdf,False,,japanese,,東,
2026-01-07 12:00:00,2026-01-07,36910,Ｇ－デジタルプラス,2026年9月期第１四半期 流通総額・株主優待ギフト導入社数の速報値に関するお知らせ,https://www.release.tdnet.info/inbs/140120260107530010.pdf,False,,japanese,,東,
2026-01-07 12:00:00,2026-01-07,41160,大日精化,連結子会社におけるランサムウェア被害の発生に関するお知らせ（第２報）,https://www.release.tdnet.info/inbs/140120260106529088.pdf,False,,japanese,,東,
2026-01-07 12:00:00,2026-01-07,41770,Ｇ－ｉ－ｐｌｕｇ,2025年12月度　主要ＫＰＩ（速報）の推移に関するお知らせ,https://www.release.tdnet.info/inbs/140120260107529948.pdf,False,,japanese,,東,
2026-01-07 12:00:00,2026-01-07,92450,Ｇ－リベロ,よくある質問と回答(2025年11月),https://www.release.tdnet.info/inbs/140120260107529890.pdf,False,,japanese,,東,
2026-01-07 11:40:00,2026-01-07,13264,Ｅ－ワールド,SPDRゴールド・シェアに関する日々の開示事項,https://www.release.tdnet.info/inbs/140120260107529964.pdf,False,,japanese,,東,
2026-01-07 11:40:00,2026-01-07,66130,Ｇ－ＱＤレーザ,当社に関するインターネット掲示板等への投稿内容について,https://www.release.tdnet.info/inbs/140120260107529898.pdf,False,,japanese,,東,
2026-01-07 11:35:00,2026-01-07,13494,Ｅ－ＳＳＧＡ－ＳＩＮ,アジア国債・公債ＥＴＦ（正式名称：ＡＢＦ汎アジア債券インデックス・ファンド）に関する日々の開示事項,https://www.release.tdnet.info/inbs/140120260107529961.pdf,False,,japanese,,東,
2026-01-07 11:30:00,2026-01-07,15574,Ｅ－ＳＳＧＡＴＣ,SPDR S&P500 ETFに関する日々の開示事項,https://www.release.tdnet.info/inbs/140120260107529918.pdf,False,,japanese,,東,
2026-01-07 11:30:00,2026-01-07,20704,Ｎ－三菱ＵＦＪ証ＨＤ,上場ETN（発行者：三菱UFJ証券ホールディングス株式会社）に関する日々の開示事項,https://www.release.tdnet.info/inbs/140120260107529839.pdf,False,,japanese,,東,
2026-01-07 11:30:00,2026-01-07,67580,ソニーグループ,自己株式の取得状況に関するお知らせ（会社法第４５９条第１項の規定による定款の定めに基づく自己株式の取得）,https://www.release.tdnet.info/inbs/140120260106529421.pdf,False,,japanese,,東,
2026-01-07 11:00:00,2026-01-07,52430,Ｇ－ｎｏｔｅ,メディアプラットフォーム「note」における有料コンテンツの売買動向に関する分析結果公表のお知らせ,https://www.release.tdnet.info/inbs/140120260107529825.pdf,False,,japanese,,東,
2026-01-07 11:00:00,2026-01-07,82330,高島屋,(更新)「2028年満期ユーロ円建転換社債型新株予約権付社債の買入れ及び消却に係る事項の決定並びに自己株式の消却見合わせに関するお知らせ」の一部更新について,https://www.release.tdnet.info/inbs/140120251227527790.pdf,False,,japanese,,東,
2026-01-07 11:00:00,2026-01-07,82830,ＰＡＬＴＡＣ,自己株式の取得状況に関するお知らせ,https://www.release.tdnet.info/inbs/140120260107529789.pdf,False,,japanese,,東,
2026-01-07 10:30:00,2026-01-07,14990,ＭＸＳ高配当７０ＭＮ,ＭＡＸＩＳ ＥＴＦの収益分配金見込額のお知らせ,https://www.release.tdnet.info/inbs/140120260107529841.pdf,False,,japanese,,東,
2026-01-07 10:30:00,2026-01-07,15624,Ｅ－三井住友ＤＳＡＭ,上場ＥＴＦ（管理会社：三井住友DSアセットマネジメント）に関する日々の開示事項,https://www.release.tdnet.info/inbs/140120260107529835.pdf,False,,japanese,,東,
2026-01-07 10:30:00,2026-01-07,16600,ＭＸＳ高利Ｊリート,ＭＡＸＩＳ ＥＴＦの収益分配金見込額のお知らせ,https://www.release.tdnet.info/inbs/140120260107529842.pdf,False,,japanese,,東,
2026-01-07 10:30:00,2026-01-07,20850,ＭＸ高配日株ア,ＭＡＸＩＳ ＥＴＦの収益分配金見込額のお知らせ,https://www.release.tdnet.info/inbs/140120260107529843.pdf,False,,japanese,,東,
2026-01-07 10:20:00,2026-01-07,21850,シイエム・シイ,自己株式の取得状況に関するお知らせ,https://www.release.tdnet.info/inbs/140120260107529818.pdf,False,,japanese,,東名,
2026-01-07 10:20:00,2026-01-07,26420,ＳＭＴ低炭素日本株,ＥＴＦの収益分配金見込額のお知らせ,https://www.release.tdnet.info/inbs/140120260107529851.pdf,False,,japanese,,東,
2026-01-07 10:00:00,2026-01-07,16714,Ｅ－シンプレクス,上場ＥＴＦ(管理会社：シンプレクス・アセット・マネジメント)に関する日々の開示事項,https://www.release.tdnet.info/inbs/140120260107529803.pdf,False,,japanese,,東,
2026-01-07 10:00:00,2026-01-07,20020,日清粉Ｇ,自己株式の取得状況に関するお知らせ,https://www.release.tdnet.info/inbs/140120260106529561.pdf,False,,japanese,,東,
2026-01-07 10:00:00,2026-01-07,25550,東証ＲＥＩＴ－ＥＴＦ,ＥＴＦの収益分配金見込額のお知らせ,https://www.release.tdnet.info/inbs/140120260107529750.pdf,False,,japanese,,東,
2026-01-07 10:00:00,2026-01-07,30690,ＪＦＬＡＨＤ,臨時株主総会及び種類株主総会招集のための基準日設定に関するお知らせ,https://www.release.tdnet.info/inbs/140120260106529606.pdf,False,,japanese,,東,
2026-01-07 10:00:00,2026-01-07,44010,ＡＤＥＫＡ,自己株式の取得状況に関するお知らせ,https://www.release.tdnet.info/inbs/140120260107529765.pdf,False,,japanese,,東,
2026-01-07 10:00:00,2026-01-07,73760,Ｇ－ＢＣＣ,株式分割、株式分割に伴う定款の一部変更に関するお知らせ,https://www.release.tdnet.info/inbs/140120260107529764.pdf,False,,japanese,,東,
2026-01-07 10:00:00,2026-01-07,99360,王将フード,2025年12月　月次売上高（速報版）,https://www.release.tdnet.info/inbs/140120260106529735.pdf,False,,japanese,,東,
2026-01-07 09:45:00,2026-01-07,13294,Ｅ－ブラックロック,上場ETF（管理会社：ブラックロック・ジャパン）に関する日々の開示事項,https://www.release.tdnet.info/inbs/140120260107529784.pdf,False,,japanese,,東,
2026-01-07 09:00:00,2026-01-07,16724,Ｅ－ＷｉｓｄｏｍＴｒ,上場ETF（管理会社：WisdomTree、外国投資法人：MSL）に関する日々の開示事項,https://www.release.tdnet.info/inbs/140120260107529754.pdf,False,,japanese,,東,
2026-01-07 09:00:00,2026-01-07,16724,Ｅ－ＷｉｓｄｏｍＴｒ,上場ETF（管理会社：WisdomTree、外国投資法人：CSL）に関する日々の開示事項,https://www.release.tdnet.info/inbs/140120260107529755.pdf,False,,japanese,,東,
2026-01-07 09:00:00,2026-01-07,66200,宮越ＨＤ,連結子会社における建物等の取り壊しに関するお知らせ,https://www.release.tdnet.info/inbs/140120260106529680.pdf,False,,japanese,,東,
2026-01-07 09:00:00,2026-01-07,78390,ＳＨＯＥＩ,自己株式の取得状況に関するお知らせ,https://www.release.tdnet.info/inbs/140120260106529514.pdf,False,,japanese,,東,
2026-01-07 08:55:00,2026-01-07,14860,上場米債ヘッジなし,ＥＴＦの収益分配金見込額のお知らせ,https://www.release.tdnet.info/inbs/140120260107529743.pdf,False,,japanese,,東,
2026-01-07 08:55:00,2026-01-07,14870,上場米債ヘッジあり,ＥＴＦの収益分配金見込額のお知らせ,https://www.release.tdnet.info/inbs/140120260107529744.pdf,False,,japanese,,東,
2026-01-07 08:55:00,2026-01-07,15550,上場Ａリート,ＥＴＦの収益分配金見込額のお知らせ,https://www.release.tdnet.info/inbs/140120260107529745.pdf,False,,japanese,,東,
2026-01-07 08:55:00,2026-01-07,15660,上場ＥＭ債,ＥＴＦの収益分配金見込額のお知らせ,https://www.release.tdnet.info/inbs/140120260107529746.pdf,False,,japanese,,東,
2026-01-07 08:55:00,2026-01-07,16770,上場外債,ＥＴＦの収益分配金見込額のお知らせ,https://www.release.tdnet.info/inbs/140120260107529747.pdf,False,,japanese,,東,
2026-01-07 08:50:00,2026-01-07,13650,ｉＦ２２５ダブル,iFreeETFの収益分配金見込額のお知らせ,https://www.release.tdnet.info/inbs/140120260106529706.pdf,False,,japanese,,東,
2026-01-07 08:50:00,2026-01-07,13660,ｉＦ２２５Ｗベア,iFreeETFの収益分配金見込額のお知らせ,https://www.release.tdnet.info/inbs/140120260106529707.pdf,False,,japanese,,東,
2026-01-07 08:50:00,2026-01-07,13670,ｉＦＴＰＸダブル,iFreeETFの収益分配金見込額のお知らせ,https://www.release.tdnet.info/inbs/140120260106529708.pdf,False,,japanese,,東,
2026-01-07 08:50:00,2026-01-07,13680,ｉＦＴＰＸＷベア,iFreeETFの収益分配金見込額のお知らせ,https://www.release.tdnet.info/inbs/140120260106529709.pdf,False,,japanese,,東,
2026-01-07 08:50:00,2026-01-07,14560,ｉＦ２２５ベア,iFreeETFの収益分配金見込額のお知らせ,https://www.release.tdnet.info/inbs/140120260106529710.pdf,False,,japanese,,東,
2026-01-07 08:50:00,2026-01-07,14570,ｉＦＴＰＸベア,iFreeETFの収益分配金見込額のお知らせ,https://www.release.tdnet.info/inbs/140120260106529711.pdf,False,,japanese,,東,
2026-01-07 08:50:00,2026-01-07,14660,ｉＦＪ４００Ｗベア,iFreeETFの収益分配金見込額のお知らせ,https://www.release.tdnet.info/inbs/140120260106529712.pdf,False,,japanese,,東,
2026-01-07 08:50:00,2026-01-07,14790,ｉＦＭＳＣＩ人材設備,iFreeETFの収益分配金見込額のお知らせ,https://www.release.tdnet.info/inbs/140120260106529713.pdf,False,,japanese,,東,
2026-01-07 08:50:00,2026-01-07,15850,ｉＦＥＸ－Ｆ,iFreeETFの収益分配金見込額のお知らせ,https://www.release.tdnet.info/inbs/140120260106529714.pdf,False,,japanese,,東,
2026-01-07 08:50:00,2026-01-07,15990,ｉＦＪＰＸ日経４００,iFreeETFの収益分配金見込額のお知らせ,https://www.release.tdnet.info/inbs/140120260106529715.pdf,False,,japanese,,東,
2026-01-07 08:50:00,2026-01-07,16520,ｉＦ女性活躍ＷＩＮ,iFreeETFの収益分配金見込額のお知らせ,https://www.release.tdnet.info/inbs/140120260106529716.pdf,False,,japanese,,東,
2026-01-07 08:50:00,2026-01-07,16530,ｉＦＥＳＧセレクト,iFreeETFの収益分配金見込額のお知らせ,https://www.release.tdnet.info/inbs/140120260106529717.pdf,False,,japanese,,東,
2026-01-07 08:50:00,2026-01-07,16540,ｉＦブロッサム,iFreeETFの収益分配金見込額のお知らせ,https://www.release.tdnet.info/inbs/140120260106529718.pdf,False,,japanese,,東,
2026-01-07 08:50:00,2026-01-07,26240,ｉＦ２２５年４,iFreeETFの収益分配金見込額のお知らせ,https://www.release.tdnet.info/inbs/140120260106529719.pdf,False,,japanese,,東,
2026-01-07 08:50:00,2026-01-07,26250,ｉＦＴＰＸ年４,iFreeETFの収益分配金見込額のお知らせ,https://www.release.tdnet.info/inbs/140120260106529720.pdf,False,,japanese,,東,
2026-01-07 08:50:00,2026-01-07,28650,ＧＸＮＤＸカバコ,ETFの収益分配金見込額のお知らせ,https://www.release.tdnet.info/inbs/140120260106529681.pdf,False,,japanese,,東,
2026-01-07 08:50:00,2026-01-07,28660,ＧＸ優先証券,ETFの収益分配金見込額のお知らせ,https://www.release.tdnet.info/inbs/140120260106529682.pdf,False,,japanese,,東,
2026-01-07 08:50:00,2026-01-07,28680,ＧＸＳＰＸカバコ,ETFの収益分配金見込額のお知らせ,https://www.release.tdnet.info/inbs/140120260106529683.pdf,False,,japanese,,東,
2026-01-08 21:00:00,2026-01-08,86980,マネックスＧ,グループ内組織再編に関するお知らせ ～連結子会社3iQ社をクリプトアセット事業セグメントに異動～,https://www.release.tdnet.info/inbs/140120260108530770.pdf,False,,japanese,,東,
2026-01-08 19:10:00,2026-01-08,40730,Ｇ－ジィ・シィ企画,当社に対する上告の棄却及び不受理の決定に関するお知らせ,https://www.release.tdnet.info/inbs/140120260108531154.pdf,False,,japanese,,東,
2026-01-08 18:50:00,2026-01-08,47630,Ｃ＆Ｒ社,2026年２月期 第３四半期 決算説明会資料,https://www.release.tdnet.info/inbs/140120260105528608.pdf,False,,japanese,,東,
2026-01-08 18:40:00,2026-01-08,13450,上場Ｊリート,ＥＴＦの収益分配のお知らせ,https://www.release.tdnet.info/inbs/140120260108531121.pdf,False,,japanese,,東,
2026-01-08 18:40:00,2026-01-08,13990,上場高配当低ボラ,ＥＴＦの収益分配のお知らせ,https://www.release.tdnet.info/inbs/140120260108531122.pdf,False,,japanese,,東,
2026-01-08 18:40:00,2026-01-08,14810,上場日本経済貢献,ＥＴＦの収益分配のお知らせ,https://www.release.tdnet.info/inbs/140120260108531123.pdf,False,,japanese,,東,
2026-01-08 18:40:00,2026-01-08,14900,上場ベータヘッジ,ＥＴＦの収益分配のお知らせ,https://www.release.tdnet.info/inbs/140120260108531124.pdf,False,,japanese,,東,
2026-01-08 18:40:00,2026-01-08,15780,上場２２５Ｍ,ＥＴＦの収益分配のお知らせ,https://www.release.tdnet.info/inbs/140120260108531125.pdf,False,,japanese,,東,
2026-01-08 18:40:00,2026-01-08,15860,上場ＴＰＸ除く金融,ＥＴＦの収益分配のお知らせ,https://www.release.tdnet.info/inbs/140120260108531126.pdf,False,,japanese,,東,
2026-01-08 18:40:00,2026-01-08,15920,上場ＪＰＸ日経４００,ＥＴＦの収益分配のお知らせ,https://www.release.tdnet.info/inbs/140120260108531127.pdf,False,,japanese,,東,
2026-01-08 18:40:00,2026-01-08,16980,上場配当,ＥＴＦの収益分配のお知らせ,https://www.release.tdnet.info/inbs/140120260108531128.pdf,False,,japanese,,東,
2026-01-08 18:40:00,2026-01-08,22350,上場ダウヘッジなし,ＥＴＦの収益分配のお知らせ,https://www.release.tdnet.info/inbs/140120260108531130.pdf,False,,japanese,,東,
2026-01-08 18:40:00,2026-01-08,25620,上場ダウヘッジあり,ＥＴＦの収益分配のお知らせ,https://www.release.tdnet.info/inbs/140120260108531131.pdf,False,,japanese,,東,
2026-01-08 18:40:00,2026-01-08,25660,上場ＥＳＧリート,ＥＴＦの収益分配のお知らせ,https://www.release.tdnet.info/inbs/140120260108531132.pdf,False,,japanese,,東,
2026-01-08 18:40:00,2026-01-08,25680,上場ＮＳＱ１００ヘ無,ＥＴＦの収益分配のお知らせ,https://www.release.tdnet.info/inbs/140120260108531133.pdf,False,,japanese,,東,
2026-01-08 18:40:00,2026-01-08,25690,上場ＮＳＱ１００ヘ有,ＥＴＦの収益分配のお知らせ,https://www.release.tdnet.info/inbs/140120260108531134.pdf,False,,japanese,,東,
2026-01-08 17:30:00,2026-01-08,13690,Ｏｎｅ・日経２２５,ＥＴＦの収益分配のお知らせ,https://www.release.tdnet.info/inbs/140120260108531018.pdf,False,,japanese,,東,
2026-01-08 17:30:00,2026-01-08,14730,Ｏｎｅ・トピックス,ＥＴＦの収益分配のお知らせ,https://www.release.tdnet.info/inbs/140120260108531019.pdf,False,,japanese,,東,
2026-01-08 17:30:00,2026-01-08,14740,Ｏｎｅ・ＪＰＸ４００,ＥＴＦの収益分配のお知らせ,https://www.release.tdnet.info/inbs/140120260108531020.pdf,False,,japanese,,東,
2026-01-08 17:30:00,2026-01-08,14840,Ｏｎｅ・設備人材投資,ＥＴＦの収益分配のお知らせ,https://www.release.tdnet.info/inbs/140120260108531021.pdf,False,,japanese,,東,
2026-01-08 17:30:00,2026-01-08,14930,Ｏｎｅ・中小型,ＥＴＦの収益分配のお知らせ,https://www.release.tdnet.info/inbs/140120260108531022.pdf,False,,japanese,,東,
2026-01-08 17:30:00,2026-01-08,14980,Ｏｎｅ・ＥＳＧ,ＥＴＦの収益分配のお知らせ,https://www.release.tdnet.info/inbs/140120260108531023.pdf,False,,japanese,,東,
2026-01-08 17:30:00,2026-01-08,25560,Ｏｎｅ・Ｊリート,ＥＴＦの収益分配のお知らせ,https://www.release.tdnet.info/inbs/140120260108531024.pdf,False,,japanese,,東,
2026-01-08 17:10:00,2026-01-08,18610,熊谷組,住友林業株式会社株式の一部売却の結果及び特別利益（投資有価証券売却益）の計上に関するお知らせ,https://www.release.tdnet.info/inbs/140120260108531005.pdf,False,,japanese,,東,
2026-01-08 17:05:00,2026-01-08,70820,Ｇ－ジモティー,自己株式の取得状況および取得終了に関するお知らせ,https://www.release.tdnet.info/inbs/140120260108531008.pdf,False,,japanese,,東,
2026-01-08 17:00:00,2026-01-08,42460,ＤＮＣ,自己株式立会外買付取引（ToSTNeT-３）による自己株式の買付けに関するお知らせ,https://www.release.tdnet.info/inbs/140120251225526646.pdf,False,,japanese,,東,
2026-01-08 17:00:00,2026-01-08,63800,オリチエン工業,子会社設立に関するお知らせ,https://www.release.tdnet.info/inbs/140120260108530994.pdf,False,,japanese,,東,
2026-01-08 17:00:00,2026-01-08,99460,ミニストップ,（訂正）「2026年２月期第３四半期決算説明会資料」の一部訂正について,https://www.release.tdnet.info/inbs/140120260108531011.pdf,False,,japanese,,東,
2026-01-08 16:55:00,2026-01-08,60400,Ｇ－日本スキー,中間配当の実施及び株主優待制度（中間優待）の新設に関するお知らせ,https://www.release.tdnet.info/inbs/140120260108530999.pdf,False,,japanese,,東,
2026-01-08 16:30:00,2026-01-08,34870,Ｒ－ＣＲＥロジ,金利スワップ契約締結に関するお知らせ,https://www.release.tdnet.info/inbs/140120260108530934.pdf,False,,japanese,,東,
2026-01-08 16:30:00,2026-01-08,41700,Ｇ－ＫａｉｚｅｎＰＦ,主要株主の異動に関するお知らせ,https://www.release.tdnet.info/inbs/140120260108530850.pdf,False,,japanese,,東,
2026-01-08 16:30:00,2026-01-08,45650,ネクセラファーマ,デュシェンヌ型筋ジストロフィー（DMD）治療薬vamorolone （AGAMREE）の日本及びアジア太平洋地域におけるライセンス契約締結のお知らせ,https://www.release.tdnet.info/inbs/140120260108530966.pdf,False,,japanese,,東,
2026-01-08 16:30:00,2026-01-08,75120,イオン北海,自己株式の取得及び自己株式立会外買付取引（ToSTNeT-3）による自己株式の買付けに関するお知らせ,https://www.release.tdnet.info/inbs/140120260108530961.pdf,False,,japanese,,東札,
2026-01-08 16:00:00,2026-01-08,24590,アウン,2026年5月期 第2四半期決算短信〔日本基準〕(連結),https://www.release.tdnet.info/inbs/140120260107530077.pdf,True,,japanese,,東,https://www.release.tdnet.info/inbs/081220260107530077.zip
2026-01-08 16:00:00,2026-01-08,24590,アウン,2026年5月期 第2四半期決算補足資料,https://www.release.tdnet.info/inbs/140120260107530260.pdf,False,,japanese,,東,
2026-01-08 16:00:00,2026-01-08,34660,Ｒ－ラサールロジ,投資法人債の発行登録書提出に関するお知らせ,https://www.release.tdnet.info/inbs/140120260108530648.pdf,False,,japanese,,東,
2026-01-08 16:00:00,2026-01-08,38230,ＷＨＹ　ＨＯＷ　ＤＯ,臨時株主総会招集のための基準日設定及び臨時株主総会の開催並びに決算期の変更及び定款の一部変更に関するお知らせ,https://www.release.tdnet.info/inbs/140120260105528606.pdf,False,,japanese,,東,
2026-01-08 16:00:00,2026-01-08,40420,東ソー,自己株式の取得状況に関するお知らせ,https://www.release.tdnet.info/inbs/140120260106529638.pdf,False,,japanese,,東,
2026-01-08 16:00:00,2026-01-08,41970,アスマーク,2025年11月期 通期連結業績予想の修正に関するお知らせ,https://www.release.tdnet.info/inbs/140120260107529958.pdf,True,,japanese,,東,https://www.release.tdnet.info/inbs/091220260107529958.zip
2026-01-08 16:00:00,2026-01-08,48330,Ｇ－Ｄｅｆコンサル,臨時株主総会招集のための基準日設定に関するお知らせ,https://www.release.tdnet.info/inbs/140120260107529903.pdf,False,,japanese,,東,
2026-01-08 16:00:00,2026-01-08,59870,オーネックス,臨時株主総会招集のための基準日の取消し及び再設定に関するお知らせ,https://www.release.tdnet.info/inbs/140120260108530499.pdf,False,,japanese,,東,
2026-01-08 16:00:00,2026-01-08,61460,ディスコ,2026年3月期 第3四半期 個別売上高および出荷額の速報値に関するお知らせ,https://www.release.tdnet.info/inbs/140120260105528754.pdf,False,,japanese,,東,
2026-01-08 16:00:00,2026-01-08,64690,放電精密,2026年２月期 第３四半期決算短信〔日本基準〕(連結),https://www.release.tdnet.info/inbs/140120251226527328.pdf,True,,japanese,,東,https://www.release.tdnet.info/inbs/081220251226527328.zip
2026-01-08 16:00:00,2026-01-08,65920,マブチモーター,精密小型モーター及びモーションコントロール製品メーカー 日本パルスモーター株式会社の株式取得（子会社化）完了と商号変更に関するお知らせ,https://www.release.tdnet.info/inbs/140120260108530734.pdf,False,,japanese,,東,
2026-01-08 16:00:00,2026-01-08,71380,Ｇ－ＴＯＲＩＣＯ,イーサリアム（ETH）の追加取得に関するお知らせ,https://www.release.tdnet.info/inbs/140120260108530937.pdf,False,,japanese,,東,
2026-01-08 16:00:00,2026-01-08,72560,河西工,国内子会社の工場閉鎖決定に関するお知らせ,https://www.release.tdnet.info/inbs/140120260108530492.pdf,False,,japanese,,東,
2026-01-08 16:00:00,2026-01-08,75440,スリーエフ,2026年2月期第3四半期決算短信〔日本基準〕（連結）,https://www.release.tdnet.info/inbs/140120260107530104.pdf,True,,japanese,,東,https://www.release.tdnet.info/inbs/081220260107530104.zip
2026-01-08 16:00:00,2026-01-08,76740,Ｇ－ＮＡＴＴＹＨＤ,月次報告（2025年12月度）,https://www.release.tdnet.info/inbs/140120260108530537.pdf,False,,japanese,,東,
2026-01-08 16:00:00,2026-01-08,82370,松屋,2025年12月売上報告,https://www.release.tdnet.info/inbs/140120260107529816.pdf,False,,japanese,,東,
2026-01-08 16:00:00,2026-01-08,95130,Ｊパワー,自己株式の取得状況に関するお知らせ,https://www.release.tdnet.info/inbs/140120260108530918.pdf,False,,japanese,,東,
2026-01-08 15:45:00,2026-01-08,18610,熊谷組,株式の売出しに関するお知らせ,https://www.release.tdnet.info/inbs/140120260108530612.pdf,False,,japanese,,東,
2026-01-08 15:45:00,2026-01-08,18610,熊谷組,自己株式取得に係る事項の決定に関するお知らせ（会社法第459 条第1 項の規定による定款の定めに基づく自己株式の取得）,https://www.release.tdnet.info/inbs/140120260108530619.pdf,False,,japanese,,東,
2026-01-08 15:45:00,2026-01-08,18610,熊谷組,住友林業株式会社と株式会社熊谷組の株式持分比率の変更について,https://www.release.tdnet.info/inbs/140120260108530629.pdf,False,,japanese,,東,
2026-01-08 15:45:00,2026-01-08,18610,熊谷組,特別利益（投資有価証券売却益）の計上及び業績予想並びに配当予想の修正に関するお知らせ,https://www.release.tdnet.info/inbs/140120260108530645.pdf,True,,japanese,,東,https://www.release.tdnet.info/inbs/091220260108530645.zip
2026-01-08 15:45:00,2026-01-08,19110,住友林,住友林業株式会社と株式会社熊谷組の株式持分比率の変更について,https://www.release.tdnet.info/inbs/140120260108530714.pdf,False,,japanese,,東,
2026-01-08 15:31:00,2026-01-08,99830,ファーストリテ,2026年８月期　第１四半期決算短信〔IFRS会計基準〕（連結）,https://www.release.tdnet.info/inbs/140120260107530230.pdf,True,,japanese,,東,https://www.release.tdnet.info/inbs/081220260107530230.zip
2026-01-08 15:31:00,2026-01-08,99830,ファーストリテ,2026年８月期の配当予想の修正に関するお知らせ,https://www.release.tdnet.info/inbs/140120260108530637.pdf,False,,japanese,,東,
2026-01-08 15:30:00,2026-01-08,23410,アルバイトタイ,2026年２月期第３四半期決算短信〔日本基準〕（連結）,https://www.release.tdnet.info/inbs/140120251223524341.pdf,True,,japanese,,東,https://www.release.tdnet.info/inbs/081220251223524341.zip
2026-01-08 15:30:00,2026-01-08,23410,アルバイトタイ,自己株式消却に係る事項の決定に関するお知らせ,https://www.release.tdnet.info/inbs/140120260108530494.pdf,False,,japanese,,東,
2026-01-08 15:30:00,2026-01-08,24330,博報堂ＤＹ,自己株式の取得状況に関するお知らせ,https://www.release.tdnet.info/inbs/140120260108530602.pdf,False,,japanese,,東,
2026-01-08 15:30:00,2026-01-08,26530,イオン九州,2026年２月期 第３四半期決算短信〔日本基準〕（連結）,https://www.release.tdnet.info/inbs/140120251229527883.pdf,True,,japanese,,東,https://www.release.tdnet.info/inbs/081220251229527883.zip
2026-01-08 15:30:00,2026-01-08,26530,イオン九州,2026年２月期（第54期）第３四半期 決算補足資料,https://www.release.tdnet.info/inbs/140120251229527884.pdf,False,,japanese,,東,
2026-01-08 15:30:00,2026-01-08,26530,イオン九州,執行役員の異動及び株式会社トキハインダストリーの役員体制に関するお知らせ,https://www.release.tdnet.info/inbs/140120260105529002.pdf,False,,japanese,,東,
2026-01-08 15:30:00,2026-01-08,26980,キャンドゥ,2026年２月期　第３四半期決算短信［日本基準］（連結）,https://www.release.tdnet.info/inbs/140120260107529922.pdf,True,,japanese,,東,https://www.release.tdnet.info/inbs/081220260107529922.zip
2026-01-08 15:30:00,2026-01-08,27020,マクドナルド,月次IRニュース,https://www.release.tdnet.info/inbs/140120260108530553.pdf,False,,japanese,,東,
2026-01-08 15:30:00,2026-01-08,28710,ニチレイ,株式の売出しに関するお知らせ,https://www.release.tdnet.info/inbs/140120260107530343.pdf,False,,japanese,,東,
2026-01-08 15:30:00,2026-01-08,28710,ニチレイ,株主優待制度の導入に関するお知らせ,https://www.release.tdnet.info/inbs/140120260107530345.pdf,False,,japanese,,東,
2026-01-08 15:30:00,2026-01-08,29180,わらべや,2026年２月期 第３四半期決算短信〔日本基準〕（連結）,https://www.release.tdnet.info/inbs/140120260106529695.pdf,True,,japanese,,東,https://www.release.tdnet.info/inbs/081220260106529695.zip
2026-01-08 15:30:00,2026-01-08,29180,わらべや,2026年２月期 第３四半期決算補足資料,https://www.release.tdnet.info/inbs/140120260106529704.pdf,False,,japanese,,東,
2026-01-08 15:30:00,2026-01-08,29180,わらべや,村山第二工場の閉鎖に関するお知らせ,https://www.release.tdnet.info/inbs/140120260106529725.pdf,False,,japanese,,東,
2026-01-08 15:30:00,2026-01-08,29260,篠崎屋,2026年９月期 12月度月次店舗売上のお知らせ,https://www.release.tdnet.info/inbs/140120260108530907.pdf,False,,japanese,,東,
2026-01-08 15:30:00,2026-01-08,29320,ＳＴＩフードＨＤ,取締役人事に関するお知らせ,https://www.release.tdnet.info/inbs/140120260108530851.pdf,False,,japanese,,東,
2026-01-08 15:30:00,2026-01-08,32260,Ｒ－三井不アコモ,資金の借入れに関するお知らせ,https://www.release.tdnet.info/inbs/140120260108530765.pdf,False,,japanese,,東,
2026-01-08 15:30:00,2026-01-08,33820,７＆ｉＨＤ,2026年2月期 第3四半期決算短信〔日本基準〕（連結）,https://www.release.tdnet.info/inbs/140120260107530204.pdf,True,,japanese,,東,https://www.release.tdnet.info/inbs/081220260107530204.zip
2026-01-08 15:30:00,2026-01-08,33820,７＆ｉＨＤ,2026年2月期 第3四半期決算補足資料,https://www.release.tdnet.info/inbs/140120260107530213.pdf,False,,japanese,,東,
2026-01-08 15:30:00,2026-01-08,33820,７＆ｉＨＤ,2026年2月期 第3四半期決算説明資料,https://www.release.tdnet.info/inbs/140120260107530216.pdf,False,,japanese,,東,
2026-01-08 15:30:00,2026-01-08,38240,Ｑ－メディア５,2026年５月期第２四半期（中間期）決算短信〔日本基準〕（非連結）,https://www.release.tdnet.info/inbs/140120251224525421.pdf,True,,japanese,,福,https://www.release.tdnet.info/inbs/081220251224525421.zip
2026-01-08 15:30:00,2026-01-08,38240,Ｑ－メディア５,2026年５月期第２四半期（中間期）の業績予想と実績値との差異及び通期業績予想の修正に関するお知らせ,https://www.release.tdnet.info/inbs/140120260107529933.pdf,False,,japanese,,福,
2026-01-08 15:30:00,2026-01-08,38240,Ｑ－メディア５,営業外収益及び営業外費用の計上に関するお知らせ,https://www.release.tdnet.info/inbs/140120260107529929.pdf,False,,japanese,,福,
2026-01-08 15:30:00,2026-01-08,41800,Ａｐｐｉｅｒ,ストック・オプション（新株予約権）の発行内容確定に関するお知らせ,https://www.release.tdnet.info/inbs/140120260108530716.pdf,False,,japanese,,東,
2026-01-08 15:30:00,2026-01-08,41870,大有機化,2025年11月期 決算短信［日本基準］（連結）,https://www.release.tdnet.info/inbs/140120260107529927.pdf,True,,japanese,,東,https://www.release.tdnet.info/inbs/081220260107529927.zip
2026-01-08 15:30:00,2026-01-08,41870,大有機化,2025年11月期 決算補足説明資料,https://www.release.tdnet.info/inbs/140120260107529975.pdf,False,,japanese,,東,
2026-01-08 15:30:00,2026-01-08,41870,大有機化,剰余金の配当に関するお知らせ,https://www.release.tdnet.info/inbs/140120260107529960.pdf,False,,japanese,,東,
2026-01-08 15:30:00,2026-01-08,43430,イオンファン,2026年２月期第３四半期決算短信〔日本基準〕(連結),https://www.release.tdnet.info/inbs/140120260108530794.pdf,True,,japanese,,東,https://www.release.tdnet.info/inbs/081220260108530794.zip
2026-01-08 15:30:00,2026-01-08,43430,イオンファン,2026年2月期 第３四半期決算補足資料,https://www.release.tdnet.info/inbs/140120260108530828.pdf,False,,japanese,,東,
2026-01-08 15:30:00,2026-01-08,43430,イオンファン,営業外収益及び特別損失の計上に関するお知らせ,https://www.release.tdnet.info/inbs/140120260108530831.pdf,False,,japanese,,東,
2026-01-08 15:30:00,2026-01-08,45790,Ｇ－ラクオリア創薬,TRPV4拮抗薬（ピリミジン-4(3H)-オン誘導体）の欧州における特許査定のお知らせ,https://www.release.tdnet.info/inbs/140120260108530768.pdf,False,,japanese,,東,
2026-01-08 15:30:00,2026-01-08,45970,Ｇ－ソレイジア,行使価額修正条項付第15回新株予約権の大量行使に関するお知らせ,https://www.release.tdnet.info/inbs/140120260108530882.pdf,False,,japanese,,東,
2026-01-08 15:30:00,2026-01-08,45980,Ｇ－ＤＥＬＴＡ－Ｐ,DFP-10917の臨床第３相試験に対する安全性独立委員会（DSMB）からの報告に関するお知らせ,https://www.release.tdnet.info/inbs/140120260108530817.pdf,False,,japanese,,東,
2026-01-08 15:30:00,2026-01-08,47280,トーセ,2026年８月期　第１四半期決算短信〔日本基準〕（連結）,https://www.release.tdnet.info/inbs/140120260108530830.pdf,True,,japanese,,東,https://www.release.tdnet.info/inbs/081220260108530830.zip
2026-01-08 15:30:00,2026-01-08,47280,トーセ,2026年８月期　第１四半期決算説明資料（解説付）,https://www.release.tdnet.info/inbs/140120260108530833.pdf,False,,japanese,,東,
2026-01-08 15:30:00,2026-01-08,47630,Ｃ＆Ｒ社,2026年２月期 第３四半期決算短信〔日本基準〕（連結）,https://www.release.tdnet.info/inbs/140120251217521202.pdf,True,,japanese,,東,https://www.release.tdnet.info/inbs/081220251217521202.zip
2026-01-08 15:30:00,2026-01-08,53880,クニミネ工業,低レベル放射性廃棄物埋設センターにおけるベントナイト製品の受注に関するお知らせ,https://www.release.tdnet.info/inbs/140120260108530490.pdf,False,,japanese,,東,
2026-01-08 15:30:00,2026-01-08,59320,三協立山,2026年5月期 第2四半期（中間期）決算短信〔日本基準〕(連結),https://www.release.tdnet.info/inbs/140120260106529338.pdf,True,,japanese,,東,https://www.release.tdnet.info/inbs/081220260106529338.zip
2026-01-08 15:30:00,2026-01-08,59320,三協立山,2026年5月期 第2四半期（中間期） 決算説明資料,https://www.release.tdnet.info/inbs/140120260107529888.pdf,False,,japanese,,東,
2026-01-08 15:30:00,2026-01-08,59320,三協立山,（開示事項の経過）欧州子会社構造改革の進捗状況及び特別損失計上に関するお知らせ,https://www.release.tdnet.info/inbs/140120260107530098.pdf,False,,japanese,,東,
2026-01-08 15:30:00,2026-01-08,59320,三協立山,収益構造改革と将来ビジョンの方向性,https://www.release.tdnet.info/inbs/140120260107530115.pdf,False,,japanese,,東,
2026-01-08 15:30:00,2026-01-08,59320,三協立山,構造改革に伴う希望退職者の募集に関するお知らせ,https://www.release.tdnet.info/inbs/140120260107530140.pdf,False,,japanese,,東,
2026-01-08 15:30:00,2026-01-08,60400,Ｇ－日本スキー,2026年7月期日本スキー場開発(株)月次速報開示,https://www.release.tdnet.info/inbs/140120260107530283.pdf,False,,japanese,,東,
2026-01-08 15:30:00,2026-01-08,61360,ＯＳＧ,2025年11月期  決算短信〔日本基準〕（連結）,https://www.release.tdnet.info/inbs/140120260108530548.pdf,True,,japanese,,東名,https://www.release.tdnet.info/inbs/081220260108530548.zip
2026-01-08 15:30:00,2026-01-08,61360,ＯＳＧ,株主還元方針の変更に関するお知らせ,https://www.release.tdnet.info/inbs/140120260108530722.pdf,False,,japanese,,東名,
2026-01-08 15:30:00,2026-01-08,67340,ニューテック,2026年２月期　第３四半期決算短信〔日本基準〕(連結),https://www.release.tdnet.info/inbs/140120260106529601.pdf,True,,japanese,,東,https://www.release.tdnet.info/inbs/081220260106529601.zip
2026-01-08 15:30:00,2026-01-08,69710,京セラ,自己株式の取得状況に関するお知らせ,https://www.release.tdnet.info/inbs/140120260108530547.pdf,False,,japanese,,東,
2026-01-08 15:30:00,2026-01-08,73780,Ｇ－アシロ,自己株式の取得状況に関するお知らせ,https://www.release.tdnet.info/inbs/140120260108530712.pdf,False,,japanese,,東,
2026-01-08 15:30:00,2026-01-08,74500,サンデー,親会社であるイオン株式会社による当社株券等に対する公開買付けに関する賛同の意見表明及び応募推奨のお知らせ,https://www.release.tdnet.info/inbs/140120260107530342.pdf,False,,japanese,,東,
2026-01-08 15:30:00,2026-01-08,74500,サンデー,2026年２月期 第３四半期決算短信〔日本基準〕(非連結),https://www.release.tdnet.info/inbs/140120260108530647.pdf,True,,japanese,,東,https://www.release.tdnet.info/inbs/081220260108530647.zip
2026-01-08 15:30:00,2026-01-08,74500,サンデー,2026年２月期配当予想の修正（無配）及び株主優待制度の廃止に関するお知らせ,https://www.release.tdnet.info/inbs/140120260107530297.pdf,False,,japanese,,東,
2026-01-08 15:30:00,2026-01-08,74500,サンデー,「上場維持基準への適合に向けた計画」の撤回について,https://www.release.tdnet.info/inbs/140120260107530299.pdf,False,,japanese,,東,
2026-01-08 15:30:00,2026-01-08,74500,サンデー,第14回新株予約権（株式報酬型ストック・オプション）の発行中止に関するお知らせ,https://www.release.tdnet.info/inbs/140120260107530341.pdf,False,,japanese,,東,
2026-01-08 15:30:00,2026-01-08,75120,イオン北海,2026年2月期 第3四半期決算短信〔日本基準〕（非連結）,https://www.release.tdnet.info/inbs/140120251229527879.pdf,True,,japanese,,東札,https://www.release.tdnet.info/inbs/081220251229527879.zip
2026-01-08 15:30:00,2026-01-08,75120,イオン北海,2026年2月期（第48期） 第3四半期 決算補足資料,https://www.release.tdnet.info/inbs/140120251229527882.pdf,False,,japanese,,東札,
2026-01-08 15:30:00,2026-01-08,76360,ハンズマン,2025年12月度 売上高の状況（2025年7月1日～2025年12月31日）,https://www.release.tdnet.info/inbs/140120260108530654.pdf,False,,japanese,,東,
2026-01-08 15:30:00,2026-01-08,76490,スギＨＤ,2026年２月期 第３四半期決算短信〔日本基準〕（連結）,https://www.release.tdnet.info/inbs/140120260108530792.pdf,True,,japanese,,東名,https://www.release.tdnet.info/inbs/081220260108530792.zip
2026-01-08 15:30:00,2026-01-08,80160,オンワードＨＤ,2026年２月期 第３四半期決算短信〔日本基準〕(連結),https://www.release.tdnet.info/inbs/140120260107530375.pdf,True,,japanese,,東,https://www.release.tdnet.info/inbs/081220260107530375.zip
2026-01-08 15:30:00,2026-01-08,80160,オンワードＨＤ,2026年２月期（2025年度）第３四半期決算説明資料,https://www.release.tdnet.info/inbs/140120260107530422.pdf,False,,japanese,,東,
2026-01-08 15:30:00,2026-01-08,80160,オンワードＨＤ,2025年12月度月次売上概況,https://www.release.tdnet.info/inbs/140120260107530424.pdf,False,,japanese,,東,
2026-01-08 15:30:00,2026-01-08,82370,松屋,2026年2月期 第3四半期決算短信〔日本基準〕（連結）,https://www.release.tdnet.info/inbs/140120260107530320.pdf,True,,japanese,,東,https://www.release.tdnet.info/inbs/081220260107530320.zip
2026-01-08 15:30:00,2026-01-08,82670,イオン,2026年２月期　第３四半期決算説明会資料,https://www.release.tdnet.info/inbs/140120260108530811.pdf,False,,japanese,,東,
2026-01-08 15:30:00,2026-01-08,82670,イオン,2026年２月期　第３四半期決算短信〔日本基準〕（連結）,https://www.release.tdnet.info/inbs/140120260107530038.pdf,True,,japanese,,東,https://www.release.tdnet.info/inbs/081220260107530038.zip
2026-01-08 15:30:00,2026-01-08,82670,イオン,2026年２月期　第３四半期決算補足資料（第101期）,https://www.release.tdnet.info/inbs/140120260108530816.pdf,False,,japanese,,東,
2026-01-08 15:30:00,2026-01-08,82670,イオン,株式会社サンデー株券等（証券コード：7450）に対する公開買付けの開始に関するお知らせ,https://www.release.tdnet.info/inbs/140120260108530826.pdf,False,,japanese,,東,
2026-01-08 15:30:00,2026-01-08,85700,イオンＦＳ,2026年２月期  第３四半期決算短信〔日本基準〕（連結）,https://www.release.tdnet.info/inbs/140120260107530336.pdf,True,,japanese,,東,https://www.release.tdnet.info/inbs/081220260107530336.zip
2026-01-08 15:30:00,2026-01-08,89180,ランド,2026年２月期 第３四半期決算短信〔日本基準〕（連結）,https://www.release.tdnet.info/inbs/140120260108530806.pdf,True,,japanese,,東,https://www.release.tdnet.info/inbs/081220260108530806.zip
2026-01-08 15:30:00,2026-01-08,89750,Ｒ－いちごオフィス,ポートフォリオ稼働率速報値（2025年12月末時点）のお知らせ,https://www.release.tdnet.info/inbs/140120260108530708.pdf,False,,japanese,,東,
2026-01-08 15:30:00,2026-01-08,92780,ブックオフＧＨＤ,2025年12月 月次の売上状況について,https://www.release.tdnet.info/inbs/140120260108530495.pdf,False,,japanese,,東,
2026-01-08 15:30:00,2026-01-08,93690,キユソ流通,2025年11月期 決算短信〔日本基準〕（連結）,https://www.release.tdnet.info/inbs/140120260107530083.pdf,True,,japanese,,東,https://www.release.tdnet.info/inbs/081220260107530083.zip
2026-01-08 15:30:00,2026-01-08,93690,キユソ流通,2025年11月期 通期個別業績予想と実績値との差異に関するお知らせ,https://www.release.tdnet.info/inbs/140120260107530086.pdf,False,,japanese,,東,
2026-01-08 15:30:00,2026-01-08,93690,キユソ流通,役員および執行役員等の異動に関するお知らせ,https://www.release.tdnet.info/inbs/140120260107530087.pdf,False,,japanese,,東,
2026-01-08 15:30:00,2026-01-08,94140,日本ＢＳ放送,2026年８月期第１四半期決算短信〔日本基準〕(連結),https://www.release.tdnet.info/inbs/140120260107530350.pdf,True,,japanese,,東,https://www.release.tdnet.info/inbs/081220260107530350.zip
2026-01-08 15:30:00,2026-01-08,98760,コックス,2026年２月期第３四半期決算短信〔日本基準〕(連結),https://www.release.tdnet.info/inbs/140120260107530415.pdf,True,,japanese,,東,https://www.release.tdnet.info/inbs/081220260107530415.zip
2026-01-08 15:30:00,2026-01-08,99030,カンセキ,2026年２月期第３四半期決算短信〔日本基準〕(非連結),https://www.release.tdnet.info/inbs/140120260107529880.pdf,True,,japanese,,東,https://www.release.tdnet.info/inbs/081220260107529880.zip
2026-01-08 15:30:00,2026-01-08,99480,アークス,2026年２月期 第３四半期決算短信〔日本基準〕（連結）,https://www.release.tdnet.info/inbs/140120260108530622.pdf,True,,japanese,,東札,https://www.release.tdnet.info/inbs/081220260108530622.zip
2026-01-08 15:05:00,2026-01-08,70630,Ｇ－Ｂｉｒｄｍａｎ,特別利益（投資有価証券売却益）の計上に関するお知らせ,https://www.release.tdnet.info/inbs/140120260108530897.pdf,False,,japanese,,東,
2026-01-08 15:00:00,2026-01-08,13490,アジア債券,アジア国債・公債ＥＴＦ（正式名称：ＡＢＦ汎アジア債券インデックス・ファンド）分配金の支払いに係る基準日のお知らせ,https://www.release.tdnet.info/inbs/140120260108530852.pdf,False,,japanese,,東,
2026-01-08 15:00:00,2026-01-08,29970,Ｇ－ストレージ王,2025年12月月次実績,https://www.release.tdnet.info/inbs/140120260108530813.pdf,False,,japanese,,東,
2026-01-08 15:00:00,2026-01-08,48380,ＳＳＳＫ　ＨＤ,自己株式の取得状況に関するお知らせ,https://www.release.tdnet.info/inbs/140120260108530874.pdf,False,,japanese,,東,
2026-01-08 15:00:00,2026-01-08,81980,ＭＶ東海,2026年２月期 第３四半期決算短信〔日本基準〕（連結）,https://www.release.tdnet.info/inbs/140120260107530270.pdf,True,,japanese,,東,https://www.release.tdnet.info/inbs/081220260107530270.zip
2026-01-08 15:00:00,2026-01-08,81980,ＭＶ東海,2026年２月期第３四半期決算参考資料,https://www.release.tdnet.info/inbs/140120260107530309.pdf,False,,japanese,,東,
2026-01-08 15:00:00,2026-01-08,81980,ＭＶ東海,2026年２月期　12月度月次売上高前年比速報,https://www.release.tdnet.info/inbs/140120260108530513.pdf,False,,japanese,,東,
2026-01-08 15:00:00,2026-01-08,82780,フジ,2026年２月期　第３四半期決算短信〔日本基準〕（連結）,https://www.release.tdnet.info/inbs/140120260107530223.pdf,True,,japanese,,東,https://www.release.tdnet.info/inbs/081220260107530223.zip
2026-01-08 15:00:00,2026-01-08,82780,フジ,2026年２月期　第３四半期決算補足資料,https://www.release.tdnet.info/inbs/140120260107530248.pdf,False,,japanese,,東,
2026-01-08 15:00:00,2026-01-08,82780,フジ,（開示事項の経過）持分法適用関連会社の株式譲渡及び特別利益の計上に関するお知らせ,https://www.release.tdnet.info/inbs/140120260107530217.pdf,False,,japanese,,東,
2026-01-08 15:00:00,2026-01-08,82780,フジ,通期連結業績予想の修正に関するお知らせ,https://www.release.tdnet.info/inbs/140120260107530292.pdf,False,,japanese,,東,
2026-01-08 14:00:00,2026-01-08,23030,ドーン,2026年５月期第２四半期（中間期）決算短信〔日本基準〕(非連結),https://www.release.tdnet.info/inbs/140120260105528975.pdf,True,,japanese,,東,https://www.release.tdnet.info/inbs/081220260105528975.zip
2026-01-08 14:00:00,2026-01-08,23030,ドーン,自己株式取得に係る事項の決定に関するお知らせ,https://www.release.tdnet.info/inbs/140120260105529010.pdf,False,,japanese,,東,
2026-01-08 14:00:00,2026-01-08,26980,キャンドゥ,2025年12月度　月次売上高前年比速報,https://www.release.tdnet.info/inbs/140120260108530515.pdf,False,,japanese,,東,
2026-01-08 14:00:00,2026-01-08,99460,ミニストップ,2026年２月期 通期連結業績予想の修正に関するお知らせ,https://www.release.tdnet.info/inbs/140120260107530137.pdf,True,,japanese,,東,https://www.release.tdnet.info/inbs/091220260107530137.zip
2026-01-08 14:00:00,2026-01-08,99460,ミニストップ,2026年２月期第３四半期決算短信〔日本基準〕(連結),https://www.release.tdnet.info/inbs/140120260107530196.pdf,True,,japanese,,東,https://www.release.tdnet.info/inbs/081220260107530196.zip
2026-01-08 14:00:00,2026-01-08,99460,ミニストップ,2026年2月期第３四半期決算短信補足,https://www.release.tdnet.info/inbs/140120260107530227.pdf,False,,japanese,,東,
2026-01-08 14:00:00,2026-01-08,99460,ミニストップ,2026年2月期第３四半期決算説明会資料,https://www.release.tdnet.info/inbs/140120260107530237.pdf,False,,japanese,,東,
2026-01-08 13:30:00,2026-01-08,97550,応用地質,業績予想および配当予想の修正に関するお知らせ,https://www.release.tdnet.info/inbs/140120260106529304.pdf,True,,japanese,,東,https://www.release.tdnet.info/inbs/091220260106529304.zip
2026-01-08 13:00:00,2026-01-08,33330,あさひ,2025年12月度　月次営業速報に関するお知らせ,https://www.release.tdnet.info/inbs/140120260108530687.pdf,False,,japanese,,東,
2026-01-08 13:00:00,2026-01-08,33910,ツルハＨＤ,2026年２月期 第３四半期決算短信〔日本基準〕（連結）,https://www.release.tdnet.info/inbs/140120260107530435.pdf,True,,japanese,,東,https://www.release.tdnet.info/inbs/081220260107530435.zip
2026-01-08 13:00:00,2026-01-08,33910,ツルハＨＤ,上場廃止となった子会社（ウエルシアホールディングス株式会社）に関する決算開示について,https://www.release.tdnet.info/inbs/140120260108530701.pdf,False,,japanese,,東,
2026-01-08 13:00:00,2026-01-08,33910,ツルハＨＤ,通期連結業績予想及び期末配当予想の修正に関するお知らせ,https://www.release.tdnet.info/inbs/140120260107530436.pdf,False,,japanese,,東,
2026-01-08 13:00:00,2026-01-08,33910,ツルハＨＤ,特別利益（段階取得に係る差益）計上に関するお知らせ,https://www.release.tdnet.info/inbs/140120260108530674.pdf,False,,japanese,,東,
2026-01-08 13:00:00,2026-01-08,33910,ツルハＨＤ,株式交換による１株に満たない端数の処理に伴う自己株式の買取りに関するお知らせ,https://www.release.tdnet.info/inbs/140120260107530438.pdf,False,,japanese,,東,
2026-01-08 13:00:00,2026-01-08,33910,ツルハＨＤ,株主優待制度の変更に関するお知らせ,https://www.release.tdnet.info/inbs/140120260107530437.pdf,False,,japanese,,東,
2026-01-08 13:00:00,2026-01-08,35120,日フエルト,自己株式の取得状況に関するお知らせ,https://www.release.tdnet.info/inbs/140120260108530711.pdf,False,,japanese,,東,
2026-01-08 13:00:00,2026-01-08,35460,アレンザＨＤ,2026年２月期 月次売上状況について（12月度）,https://www.release.tdnet.info/inbs/140120260107530384.pdf,False,,japanese,,東,
2026-01-08 13:00:00,2026-01-08,76860,ひとまいる,月次報告(2025年12月度),https://www.release.tdnet.info/inbs/140120260108530568.pdf,False,,japanese,,東,
2026-01-08 13:00:00,2026-01-08,99040,ベリテ,2025年12月度 前年比速報,https://www.release.tdnet.info/inbs/140120260108530570.pdf,False,,japanese,,東,
2026-01-08 13:00:00,2026-01-08,99820,タキヒヨー,自己株式の取得状況に関するお知らせ,https://www.release.tdnet.info/inbs/140120260108530704.pdf,False,,japanese,,東名,
2026-01-08 12:00:00,2026-01-08,89140,エリアリンク,2025年12月度　月次実績,https://www.release.tdnet.info/inbs/140120260107529756.pdf,False,,japanese,,東,
2026-01-08 12:00:00,2026-01-08,98230,マミーマートＨＤ,2025年12月月次業績開示のお知らせ,https://www.release.tdnet.info/inbs/140120260108530689.pdf,False,,japanese,,東,
2026-01-08 11:50:00,2026-01-08,13264,Ｅ－ワールド,SPDRゴールド・シェアに関する日々の開示事項,https://www.release.tdnet.info/inbs/140120260108530666.pdf,False,,japanese,,東,
2026-01-08 11:45:00,2026-01-08,13494,Ｅ－ＳＳＧＡ－ＳＩＮ,アジア国債・公債ＥＴＦ（正式名称：ＡＢＦ汎アジア債券インデックス・ファンド）に関する日々の開示事項,https://www.release.tdnet.info/inbs/140120260108530662.pdf,False,,japanese,,東,
2026-01-08 11:40:00,2026-01-08,15574,Ｅ－ＳＳＧＡＴＣ,SPDR S&P500 ETFに関する日々の開示事項,https://www.release.tdnet.info/inbs/140120260108530657.pdf,False,,japanese,,東,
2026-01-08 11:30:00,2026-01-08,20704,Ｎ－三菱ＵＦＪ証ＨＤ,上場ETN（発行者：三菱UFJ証券ホールディングス株式会社）に関する日々の開示事項,https://www.release.tdnet.info/inbs/140120260108530567.pdf,False,,japanese,,東,
2026-01-08 11:30:00,2026-01-08,46800,ラウンドワン,第46期（2026年３月期）12月の売上の状況に関するお知らせ（速報）,https://www.release.tdnet.info/inbs/140120260107530208.pdf,False,,japanese,,東,
2026-01-08 11:30:00,2026-01-08,76140,オーエムツー,（訂正）「当社の従業員等に対する譲渡制限付株式としての自己株式処分に関するお知らせ」の一部訂正について,https://www.release.tdnet.info/inbs/140120260108530627.pdf,False,,japanese,,東,
2026-01-08 11:00:00,2026-01-08,19820,日比谷設,自己株式の取得状況に関するお知らせ,https://www.release.tdnet.info/inbs/140120260108530592.pdf,False,,japanese,,東,
2026-01-08 11:00:00,2026-01-08,20150,ｉＦ米国債７１０Ｈ無,2025年11月期（2025年5月26日～2025年11月25日）決算短信,https://www.release.tdnet.info/inbs/140120260108530599.pdf,False,,japanese,,東,
2026-01-08 11:00:00,2026-01-08,20160,ｉＦ米国債７１０Ｈ有,2025年11月期（2025年5月26日～2025年11月25日）決算短信,https://www.release.tdnet.info/inbs/140120260108530604.pdf,False,,japanese,,東,
2026-01-08 11:00:00,2026-01-08,20950,ＧＸＵＳ配当貴族ヘ,2025年11月期（2025年5月25日～2025年11月24日）決算短信,https://www.release.tdnet.info/inbs/140120260108530574.pdf,False,,japanese,,東,
2026-01-08 11:00:00,2026-01-08,22360,ＧＸＵＳ配当貴族,2025年11月期（2025年5月25日～2025年11月24日）決算短信,https://www.release.tdnet.info/inbs/140120260108530571.pdf,False,,japanese,,東,
2026-01-08 11:00:00,2026-01-08,26860,ジーフット,特別損失の計上に関するお知らせ,https://www.release.tdnet.info/inbs/140120260106529728.pdf,False,,japanese,,東名,
2026-01-08 11:00:00,2026-01-08,26860,ジーフット,2026年２月期 第３四半期決算短信〔日本基準〕（連結）,https://www.release.tdnet.info/inbs/140120260107530458.pdf,True,,japanese,,東名,https://www.release.tdnet.info/inbs/081220260107530458.zip
2026-01-08 11:00:00,2026-01-08,26860,ジーフット,通期連結業績予想の修正に関するお知らせ,https://www.release.tdnet.info/inbs/140120260106529732.pdf,False,,japanese,,東名,
2026-01-08 11:00:00,2026-01-08,71860,横浜ＦＧ,自己株式立会外買付取引（ToSTNeT-３）による自己株式の取得結果に関するお知らせ,https://www.release.tdnet.info/inbs/140120260108530609.pdf,False,,japanese,,東,
2026-01-08 11:00:00,2026-01-08,95320,大瓦斯,自己株式の取得状況に関するお知らせ,https://www.release.tdnet.info/inbs/140120260107530037.pdf,False,,japanese,,東,
2026-01-08 10:30:00,2026-01-08,61730,Ｇ－アクアライン,第三者割当により発行された第２回新株予約権（行使価額修正条項付） の月間行使状況に関するお知らせ,https://www.release.tdnet.info/inbs/140120260108530576.pdf,False,,japanese,,東,
2026-01-08 10:15:00,2026-01-08,15624,Ｅ－三井住友ＤＳＡＭ,上場ＥＴＦ（管理会社：三井住友DSアセットマネジメント）に関する日々の開示事項,https://www.release.tdnet.info/inbs/140120260108530549.pdf,False,,japanese,,東,
2026-01-08 10:10:00,2026-01-08,27220,ＩＫホールディングス,2025年12月度連結月次情報のお知らせ,https://www.release.tdnet.info/inbs/140120260108530532.pdf,False,,japanese,,東名,
2026-01-08 10:00:00,2026-01-08,16714,Ｅ－シンプレクス,上場ＥＴＦ(管理会社：シンプレクス・アセット・マネジメント)に関する日々の開示事項,https://www.release.tdnet.info/inbs/140120260108530516.pdf,False,,japanese,,東,
2026-01-08 10:00:00,2026-01-08,38560,Ａｂａｌａｎｃｅ,検証委員会の委員の選任に関するお知らせ,https://www.release.tdnet.info/inbs/140120260108530533.pdf,False,,japanese,,東,
2026-01-08 10:00:00,2026-01-08,42720,日化薬,自己株式の取得状況に関するお知らせ,https://www.release.tdnet.info/inbs/140120260106529626.pdf,False,,japanese,,東,
2026-01-08 10:00:00,2026-01-08,70490,Ｇ－識学,2026年２月期プラットフォームサービス月次売上高(12月度)のお知らせ,https://www.release.tdnet.info/inbs/140120260108530502.pdf,False,,japanese,,東,
2026-01-08 10:00:00,2026-01-08,81110,ゴルドウイン,自己株式の取得状況に関するお知らせ,https://www.release.tdnet.info/inbs/140120260107530045.pdf,False,,japanese,,東,
2026-01-08 09:40:00,2026-01-08,13294,Ｅ－ブラックロック,上場ETF（管理会社：ブラックロック・ジャパン）に関する日々の開示事項,https://www.release.tdnet.info/inbs/140120260108530507.pdf,False,,japanese,,東,
2026-01-08 08:30:00,2026-01-08,16724,Ｅ－ＷｉｓｄｏｍＴｒ,上場ETF（管理会社：WisdomTree、外国投資法人：MSL）に関する日々の開示事項,https://www.release.tdnet.info/inbs/140120260108530473.pdf,False,,japanese,,東,
2026-01-08 08:30:00,2026-01-08,16724,Ｅ－ＷｉｓｄｏｍＴｒ,上場ETF（管理会社：WisdomTree、外国投資法人：CSL）に関する日々の開示事項,https://www.release.tdnet.info/inbs/140120260108530474.pdf,False,,japanese,,東,
2026-01-08 08:30:00,2026-01-08,21600,Ｇ－ＧＮＩ,CullgenのJ.P.モルガン・ヘルスケア・カンファレンス参加について,https://www.release.tdnet.info/inbs/140120260108530487.pdf,False,,japanese,,東,
2026-01-08 08:00:00,2026-01-08,87710,Ｅギャランティ,自己株式の取得状況及び取得終了に関するお知らせ,https://www.release.tdnet.info/inbs/140120260107530404.pdf,False,,japanese,,東,
2026-01-09 18:45:00,2026-01-09,18130,不動テトラ,2026年３月期 第２四半期（中間期）決算短信〔日本基準〕(連結),https://www.release.tdnet.info/inbs/140120260109531824.pdf,True,,japanese,,東,https://www.release.tdnet.info/inbs/081220260109531824.zip
2026-01-09 18:45:00,2026-01-09,18130,不動テトラ,2026年3月期（連結）第２四半期決算補足説明資料,https://www.release.tdnet.info/inbs/140120260109531836.pdf,False,,japanese,,東,
2026-01-09 18:30:00,2026-01-09,58560,エルアイイーエイチ,連結子会社による第三者割当増資及び当該子会社の異動並びに福祉サービス事業の廃止に関するお知らせ,https://www.release.tdnet.info/inbs/140120260109531882.pdf,False,,japanese,,東,
2026-01-09 18:05:00,2026-01-09,95010,東電力ＨＤ,資金援助額の変更の申請（23回目）および特別事業計画の変更の認定申請について,https://www.release.tdnet.info/inbs/140120260109531527.pdf,False,,japanese,,東,
2026-01-09 17:35:00,2026-01-09,94440,トーシンＨＤ,社内検証委員会委員選任に関するお知らせ,https://www.release.tdnet.info/inbs/140120260109531880.pdf,False,,japanese,,東,
2026-01-09 17:30:00,2026-01-09,37880,ＧＭＯＧＳＨＤ,自己株式の取得状況に関するお知らせ,https://www.release.tdnet.info/inbs/140120260109531861.pdf,False,,japanese,,東,
2026-01-09 17:30:00,2026-01-09,51290,Ｇ－ＦＩＸＥＲ,話せるメディカル株式会社の完全子会社化に向けた基本合意に関するお知らせ,https://www.release.tdnet.info/inbs/140120260109531844.pdf,False,,japanese,,東,
2026-01-09 17:30:00,2026-01-09,51290,Ｇ－ＦＩＸＥＲ,話せるメディカルの株式追加取得（子会社化）合意に関する補足説明資料,https://www.release.tdnet.info/inbs/140120260109531847.pdf,False,,japanese,,東,
2026-01-09 17:30:00,2026-01-09,51290,Ｇ－ＦＩＸＥＲ,2026年8月期第1四半期決算説明資料,https://www.release.tdnet.info/inbs/140120260109531224.pdf,False,,japanese,,東,
2026-01-09 17:30:00,2026-01-09,51290,Ｇ－ＦＩＸＥＲ,2026年8月期 第1四半期決算短信〔日本基準〕(連結),https://www.release.tdnet.info/inbs/140120260109531833.pdf,True,,japanese,,東,https://www.release.tdnet.info/inbs/081220260109531833.zip
2026-01-09 17:30:00,2026-01-09,99420,ジョイフル,譲渡制限付株式報酬としての自己株式の処分の払込完了に関するお知らせ,https://www.release.tdnet.info/inbs/140120260105528951.pdf,False,,japanese,,福,
2026-01-09 17:30:00,2026-01-09,99820,タキヒヨー,2026年２月期　第３四半期決算短信[日本基準]（連結）,https://www.release.tdnet.info/inbs/140120260107530102.pdf,True,,japanese,,東名,https://www.release.tdnet.info/inbs/081220260107530102.zip
2026-01-09 17:30:00,2026-01-09,99820,タキヒヨー,業績予想の修正及び配当予想の修正に関するお知らせ,https://www.release.tdnet.info/inbs/140120260108530928.pdf,True,,japanese,,東名,https://www.release.tdnet.info/inbs/091220260108530928.zip
2026-01-09 17:00:00,2026-01-09,34540,ファーストブラザーズ,2025年11月期決算短信〔日本基準〕(連結),https://www.release.tdnet.info/inbs/140120260108530916.pdf,True,,japanese,,東,https://www.release.tdnet.info/inbs/081220260108530916.zip
2026-01-09 17:00:00,2026-01-09,34540,ファーストブラザーズ,2025年11月期 決算説明資料,https://www.release.tdnet.info/inbs/140120260109531845.pdf,False,,japanese,,東,
2026-01-09 17:00:00,2026-01-09,34540,ファーストブラザーズ,（訂正）「2025年11月期 第3四半期決算説明資料」の一部訂正について,https://www.release.tdnet.info/inbs/140120260109531848.pdf,False,,japanese,,東,
2026-01-09 17:00:00,2026-01-09,62770,ホソカワミクロン,譲渡制限付株式報酬としての自己株式の処分に関するお知らせ,https://www.release.tdnet.info/inbs/140120260108531144.pdf,False,,japanese,,東,
2026-01-09 17:00:00,2026-01-09,72560,河西工,（訂正）「国内子会社の工場閉鎖決定に関するお知らせ」の一部訂正について,https://www.release.tdnet.info/inbs/140120260109531838.pdf,False,,japanese,,東,
2026-01-09 16:35:00,2026-01-09,33230,レカム,（開示事項の経過）シンガポールLumitron Pte. Limitedの株式取得（子会社化）の 完了に関するお知らせ,https://www.release.tdnet.info/inbs/140120260109531814.pdf,False,,japanese,,東,
2026-01-09 16:30:00,2026-01-09,23380,クオンタムＳ,（訂正）（2025年12月１日公表）第三者割当による第13回新株予約権（行使価額修正条項付）の月間行使状況に関するお知らせ,https://www.release.tdnet.info/inbs/140120260109531338.pdf,False,,japanese,,東,
2026-01-09 16:30:00,2026-01-09,23380,クオンタムＳ,（訂正）（１月５日公表）第三者割当による第13回新株予約権（行使価額修正条項付）の月間行使状況に関するお知らせ,https://www.release.tdnet.info/inbs/140120260109531348.pdf,False,,japanese,,東,
2026-01-09 16:30:00,2026-01-09,24100,キャリアＤＣ,譲渡制限付株式報酬としての自己株式の処分に関するお知らせ,https://www.release.tdnet.info/inbs/140120260109531486.pdf,False,,japanese,,東,
2026-01-09 16:30:00,2026-01-09,33230,レカム,（開示事項の経過）有限会社カワハラ事務機の株式取得（子会社化）の完了 に関するお知らせ,https://www.release.tdnet.info/inbs/140120260109531808.pdf,False,,japanese,,東,
2026-01-09 16:30:00,2026-01-09,35380,ウイルプラスＨＤ,当社子会社による事業譲受に係る事業譲受日の変更に関するお知らせ,https://www.release.tdnet.info/inbs/140120260109531766.pdf,False,,japanese,,東,
2026-01-09 16:30:00,2026-01-09,72170,テイン,自己株式の市場買付に関するお知らせ,https://www.release.tdnet.info/inbs/140120260109531778.pdf,False,,japanese,,東,
2026-01-09 16:00:00,2026-01-09,15720,Ｈ株レバレッジダブル,2025年12月期（2024年12月5日～2025年12月4日）決算短信,https://www.release.tdnet.info/inbs/140120260109531644.pdf,False,,japanese,,東,
2026-01-09 16:00:00,2026-01-09,15730,Ｈ株インバース,2025年12月期（2024年12月5日～2025年12月4日）決算短信,https://www.release.tdnet.info/inbs/140120260109531648.pdf,False,,japanese,,東,
2026-01-09 16:00:00,2026-01-09,16790,ＮＹダウ,2025年12月期（2024年12月7日～2025年12月6日）決算短信,https://www.release.tdnet.info/inbs/140120260109531653.pdf,False,,japanese,,東,
2026-01-09 16:00:00,2026-01-09,28720,セイヒョー,2026年２月期　第３四半期決算短信〔日本基準〕（非連結）,https://www.release.tdnet.info/inbs/140120260108531160.pdf,True,,japanese,,東,https://www.release.tdnet.info/inbs/081220260108531160.zip
2026-01-09 16:00:00,2026-01-09,28720,セイヒョー,2026年２月期　第３四半期決算説明資料,https://www.release.tdnet.info/inbs/140120260108531166.pdf,False,,japanese,,東,
2026-01-09 16:00:00,2026-01-09,28720,セイヒョー,2026年２月期通期業績予想の修正及び中期経営計画の取り下げに関するお知らせ,https://www.release.tdnet.info/inbs/140120260108531165.pdf,False,,japanese,,東,
2026-01-09 16:00:00,2026-01-09,30460,ＪＩＮＳＨＤ,2026年８月期 第１四半期決算短信〔日本基準〕(連結),https://www.release.tdnet.info/inbs/140120260109531585.pdf,True,,japanese,,東,https://www.release.tdnet.info/inbs/081220260109531585.zip
2026-01-09 16:00:00,2026-01-09,33920,デリカフーズＨＤ,当社連結子会社間の吸収合併に関するお知らせ,https://www.release.tdnet.info/inbs/140120260109531587.pdf,False,,japanese,,東,
2026-01-09 16:00:00,2026-01-09,33990,山岡家,2026年１月期12 月度売上高速報及び概況等について,https://www.release.tdnet.info/inbs/140120260109531751.pdf,False,,japanese,,東,
2026-01-09 16:00:00,2026-01-09,35470,串カツ田中ＨＤ,月次速報（2025年12月度）,https://www.release.tdnet.info/inbs/140120260109531737.pdf,False,,japanese,,東,
2026-01-09 16:00:00,2026-01-09,35500,Ｇ－スタジオアタオ,2026年2月期　第3四半期決算短信〔日本基準〕（非連結）,https://www.release.tdnet.info/inbs/140120260106529726.pdf,True,,japanese,,東,https://www.release.tdnet.info/inbs/081220260106529726.zip
2026-01-09 16:00:00,2026-01-09,39580,笹徳印刷,自己株式の取得状況に関するお知らせ,https://www.release.tdnet.info/inbs/140120251224525665.pdf,False,,japanese,,東名,
2026-01-09 16:00:00,2026-01-09,46450,市進ＨＤ,2026年２月期　第３四半期決算短信〔日本基準〕（連結）,https://www.release.tdnet.info/inbs/140120260108530981.pdf,True,,japanese,,東,https://www.release.tdnet.info/inbs/081220260108530981.zip
2026-01-09 16:00:00,2026-01-09,47140,リソー教育Ｇ,2026年２月期  第３四半期決算短信〔日本基準〕（連結）,https://www.release.tdnet.info/inbs/140120260109531516.pdf,True,,japanese,,東,https://www.release.tdnet.info/inbs/081220260109531516.zip
2026-01-09 16:00:00,2026-01-09,47140,リソー教育Ｇ,2026年2月期 第3四半期経営成績について,https://www.release.tdnet.info/inbs/140120260109531529.pdf,False,,japanese,,東,
2026-01-09 16:00:00,2026-01-09,47140,リソー教育Ｇ,2026年2月期 通期業績予想の修正に関するお知らせ,https://www.release.tdnet.info/inbs/140120260109531538.pdf,False,,japanese,,東,
2026-01-09 16:00:00,2026-01-09,48290,日本エンタープライズ,2026年５月期 第２四半期（中間期）決算短信〔日本基準〕（連結）,https://www.release.tdnet.info/inbs/140120260109531608.pdf,True,,japanese,,東,https://www.release.tdnet.info/inbs/081220260109531608.zip
2026-01-09 16:00:00,2026-01-09,49570,ヤスハラケミ,自己株式の消却に関するお知らせ,https://www.release.tdnet.info/inbs/140120251226527102.pdf,False,,japanese,,東,
2026-01-09 16:00:00,2026-01-09,49570,ヤスハラケミ,株式併合並びに単元株式数の定めの廃止及び定款の一部変更に関する臨時株主総会開催のお知らせ,https://www.release.tdnet.info/inbs/140120260108530971.pdf,False,,japanese,,東,
2026-01-09 16:00:00,2026-01-09,51610,西川ゴム,投資有価証券の一部売却および特別利益の計上に関するお知らせ,https://www.release.tdnet.info/inbs/140120260109531642.pdf,False,,japanese,,東,
2026-01-09 16:00:00,2026-01-09,58920,Ｇ－ｙｕｔｏｒｉ,月次KPIに関するお知らせ,https://www.release.tdnet.info/inbs/140120260109531438.pdf,False,,japanese,,東,
2026-01-09 16:00:00,2026-01-09,59820,マルゼン,2026年２月期　第３四半期決算短信〔日本基準〕(連結),https://www.release.tdnet.info/inbs/140120251118505279.pdf,True,,japanese,,東,https://www.release.tdnet.info/inbs/081220251118505279.zip
2026-01-09 16:00:00,2026-01-09,63120,フロイント,2026年２月期 第３四半期決算短信〔日本基準〕（連結）,https://www.release.tdnet.info/inbs/140120260109531605.pdf,True,,japanese,,東,https://www.release.tdnet.info/inbs/081220260109531605.zip
2026-01-09 16:00:00,2026-01-09,65060,安川電,2026年2月期 第3四半期決算短信〔ＩＦＲＳ〕（連結）,https://www.release.tdnet.info/inbs/140120260109531747.pdf,True,,japanese,,東福,https://www.release.tdnet.info/inbs/081220260109531747.zip
2026-01-09 16:00:00,2026-01-09,69570,芝浦電子,当社株式の上場廃止に関するお知らせ,https://www.release.tdnet.info/inbs/140120260106529465.pdf,False,,japanese,,東,
2026-01-09 16:00:00,2026-01-09,72590,アイシン,自己株式の取得状況に関するお知らせ,https://www.release.tdnet.info/inbs/140120260109531297.pdf,False,,japanese,,東名,
2026-01-09 16:00:00,2026-01-09,74630,アドヴァングループ,2026年3月期　第３四半期決算短信〔日本基準〕(連結）,https://www.release.tdnet.info/inbs/140120260109531772.pdf,True,,japanese,,東,https://www.release.tdnet.info/inbs/081220260109531772.zip
2026-01-09 16:00:00,2026-01-09,74630,アドヴァングループ,為替予約評価益の増加について,https://www.release.tdnet.info/inbs/140120260109531784.pdf,False,,japanese,,東,
2026-01-09 16:00:00,2026-01-09,76100,テイツー,2025年12月の月次売上概況のお知らせ,https://www.release.tdnet.info/inbs/140120260109531632.pdf,False,,japanese,,東,
2026-01-09 16:00:00,2026-01-09,77250,インターアクション,2026年5月期第2四半期（中間期）決算短信〔日本基準〕（連結）,https://www.release.tdnet.info/inbs/140120260108531155.pdf,True,,japanese,,東,https://www.release.tdnet.info/inbs/081220260108531155.zip
2026-01-09 16:00:00,2026-01-09,77250,インターアクション,2026年5月期第2四半期決算説明会資料,https://www.release.tdnet.info/inbs/140120260108531161.pdf,False,,japanese,,東,
2026-01-09 16:00:00,2026-01-09,77250,インターアクション,2026年5月期通期連結業績予想の修正及び期末配当予想の修正に関するお知らせ,https://www.release.tdnet.info/inbs/140120260108531164.pdf,True,,japanese,,東,https://www.release.tdnet.info/inbs/091220260108531164.zip
2026-01-09 16:00:00,2026-01-09,79180,ヴィアＨＤ,2025年12月度　月次速報（連結_前年対比）,https://www.release.tdnet.info/inbs/140120260108530909.pdf,False,,japanese,,東,
2026-01-09 16:00:00,2026-01-09,80080,４℃　ＨＤ,株主優待制度の変更に関するお知らせ,https://www.release.tdnet.info/inbs/140120260109531777.pdf,False,,japanese,,東,
2026-01-09 16:00:00,2026-01-09,80080,４℃　ＨＤ,機構変更及び人事異動に関するお知らせ,https://www.release.tdnet.info/inbs/140120260109531623.pdf,False,,japanese,,東,
2026-01-09 16:00:00,2026-01-09,80080,４℃　ＨＤ,2026年2月期 第3四半期決算短信〔日本基準〕（連結）,https://www.release.tdnet.info/inbs/140120260109531619.pdf,True,,japanese,,東,https://www.release.tdnet.info/inbs/081220260109531619.zip
2026-01-09 16:00:00,2026-01-09,80770,トルク,支配株主等に関するお知らせ,https://www.release.tdnet.info/inbs/140120260109531781.pdf,False,,japanese,,東,
2026-01-09 16:00:00,2026-01-09,80770,トルク,非上場の親会社等の決算に関するお知らせ,https://www.release.tdnet.info/inbs/140120260109531790.pdf,False,,japanese,,東,
2026-01-09 16:00:00,2026-01-09,81250,ワキタ,2026年２月期 第３四半期 決算短信〔日本基準〕（連結）,https://www.release.tdnet.info/inbs/140120260108531088.pdf,True,,japanese,,東,https://www.release.tdnet.info/inbs/081220260108531088.zip
2026-01-09 16:00:00,2026-01-09,81250,ワキタ,2026年2月期第3四半期 連結決算の概要,https://www.release.tdnet.info/inbs/140120260108531093.pdf,False,,japanese,,東,
2026-01-09 16:00:00,2026-01-09,82330,高島屋,2026年2月期 第3四半期 決算説明会 質疑応答要旨,https://www.release.tdnet.info/inbs/140120260108530930.pdf,False,,japanese,,東,
2026-01-09 16:00:00,2026-01-09,83090,三井住友トラストＧ,自己株式の取得状況および取得終了ならびに自己株式の消却に関するお知らせ,https://www.release.tdnet.info/inbs/140120260109531554.pdf,False,,japanese,,東名,
2026-01-09 16:00:00,2026-01-09,87390,スパークス,2025年12月度（速報値）月末運用資産残高のお知らせ,https://www.release.tdnet.info/inbs/140120260109531266.pdf,False,,japanese,,東,
2026-01-09 16:00:00,2026-01-09,89510,Ｒ－ビルＦ,資金の借入に関するお知らせ,https://www.release.tdnet.info/inbs/140120260107529977.pdf,False,,japanese,,東,
2026-01-09 16:00:00,2026-01-09,89640,Ｒ－フロンティア,コミットメントライン契約期限の延長に関するお知らせ,https://www.release.tdnet.info/inbs/140120260109531425.pdf,False,,japanese,,東,
2026-01-09 16:00:00,2026-01-09,92700,Ｇ－バリュエンスＨＤ,通期連結業績予想及び配当予想の修正に関するお知らせ,https://www.release.tdnet.info/inbs/140120260109531500.pdf,False,,japanese,,東,
2026-01-09 16:00:00,2026-01-09,92700,Ｇ－バリュエンスＨＤ,2026年8月期　第1四半期決算短信〔日本基準〕（連結）,https://www.release.tdnet.info/inbs/140120260109531475.pdf,True,,japanese,,東,https://www.release.tdnet.info/inbs/081220260109531475.zip
2026-01-09 16:00:00,2026-01-09,92700,Ｇ－バリュエンスＨＤ,2026年8月期　第1四半期決算説明資料,https://www.release.tdnet.info/inbs/140120260109531485.pdf,False,,japanese,,東,
2026-01-09 16:00:00,2026-01-09,97650,オオバ,2026年５月期 第２四半期（中間期）決算短信〔日本基準〕（連結）,https://www.release.tdnet.info/inbs/140120260107530200.pdf,True,,japanese,,東,https://www.release.tdnet.info/inbs/081220260107530200.zip
2026-01-09 15:45:00,2026-01-09,71140,Ｇ－フーディソン,自己株式の取得状況に関するお知らせ,https://www.release.tdnet.info/inbs/140120260109531788.pdf,False,,japanese,,東,
2026-01-09 15:40:00,2026-01-09,27690,ヴィレッジＶ,2026年５月期　第２四半期（中間期）決算短信（日本基準）（連結）,https://www.release.tdnet.info/inbs/140120260109531495.pdf,True,,japanese,,東,https://www.release.tdnet.info/inbs/081220260109531495.zip
2026-01-09 15:40:00,2026-01-09,74270,エコーＴＤ,2026年2月期 第3四半期決算短信〔日本基準〕（連結）,https://www.release.tdnet.info/inbs/140120251222523855.pdf,True,,japanese,,東,https://www.release.tdnet.info/inbs/081220251222523855.zip
2026-01-09 15:35:00,2026-01-09,66640,オプトエレクト,2025年11月期 決算短信の開示延期に関するお知らせ,https://www.release.tdnet.info/inbs/140120260109531773.pdf,False,,japanese,,東,
2026-01-09 15:30:00,2026-01-09,21570,コシダカＨＤ,2026年８月期第１四半期決算短信〔日本基準〕(連結),https://www.release.tdnet.info/inbs/140120260105528858.pdf,True,,japanese,,東,https://www.release.tdnet.info/inbs/081220260105528858.zip
2026-01-09 15:30:00,2026-01-09,21570,コシダカＨＤ,2026年８月期第１四半期　決算補足説明資料,https://www.release.tdnet.info/inbs/140120260105528901.pdf,False,,japanese,,東,
2026-01-09 15:30:00,2026-01-09,21600,Ｇ－ＧＮＩ,株式会社ZOO LABOの株式取得（連結子会社化）完了に関するお知らせ,https://www.release.tdnet.info/inbs/140120260109531415.pdf,False,,japanese,,東,
2026-01-09 15:30:00,2026-01-09,21640,Ｇ－地域新聞社,執行役員人事に関するお知らせ,https://www.release.tdnet.info/inbs/140120260109531698.pdf,False,,japanese,,東,
2026-01-09 15:30:00,2026-01-09,21860,ソーバル,2026年２月期第３四半期決算短信〔日本基準〕(連結),https://www.release.tdnet.info/inbs/140120260108530859.pdf,True,,japanese,,東,https://www.release.tdnet.info/inbs/081220260108530859.zip
2026-01-09 15:30:00,2026-01-09,23340,Ｇ－イオレ,（開示事項の経過）「Neo Crypto Bank構想」におけるビットコイン（BTC）追加取得のお知らせ,https://www.release.tdnet.info/inbs/140120260109531677.pdf,False,,japanese,,東,
2026-01-09 15:30:00,2026-01-09,26560,ベクターＨＤ,代表取締役の異動（辞任）及び社長交代に関するお知らせ,https://www.release.tdnet.info/inbs/140120260109531711.pdf,False,,japanese,,東,
2026-01-09 15:30:00,2026-01-09,26860,ジーフット,月次売上高前年比速報のお知らせ,https://www.release.tdnet.info/inbs/140120260109531442.pdf,False,,japanese,,東名,
2026-01-09 15:30:00,2026-01-09,26870,ＣＶＳベイ,2026年２月期 第３四半期決算短信〔日本基準〕（連結）,https://www.release.tdnet.info/inbs/140120260109531739.pdf,True,,japanese,,東,https://www.release.tdnet.info/inbs/081220260109531739.zip
2026-01-09 15:30:00,2026-01-09,27350,ワッツ,2026年８月期　第１四半期決算短信〔日本基準〕（連結）,https://www.release.tdnet.info/inbs/140120260109531202.pdf,True,,japanese,,東,https://www.release.tdnet.info/inbs/081220260109531202.zip
2026-01-09 15:30:00,2026-01-09,27350,ワッツ,2026年８月期12月度 月次売上高対前年同月比及び店舗数推移に関するお知らせ,https://www.release.tdnet.info/inbs/140120260109531210.pdf,False,,japanese,,東,
2026-01-09 15:30:00,2026-01-09,29990,ホームポジション,2026年８月期 第１四半期決算短信〔日本基準〕（非連結）,https://www.release.tdnet.info/inbs/140120260109531610.pdf,True,,japanese,,東,https://www.release.tdnet.info/inbs/081220260109531610.zip
2026-01-09 15:30:00,2026-01-09,30020,グンゼ,自己株式の取得状況に関するお知らせ,https://www.release.tdnet.info/inbs/140120260107530157.pdf,False,,japanese,,東,
2026-01-09 15:30:00,2026-01-09,30930,トレファク,2025年12月 月次売上概況（単体）,https://www.release.tdnet.info/inbs/140120260108531143.pdf,False,,japanese,,東,
2026-01-09 15:30:00,2026-01-09,31780,チムニー,2025年12月度　月次売上・出店状況について,https://www.release.tdnet.info/inbs/140120260108530940.pdf,False,,japanese,,東,
2026-01-09 15:30:00,2026-01-09,31790,シュッピン,2025年12月度月次情報のお知らせ,https://www.release.tdnet.info/inbs/140120260109531394.pdf,False,,japanese,,東,
2026-01-09 15:30:00,2026-01-09,31920,白鳩,2025年11月期決算短信〔日本基準〕(非連結),https://www.release.tdnet.info/inbs/140120260107530338.pdf,True,,japanese,,東,https://www.release.tdnet.info/inbs/081220260107530338.zip
2026-01-09 15:30:00,2026-01-09,31920,白鳩,2025年11月期業績予想と実績との差異に関するお知らせ,https://www.release.tdnet.info/inbs/140120260107530388.pdf,False,,japanese,,東,
2026-01-09 15:30:00,2026-01-09,31920,白鳩,剰余金の配当（無配）に関するお知らせ,https://www.release.tdnet.info/inbs/140120260107530395.pdf,False,,japanese,,東,
2026-01-09 15:30:00,2026-01-09,31930,エターナルホスピＧ,月次報告（2025年12月度）,https://www.release.tdnet.info/inbs/140120260109531548.pdf,False,,japanese,,東,
2026-01-09 15:30:00,2026-01-09,31990,綿半ホールディングス,2026年３月期 月次動向（12月度）,https://www.release.tdnet.info/inbs/140120260109531215.pdf,False,,japanese,,東,
2026-01-09 15:30:00,2026-01-09,32800,エストラスト,2026年２月期第３四半期決算短信〔日本基準〕(連結),https://www.release.tdnet.info/inbs/140120260109531650.pdf,True,,japanese,,東福,https://www.release.tdnet.info/inbs/081220260109531650.zip
2026-01-09 15:30:00,2026-01-09,32800,エストラスト,2026年２月期配当予想の修正（増配）に関するお知らせ,https://www.release.tdnet.info/inbs/140120260109531673.pdf,False,,japanese,,東福,
2026-01-09 15:30:00,2026-01-09,32870,Ｒ－星野,ポートフォリオ運営実績に関するお知らせ（2025年11月度）,https://www.release.tdnet.info/inbs/140120260106529554.pdf,False,,japanese,,東,
2026-01-09 15:30:00,2026-01-09,32960,Ｒ－日本リート,コミットメントライン契約期限の延長に関するお知らせ,https://www.release.tdnet.info/inbs/140120260109531287.pdf,False,,japanese,,東,
2026-01-09 15:30:00,2026-01-09,33530,メディ一光Ｇ,株式の立会外分売実施に関するお知らせ,https://www.release.tdnet.info/inbs/140120260109531273.pdf,False,,japanese,,東,
2026-01-09 15:30:00,2026-01-09,33530,メディ一光Ｇ,2026年２月期 第３四半期決算短信〔日本基準〕(連結),https://www.release.tdnet.info/inbs/140120260108531182.pdf,True,,japanese,,東,https://www.release.tdnet.info/inbs/081220260108531182.zip
2026-01-09 15:30:00,2026-01-09,33840,アークコア,2026年２月期第３四半期決算短信［日本基準］（非連結）,https://www.release.tdnet.info/inbs/140120260105528383.pdf,True,,japanese,,名,https://www.release.tdnet.info/inbs/081220260105528383.zip
2026-01-09 15:30:00,2026-01-09,33840,アークコア,業績予想の修正に関するお知らせ,https://www.release.tdnet.info/inbs/140120251216520621.pdf,True,,japanese,,名,https://www.release.tdnet.info/inbs/091220251216520621.zip
2026-01-09 15:30:00,2026-01-09,33960,フェリシモ,2026年２月期 第３四半期決算短信〔日本基準〕（連結）,https://www.release.tdnet.info/inbs/140120260108530883.pdf,True,,japanese,,東,https://www.release.tdnet.info/inbs/081220260108530883.zip
2026-01-09 15:30:00,2026-01-09,34900,アズ企画設計,2026年2月期 第3四半期 決算補足説明資料,https://www.release.tdnet.info/inbs/140120260109531313.pdf,False,,japanese,,東,
2026-01-09 15:30:00,2026-01-09,34900,アズ企画設計,2026年2月期 第3四半期決算短信〔日本基準〕（連結）,https://www.release.tdnet.info/inbs/140120260109531380.pdf,True,,japanese,,東,https://www.release.tdnet.info/inbs/081220260109531380.zip
2026-01-09 15:30:00,2026-01-09,34900,アズ企画設計,【スマホ向けサマリ版】2026年2月期 第3四半期 決算補足説明資料,https://www.release.tdnet.info/inbs/140120260109531302.pdf,False,,japanese,,東,
2026-01-09 15:30:00,2026-01-09,34900,アズ企画設計,販売用不動産の取得に関するお知らせ,https://www.release.tdnet.info/inbs/140120260109531259.pdf,False,,japanese,,東,
2026-01-09 15:30:00,2026-01-09,35490,クスリのアオキＨＤ,自己株式の取得状況に関するお知らせ,https://www.release.tdnet.info/inbs/140120260109531657.pdf,False,,japanese,,東,
2026-01-09 15:30:00,2026-01-09,35600,ほぼ日,2026年８月期第１四半期決算短信〔日本基準〕(非連結),https://www.release.tdnet.info/inbs/140120251225526724.pdf,True,,japanese,,東,https://www.release.tdnet.info/inbs/081220251225526724.zip
2026-01-09 15:30:00,2026-01-09,36070,クラウディアＨＤ,2026年8月期　第1四半期決算短信〔日本基準〕（連結）,https://www.release.tdnet.info/inbs/140120260107530197.pdf,True,,japanese,,東,https://www.release.tdnet.info/inbs/081220260107530197.zip
2026-01-09 15:30:00,2026-01-09,36080,ＴＳＩ　ＨＤ,月次売上情報（前年比）のお知らせ,https://www.release.tdnet.info/inbs/140120260108531168.pdf,False,,japanese,,東,
2026-01-09 15:30:00,2026-01-09,36640,Ｇ－モブキャストＨＤ,子会社におけるゲームサービス終了に関するお知らせ,https://www.release.tdnet.info/inbs/140120260109531378.pdf,False,,japanese,,東,
2026-01-09 15:30:00,2026-01-09,36780,メディアドゥ,その他の関係会社の異動に関するお知らせ,https://www.release.tdnet.info/inbs/140120260107530448.pdf,False,,japanese,,東,
2026-01-09 15:30:00,2026-01-09,36900,イルグルム,2025年12月の月次売上高（速報）に関するお知らせ,https://www.release.tdnet.info/inbs/140120260109531471.pdf,False,,japanese,,東,
2026-01-09 15:30:00,2026-01-09,37650,ガンホー,代表取締役の異動に関するお知らせ,https://www.release.tdnet.info/inbs/140120260109531437.pdf,False,,japanese,,東,
2026-01-09 15:30:00,2026-01-09,37650,ガンホー,当社の指名・報酬委員会による取締役会に対する取締役報酬制度の一部改訂及び業績連動型株式報酬制度の導入に関する答申について,https://www.release.tdnet.info/inbs/140120260109531439.pdf,False,,japanese,,東,
2026-01-09 15:30:00,2026-01-09,37650,ガンホー,新取締役報酬制度の概要（補足説明資料）,https://www.release.tdnet.info/inbs/140120260109531510.pdf,False,,japanese,,東,
2026-01-09 15:30:00,2026-01-09,38100,サイバーステップＨＤ,第三者割当による第42回新株予約権の行使状況に関するお知らせ,https://www.release.tdnet.info/inbs/140120260109531661.pdf,False,,japanese,,東,
2026-01-09 15:30:00,2026-01-09,38150,Ｇ－メディア,特別利益（移転補償金）に関するお知らせ,https://www.release.tdnet.info/inbs/140120260108530997.pdf,False,,japanese,,東,
2026-01-09 15:30:00,2026-01-09,38150,Ｇ－メディア,2026年８月期　第１四半期決算短信〔日本基準〕（連結）,https://www.release.tdnet.info/inbs/140120260108531000.pdf,True,,japanese,,東,https://www.release.tdnet.info/inbs/081220260108531000.zip
2026-01-09 15:30:00,2026-01-09,38150,Ｇ－メディア,株主優待制度の変更（中間優待の新設）に関するお知らせ,https://www.release.tdnet.info/inbs/140120260108531007.pdf,False,,japanese,,東,
2026-01-09 15:30:00,2026-01-09,38340,朝日ネット,2025年12月末「ASAHIネット」インターネット接続契約数の状況,https://www.release.tdnet.info/inbs/140120260109531700.pdf,False,,japanese,,東,
2026-01-09 15:30:00,2026-01-09,39080,Ｇ－コラボス,東京証券取引所スタンダード市場への市場区分変更申請に関するお知らせ,https://www.release.tdnet.info/inbs/140120260109531369.pdf,False,,japanese,,東,
2026-01-09 15:30:00,2026-01-09,40630,信越化,自己株式の取得状況に関するお知らせ,https://www.release.tdnet.info/inbs/140120260109531635.pdf,False,,japanese,,東名,
2026-01-09 15:30:00,2026-01-09,40760,Ｇ－シイエヌエス,通期業績予想の修正に関するお知らせ,https://www.release.tdnet.info/inbs/140120260107530186.pdf,False,,japanese,,東,
2026-01-09 15:30:00,2026-01-09,40760,Ｇ－シイエヌエス,2026年５月期 第２四半期（中間期）決算短信〔日本基準〕（連結）,https://www.release.tdnet.info/inbs/140120260107530184.pdf,True,,japanese,,東,https://www.release.tdnet.info/inbs/081220260107530184.zip
2026-01-09 15:30:00,2026-01-09,40760,Ｇ－シイエヌエス,2026年５月期 第２四半期決算説明資料,https://www.release.tdnet.info/inbs/140120260107530187.pdf,False,,japanese,,東,
2026-01-09 15:30:00,2026-01-09,43940,Ｇ－エクスモーション,事業計画及び成長可能性に関する事項について－2025年11月期 通期決算補足説明資料－,https://www.release.tdnet.info/inbs/140120260108530551.pdf,False,,japanese,,東,
2026-01-09 15:30:00,2026-01-09,43940,Ｇ－エクスモーション,2025年11月期 決算短信〔日本基準〕（連結）,https://www.release.tdnet.info/inbs/140120260108530546.pdf,True,,japanese,,東,https://www.release.tdnet.info/inbs/081220260108530546.zip
2026-01-09 15:30:00,2026-01-09,44940,バリオセキュア,2026年２月期 第３四半期決算短信〔ＩＦＲＳ〕（非連結）,https://www.release.tdnet.info/inbs/140120260108531120.pdf,True,,japanese,,東,https://www.release.tdnet.info/inbs/081220260108531120.zip
2026-01-09 15:30:00,2026-01-09,44940,バリオセキュア,2026年２月期 第３四半期決算説明資料,https://www.release.tdnet.info/inbs/140120260108531141.pdf,False,,japanese,,東,
2026-01-09 15:30:00,2026-01-09,44980,Ｇ－サイバートラスト,SBI証券主催 個人投資家向けオンライン説明会 質疑応答集,https://www.release.tdnet.info/inbs/140120260109531308.pdf,False,,japanese,,東,
2026-01-09 15:30:00,2026-01-09,45920,Ｇ－サンバイオ,ストック・オプション（新株予約権）の付与に関するお知らせ,https://www.release.tdnet.info/inbs/140120260109531598.pdf,False,,japanese,,東,
2026-01-09 15:30:00,2026-01-09,47600,アルファ,2026年８月期 第１四半期決算短信〔日本基準〕（連結）,https://www.release.tdnet.info/inbs/140120251225526936.pdf,True,,japanese,,東名,https://www.release.tdnet.info/inbs/081220251225526936.zip
2026-01-09 15:30:00,2026-01-09,52710,トーヨーアサノ,2026年2月期　第3四半期決算短信〔日本基準〕（連結）,https://www.release.tdnet.info/inbs/140120260108530819.pdf,True,,japanese,,東名,https://www.release.tdnet.info/inbs/081220260108530819.zip
2026-01-09 15:30:00,2026-01-09,52710,トーヨーアサノ,業績予想の修正に関するお知らせ,https://www.release.tdnet.info/inbs/140120260108530804.pdf,False,,japanese,,東名,
2026-01-09 15:30:00,2026-01-09,59000,ダイケン,2026年２月期 第３四半期決算短信〔日本基準〕（連結）,https://www.release.tdnet.info/inbs/140120251226527221.pdf,True,,japanese,,東,https://www.release.tdnet.info/inbs/081220251226527221.zip
2026-01-09 15:30:00,2026-01-09,60930,エスクローＡＪ,2026年２月期 第３四半期決算短信〔日本基準〕(連結),https://www.release.tdnet.info/inbs/140120260107529763.pdf,True,,japanese,,東,https://www.release.tdnet.info/inbs/081220260107529763.zip
2026-01-09 15:30:00,2026-01-09,60930,エスクローＡＪ,2026年２月期第３四半期 決算説明資料,https://www.release.tdnet.info/inbs/140120260108531112.pdf,False,,japanese,,東,
2026-01-09 15:30:00,2026-01-09,61130,アマダ,自己株式の取得状況に関するお知らせ,https://www.release.tdnet.info/inbs/140120260109531243.pdf,False,,japanese,,東,
2026-01-09 15:30:00,2026-01-09,61660,Ｇ－中村超硬,臨時株主総会招集のための基準日設定に関するお知らせ,https://www.release.tdnet.info/inbs/140120260109531284.pdf,False,,japanese,,東,
2026-01-09 15:30:00,2026-01-09,61780,日本郵政,自己株式の取得状況に関するお知らせ（会社法第459条第１項の規定による定款の定めに基づく自己株式の取得）,https://www.release.tdnet.info/inbs/140120260109531331.pdf,False,,japanese,,東,
2026-01-09 15:30:00,2026-01-09,62640,マルマエ,譲渡制限付株式報酬としての自己株式の処分の払込完了に関するお知らせ,https://www.release.tdnet.info/inbs/140120260109531367.pdf,False,,japanese,,東,
2026-01-09 15:30:00,2026-01-09,62890,技研製作所,CDP気候変動プログラムの評価結果に関するお知らせ,https://www.release.tdnet.info/inbs/140120260109531672.pdf,False,,japanese,,東,
2026-01-09 15:30:00,2026-01-09,62890,技研製作所,2026年８月期　第１四半期決算説明資料に関するお知らせ,https://www.release.tdnet.info/inbs/140120260109531669.pdf,False,,japanese,,東,
2026-01-09 15:30:00,2026-01-09,62890,技研製作所,2026年８月期　第１四半期決算短信〔日本基準〕（連結）,https://www.release.tdnet.info/inbs/140120260108531060.pdf,True,,japanese,,東,https://www.release.tdnet.info/inbs/081220260108531060.zip
2026-01-09 15:30:00,2026-01-09,63230,ローツェ,2026年2月期 第3四半期決算短信〔日本基準〕（連結）,https://www.release.tdnet.info/inbs/140120260108530655.pdf,True,,japanese,,東,https://www.release.tdnet.info/inbs/081220260108530655.zip
2026-01-09 15:30:00,2026-01-09,63230,ローツェ,2026年2月期（第41期）第3四半期決算説明資料,https://www.release.tdnet.info/inbs/140120260108530667.pdf,False,,japanese,,東,
2026-01-09 15:30:00,2026-01-09,64890,前沢工,令和８年５月期　第２四半期（中間期）決算短信〔日本基準〕(連結),https://www.release.tdnet.info/inbs/140120260109531643.pdf,True,,japanese,,東,https://www.release.tdnet.info/inbs/081220260109531643.zip
2026-01-09 15:30:00,2026-01-09,66680,アドテック　プラズマ,2026年8月期第1四半期決算短信〔日本基準〕（連結）,https://www.release.tdnet.info/inbs/140120251211518159.pdf,True,,japanese,,東,https://www.release.tdnet.info/inbs/081220251211518159.zip
2026-01-09 15:30:00,2026-01-09,68140,古野電気,2026年２月期第３四半期決算短信［日本基準］（連結）,https://www.release.tdnet.info/inbs/140120251223524737.pdf,True,,japanese,,東,https://www.release.tdnet.info/inbs/081220251223524737.zip
2026-01-09 15:30:00,2026-01-09,68500,チノー,自己株式の取得状況に関するお知らせ,https://www.release.tdnet.info/inbs/140120251219522654.pdf,False,,japanese,,東,
2026-01-09 15:30:00,2026-01-09,68660,日置電,監査役の異動に関するお知らせ,https://www.release.tdnet.info/inbs/140120260109531624.pdf,False,,japanese,,東,
2026-01-09 15:30:00,2026-01-09,68900,フェローテック,2028年満期ユーロ円建転換社債型新株予約権付社債に関する補足説明資料について,https://www.release.tdnet.info/inbs/140120260109531699.pdf,False,,japanese,,東,
2026-01-09 15:30:00,2026-01-09,71270,一家ホールディングス,（株）一家ダイニングプロジェクト　飲食事業部　月次報告（2025年12月度）,https://www.release.tdnet.info/inbs/140120260109531299.pdf,False,,japanese,,東,
2026-01-09 15:30:00,2026-01-09,71810,かんぽ生命保険,自己株式の取得状況に関するお知らせ（会社法第459条第１項の規定による定款の定めに基づく自己株式の取得）,https://www.release.tdnet.info/inbs/140120260108530980.pdf,False,,japanese,,東,
2026-01-09 15:30:00,2026-01-09,72190,ＨＫＳ,2026年8月期 第１四半期決算短信〔日本基準〕（連結）,https://www.release.tdnet.info/inbs/140120260108530685.pdf,True,,japanese,,東,https://www.release.tdnet.info/inbs/081220260108530685.zip
2026-01-09 15:30:00,2026-01-09,74220,東邦レマック,東邦レマック株式会社12月度月次業績ご報告,https://www.release.tdnet.info/inbs/140120260109531203.pdf,False,,japanese,,東,
2026-01-09 15:30:00,2026-01-09,74470,ナガイレーベ,譲渡制限付株式報酬としての自己株式の処分の払込完了に関するお知らせ,https://www.release.tdnet.info/inbs/140120260108530557.pdf,False,,japanese,,東,
2026-01-09 15:30:00,2026-01-09,74830,ドウシシャ,人事異動に関するお知らせ,https://www.release.tdnet.info/inbs/140120260109531441.pdf,False,,japanese,,東,
2026-01-09 15:30:00,2026-01-09,74870,小津産業,通期連結業績予想の修正に関するお知らせ,https://www.release.tdnet.info/inbs/140120260105528441.pdf,True,,japanese,,東,https://www.release.tdnet.info/inbs/091220260105528441.zip
2026-01-09 15:30:00,2026-01-09,74870,小津産業,2026年５月期　第２四半期（中間期）決算短信〔日本基準〕（連結）,https://www.release.tdnet.info/inbs/140120251224525466.pdf,True,,japanese,,東,https://www.release.tdnet.info/inbs/081220251224525466.zip
2026-01-09 15:30:00,2026-01-09,74870,小津産業,2026年５月期　第２四半期決算説明資料,https://www.release.tdnet.info/inbs/140120251224525469.pdf,False,,japanese,,東,
2026-01-09 15:30:00,2026-01-09,75130,コジマ,2026年８月期 第１四半期決算短信〔日本基準〕（非連結）,https://www.release.tdnet.info/inbs/140120251223524698.pdf,True,,japanese,,東,https://www.release.tdnet.info/inbs/081220251223524698.zip
2026-01-09 15:30:00,2026-01-09,75130,コジマ,2026年８月期 第１四半期決算補足説明資料,https://www.release.tdnet.info/inbs/140120260108531055.pdf,False,,japanese,,東,
2026-01-09 15:30:00,2026-01-09,75130,コジマ,株主優待制度の変更（拡充）に関するお知らせ,https://www.release.tdnet.info/inbs/140120260108530560.pdf,False,,japanese,,東,
2026-01-09 15:30:00,2026-01-09,75160,コーナン商,2026年２月期 第３四半期決算短信〔日本基準〕（連結）,https://www.release.tdnet.info/inbs/140120260109531247.pdf,True,,japanese,,東,https://www.release.tdnet.info/inbs/081220260109531247.zip
2026-01-09 15:30:00,2026-01-09,75160,コーナン商,2026年２月期 第３四半期決算説明会資料,https://www.release.tdnet.info/inbs/140120260109531275.pdf,False,,japanese,,東,
2026-01-09 15:30:00,2026-01-09,75160,コーナン商,連結業績予想の修正に関するお知らせ,https://www.release.tdnet.info/inbs/140120260109531294.pdf,False,,japanese,,東,
2026-01-09 15:30:00,2026-01-09,76030,ジーイエット,2026年２月期　第３四半期決算短信〔日本基準〕（非連結）,https://www.release.tdnet.info/inbs/140120260109531658.pdf,True,,japanese,,東,https://www.release.tdnet.info/inbs/081220260109531658.zip
2026-01-09 15:30:00,2026-01-09,76340,星医療,譲渡制限付株式報酬としての自己株式の処分に関するお知らせ,https://www.release.tdnet.info/inbs/140120260109531466.pdf,False,,japanese,,東,
2026-01-09 15:30:00,2026-01-09,76730,ダイコー通産,2026年5月期　第2四半期（中間期）決算短信〔日本基準〕（非連結）,https://www.release.tdnet.info/inbs/140120260109531342.pdf,True,,japanese,,東,https://www.release.tdnet.info/inbs/081220260109531342.zip
2026-01-09 15:30:00,2026-01-09,76730,ダイコー通産,2026年5月期　第2四半期　決算補足説明資料,https://www.release.tdnet.info/inbs/140120260109531358.pdf,False,,japanese,,東,
2026-01-09 15:30:00,2026-01-09,79750,リヒトラブ,2026年２月期　第３四半期決算短信〔日本基準〕(連結),https://www.release.tdnet.info/inbs/140120260108531104.pdf,True,,japanese,,東名,https://www.release.tdnet.info/inbs/081220260108531104.zip
2026-01-09 15:30:00,2026-01-09,79940,オカムラ,グループ組織再編（連結子会社の吸収分割及び当社子会社間の吸収合併ならびに連結子会社との吸収合併）に関する準備開始のお知らせ,https://www.release.tdnet.info/inbs/140120260109531249.pdf,False,,japanese,,東,
2026-01-09 15:30:00,2026-01-09,80560,ＢＩＰＲＯＧＹ,自己株式の取得状況および取得終了並びに自己株式の消却に関するお知らせ,https://www.release.tdnet.info/inbs/140120260109531420.pdf,False,,japanese,,東,
2026-01-09 15:30:00,2026-01-09,81270,ヤマトインター,2026年8月期 第1四半期決算短信〔日本基準〕（連結）,https://www.release.tdnet.info/inbs/140120260109531581.pdf,True,,japanese,,東,https://www.release.tdnet.info/inbs/081220260109531581.zip
2026-01-09 15:30:00,2026-01-09,81660,タカキュー,通期業績予想の修正に関するお知らせ,https://www.release.tdnet.info/inbs/140120260109531472.pdf,False,,japanese,,東,
2026-01-09 15:30:00,2026-01-09,81660,タカキュー,2026年2月期　第3四半期決算短信〔日本基準〕（非連結）,https://www.release.tdnet.info/inbs/140120251223524682.pdf,True,,japanese,,東,https://www.release.tdnet.info/inbs/081220251223524682.zip
2026-01-09 15:30:00,2026-01-09,81660,タカキュー,2026年2月期 第3四半期決算説明資料,https://www.release.tdnet.info/inbs/140120260109531462.pdf,False,,japanese,,東,
2026-01-09 15:30:00,2026-01-09,81810,東天紅,2026年２月期　第３四半期決算短信[日本基準]（非連結）,https://www.release.tdnet.info/inbs/140120260105528976.pdf,True,,japanese,,東,https://www.release.tdnet.info/inbs/081220260105528976.zip
2026-01-09 15:30:00,2026-01-09,81850,チヨダ,2026年２月期 第３四半期決算短信〔日本基準〕（連結）,https://www.release.tdnet.info/inbs/140120260109531617.pdf,True,,japanese,,東,https://www.release.tdnet.info/inbs/081220260109531617.zip
2026-01-09 15:30:00,2026-01-09,82000,リンガーハット,2026年２月期 第３四半期決算短信〔日本基準〕（連結）,https://www.release.tdnet.info/inbs/140120260109531253.pdf,True,,japanese,,東福,https://www.release.tdnet.info/inbs/081220260109531253.zip
2026-01-09 15:30:00,2026-01-09,82000,リンガーハット,2026年２月期 第３四半期決算説明補足資料,https://www.release.tdnet.info/inbs/140120260109531370.pdf,False,,japanese,,東福,
2026-01-09 15:30:00,2026-01-09,82000,リンガーハット,代表取締役の異動に関するお知らせ,https://www.release.tdnet.info/inbs/140120260109531372.pdf,False,,japanese,,東福,
2026-01-09 15:30:00,2026-01-09,82670,イオン,イオン（株）12月度連結営業概況,https://www.release.tdnet.info/inbs/140120260109531706.pdf,False,,japanese,,東,
2026-01-09 15:30:00,2026-01-09,88360,ＲＩＳＥ,非上場の親会社等の決算に関するお知らせ,https://www.release.tdnet.info/inbs/140120251226527399.pdf,False,,japanese,,東,
2026-01-09 15:30:00,2026-01-09,89080,毎日コムネット,2026年５月期 第２四半期（中間期）決算短信〔日本基準〕（連結）,https://www.release.tdnet.info/inbs/140120260106529572.pdf,True,,japanese,,東,https://www.release.tdnet.info/inbs/081220260106529572.zip
2026-01-09 15:30:00,2026-01-09,89310,和田興産,2026年２月期第３四半期決算短信[日本基準](非連結),https://www.release.tdnet.info/inbs/140120260109531219.pdf,True,,japanese,,東,https://www.release.tdnet.info/inbs/081220260109531219.zip
2026-01-09 15:30:00,2026-01-09,90050,東急,自己株式の取得状況に関するお知らせ,https://www.release.tdnet.info/inbs/140120260106529140.pdf,False,,japanese,,東,
2026-01-09 15:30:00,2026-01-09,92160,ビーウィズ,2026年5月期 第2四半期（中間期）決算短信〔日本基準〕(連結),https://www.release.tdnet.info/inbs/140120260108531108.pdf,True,,japanese,,東,https://www.release.tdnet.info/inbs/081220260108531108.zip
2026-01-09 15:30:00,2026-01-09,92160,ビーウィズ,2026年5月期第2四半期（中間期）の連結業績予想と実績値との差異および特別損失の計上に関するお知らせ,https://www.release.tdnet.info/inbs/140120260106529671.pdf,False,,japanese,,東,
2026-01-09 15:30:00,2026-01-09,92510,Ｇ－ＡＢ＆Ｃ,財務上の特約が付された金銭消費貸借契約締結に関するお知らせ,https://www.release.tdnet.info/inbs/140120260109531205.pdf,False,,japanese,,東,
2026-01-09 15:30:00,2026-01-09,92840,Ｉ－カナディアンソラ,資産運用会社における重要な使用人の異動に関するお知らせ,https://www.release.tdnet.info/inbs/140120260109531365.pdf,False,,japanese,,東,
2026-01-09 15:30:00,2026-01-09,97160,乃村工芸,2026年２月期 第３四半期決算短信〔日本基準〕（連結）,https://www.release.tdnet.info/inbs/140120260108531065.pdf,True,,japanese,,東,https://www.release.tdnet.info/inbs/081220260108531065.zip
2026-01-09 15:30:00,2026-01-09,97160,乃村工芸,2026年２月期 第３四半期決算説明資料,https://www.release.tdnet.info/inbs/140120260108531071.pdf,False,,japanese,,東,
2026-01-09 15:30:00,2026-01-09,97160,乃村工芸,通期連結業績予想および配当予想の修正に関するお知らせ,https://www.release.tdnet.info/inbs/140120260108531072.pdf,False,,japanese,,東,
2026-01-09 15:30:00,2026-01-09,97200,ニューグランド,業績予想の修正及び特別損失（固定資産除却損）の計上に関するお知らせ,https://www.release.tdnet.info/inbs/140120260108531070.pdf,True,,japanese,,東,https://www.release.tdnet.info/inbs/091220260108531070.zip
2026-01-09 15:30:00,2026-01-09,97400,ＣＳＰ,2026年２月期 第３四半期決算短信〔日本基準〕（連結）,https://www.release.tdnet.info/inbs/140120260109531389.pdf,True,,japanese,,東,https://www.release.tdnet.info/inbs/081220260109531389.zip
2026-01-09 15:00:00,2026-01-09,27470,北雄ラッキー,業績予想の修正に関するお知らせ,https://www.release.tdnet.info/inbs/140120260109531432.pdf,False,,japanese,,東札,
2026-01-09 15:00:00,2026-01-09,27470,北雄ラッキー,2026年２月期 第３四半期決算短信〔日本基準〕(非連結),https://www.release.tdnet.info/inbs/140120260109531418.pdf,True,,japanese,,東札,https://www.release.tdnet.info/inbs/081220260109531418.zip
2026-01-09 15:00:00,2026-01-09,30660,ＪＢイレブン,2026年３月期 12月度 店舗月次売上・店舗数のお知らせ,https://www.release.tdnet.info/inbs/140120260108530652.pdf,False,,japanese,,名,
2026-01-09 15:00:00,2026-01-09,59760,ネツレン,株式会社ANDO Imagineering Groupの株式取得による資本参加に関するお知らせ,https://www.release.tdnet.info/inbs/140120260108530578.pdf,False,,japanese,,東,
2026-01-09 15:00:00,2026-01-09,62000,インソース,譲渡制限付株式報酬としての自己株式の処分に関するお知らせ,https://www.release.tdnet.info/inbs/140120260109531522.pdf,False,,japanese,,東,
2026-01-09 15:00:00,2026-01-09,72500,太平洋工,株式会社ＣＯＲＥによる太平洋工業株式会社（証券コード：7250）の株券等に対する公開買付けの買付条件等の変更に関するお知らせ,https://www.release.tdnet.info/inbs/140120260109531447.pdf,False,,japanese,,東名,
2026-01-09 15:00:00,2026-01-09,72500,太平洋工,（変更）「ＭＢＯの実施及び応募の推奨に関するお知らせ」の一部変更について,https://www.release.tdnet.info/inbs/140120260109531444.pdf,False,,japanese,,東名,
2026-01-09 15:00:00,2026-01-09,74260,山大,業務提携に関するお知らせ,https://www.release.tdnet.info/inbs/140120260108530856.pdf,False,,japanese,,東,
2026-01-09 15:00:00,2026-01-09,77130,シグマ光機,2026年５月期 第２四半期（中間期）決算短信〔日本基準〕（連結）,https://www.release.tdnet.info/inbs/140120260108530841.pdf,True,,japanese,,東,https://www.release.tdnet.info/inbs/081220260108530841.zip
2026-01-09 15:00:00,2026-01-09,82030,ＭｒＭａｘＨＤ,2026年2月期　第3四半期決算短信〔日本基準〕（連結）,https://www.release.tdnet.info/inbs/140120251223524940.pdf,True,,japanese,,東福,https://www.release.tdnet.info/inbs/081220251223524940.zip
2026-01-09 15:00:00,2026-01-09,82030,ＭｒＭａｘＨＤ,2026年2月期　第3四半期　四半期決算ハイライト,https://www.release.tdnet.info/inbs/140120260109531283.pdf,False,,japanese,,東福,
2026-01-09 15:00:00,2026-01-09,82030,ＭｒＭａｘＨＤ,2026年2月期　第3四半期　決算参考資料,https://www.release.tdnet.info/inbs/140120260109531288.pdf,False,,japanese,,東福,
2026-01-09 15:00:00,2026-01-09,87470,豊トラスティ証券,連結総資産の増加に関するお知らせ,https://www.release.tdnet.info/inbs/140120260109531323.pdf,False,,japanese,,東,
2026-01-09 15:00:00,2026-01-09,98900,マキヤ,2026年３月期 月次売上速報（12月度）のお知らせ,https://www.release.tdnet.info/inbs/140120260109531697.pdf,False,,japanese,,東,
2026-01-09 14:30:00,2026-01-09,31810,買取王国,2025年12月　月次売上概況,https://www.release.tdnet.info/inbs/140120260108530927.pdf,False,,japanese,,東,
2026-01-09 14:00:00,2026-01-09,29030,シノブフーズ,自己株式の取得状況に関するお知らせ,https://www.release.tdnet.info/inbs/140120260109531290.pdf,False,,japanese,,東,
2026-01-09 14:00:00,2026-01-09,29980,Ｇ－クリアル,当社主要KPI(2025年12月度)に関するお知らせ,https://www.release.tdnet.info/inbs/140120260109531463.pdf,False,,japanese,,東,
2026-01-09 14:00:00,2026-01-09,74410,Ｍｉｓｕｍｉ,自己株式の取得状況に関するお知らせ,https://www.release.tdnet.info/inbs/140120260108530906.pdf,False,,japanese,,福,
2026-01-09 14:00:00,2026-01-09,76010,ポプラ,2026年２月期 第３四半期決算短信［日本基準］(連結),https://www.release.tdnet.info/inbs/140120260108530844.pdf,True,,japanese,,東,https://www.release.tdnet.info/inbs/081220260108530844.zip
2026-01-09 14:00:00,2026-01-09,76010,ポプラ,株主優待制度の再導入に関するお知らせ,https://www.release.tdnet.info/inbs/140120260108530984.pdf,False,,japanese,,東,
2026-01-09 14:00:00,2026-01-09,90720,ニッコンＨＤ,自己株式の取得状況に関するお知らせ,https://www.release.tdnet.info/inbs/140120260109531252.pdf,False,,japanese,,東,
2026-01-09 14:00:00,2026-01-09,92850,Ｉ－東京インフラＦ,保有資産に係る月次発電量実績及び出力制御の実施状況に関するお知らせ（2025年12月）,https://www.release.tdnet.info/inbs/140120260109531246.pdf,False,,japanese,,東,
2026-01-09 14:00:00,2026-01-09,93130,丸八倉,2025年11月期　決算短信［日本基準］(連結),https://www.release.tdnet.info/inbs/140120260107529767.pdf,True,,japanese,,東,https://www.release.tdnet.info/inbs/081220260107529767.zip
2026-01-09 14:00:00,2026-01-09,99740,ベルク,2026年２月期第３四半期決算短信〔日本基準〕(連結),https://www.release.tdnet.info/inbs/140120260109531317.pdf,True,,japanese,,東,https://www.release.tdnet.info/inbs/081220260109531317.zip
2026-01-09 13:30:00,2026-01-09,71800,九州ＦＧ,自己株式の取得状況に関するお知らせ,https://www.release.tdnet.info/inbs/140120260107529866.pdf,False,,japanese,,東福,
2026-01-09 13:30:00,2026-01-09,83370,千葉興銀,（開示事項の経過）連結子会社の株式の追加取得による完全子会社化に関する譲渡契約締結のお知らせ,https://www.release.tdnet.info/inbs/140120260108530780.pdf,False,,japanese,,東,
2026-01-09 13:00:00,2026-01-09,16050,ＩＮＰＥＸ,自己株式の取得状況に関するお知らせ,https://www.release.tdnet.info/inbs/140120260109531292.pdf,False,,japanese,,東,
2026-01-09 13:00:00,2026-01-09,28040,ブルドックソース,自己株式の取得状況に関するお知らせ,https://www.release.tdnet.info/inbs/140120260108531110.pdf,False,,japanese,,東,
2026-01-09 13:00:00,2026-01-09,35010,ＳＵＭＩＮＯＥ,2026年５月期第２四半期（中間期）業績予想の修正に関するお知らせ,https://www.release.tdnet.info/inbs/140120260108530964.pdf,True,,japanese,,東,https://www.release.tdnet.info/inbs/091220260108530964.zip
2026-01-09 13:00:00,2026-01-09,42120,積水樹脂,自己株式の取得状況に関するお知らせ,https://www.release.tdnet.info/inbs/140120260108530857.pdf,False,,japanese,,東,
2026-01-09 13:00:00,2026-01-09,42120,積水樹脂,自己株式の取得状況及び取得終了に関するお知らせ,https://www.release.tdnet.info/inbs/140120260108530866.pdf,False,,japanese,,東,
2026-01-09 13:00:00,2026-01-09,64820,ＹＵＳＨＩＮ,自己株式の取得状況に関するお知らせ,https://www.release.tdnet.info/inbs/140120260109531335.pdf,False,,japanese,,東,
2026-01-09 13:00:00,2026-01-09,80890,ナイス,業務提携に関するお知らせ,https://www.release.tdnet.info/inbs/140120260108531149.pdf,False,,japanese,,東,
2026-01-09 13:00:00,2026-01-09,98350,ジュンテンド,2026年２月期　第３四半期決算短信〔日本基準〕（非連結）,https://www.release.tdnet.info/inbs/140120260107530334.pdf,True,,japanese,,東,https://www.release.tdnet.info/inbs/081220260107530334.zip
2026-01-09 13:00:00,2026-01-09,98350,ジュンテンド,2026年２月期第３四半期決算補足説明資料,https://www.release.tdnet.info/inbs/140120260107529805.pdf,False,,japanese,,東,
2026-01-09 13:00:00,2026-01-09,99080,日本電計,指名・報酬委員会の設置に関するお知らせ,https://www.release.tdnet.info/inbs/140120260108530491.pdf,False,,japanese,,東,
2026-01-09 12:30:00,2026-01-09,49660,上村工業,人事異動に関するお知らせ,https://www.release.tdnet.info/inbs/140120260109531212.pdf,False,,japanese,,東,
2026-01-09 12:10:00,2026-01-09,13264,Ｅ－ワールド,SPDRゴールド・シェアに関する日々の開示事項,https://www.release.tdnet.info/inbs/140120260109531487.pdf,False,,japanese,,東,
2026-01-09 12:05:00,2026-01-09,13494,Ｅ－ＳＳＧＡ－ＳＩＮ,アジア国債・公債ＥＴＦ（正式名称：ＡＢＦ汎アジア債券インデックス・ファンド）に関する日々の開示事項,https://www.release.tdnet.info/inbs/140120260109531481.pdf,False,,japanese,,東,
2026-01-09 12:00:00,2026-01-09,15574,Ｅ－ＳＳＧＡＴＣ,SPDR S&P500 ETFに関する日々の開示事項,https://www.release.tdnet.info/inbs/140120260109531469.pdf,False,,japanese,,東,
2026-01-09 12:00:00,2026-01-09,26020,日清オイリオ,自己株式の取得状況に関するお知らせ,https://www.release.tdnet.info/inbs/140120260108531045.pdf,False,,japanese,,東,
2026-01-09 12:00:00,2026-01-09,44400,ヴィッツ,2026年８月期　第1四半期決算短信〔日本基準〕（連結）,https://www.release.tdnet.info/inbs/140120260107529856.pdf,True,,japanese,,東,https://www.release.tdnet.info/inbs/081220260107529856.zip
2026-01-09 11:30:00,2026-01-09,20704,Ｎ－三菱ＵＦＪ証ＨＤ,上場ETN（発行者：三菱UFJ証券ホールディングス株式会社）に関する日々の開示事項,https://www.release.tdnet.info/inbs/140120260109531346.pdf,False,,japanese,,東,
2026-01-09 11:30:00,2026-01-09,72730,イクヨ,SBIデジタルファイナンスとのパートナーシップに基づくレンディングサービスを活用したビットコイン運用開始に関するお知らせ,https://www.release.tdnet.info/inbs/140120260109531291.pdf,False,,japanese,,東,
2026-01-09 11:30:00,2026-01-09,92410,Ｇ－ＦＬＮ,譲渡制限付株式報酬としての新株式発行の払込完了に関するお知らせ,https://www.release.tdnet.info/inbs/140120260109531310.pdf,False,,japanese,,東,
2026-01-09 11:30:00,2026-01-09,98320,オートバックス,2026年3月期　12月度 月次売上概況（速報）についてのお知らせ,https://www.release.tdnet.info/inbs/140120260109531440.pdf,False,,japanese,,東,
2026-01-09 11:00:00,2026-01-09,42460,ＤＮＣ,自己株式立会外買付取引（ToSTNeT-３）による自己株式の取得結果及び自己株式の取得終了並びに主要株主及び主要株主である筆頭株主の異動に関するお知らせ,https://www.release.tdnet.info/inbs/140120251225526698.pdf,False,,japanese,,東,
2026-01-09 11:00:00,2026-01-09,48920,Ｇ－サイフューズ,第三者割当による新株式の発行に係る払込完了に関するお知らせ,https://www.release.tdnet.info/inbs/140120260109531312.pdf,False,,japanese,,東福,
2026-01-09 11:00:00,2026-01-09,92520,Ｇ－ラストワンマイル,(訂正)「中期経営計画(事業計画及び成長可能性に関する説明資料)」一部訂正について,https://www.release.tdnet.info/inbs/140120260109531336.pdf,False,,japanese,,東,
2026-01-09 11:00:00,2026-01-09,92520,Ｇ－ラストワンマイル,(訂正・数値データ訂正) 「2025年８月期決算短信〔ＩＦＲＳ〕（連結）」の一部訂正について,https://www.release.tdnet.info/inbs/140120260108531183.pdf,True,,japanese,,東,https://www.release.tdnet.info/inbs/081220260108531183.zip
2026-01-09 11:00:00,2026-01-09,94750,昭文社ＨＤ,自己株式の取得状況に関するお知らせ,https://www.release.tdnet.info/inbs/140120260109531354.pdf,False,,japanese,,東,
2026-01-09 10:45:00,2026-01-09,48840,Ｇ－クリングル,声帯瘢痕に対するHGF（肝細胞増殖因子）の第III相臨床試験における最終症例の組入れ完了のお知らせ,https://www.release.tdnet.info/inbs/140120260109531360.pdf,False,,japanese,,東,
2026-01-09 10:30:00,2026-01-09,15624,Ｅ－三井住友ＤＳＡＭ,上場ＥＴＦ（管理会社：三井住友DSアセットマネジメント）に関する日々の開示事項,https://www.release.tdnet.info/inbs/140120260109531298.pdf,False,,japanese,,東,
2026-01-09 10:30:00,2026-01-09,82190,青山商,2025年12月　月次売上高前年比（速報）に関するお知らせ,https://www.release.tdnet.info/inbs/140120260108531105.pdf,False,,japanese,,東,
2026-01-09 10:00:00,2026-01-09,16714,Ｅ－シンプレクス,上場ＥＴＦ(管理会社：シンプレクス・アセット・マネジメント)に関する日々の開示事項,https://www.release.tdnet.info/inbs/140120260109531270.pdf,False,,japanese,,東,
2026-01-09 10:00:00,2026-01-09,68590,エスペック,自己株式の取得状況に関するお知らせ,https://www.release.tdnet.info/inbs/140120260109531254.pdf,False,,japanese,,東,
2026-01-09 10:00:00,2026-01-09,75120,イオン北海,自己株式立会外買付取引（ToSTNeT-3）による自己株式の取得結果及び自己株式の取得終了に関するお知らせ,https://www.release.tdnet.info/inbs/140120260109531256.pdf,False,,japanese,,東札,
2026-01-09 10:00:00,2026-01-09,82000,リンガーハット,取締役の逝去および退任に関するお知らせ,https://www.release.tdnet.info/inbs/140120260109531217.pdf,False,,japanese,,東福,
2026-01-09 10:00:00,2026-01-09,94250,ＲｅＹｕｕＪａｐａｎ,（訂正）監査等委員会設置会社への移行および役員人事に関するお知らせ,https://www.release.tdnet.info/inbs/140120260108530732.pdf,False,,japanese,,東,
2026-01-09 09:45:00,2026-01-09,13294,Ｅ－ブラックロック,上場ETF（管理会社：ブラックロック・ジャパン）に関する日々の開示事項,https://www.release.tdnet.info/inbs/140120260109531263.pdf,False,,japanese,,東,
2026-01-09 09:30:00,2026-01-09,77390,キヤノン電子,臨時株主総会招集のための基準日設定に関するお知らせ,https://www.release.tdnet.info/inbs/140120260107530467.pdf,False,,japanese,,東,
2026-01-09 09:00:00,2026-01-09,16724,Ｅ－ＷｉｓｄｏｍＴｒ,上場ETF（管理会社：WisdomTree、外国投資法人：MSL）に関する日々の開示事項,https://www.release.tdnet.info/inbs/140120260109531207.pdf,False,,japanese,,東,
2026-01-09 09:00:00,2026-01-09,16724,Ｅ－ＷｉｓｄｏｍＴｒ,上場ETF（管理会社：WisdomTree、外国投資法人：CSL）に関する日々の開示事項,https://www.release.tdnet.info/inbs/140120260109531208.pdf,False,,japanese,,東,
2026-01-13 19:10:00,2026-01-13,30930,トレファク,（訂正）「2026年２月期 第３四半期決算説明資料」の一部訂正に関するお知らせ,https://www.release.tdnet.info/inbs/140120260113532964.pdf,False,,japanese,,東,
2026-01-13 18:40:00,2026-01-13,38560,Ａｂａｌａｎｃｅ,2026年３月期 第２四半期（中間期）決算短信〔日本基準〕(連結),https://www.release.tdnet.info/inbs/140120260113532958.pdf,True,,japanese,,東,https://www.release.tdnet.info/inbs/081220260113532958.zip
2026-01-13 18:40:00,2026-01-13,38560,Ａｂａｌａｎｃｅ,通期連結業績予想の修正に関するお知らせ,https://www.release.tdnet.info/inbs/140120260113532781.pdf,False,,japanese,,東,
2026-01-13 18:40:00,2026-01-13,38560,Ａｂａｌａｎｃｅ,（変更・訂正）連結子会社の固定資産の譲渡に伴う特別利益の計上及び特別損失の計上に関するお知らせ,https://www.release.tdnet.info/inbs/140120260113532836.pdf,False,,japanese,,東,
2026-01-13 18:40:00,2026-01-13,38560,Ａｂａｌａｎｃｅ,第27期半期報告書提出完了に関するお知らせ,https://www.release.tdnet.info/inbs/140120260113532848.pdf,False,,japanese,,東,
2026-01-13 18:40:00,2026-01-13,38560,Ａｂａｌａｎｃｅ,2026年３月期半期報告書のレビュー結論不表明に関するお知らせ,https://www.release.tdnet.info/inbs/140120260113532857.pdf,False,,japanese,,東,
2026-01-13 18:30:00,2026-01-13,30830,スターシーズ,2026年2月期第3四半期決算説明資料,https://www.release.tdnet.info/inbs/140120260113532914.pdf,False,,japanese,,東,
2026-01-13 18:30:00,2026-01-13,30830,スターシーズ,配当予想の修正（新規事業開始記念配当）に関するお知らせ,https://www.release.tdnet.info/inbs/140120260113532932.pdf,False,,japanese,,東,
2026-01-13 18:30:00,2026-01-13,30830,スターシーズ,固定資産の保有目的変更に関するお知らせ,https://www.release.tdnet.info/inbs/140120260113532944.pdf,False,,japanese,,東,
2026-01-13 18:30:00,2026-01-13,30830,スターシーズ,2026年２月期 第３四半期決算短信〔日本基準〕（連結）,https://www.release.tdnet.info/inbs/140120260113532750.pdf,True,,japanese,,東,https://www.release.tdnet.info/inbs/081220260113532750.zip
2026-01-13 18:30:00,2026-01-13,30830,スターシーズ,第４回新株予約権の一部譲渡の承認に関するお知らせ,https://www.release.tdnet.info/inbs/140120260113532955.pdf,False,,japanese,,東,
2026-01-13 18:30:00,2026-01-13,30830,スターシーズ,固定資産（系統用蓄電所設備）及び電力接続権の取得に関するお知らせ,https://www.release.tdnet.info/inbs/140120260113532956.pdf,False,,japanese,,東,
2026-01-13 18:15:00,2026-01-13,26670,イメージワン,当社に対する訴訟提起に関するお知らせ,https://www.release.tdnet.info/inbs/140120260113532635.pdf,False,,japanese,,東,
2026-01-13 18:00:00,2026-01-13,39480,光ビジネス,2025年12月期通期業績予想の修正に関するお知らせ,https://www.release.tdnet.info/inbs/140120260109531931.pdf,True,,japanese,,東,https://www.release.tdnet.info/inbs/091220260109531931.zip
2026-01-13 18:00:00,2026-01-13,57210,エス・サイエンス,三崎未来ホールディングス株式会社との業務提携契約締結に関するお知らせ,https://www.release.tdnet.info/inbs/140120260113532485.pdf,False,,japanese,,東,
2026-01-13 18:00:00,2026-01-13,57210,エス・サイエンス,事業計画（中期経営計画）の公表日確定に関するお知らせ,https://www.release.tdnet.info/inbs/140120260113532494.pdf,False,,japanese,,東,
2026-01-13 17:50:00,2026-01-13,13650,ｉＦ２２５ダブル,iFreeETFの収益分配のお知らせ,https://www.release.tdnet.info/inbs/140120260113532882.pdf,False,,japanese,,東,
2026-01-13 17:50:00,2026-01-13,13660,ｉＦ２２５Ｗベア,iFreeETFの収益分配のお知らせ,https://www.release.tdnet.info/inbs/140120260113532883.pdf,False,,japanese,,東,
2026-01-13 17:50:00,2026-01-13,13670,ｉＦＴＰＸダブル,iFreeETFの収益分配のお知らせ,https://www.release.tdnet.info/inbs/140120260113532884.pdf,False,,japanese,,東,
2026-01-13 17:50:00,2026-01-13,13680,ｉＦＴＰＸＷベア,iFreeETFの収益分配のお知らせ,https://www.release.tdnet.info/inbs/140120260113532885.pdf,False,,japanese,,東,
2026-01-13 17:50:00,2026-01-13,14560,ｉＦ２２５ベア,iFreeETFの収益分配のお知らせ,https://www.release.tdnet.info/inbs/140120260113532886.pdf,False,,japanese,,東,
2026-01-13 17:50:00,2026-01-13,14570,ｉＦＴＰＸベア,iFreeETFの収益分配のお知らせ,https://www.release.tdnet.info/inbs/140120260113532887.pdf,False,,japanese,,東,
2026-01-13 17:50:00,2026-01-13,14660,ｉＦＪ４００Ｗベア,iFreeETFの収益分配のお知らせ,https://www.release.tdnet.info/inbs/140120260113532888.pdf,False,,japanese,,東,
2026-01-13 17:50:00,2026-01-13,14790,ｉＦＭＳＣＩ人材設備,iFreeETFの収益分配のお知らせ,https://www.release.tdnet.info/inbs/140120260113532889.pdf,False,,japanese,,東,
2026-01-13 17:50:00,2026-01-13,15850,ｉＦＥＸ－Ｆ,iFreeETFの収益分配のお知らせ,https://www.release.tdnet.info/inbs/140120260113532890.pdf,False,,japanese,,東,
2026-01-13 17:50:00,2026-01-13,15990,ｉＦＪＰＸ日経４００,iFreeETFの収益分配のお知らせ,https://www.release.tdnet.info/inbs/140120260113532891.pdf,False,,japanese,,東,
2026-01-13 17:50:00,2026-01-13,16520,ｉＦ女性活躍ＷＩＮ,iFreeETFの収益分配のお知らせ,https://www.release.tdnet.info/inbs/140120260113532892.pdf,False,,japanese,,東,
2026-01-13 17:50:00,2026-01-13,16530,ｉＦＥＳＧセレクト,iFreeETFの収益分配のお知らせ,https://www.release.tdnet.info/inbs/140120260113532893.pdf,False,,japanese,,東,
2026-01-13 17:50:00,2026-01-13,16540,ｉＦブロッサム,iFreeETFの収益分配のお知らせ,https://www.release.tdnet.info/inbs/140120260113532894.pdf,False,,japanese,,東,
2026-01-13 17:50:00,2026-01-13,26240,ｉＦ２２５年４,iFreeETFの収益分配のお知らせ,https://www.release.tdnet.info/inbs/140120260113532895.pdf,False,,japanese,,東,
2026-01-13 17:50:00,2026-01-13,26250,ｉＦＴＰＸ年４,iFreeETFの収益分配のお知らせ,https://www.release.tdnet.info/inbs/140120260113532896.pdf,False,,japanese,,東,
2026-01-13 17:45:00,2026-01-13,92500,Ｇ－ＧＲＣＳ,2025年11月期通期決算発表の延期に関するお知らせ,https://www.release.tdnet.info/inbs/140120260113532870.pdf,False,,japanese,,東,
2026-01-13 17:30:00,2026-01-13,76430,ダイイチ,譲渡制限付株式報酬としての自己株式の処分に関するお知らせ,https://www.release.tdnet.info/inbs/140120260113532749.pdf,False,,japanese,,東札,
2026-01-13 17:15:00,2026-01-13,34200,ケー・エフ・シー,（訂正）代表取締役会長の逝去及び異動に関するお知らせ,https://www.release.tdnet.info/inbs/140120260113532838.pdf,False,,japanese,,東,
2026-01-13 17:10:00,2026-01-13,60850,Ｇ－アーキテクツＳＪ,2026年2月期第2四半期（中間期）決算短信〔日本基準〕(連結),https://www.release.tdnet.info/inbs/140120260111531962.pdf,True,,japanese,,東,https://www.release.tdnet.info/inbs/081220260111531962.zip
2026-01-13 17:10:00,2026-01-13,78860,ヤマトモビＭｆｇ,完全子会社の吸収合併（簡易合併・略式合併）に関するお知らせ,https://www.release.tdnet.info/inbs/140120260113532832.pdf,False,,japanese,,東,
2026-01-13 17:05:00,2026-01-13,37470,インタートレード,取締役の逝去および退任に関するお知らせ,https://www.release.tdnet.info/inbs/140120260113532117.pdf,False,,japanese,,東,
2026-01-13 17:00:00,2026-01-13,14820,ｉＳ米国債七十円へジ,ＥＴＦの収益分配のお知らせ,https://www.release.tdnet.info/inbs/140120260113532805.pdf,False,,japanese,,東,
2026-01-13 17:00:00,2026-01-13,14960,ｉＳ米＄ＩＧ社債ヘジ,ＥＴＦの収益分配のお知らせ,https://www.release.tdnet.info/inbs/140120260113532806.pdf,False,,japanese,,東,
2026-01-13 17:00:00,2026-01-13,14970,ｉＳ米＄ＨＹ社債ヘジ,ＥＴＦの収益分配のお知らせ,https://www.release.tdnet.info/inbs/140120260113532807.pdf,False,,japanese,,東,
2026-01-13 17:00:00,2026-01-13,16560,ｉＳ米国債七十,ＥＴＦの収益分配のお知らせ,https://www.release.tdnet.info/inbs/140120260113532808.pdf,False,,japanese,,東,
2026-01-13 17:00:00,2026-01-13,20120,ｉＳ米国債０３月,ＥＴＦの収益分配のお知らせ,https://www.release.tdnet.info/inbs/140120260113532809.pdf,False,,japanese,,東,
2026-01-13 17:00:00,2026-01-13,22550,ｉＳ米国債二十,ＥＴＦの収益分配のお知らせ,https://www.release.tdnet.info/inbs/140120260113532810.pdf,False,,japanese,,東,
2026-01-13 17:00:00,2026-01-13,22560,ｉＳ米国総合債券,ＥＴＦの収益分配のお知らせ,https://www.release.tdnet.info/inbs/140120260113532811.pdf,False,,japanese,,東,
2026-01-13 17:00:00,2026-01-13,22570,ｉＳ＄ＩＧ社債,ＥＴＦの収益分配のお知らせ,https://www.release.tdnet.info/inbs/140120260113532812.pdf,False,,japanese,,東,
2026-01-13 17:00:00,2026-01-13,22580,ｉＳ＄ＨＹ社債,ＥＴＦの収益分配のお知らせ,https://www.release.tdnet.info/inbs/140120260113532813.pdf,False,,japanese,,東,
2026-01-13 17:00:00,2026-01-13,22590,ｉＳフランス国債ヘジ,ＥＴＦの収益分配のお知らせ,https://www.release.tdnet.info/inbs/140120260113532814.pdf,False,,japanese,,東,
2026-01-13 17:00:00,2026-01-13,25610,ｉＳ日本国債,ＥＴＦの収益分配のお知らせ,https://www.release.tdnet.info/inbs/140120260113532818.pdf,False,,japanese,,東,
2026-01-13 17:00:00,2026-01-13,26200,ｉＳ米国債一三,ＥＴＦの収益分配のお知らせ,https://www.release.tdnet.info/inbs/140120260113532819.pdf,False,,japanese,,東,
2026-01-13 17:00:00,2026-01-13,26210,ｉＳ米国債二十へジ,ＥＴＦの収益分配のお知らせ,https://www.release.tdnet.info/inbs/140120260113532820.pdf,False,,japanese,,東,
2026-01-13 17:00:00,2026-01-13,26220,ｉＳ新興国債券へジ,ＥＴＦの収益分配のお知らせ,https://www.release.tdnet.info/inbs/140120260113532821.pdf,False,,japanese,,東,
2026-01-13 17:00:00,2026-01-13,26490,ｉＳＧＮＭＡ債ヘジ,ＥＴＦの収益分配のお知らせ,https://www.release.tdnet.info/inbs/140120260113532822.pdf,False,,japanese,,東,
2026-01-13 17:00:00,2026-01-13,28530,ｉＳ気候外国債券ヘジ,ＥＴＦの収益分配のお知らせ,https://www.release.tdnet.info/inbs/140120260113532823.pdf,False,,japanese,,東,
2026-01-13 17:00:00,2026-01-13,28560,ｉＳ米国債三七ヘジ,ＥＴＦの収益分配のお知らせ,https://www.release.tdnet.info/inbs/140120260113532824.pdf,False,,japanese,,東,
2026-01-13 17:00:00,2026-01-13,28570,ｉＳドイツ国債ヘジ,ＥＴＦの収益分配のお知らせ,https://www.release.tdnet.info/inbs/140120260113532825.pdf,False,,japanese,,東,
2026-01-13 17:00:00,2026-01-13,36560,ＫＬａｂ,プライム上場維持基準（流通株式時価総額）の適合見込みに関するお知らせ,https://www.release.tdnet.info/inbs/140120260113532444.pdf,False,,japanese,,東,
2026-01-13 17:00:00,2026-01-13,41980,テンダ,2026年５月期第２四半期（中間期）決算短信〔日本基準〕(連結),https://www.release.tdnet.info/inbs/140120260107530193.pdf,True,,japanese,,東,https://www.release.tdnet.info/inbs/081220260107530193.zip
2026-01-13 17:00:00,2026-01-13,41980,テンダ,通期連結業績予想の修正に関するお知らせ,https://www.release.tdnet.info/inbs/140120260113532709.pdf,False,,japanese,,東,
2026-01-13 17:00:00,2026-01-13,46790,田谷,第三者割当による新株式の発行に係る払込完了に関するお知らせ,https://www.release.tdnet.info/inbs/140120260113532061.pdf,False,,japanese,,東,
2026-01-13 17:00:00,2026-01-13,58930,Ｐ－ＲＡＶＩＰＡ,2025年11月期 通期連結業績予想の修正（上方修正）に関するお知らせ,https://www.release.tdnet.info/inbs/140120260109531269.pdf,False,,japanese,,東,
2026-01-13 17:00:00,2026-01-13,71380,Ｇ－ＴＯＲＩＣＯ,イーサリアム（ETH）の追加取得に関するお知らせ,https://www.release.tdnet.info/inbs/140120260113532793.pdf,False,,japanese,,東,
2026-01-13 17:00:00,2026-01-13,94760,中央経済社ＨＤ,（開示事項の経過）投資有価証券売却益（特別利益）の計上に関するお知らせ,https://www.release.tdnet.info/inbs/140120260113532702.pdf,False,,japanese,,東,
2026-01-13 16:50:00,2026-01-13,91430,ＳＧホールディングス,自己株式の取得状況および取得終了に関するお知らせ,https://www.release.tdnet.info/inbs/140120260113532786.pdf,False,,japanese,,東,
2026-01-13 16:45:00,2026-01-13,60850,Ｇ－アーキテクツＳＪ,連結子会社の異動に関するお知らせ,https://www.release.tdnet.info/inbs/140120260113532792.pdf,False,,japanese,,東,
2026-01-13 16:45:00,2026-01-13,60850,Ｇ－アーキテクツＳＪ,業績予想の修正に関するお知らせ,https://www.release.tdnet.info/inbs/140120260113532763.pdf,False,,japanese,,東,
2026-01-13 16:40:00,2026-01-13,82730,イズミ,自己株式立会外買付取引（ToSTNeT-３）による自己株式の買付価格確定のお知らせ,https://www.release.tdnet.info/inbs/140120260113532237.pdf,False,,japanese,,東,
2026-01-13 16:30:00,2026-01-13,23380,クオンタムＳ,連結子会社におけるイーサリアム（ETH）の追加取得に関するお知らせ,https://www.release.tdnet.info/inbs/140120260113532338.pdf,False,,japanese,,東,
2026-01-13 16:30:00,2026-01-13,28650,ＧＸＮＤＸカバコ,ETFの収益分配のお知らせ,https://www.release.tdnet.info/inbs/140120260113532661.pdf,False,,japanese,,東,
2026-01-13 16:30:00,2026-01-13,28660,ＧＸ優先証券,ETFの収益分配のお知らせ,https://www.release.tdnet.info/inbs/140120260113532662.pdf,False,,japanese,,東,
2026-01-13 16:30:00,2026-01-13,28680,ＧＸＳＰＸカバコ,ETFの収益分配のお知らせ,https://www.release.tdnet.info/inbs/140120260113532659.pdf,False,,japanese,,東,
2026-01-13 16:30:00,2026-01-13,57210,エス・サイエンス,第10回新株予約権（株主割当）の行使価額の確定に関するお知らせ,https://www.release.tdnet.info/inbs/140120260113532771.pdf,False,,japanese,,東,
2026-01-13 16:30:00,2026-01-13,72360,ティラド,IR取材でよくいただくご質問と当社の考え方（FAQ）,https://www.release.tdnet.info/inbs/140120260113532713.pdf,False,,japanese,,東,
2026-01-13 16:30:00,2026-01-13,99720,アルテック,（開示事項の経過）営業外費用、特別利益、特別損失、および法人税等調整額（損）の計上ならびに業績予想の修正に関するお知らせ,https://www.release.tdnet.info/inbs/140120260113532346.pdf,True,,japanese,,東,https://www.release.tdnet.info/inbs/091220260113532346.zip
2026-01-13 16:20:00,2026-01-13,79280,旭化学,自己株式の取得及び自己株式立会外買付取引（ToSTNeT-3)による自己株式の買付けに関するお知らせ,https://www.release.tdnet.info/inbs/140120260112532012.pdf,False,,japanese,,東名,
2026-01-13 16:15:00,2026-01-13,36470,ジー・スリーＨＤ,2026年８月期第１四半期決算短信〔日本基準〕（連結）,https://www.release.tdnet.info/inbs/140120260113532701.pdf,True,,japanese,,東,https://www.release.tdnet.info/inbs/081220260113532701.zip
2026-01-13 16:15:00,2026-01-13,76030,ジーイエット,（訂正・数値データ訂正）「2026年２月期　第３四半期　決算短信〔日本基準〕（非連結）」の一部訂正のおしらせ,https://www.release.tdnet.info/inbs/140120260113532653.pdf,True,,japanese,,東,https://www.release.tdnet.info/inbs/081220260113532653.zip
2026-01-13 16:00:00,2026-01-13,20180,ＧＸＵＳリート２０,上場投資信託（ETF）の信託約款変更のお知らせ,https://www.release.tdnet.info/inbs/140120260113532253.pdf,False,,japanese,,東,
2026-01-13 16:00:00,2026-01-13,20950,ＧＸＵＳ配当貴族ヘ,上場投資信託（ETF）の信託約款変更のお知らせ,https://www.release.tdnet.info/inbs/140120260113532254.pdf,False,,japanese,,東,
2026-01-13 16:00:00,2026-01-13,22360,ＧＸＵＳ配当貴族,上場投資信託（ETF）の信託約款変更のお知らせ,https://www.release.tdnet.info/inbs/140120260113532255.pdf,False,,japanese,,東,
2026-01-13 16:00:00,2026-01-13,23380,クオンタムＳ,営業外収益（為替差益）及び営業外費用（暗号資産評価損、支払手数料、支払利息及び株式交付費）の計上に関するお知らせ,https://www.release.tdnet.info/inbs/140120260113532138.pdf,False,,japanese,,東,
2026-01-13 16:00:00,2026-01-13,23380,クオンタムＳ,2026年２月期第３四半期決算短信〔日本基準〕(連結),https://www.release.tdnet.info/inbs/140120260107530389.pdf,True,,japanese,,東,https://www.release.tdnet.info/inbs/081220260107530389.zip
2026-01-13 16:00:00,2026-01-13,24250,ケアサービス,役員の異動に関するお知らせ,https://www.release.tdnet.info/inbs/140120260113532658.pdf,False,,japanese,,東,
2026-01-13 16:00:00,2026-01-13,27360,フェスタリアＨＤ,2026年８月期　第１四半期決算短信〔日本基準〕(連結),https://www.release.tdnet.info/inbs/140120260113532413.pdf,True,,japanese,,東,https://www.release.tdnet.info/inbs/081220260113532413.zip
2026-01-13 16:00:00,2026-01-13,27360,フェスタリアＨＤ,国内事業 2026年8月期　月次売上概況（12月度）,https://www.release.tdnet.info/inbs/140120260113532425.pdf,False,,japanese,,東,
2026-01-13 16:00:00,2026-01-13,30800,ジェーソン,2026年２月期　第３四半期決算短信〔日本基準〕（連結）,https://www.release.tdnet.info/inbs/140120260105528989.pdf,True,,japanese,,東,https://www.release.tdnet.info/inbs/081220260105528989.zip
2026-01-13 16:00:00,2026-01-13,30800,ジェーソン,２０２６年度　株主優待制度の継続に関するお知らせ,https://www.release.tdnet.info/inbs/140120260105528991.pdf,False,,japanese,,東,
2026-01-13 16:00:00,2026-01-13,30970,物語コーポ,子会社増資（特定子会社化）に関するお知らせ,https://www.release.tdnet.info/inbs/140120260113532287.pdf,False,,japanese,,東,
2026-01-13 16:00:00,2026-01-13,32760,ＪＰＭＣ,2025年12月期 12月度月次情報,https://www.release.tdnet.info/inbs/140120260113532156.pdf,False,,japanese,,東,
2026-01-13 16:00:00,2026-01-13,38170,ＳＲＡＨＤ,2025年12月 月次売上高速報,https://www.release.tdnet.info/inbs/140120260113532666.pdf,False,,japanese,,東,
2026-01-13 16:00:00,2026-01-13,39670,Ｇ－エルテス,2026年２月期 第３四半期決算短信〔日本基準〕(連結),https://www.release.tdnet.info/inbs/140120260109531786.pdf,True,,japanese,,東,https://www.release.tdnet.info/inbs/081220260109531786.zip
2026-01-13 16:00:00,2026-01-13,39670,Ｇ－エルテス,2026年２月期 第３四半期 決算説明資料,https://www.release.tdnet.info/inbs/140120260109531789.pdf,False,,japanese,,東,
2026-01-13 16:00:00,2026-01-13,39670,Ｇ－エルテス,DX推進事業のカーブアウト（事業売却）検討開始のお知らせ,https://www.release.tdnet.info/inbs/140120260109531744.pdf,False,,japanese,,東,
2026-01-13 16:00:00,2026-01-13,39850,テモナ,連結業績予想の公表に関するお知らせ,https://www.release.tdnet.info/inbs/140120260113532598.pdf,True,,japanese,,東,https://www.release.tdnet.info/inbs/091220260113532598.zip
2026-01-13 16:00:00,2026-01-13,47350,京進,2026年２月期 第２四半期（中間期）決算短信〔日本基準〕(連結),https://www.release.tdnet.info/inbs/140120260113532373.pdf,True,,japanese,,東,https://www.release.tdnet.info/inbs/081220260113532373.zip
2026-01-13 16:00:00,2026-01-13,47350,京進,配当予想の修正（創業50周年記念配当）及び配当方針の変更に関するお知らせ,https://www.release.tdnet.info/inbs/140120260113532538.pdf,False,,japanese,,東,
2026-01-13 16:00:00,2026-01-13,47350,京進,連結子会社間の合併に関するお知らせ,https://www.release.tdnet.info/inbs/140120260113532554.pdf,False,,japanese,,東,
2026-01-13 16:00:00,2026-01-13,50180,ＭＯＲＥＳＣＯ,2026年２月期第３四半期決算短信〔日本基準〕(連結),https://www.release.tdnet.info/inbs/140120260113532104.pdf,True,,japanese,,東,https://www.release.tdnet.info/inbs/081220260113532104.zip
2026-01-13 16:00:00,2026-01-13,52460,Ｇ－ＥＬＥＭＥＮＴＳ,2025年11月期　決算短信〔日本基準〕(連結),https://www.release.tdnet.info/inbs/140120260107530068.pdf,True,,japanese,,東,https://www.release.tdnet.info/inbs/081220260107530068.zip
2026-01-13 16:00:00,2026-01-13,52460,Ｇ－ＥＬＥＭＥＮＴＳ,2025年11月期　第４四半期および通期決算説明資料,https://www.release.tdnet.info/inbs/140120260107530062.pdf,False,,japanese,,東,
2026-01-13 16:00:00,2026-01-13,52460,Ｇ－ＥＬＥＭＥＮＴＳ,2025年11月期決算において想定されるご質問への回答について,https://www.release.tdnet.info/inbs/140120260107530066.pdf,False,,japanese,,東,
2026-01-13 16:00:00,2026-01-13,52460,Ｇ－ＥＬＥＭＥＮＴＳ,2025年11月期通期連結業績値と実績値の差異に関するお知らせ,https://www.release.tdnet.info/inbs/140120260109531225.pdf,False,,japanese,,東,
2026-01-13 16:00:00,2026-01-13,52460,Ｇ－ＥＬＥＭＥＮＴＳ,（開示事項の経過）特定子会社の異動(解散及び清算)に伴う特別利益、特別損失及び繰延税金負債の取崩に伴う法人税等調整額（益）の計上に関するお知らせ,https://www.release.tdnet.info/inbs/140120260109531226.pdf,False,,japanese,,東,
2026-01-13 16:00:00,2026-01-13,55780,Ｇ－ＡＲアドバンスト,2026年８月期 第１四半期決算短信〔日本基準〕（連結）,https://www.release.tdnet.info/inbs/140120260113532534.pdf,True,,japanese,,東,https://www.release.tdnet.info/inbs/081220260113532534.zip
2026-01-13 16:00:00,2026-01-13,55780,Ｇ－ＡＲアドバンスト,2026年８月期第１四半期 決算説明資料,https://www.release.tdnet.info/inbs/140120260113532537.pdf,False,,japanese,,東,
2026-01-13 16:00:00,2026-01-13,65420,ＦＣＨＤ,当社株式の上場廃止に関するお知らせ,https://www.release.tdnet.info/inbs/140120260113532144.pdf,False,,japanese,,東,
2026-01-13 16:00:00,2026-01-13,65550,ＭＳコンサル,2026年２月期第３四半期決算短信〔ＩＦＲＳ〕（連結）,https://www.release.tdnet.info/inbs/140120260113532233.pdf,True,,japanese,,東,https://www.release.tdnet.info/inbs/081220260113532233.zip
2026-01-13 16:00:00,2026-01-13,65550,ＭＳコンサル,2026年２月期第３四半期決算説明資料,https://www.release.tdnet.info/inbs/140120260113532245.pdf,False,,japanese,,東,
2026-01-13 16:00:00,2026-01-13,69970,日ケミコン,台湾公平交易委員会との調停成立（和解）に関するお知らせ,https://www.release.tdnet.info/inbs/140120260113532679.pdf,False,,japanese,,東,
2026-01-13 16:00:00,2026-01-13,70920,ＦＦＪ,臨時株主総会招集のための基準日設定に関するお知らせ,https://www.release.tdnet.info/inbs/140120260112532018.pdf,False,,japanese,,東,
2026-01-13 16:00:00,2026-01-13,75850,かんなん,2026年６月期　月次売上状況について（12月度）,https://www.release.tdnet.info/inbs/140120260113532479.pdf,False,,japanese,,東,
2026-01-13 16:00:00,2026-01-13,76070,進和,2026年８月期第１四半期決算短信〔日本基準〕(連結),https://www.release.tdnet.info/inbs/140120260113532308.pdf,True,,japanese,,東名,https://www.release.tdnet.info/inbs/081220260113532308.zip
2026-01-13 16:00:00,2026-01-13,82890,ＯｌｙｍｐｉｃＧ,2026年２月期第３四半期決算短信[日本基準](連結),https://www.release.tdnet.info/inbs/140120260113532152.pdf,True,,japanese,,東,https://www.release.tdnet.info/inbs/081220260113532152.zip
2026-01-13 16:00:00,2026-01-13,96610,歌舞伎,2026年２月期　第３四半期決算短信〔日本基準〕(連結),https://www.release.tdnet.info/inbs/140120260109531681.pdf,True,,japanese,,東,https://www.release.tdnet.info/inbs/081220260109531681.zip
2026-01-13 15:45:00,2026-01-13,35490,クスリのアオキＨＤ,一部報道の件,https://www.release.tdnet.info/inbs/140120260113532607.pdf,False,,japanese,,東,
2026-01-13 15:45:00,2026-01-13,81420,トーホー,株式分割及び株式分割に伴う定款の一部変更に関するお知らせ,https://www.release.tdnet.info/inbs/140120260113532503.pdf,False,,japanese,,東,
2026-01-13 15:45:00,2026-01-13,81420,トーホー,株式の売出しに関するお知らせ,https://www.release.tdnet.info/inbs/140120260113532522.pdf,False,,japanese,,東,
2026-01-13 15:40:00,2026-01-13,29890,Ｒ－東海道リート,新投資口発行及び投資口売出しに関するお知らせ,https://www.release.tdnet.info/inbs/140120260108531119.pdf,False,,japanese,,東,
2026-01-13 15:40:00,2026-01-13,29890,Ｒ－東海道リート,国内不動産信託受益権の取得及び貸借に関するお知らせ （SHIGA Biwako Residence他計5物件）,https://www.release.tdnet.info/inbs/140120260108531117.pdf,False,,japanese,,東,
2026-01-13 15:40:00,2026-01-13,29890,Ｒ－東海道リート,2026年７月期の運用状況及び分配金の予想の修正並びに 2027年１月期の運用状況及び分配金の予想に関するお知らせ,https://www.release.tdnet.info/inbs/140120260108530779.pdf,True,,japanese,,東,https://www.release.tdnet.info/inbs/091220260108530779.zip
2026-01-13 15:40:00,2026-01-13,29890,Ｒ－東海道リート,補足説明資料1　第4回公募増資及び取得予定資産の概要,https://www.release.tdnet.info/inbs/140120260108531137.pdf,False,,japanese,,東,
2026-01-13 15:40:00,2026-01-13,29890,Ｒ－東海道リート,補足説明資料2 2026年1月13日公表のプレスリリースについて,https://www.release.tdnet.info/inbs/140120260108531139.pdf,False,,japanese,,東,
2026-01-13 15:40:00,2026-01-13,48840,Ｇ－クリングル,譲渡制限付株式報酬としての新株式の発行の割当完了に関するお知らせ,https://www.release.tdnet.info/inbs/140120260113532667.pdf,False,,japanese,,東,
2026-01-13 15:40:00,2026-01-13,52160,倉元,主要株主である筆頭株主の異動に関するお知らせ,https://www.release.tdnet.info/inbs/140120260113532601.pdf,False,,japanese,,東,
2026-01-13 15:40:00,2026-01-13,61590,ミクロン精密,2026年８月期 第１四半期決算短信〔日本基準〕（連結）,https://www.release.tdnet.info/inbs/140120260108530588.pdf,True,,japanese,,東,https://www.release.tdnet.info/inbs/081220260108530588.zip
2026-01-13 15:40:00,2026-01-13,61590,ミクロン精密,営業外収益（為替差益）の計上に関するお知らせ,https://www.release.tdnet.info/inbs/140120260109531422.pdf,False,,japanese,,東,
2026-01-13 15:35:00,2026-01-13,36590,ネクソン,主要株主の異動に関するお知らせ,https://www.release.tdnet.info/inbs/140120260113532448.pdf,False,,japanese,,東,
2026-01-13 15:35:00,2026-01-13,39220,ＰＲＴＩＭＥＳ,2025年度第3四半期決算説明資料,https://www.release.tdnet.info/inbs/140120260113532306.pdf,False,,japanese,,東名,
2026-01-13 15:30:00,2026-01-13,13770,サカタのタネ,2026年５月期第２四半期（中間期）決算短信[日本基準]（連結）,https://www.release.tdnet.info/inbs/140120260105528298.pdf,True,,japanese,,東,https://www.release.tdnet.info/inbs/081220260105528298.zip
2026-01-13 15:30:00,2026-01-13,13770,サカタのタネ,2026年５月期第２四半期（中間期）決算短信補足説明資料,https://www.release.tdnet.info/inbs/140120260105528322.pdf,False,,japanese,,東,
2026-01-13 15:30:00,2026-01-13,13770,サカタのタネ,2026年５月期第２四半期（中間期）連結業績予想数値と実績値との差異及び通期業績予想の修正に関するお知らせ,https://www.release.tdnet.info/inbs/140120260105528335.pdf,False,,japanese,,東,
2026-01-13 15:30:00,2026-01-13,14190,タマホーム,通期業績予想及び中期経営計画の修正に関するお知らせ,https://www.release.tdnet.info/inbs/140120260113532383.pdf,True,,japanese,,東福,https://www.release.tdnet.info/inbs/091220260113532383.zip
2026-01-13 15:30:00,2026-01-13,14190,タマホーム,2026年５月期 第２四半期（中間期）決算短信〔日本基準〕(連結),https://www.release.tdnet.info/inbs/140120260109531541.pdf,True,,japanese,,東福,https://www.release.tdnet.info/inbs/081220260109531541.zip
2026-01-13 15:30:00,2026-01-13,14190,タマホーム,2026年５月期第２四半期（中間期）決算説明資料,https://www.release.tdnet.info/inbs/140120260113532451.pdf,False,,japanese,,東福,
2026-01-13 15:30:00,2026-01-13,14190,タマホーム,2026年５月期第２四半期（中間期）決算短信補足資料,https://www.release.tdnet.info/inbs/140120260113532453.pdf,False,,japanese,,東福,
2026-01-13 15:30:00,2026-01-13,14190,タマホーム,2025年12月度 受注速報,https://www.release.tdnet.info/inbs/140120260113532376.pdf,False,,japanese,,東福,
2026-01-13 15:30:00,2026-01-13,21530,イージェイＨＤ,剰余金の配当（中間配当）に関するお知らせ,https://www.release.tdnet.info/inbs/140120251203514147.pdf,False,,japanese,,東,
2026-01-13 15:30:00,2026-01-13,21530,イージェイＨＤ,業績連動型株式報酬制度における株式取得に係る事項の決定に関するお知らせ,https://www.release.tdnet.info/inbs/140120260108530558.pdf,False,,japanese,,東,
2026-01-13 15:30:00,2026-01-13,21530,イージェイＨＤ,2026年５月期 第２四半期（中間期）決算短信〔日本基準〕（連結）,https://www.release.tdnet.info/inbs/140120260108530555.pdf,True,,japanese,,東,https://www.release.tdnet.info/inbs/081220260108530555.zip
2026-01-13 15:30:00,2026-01-13,22220,寿スピリッツ,2026年３月期第３四半期の売上状況（概算）について,https://www.release.tdnet.info/inbs/140120260113532066.pdf,False,,japanese,,東,
2026-01-13 15:30:00,2026-01-13,22240,コモ,資金の借入に関するお知らせ,https://www.release.tdnet.info/inbs/140120260109531704.pdf,False,,japanese,,東名,
2026-01-13 15:30:00,2026-01-13,23790,ディップ,2026年２月期第３四半期決算短信〔日本基準〕（連結）,https://www.release.tdnet.info/inbs/140120260106529627.pdf,True,,japanese,,東,https://www.release.tdnet.info/inbs/081220260106529627.zip
2026-01-13 15:30:00,2026-01-13,24370,シンワワイズ,2026年５月期 第２四半期（中間期）決算短信〔日本基準〕（連結）,https://www.release.tdnet.info/inbs/140120260113532234.pdf,True,,japanese,,東,https://www.release.tdnet.info/inbs/081220260113532234.zip
2026-01-13 15:30:00,2026-01-13,24370,シンワワイズ,臨時株主総会招集のための基準日設定に関するお知らせ,https://www.release.tdnet.info/inbs/140120260113532527.pdf,False,,japanese,,東,
2026-01-13 15:30:00,2026-01-13,24370,シンワワイズ,社外取締役の辞任に関するお知らせ,https://www.release.tdnet.info/inbs/140120260113532543.pdf,False,,japanese,,東,
2026-01-13 15:30:00,2026-01-13,24620,ライク,2026年５月期 第２四半期（中間期）決算短信〔日本基準〕（連結）,https://www.release.tdnet.info/inbs/140120260110531953.pdf,True,,japanese,,東,https://www.release.tdnet.info/inbs/081220260110531953.zip
2026-01-13 15:30:00,2026-01-13,26680,タビオ,2026年２月期 第３四半期決算短信〔日本基準〕（連結）,https://www.release.tdnet.info/inbs/140120251215519924.pdf,True,,japanese,,東,https://www.release.tdnet.info/inbs/081220251215519924.zip
2026-01-13 15:30:00,2026-01-13,26680,タビオ,2026年2月期 第3四半期決算説明資料,https://www.release.tdnet.info/inbs/140120260113532119.pdf,False,,japanese,,東,
2026-01-13 15:30:00,2026-01-13,26690,カネ美食品,2026年２月期 第３四半期決算短信〔日本基準〕（非連結）,https://www.release.tdnet.info/inbs/140120260112532007.pdf,True,,japanese,,東,https://www.release.tdnet.info/inbs/081220260112532007.zip
2026-01-13 15:30:00,2026-01-13,27260,パルグループＨＤ,2026年２月期第３四半期決算短信〔日本基準〕(連結),https://www.release.tdnet.info/inbs/140120260109531451.pdf,True,,japanese,,東,https://www.release.tdnet.info/inbs/081220260109531451.zip
2026-01-13 15:30:00,2026-01-13,27260,パルグループＨＤ,剰余金の配当（増配）に関するお知らせ,https://www.release.tdnet.info/inbs/140120260109531414.pdf,False,,japanese,,東,
2026-01-13 15:30:00,2026-01-13,27260,パルグループＨＤ,役員の異動に関するお知らせ,https://www.release.tdnet.info/inbs/140120260109531429.pdf,False,,japanese,,東,
2026-01-13 15:30:00,2026-01-13,29750,スター・マイカＨＤ,2025年11月期 決算短信〔日本基準〕（連結）,https://www.release.tdnet.info/inbs/140120260109531806.pdf,True,,japanese,,東,https://www.release.tdnet.info/inbs/081220260109531806.zip
2026-01-13 15:30:00,2026-01-13,29750,スター・マイカＨＤ,2025年11月期 決算説明資料,https://www.release.tdnet.info/inbs/140120260109531815.pdf,False,,japanese,,東,
2026-01-13 15:30:00,2026-01-13,30500,ＤＣＭ,当社連結子会社（ＤＣＭ株式会社）代表取締役の異動に関するお知らせ,https://www.release.tdnet.info/inbs/140120260113532175.pdf,False,,japanese,,東,
2026-01-13 15:30:00,2026-01-13,30630,Ｇ－ｊＧｒｏｕｐ,2026年２月期　第３四半期決算短信〔日本基準〕（連結）,https://www.release.tdnet.info/inbs/140120260113532209.pdf,True,,japanese,,東,https://www.release.tdnet.info/inbs/081220260113532209.zip
2026-01-13 15:30:00,2026-01-13,30630,Ｇ－ｊＧｒｏｕｐ,2026年２月期第３四半期決算説明資料,https://www.release.tdnet.info/inbs/140120260113532251.pdf,False,,japanese,,東,
2026-01-13 15:30:00,2026-01-13,30640,ＭＲＯ,2025年12月期12月度月次業績に関するお知らせ,https://www.release.tdnet.info/inbs/140120260113532028.pdf,False,,japanese,,東,
2026-01-13 15:30:00,2026-01-13,30750,銚子丸,2026年２月期　第３四半期決算短信［日本基準］（非連結）,https://www.release.tdnet.info/inbs/140120260112532021.pdf,True,,japanese,,東,https://www.release.tdnet.info/inbs/081220260112532021.zip
2026-01-13 15:30:00,2026-01-13,30750,銚子丸,株主優待制度の拡充に関するお知らせ,https://www.release.tdnet.info/inbs/140120260113532282.pdf,False,,japanese,,東,
2026-01-13 15:30:00,2026-01-13,30930,トレファク,2026年２月期 第３四半期決算短信〔日本基準〕（連結）,https://www.release.tdnet.info/inbs/140120260113532102.pdf,True,,japanese,,東,https://www.release.tdnet.info/inbs/081220260113532102.zip
2026-01-13 15:30:00,2026-01-13,30930,トレファク,2026年２月期 第３四半期決算説明資料,https://www.release.tdnet.info/inbs/140120260112531978.pdf,False,,japanese,,東,
2026-01-13 15:30:00,2026-01-13,30930,トレファク,株主優待制度のDX（アプリ統合）に関するお知らせ,https://www.release.tdnet.info/inbs/140120260112532006.pdf,False,,japanese,,東,
2026-01-13 15:30:00,2026-01-13,31480,クリエイトＳＤＨ,2026年5月期　第2四半期（中間期）決算短信〔日本基準〕（連結）,https://www.release.tdnet.info/inbs/140120260109531843.pdf,True,,japanese,,東,https://www.release.tdnet.info/inbs/081220260109531843.zip
2026-01-13 15:30:00,2026-01-13,32360,プロパスト,2026年5月期 第2四半期（中間期）決算短信〔日本基準〕（非連結）,https://www.release.tdnet.info/inbs/140120260113532404.pdf,True,,japanese,,東,https://www.release.tdnet.info/inbs/081220260113532404.zip
2026-01-13 15:30:00,2026-01-13,32410,ウィル,非上場の親会社等の決算に関するお知らせ,https://www.release.tdnet.info/inbs/140120260110531950.pdf,False,,japanese,,東,
2026-01-13 15:30:00,2026-01-13,32960,Ｒ－日本リート,国内不動産信託受益権の譲渡完了に関するお知らせ,https://www.release.tdnet.info/inbs/140120260113532274.pdf,False,,japanese,,東,
2026-01-13 15:30:00,2026-01-13,32970,東武住販,2026年５月期第２四半期（中間期）決算短信〔日本基準〕(非連結),https://www.release.tdnet.info/inbs/140120260110531951.pdf,True,,japanese,,東福,https://www.release.tdnet.info/inbs/081220260110531951.zip
2026-01-13 15:30:00,2026-01-13,33490,コスモス薬品,2026年５月期　第２四半期（中間期）決算短信〔日本基準〕（連結）,https://www.release.tdnet.info/inbs/140120251121507513.pdf,True,,japanese,,東,https://www.release.tdnet.info/inbs/081220251121507513.zip
2026-01-13 15:30:00,2026-01-13,33490,コスモス薬品,組織変更及び人事異動に関するお知らせ,https://www.release.tdnet.info/inbs/140120260112532017.pdf,False,,japanese,,東,
2026-01-13 15:30:00,2026-01-13,33770,バイク王,2025年11月期 決算短信〔日本基準〕（連結）,https://www.release.tdnet.info/inbs/140120260113532204.pdf,True,,japanese,,東,https://www.release.tdnet.info/inbs/081220260113532204.zip
2026-01-13 15:30:00,2026-01-13,33770,バイク王,2025年11月期 決算説明資料,https://www.release.tdnet.info/inbs/140120260113532492.pdf,False,,japanese,,東,
2026-01-13 15:30:00,2026-01-13,33910,ツルハＨＤ,2025年12月度 月次営業速報に関するお知らせ,https://www.release.tdnet.info/inbs/140120260113532390.pdf,False,,japanese,,東,
2026-01-13 15:30:00,2026-01-13,34550,Ｒ－ＨＣＭ,2026年1月期（第22期）投資主優待制度の概要決定に関するお知らせ,https://www.release.tdnet.info/inbs/140120260113532465.pdf,False,,japanese,,東,
2026-01-13 15:30:00,2026-01-13,34980,霞ヶ関キャピタル,2026年8月期 第1四半期決算短信〔日本基準〕（連結）,https://www.release.tdnet.info/inbs/140120260113532235.pdf,True,,japanese,,東,https://www.release.tdnet.info/inbs/081220260113532235.zip
2026-01-13 15:30:00,2026-01-13,35420,Ｇ－ＶＥＧＡ,2025年12月の月次業績に関するお知らせ,https://www.release.tdnet.info/inbs/140120260109531907.pdf,False,,japanese,,東,
2026-01-13 15:30:00,2026-01-13,35460,アレンザＨＤ,2026年２月期第３四半期決算短信〔日本基準〕(連結),https://www.release.tdnet.info/inbs/140120260112531975.pdf,True,,japanese,,東,https://www.release.tdnet.info/inbs/081220260112531975.zip
2026-01-13 15:30:00,2026-01-13,35460,アレンザＨＤ,2026年２月期第３四半期連結決算補足資料,https://www.release.tdnet.info/inbs/140120260113532186.pdf,False,,japanese,,東,
2026-01-13 15:30:00,2026-01-13,35620,Ｎｏ．１,2026年２月期　第３四半期決算短信〔日本基準〕（連結）,https://www.release.tdnet.info/inbs/140120260109531599.pdf,True,,japanese,,東,https://www.release.tdnet.info/inbs/081220260109531599.zip
2026-01-13 15:30:00,2026-01-13,35620,Ｎｏ．１,2026年２月期　第３四半期決算説明資料,https://www.release.tdnet.info/inbs/140120260109531607.pdf,False,,japanese,,東,
2026-01-13 15:30:00,2026-01-13,35620,Ｎｏ．１,期末配当予想の修正（増配）及び株主優待制度の廃止に関するお知らせ,https://www.release.tdnet.info/inbs/140120260109531602.pdf,False,,japanese,,東,
2026-01-13 15:30:00,2026-01-13,35620,Ｎｏ．１,株主還元方針の変更（配当性向目標の引上げ 及び DOE指標の新設）に関するお知らせ,https://www.release.tdnet.info/inbs/140120260109531590.pdf,False,,japanese,,東,
2026-01-13 15:30:00,2026-01-13,35620,Ｎｏ．１,連結子会社の吸収合併（簡易合併・略式合併）に関するお知らせ,https://www.release.tdnet.info/inbs/140120260109531593.pdf,False,,japanese,,東,
2026-01-13 15:30:00,2026-01-13,37190,ＡＩストーム,第三者割当による第10回新株予約権（行使価額修正条項付）の発行に係る払込完了に関するお知らせ,https://www.release.tdnet.info/inbs/140120260113532464.pdf,False,,japanese,,東,
2026-01-13 15:30:00,2026-01-13,37600,ケイブ,無形固定資産における減損損失の計上に関するお知らせ,https://www.release.tdnet.info/inbs/140120260106529538.pdf,False,,japanese,,東,
2026-01-13 15:30:00,2026-01-13,37600,ケイブ,2026年５月期第２四半期（中間期）決算短信〔日本基準〕(連結),https://www.release.tdnet.info/inbs/140120260106529532.pdf,True,,japanese,,東,https://www.release.tdnet.info/inbs/081220260106529532.zip
2026-01-13 15:30:00,2026-01-13,39220,ＰＲＴＩＭＥＳ,2026年２月期 第３四半期決算短信〔日本基準〕（連結）,https://www.release.tdnet.info/inbs/140120260113532285.pdf,True,,japanese,,東名,https://www.release.tdnet.info/inbs/081220260113532285.zip
2026-01-13 15:30:00,2026-01-13,41990,Ｇ－ワンプラ,2026年8月期 第1四半期決算短信〔日本基準〕（非連結）,https://www.release.tdnet.info/inbs/140120260109531496.pdf,True,,japanese,,東,https://www.release.tdnet.info/inbs/081220260109531496.zip
2026-01-13 15:30:00,2026-01-13,41990,Ｇ－ワンプラ,2026年8月期 第1四半期決算説明資料,https://www.release.tdnet.info/inbs/140120260113532447.pdf,False,,japanese,,東,
2026-01-13 15:30:00,2026-01-13,43170,レイ,令和８年２月期第３四半期決算短信〔日本基準〕(連結),https://www.release.tdnet.info/inbs/140120260113532150.pdf,True,,japanese,,東,https://www.release.tdnet.info/inbs/081220260113532150.zip
2026-01-13 15:30:00,2026-01-13,43900,ｉｐｓ,（開示事項の経過）当社子会社が提供したIP電話番号の不正利用に関する再発防止策の報告書提出について,https://www.release.tdnet.info/inbs/140120260113532215.pdf,False,,japanese,,東,
2026-01-13 15:30:00,2026-01-13,45120,わかもと,主要株主の異動に関するお知らせ,https://www.release.tdnet.info/inbs/140120260113532062.pdf,False,,japanese,,東,
2026-01-13 15:30:00,2026-01-13,49920,北興化,2025年11月期 決算短信〔日本基準〕（連結）,https://www.release.tdnet.info/inbs/140120260109531939.pdf,True,,japanese,,東,https://www.release.tdnet.info/inbs/081220260109531939.zip
2026-01-13 15:30:00,2026-01-13,49920,北興化,資本コストや株価を意識した経営の実現に向けた対応（アップデート）について,https://www.release.tdnet.info/inbs/140120260109531940.pdf,False,,japanese,,東,
2026-01-13 15:30:00,2026-01-13,49920,北興化,政策保有株式の縮減方針に関するお知らせ,https://www.release.tdnet.info/inbs/140120260109531942.pdf,False,,japanese,,東,
2026-01-13 15:30:00,2026-01-13,49920,北興化,当社の取締役等に対する業績連動型株式報酬制度の導入に関するお知らせ,https://www.release.tdnet.info/inbs/140120260109531943.pdf,False,,japanese,,東,
2026-01-13 15:30:00,2026-01-13,49920,北興化,長期経営計画および第２次３ヵ年経営計画の連結業績目標修正に関するお知らせ,https://www.release.tdnet.info/inbs/140120260109531941.pdf,False,,japanese,,東,
2026-01-13 15:30:00,2026-01-13,52430,Ｇ－ｎｏｔｅ,2025年11月期 決算短信〔日本基準〕（連結）,https://www.release.tdnet.info/inbs/140120260113532406.pdf,True,,japanese,,東,https://www.release.tdnet.info/inbs/081220260113532406.zip
2026-01-13 15:30:00,2026-01-13,52430,Ｇ－ｎｏｔｅ,繰延税金資産の計上に関するお知らせ,https://www.release.tdnet.info/inbs/140120260113532480.pdf,False,,japanese,,東,
2026-01-13 15:30:00,2026-01-13,52430,Ｇ－ｎｏｔｅ,連結業績予想と実績値との差異に関するお知らせ,https://www.release.tdnet.info/inbs/140120260113532486.pdf,False,,japanese,,東,
2026-01-13 15:30:00,2026-01-13,52430,Ｇ－ｎｏｔｅ,個別業績実績値と前期実績値との差異に関するお知らせ,https://www.release.tdnet.info/inbs/140120260113532499.pdf,False,,japanese,,東,
2026-01-13 15:30:00,2026-01-13,52430,Ｇ－ｎｏｔｅ,個別決算における子会社株式の減損処理による特別損失計上に関するお知らせ,https://www.release.tdnet.info/inbs/140120260113532517.pdf,False,,japanese,,東,
2026-01-13 15:30:00,2026-01-13,52430,Ｇ－ｎｏｔｅ,2025年11月期 決算説明資料,https://www.release.tdnet.info/inbs/140120260113532620.pdf,False,,japanese,,東,
2026-01-13 15:30:00,2026-01-13,52430,Ｇ－ｎｏｔｅ,（開示事項の経過）GENIAC に採択された実証事業に係る収益計上区分の確定に関するお知らせ,https://www.release.tdnet.info/inbs/140120260113532059.pdf,False,,japanese,,東,
2026-01-13 15:30:00,2026-01-13,55310,Ｐ－中山不動産,主要株主及び主要株主である筆頭株主の異動（見込み）及び公開買付に準ずる行為として政令で定める買集め行為に関するお知らせ,https://www.release.tdnet.info/inbs/140120260113532228.pdf,False,,japanese,,東,
2026-01-13 15:30:00,2026-01-13,60470,Ｇｕｎｏｓｙ,2026年5月期　第2四半期決算説明資料,https://www.release.tdnet.info/inbs/140120260113532536.pdf,False,,japanese,,東,
2026-01-13 15:30:00,2026-01-13,60470,Ｇｕｎｏｓｙ,2026年5月期 第2四半期（中間期）決算短信〔日本基準〕（連結）,https://www.release.tdnet.info/inbs/140120260113532531.pdf,True,,japanese,,東,https://www.release.tdnet.info/inbs/081220260113532531.zip
2026-01-13 15:30:00,2026-01-13,60470,Ｇｕｎｏｓｙ,業績予想の修正及び配当予想の修正（特別配当）に関するお知らせ,https://www.release.tdnet.info/inbs/140120260113532556.pdf,False,,japanese,,東,
2026-01-13 15:30:00,2026-01-13,62550,Ｇ－ＮＰＣ,2026年8月期 第1四半期決算短信〔日本基準〕（連結）,https://www.release.tdnet.info/inbs/140120260113532223.pdf,True,,japanese,,東,https://www.release.tdnet.info/inbs/081220260113532223.zip
2026-01-13 15:30:00,2026-01-13,62870,サトー,取締役・監査役および執行役員人事に関するお知らせ,https://www.release.tdnet.info/inbs/140120260108531014.pdf,False,,japanese,,東,
2026-01-13 15:30:00,2026-01-13,62870,サトー,取締役辞任に関するお知らせ,https://www.release.tdnet.info/inbs/140120260108531015.pdf,False,,japanese,,東,
2026-01-13 15:30:00,2026-01-13,64320,竹内製作所,2026年2月期第3四半期決算短信〔日本基準〕（連結）,https://www.release.tdnet.info/inbs/140120260113532330.pdf,True,,japanese,,東,https://www.release.tdnet.info/inbs/081220260113532330.zip
2026-01-13 15:30:00,2026-01-13,65050,東洋電,2026年５月期　第２四半期（中間期）決算短信〔日本基準〕(連結),https://www.release.tdnet.info/inbs/140120260113532161.pdf,True,,japanese,,東,https://www.release.tdnet.info/inbs/081220260113532161.zip
2026-01-13 15:30:00,2026-01-13,65580,Ｇ－クックビズ,2025年11月期 決算短信〔日本基準〕（連結）,https://www.release.tdnet.info/inbs/140120260109531830.pdf,True,,japanese,,東,https://www.release.tdnet.info/inbs/081220260109531830.zip
2026-01-13 15:30:00,2026-01-13,65580,Ｇ－クックビズ,2025年11月期 通期決算説明資料,https://www.release.tdnet.info/inbs/140120260109531839.pdf,False,,japanese,,東,
2026-01-13 15:30:00,2026-01-13,65840,三桜工,ステークホルダーの皆さまから頂戴した質問とそれに対する回答(2026年３月期第２四半期決算),https://www.release.tdnet.info/inbs/140120260113532288.pdf,False,,japanese,,東,
2026-01-13 15:30:00,2026-01-13,65970,Ｇ－ＨＰＣシステムズ,主要株主及び主要株主である筆頭株主の異動に関するお知らせ,https://www.release.tdnet.info/inbs/140120260113532455.pdf,False,,japanese,,東,
2026-01-13 15:30:00,2026-01-13,66190,ＷＳＣＯＰＥ,第三者割当による行使価額修正条項付第10回新株予約権及び第11回新株予約権の不行使期間指定に関するお知らせ,https://www.release.tdnet.info/inbs/140120260113532583.pdf,False,,japanese,,東,
2026-01-13 15:30:00,2026-01-13,70850,カーブスＨＤ,2026年８月期第１四半期決算短信〔日本基準〕(連結),https://www.release.tdnet.info/inbs/140120260113532118.pdf,True,,japanese,,東,https://www.release.tdnet.info/inbs/081220260113532118.zip
2026-01-13 15:30:00,2026-01-13,70850,カーブスＨＤ,2026年8月期第1四半期 決算補足説明資料,https://www.release.tdnet.info/inbs/140120260113532133.pdf,False,,japanese,,東,
2026-01-13 15:30:00,2026-01-13,71110,ＩＮＥＳＴ,グループ内組織再編に関する補足説明資料,https://www.release.tdnet.info/inbs/140120260113532632.pdf,False,,japanese,,東,
2026-01-13 15:30:00,2026-01-13,71110,ＩＮＥＳＴ,グループ内組織再編に関するお知らせ（特定子会社の異動を伴う子会社への持分譲渡及び孫会社間の吸収合併）,https://www.release.tdnet.info/inbs/140120260113532582.pdf,False,,japanese,,東,
2026-01-13 15:30:00,2026-01-13,73600,Ｇ－オンデック,2025年11月期　決算短信〔日本基準〕（連結）,https://www.release.tdnet.info/inbs/140120260113532292.pdf,True,,japanese,,東,https://www.release.tdnet.info/inbs/081220260113532292.zip
2026-01-13 15:30:00,2026-01-13,73600,Ｇ－オンデック,2025年11月期　決算説明資料（事業計画及び成長可能性に関する資料）,https://www.release.tdnet.info/inbs/140120260113532302.pdf,False,,japanese,,東,
2026-01-13 15:30:00,2026-01-13,74800,スズデン,取締役並びに執行役員人事に関するお知らせ,https://www.release.tdnet.info/inbs/140120260113532456.pdf,False,,japanese,,東,
2026-01-13 15:30:00,2026-01-13,75320,パンパシフィックＨＤ,月次販売高状況のお知らせ,https://www.release.tdnet.info/inbs/140120251225526876.pdf,False,,japanese,,東,
2026-01-13 15:30:00,2026-01-13,75990,ＩＤＯＭ,2026年２月期  第３四半期決算短信〔日本基準〕（連結）,https://www.release.tdnet.info/inbs/140120260105528588.pdf,True,,japanese,,東,https://www.release.tdnet.info/inbs/081220260105528588.zip
2026-01-13 15:30:00,2026-01-13,78880,三光合成,2026年５月期第２四半期（中間期）決算短信[日本基準]（連結）,https://www.release.tdnet.info/inbs/140120251029580791.pdf,True,,japanese,,東,https://www.release.tdnet.info/inbs/081220251029580791.zip
2026-01-13 15:30:00,2026-01-13,79280,旭化学,2026年８月期 第１四半期決算短信〔日本基準〕（連結）,https://www.release.tdnet.info/inbs/140120251223524511.pdf,True,,japanese,,東名,https://www.release.tdnet.info/inbs/081220251223524511.zip
2026-01-13 15:30:00,2026-01-13,79530,菊水化学工業,取締役及び執行役員の異動に関するお知らせ,https://www.release.tdnet.info/inbs/140120260109531764.pdf,False,,japanese,,東名,
2026-01-13 15:30:00,2026-01-13,79650,象印マホービン,剰余金の配当に関するお知らせ,https://www.release.tdnet.info/inbs/140120260109531804.pdf,False,,japanese,,東,
2026-01-13 15:30:00,2026-01-13,81070,キムラタン,第三者割当による新株式の発行(金銭出資及び現物出資(デット・エクイティ・スワップ))の払込完了に関するお知らせ,https://www.release.tdnet.info/inbs/140120260113532535.pdf,False,,japanese,,東,
2026-01-13 15:30:00,2026-01-13,82070,テンアライド,臨時総会招集のための基準日設定に関するお知らせ,https://www.release.tdnet.info/inbs/140120260113532463.pdf,False,,japanese,,東,
2026-01-13 15:30:00,2026-01-13,82330,高島屋,(変更)「2028年満期ユーロ円建転換社債型新株予約権付社債の買入れ及び消却に係る事項の決定並びに自己株式の消却見合わせに関するお知らせ」の一部変更について,https://www.release.tdnet.info/inbs/140120260109531944.pdf,False,,japanese,,東,
2026-01-13 15:30:00,2026-01-13,82440,近鉄百貨店,2026年2月期　第3四半期決算短信[日本基準]（連結）,https://www.release.tdnet.info/inbs/140120251225526906.pdf,True,,japanese,,東,https://www.release.tdnet.info/inbs/081220251225526906.zip
2026-01-13 15:30:00,2026-01-13,82470,大和,2026年２月期　第３四半期決算短信〔日本基準〕（連結）,https://www.release.tdnet.info/inbs/140120260112531972.pdf,True,,japanese,,東,https://www.release.tdnet.info/inbs/081220260112531972.zip
2026-01-13 15:30:00,2026-01-13,82730,イズミ,2026年２月期 第３四半期決算短信〔日本基準〕(連結),https://www.release.tdnet.info/inbs/140120260112532011.pdf,True,,japanese,,東,https://www.release.tdnet.info/inbs/081220260112532011.zip
2026-01-13 15:30:00,2026-01-13,82730,イズミ,2026年２月期（2025年度）第３四半期　決算補足資料,https://www.release.tdnet.info/inbs/140120260112532014.pdf,False,,japanese,,東,
2026-01-13 15:30:00,2026-01-13,82730,イズミ,2026年２月期 第３四半期　決算説明会資料,https://www.release.tdnet.info/inbs/140120260113532208.pdf,False,,japanese,,東,
2026-01-13 15:30:00,2026-01-13,82730,イズミ,自己株式の取得及び自己株式立会外買付取引（ToSTNet-３）による自己株式の買付けに関するお知らせ,https://www.release.tdnet.info/inbs/140120260113532226.pdf,False,,japanese,,東,
2026-01-13 15:30:00,2026-01-13,84390,東京センチュリー,連結子会社Aviation Capital Group によるボーイング機体50 機の発注決定について,https://www.release.tdnet.info/inbs/140120260113532261.pdf,False,,japanese,,東,
2026-01-13 15:30:00,2026-01-13,88690,明和地所,組織改正並びに役員人事・人事異動に関するお知らせ,https://www.release.tdnet.info/inbs/140120260113532474.pdf,False,,japanese,,東,
2026-01-13 15:30:00,2026-01-13,89040,ＡＶＡＮＴＩＡ,2026年8月期 第1四半期決算短信〔日本基準〕（連結）,https://www.release.tdnet.info/inbs/140120260112532019.pdf,True,,japanese,,東名,https://www.release.tdnet.info/inbs/081220260112532019.zip
2026-01-13 15:30:00,2026-01-13,89720,Ｒ－ＫＤＸ不動産,資金の借入れに関するお知らせ（シリーズ0042）,https://www.release.tdnet.info/inbs/140120260113532168.pdf,False,,japanese,,東,
2026-01-13 15:30:00,2026-01-13,91680,Ｇ－ライズ,市場区分変更申請の取り下げに関するお知らせ,https://www.release.tdnet.info/inbs/140120260113532400.pdf,False,,japanese,,東,
2026-01-13 15:30:00,2026-01-13,91680,Ｇ－ライズ,通期業績予想の修正に関するお知らせ,https://www.release.tdnet.info/inbs/140120260105528943.pdf,False,,japanese,,東,
2026-01-13 15:30:00,2026-01-13,91680,Ｇ－ライズ,自己株式取得に係る事項の決定に関するお知らせ,https://www.release.tdnet.info/inbs/140120260113532416.pdf,False,,japanese,,東,
2026-01-13 15:30:00,2026-01-13,91680,Ｇ－ライズ,2026年２月期　第３四半期決算短信〔ＩＦＲＳ〕（連結）,https://www.release.tdnet.info/inbs/140120260113532272.pdf,True,,japanese,,東,https://www.release.tdnet.info/inbs/081220260113532272.zip
2026-01-13 15:30:00,2026-01-13,91680,Ｇ－ライズ,2026年２月期　第３四半期決算説明会資料,https://www.release.tdnet.info/inbs/140120260113532449.pdf,False,,japanese,,東,
2026-01-13 15:30:00,2026-01-13,92260,Ｐ－アイガー,配当方針の変更および剰余金の配当(増配)に関するお知らせ,https://www.release.tdnet.info/inbs/140120260113532198.pdf,False,,japanese,,東,
2026-01-13 15:30:00,2026-01-13,92260,Ｐ－アイガー,通期連結業績予想の修正に関するお知らせ,https://www.release.tdnet.info/inbs/140120260113532206.pdf,False,,japanese,,東,
2026-01-13 15:30:00,2026-01-13,92540,Ｇ－ラバブルマーケ,（開示事項の経過）株式会社エルマーケの株式取得(子会社化)完了に関するお知らせ,https://www.release.tdnet.info/inbs/140120260113532339.pdf,False,,japanese,,東,
2026-01-13 15:30:00,2026-01-13,92780,ブックオフＧＨＤ,2026年５月期 第２四半期（中間期）決算短信〔日本基準〕（連結）,https://www.release.tdnet.info/inbs/140120260113532327.pdf,True,,japanese,,東,https://www.release.tdnet.info/inbs/081220260113532327.zip
2026-01-13 15:30:00,2026-01-13,92780,ブックオフＧＨＤ,2026年5月期 第2四半期 決算補足資料,https://www.release.tdnet.info/inbs/140120260113532357.pdf,False,,japanese,,東,
2026-01-13 15:30:00,2026-01-13,92780,ブックオフＧＨＤ,2026年5月期 第2四半期 決算説明資料,https://www.release.tdnet.info/inbs/140120260113532368.pdf,False,,japanese,,東,
2026-01-13 15:30:00,2026-01-13,92840,Ｉ－カナディアンソラ,太陽光発電所月次発電電力量実績及び出力制御による本投資法人の運用資産への影響（2025年12月）に関するお知らせ,https://www.release.tdnet.info/inbs/140120260113532098.pdf,False,,japanese,,東,
2026-01-13 15:30:00,2026-01-13,92870,Ｉ－ＪＩＦ,太陽光発電所月次発電電力量実績及び出力制御に関するお知らせ（2025年12月）,https://www.release.tdnet.info/inbs/140120260113532264.pdf,False,,japanese,,東,
2026-01-13 15:30:00,2026-01-13,95580,Ｇ－ジャパニアス,2025年11月期　決算短信〔日本基準〕(非連結),https://www.release.tdnet.info/inbs/140120260113532412.pdf,True,,japanese,,東,https://www.release.tdnet.info/inbs/081220260113532412.zip
2026-01-13 15:30:00,2026-01-13,95580,Ｇ－ジャパニアス,2025年11月期　決算説明資料,https://www.release.tdnet.info/inbs/140120260113532420.pdf,False,,japanese,,東,
2026-01-13 15:30:00,2026-01-13,97200,ニューグランド,2025年11月期 決算短信[日本基準]（非連結）,https://www.release.tdnet.info/inbs/140120260109531775.pdf,True,,japanese,,東,https://www.release.tdnet.info/inbs/081220260109531775.zip
2026-01-13 15:30:00,2026-01-13,97760,札臨,株式併合、単元株式数の定めの廃止及び定款の一部変更に係る臨時株主総会の承認に関するお知らせ,https://www.release.tdnet.info/inbs/140120260113532279.pdf,False,,japanese,,東札,
2026-01-13 15:30:00,2026-01-13,99730,ＫＯＺＯＨＤ,2025年12月期　12月度月次前年比データ（速報値）についてのお知らせ,https://www.release.tdnet.info/inbs/140120260113532618.pdf,False,,japanese,,東,
2026-01-13 15:20:00,2026-01-13,27220,ＩＫホールディングス,2026年５月期第2四半期決算説明資料,https://www.release.tdnet.info/inbs/140120260113532356.pdf,False,,japanese,,東名,
2026-01-13 15:20:00,2026-01-13,27220,ＩＫホールディングス,2026年５月第２四半期（中間期）連結業績予想と実績値との差異及び通期業績予想の修正に関するお知らせ,https://www.release.tdnet.info/inbs/140120260113532446.pdf,False,,japanese,,東名,
2026-01-13 15:20:00,2026-01-13,27220,ＩＫホールディングス,2026年５月期第2四半期（中間期）決算短信〔日本基準〕(連結),https://www.release.tdnet.info/inbs/140120251118505434.pdf,True,,japanese,,東名,https://www.release.tdnet.info/inbs/081220251118505434.zip
2026-01-13 15:10:00,2026-01-13,62820,オイレス工,当社足利事業場における設備復旧に関するお知らせ,https://www.release.tdnet.info/inbs/140120260113532570.pdf,False,,japanese,,東,
2026-01-13 15:00:00,2026-01-13,16050,ＩＮＰＥＸ,自己株式の取得状況および取得終了に関するお知らせ,https://www.release.tdnet.info/inbs/140120260113532193.pdf,False,,japanese,,東,
2026-01-13 15:00:00,2026-01-13,27340,サーラ,2025年11月期 決算短信〔日本基準〕（連結）,https://www.release.tdnet.info/inbs/140120260112531986.pdf,True,,japanese,,東名,https://www.release.tdnet.info/inbs/081220260112531986.zip
2026-01-13 15:00:00,2026-01-13,27340,サーラ,2025年11月期連結決算発表参考資料,https://www.release.tdnet.info/inbs/140120260112531988.pdf,False,,japanese,,東名,
2026-01-13 15:00:00,2026-01-13,27340,サーラ,営業外収益（デリバティブ評価益）の計上に関するお知らせ,https://www.release.tdnet.info/inbs/140120260112531989.pdf,False,,japanese,,東名,
2026-01-13 15:00:00,2026-01-13,27340,サーラ,第６次中期経営計画策定に関するお知らせ,https://www.release.tdnet.info/inbs/140120260112531990.pdf,False,,japanese,,東名,
2026-01-13 15:00:00,2026-01-13,27340,サーラ,代表取締役、取締役及び執行役員の異動に関するお知らせ,https://www.release.tdnet.info/inbs/140120260112531992.pdf,False,,japanese,,東名,
2026-01-13 15:00:00,2026-01-13,29820,ＡＤワークスグループ,連結子会社の会社分割（吸収分割）による外部オーナー向けプロパティマネジメント事業等の承継完了に関するお知らせ,https://www.release.tdnet.info/inbs/140120260113532410.pdf,False,,japanese,,東,
2026-01-13 15:00:00,2026-01-13,52370,ノザワ,当社及び当社連結子会社の従業員に対する譲渡制限付株式としての自己株式処分に関するお知らせ,https://www.release.tdnet.info/inbs/140120260113532082.pdf,False,,japanese,,東,
2026-01-13 15:00:00,2026-01-13,63760,日機装,取締役、監査役および補欠監査役候補者の決定に関するお知らせ,https://www.release.tdnet.info/inbs/140120260113532374.pdf,False,,japanese,,東,
2026-01-13 15:00:00,2026-01-13,75200,エコス,2026年2月期 第3四半期決算短信[日本基準](連結),https://www.release.tdnet.info/inbs/140120260105528922.pdf,True,,japanese,,東,https://www.release.tdnet.info/inbs/081220260105528922.zip
2026-01-13 15:00:00,2026-01-13,80950,アステナＨＤ,2025年11月期決算説明資料,https://www.release.tdnet.info/inbs/140120260113532216.pdf,False,,japanese,,東,
2026-01-13 15:00:00,2026-01-13,80950,アステナＨＤ,中期経営計画のローリングに関するお知らせ,https://www.release.tdnet.info/inbs/140120260113532270.pdf,False,,japanese,,東,
2026-01-13 15:00:00,2026-01-13,80950,アステナＨＤ,剰余金の配当に関するお知らせ,https://www.release.tdnet.info/inbs/140120260113532266.pdf,False,,japanese,,東,
2026-01-13 15:00:00,2026-01-13,80950,アステナＨＤ,2025年11月期 決算短信〔日本基準〕（連結）,https://www.release.tdnet.info/inbs/140120260113532303.pdf,True,,japanese,,東,https://www.release.tdnet.info/inbs/081220260113532303.zip
2026-01-13 15:00:00,2026-01-13,81630,ＳＲＳＨＤ,組織機構改革、および人事異動に関するお知らせ,https://www.release.tdnet.info/inbs/140120260113532545.pdf,False,,japanese,,東,
2026-01-13 15:00:00,2026-01-13,93350,Ｐ－テクノＣ,新工場竣工に関するお知らせ,https://www.release.tdnet.info/inbs/140120260113532132.pdf,False,,japanese,,東福,
2026-01-13 14:50:00,2026-01-13,14990,ＭＸＳ高配当７０ＭＮ,ＭＡＸＩＳ ＥＴＦの収益分配のお知らせ,https://www.release.tdnet.info/inbs/140120260113532590.pdf,False,,japanese,,東,
2026-01-13 14:50:00,2026-01-13,16600,ＭＸＳ高利Ｊリート,ＭＡＸＩＳ ＥＴＦの収益分配のお知らせ,https://www.release.tdnet.info/inbs/140120260113532591.pdf,False,,japanese,,東,
2026-01-13 14:50:00,2026-01-13,20850,ＭＸ高配日株ア,ＭＡＸＩＳ ＥＴＦの収益分配のお知らせ,https://www.release.tdnet.info/inbs/140120260113532592.pdf,False,,japanese,,東,
2026-01-13 14:45:00,2026-01-13,61730,Ｇ－アクアライン,過去に辞任した社外取締役の辞任理由・経緯について,https://www.release.tdnet.info/inbs/140120260113532566.pdf,False,,japanese,,東,
2026-01-13 14:30:00,2026-01-13,14860,上場米債ヘッジなし,ＥＴＦの収益分配のお知らせ,https://www.release.tdnet.info/inbs/140120260113532546.pdf,False,,japanese,,東,
2026-01-13 14:30:00,2026-01-13,14870,上場米債ヘッジあり,ＥＴＦの収益分配のお知らせ,https://www.release.tdnet.info/inbs/140120260113532547.pdf,False,,japanese,,東,
2026-01-13 14:30:00,2026-01-13,15550,上場Ａリート,ＥＴＦの収益分配のお知らせ,https://www.release.tdnet.info/inbs/140120260113532548.pdf,False,,japanese,,東,
2026-01-13 14:30:00,2026-01-13,15660,上場ＥＭ債,ＥＴＦの収益分配のお知らせ,https://www.release.tdnet.info/inbs/140120260113532549.pdf,False,,japanese,,東,
2026-01-13 14:30:00,2026-01-13,16770,上場外債,ＥＴＦの収益分配のお知らせ,https://www.release.tdnet.info/inbs/140120260113532550.pdf,False,,japanese,,東,
2026-01-13 14:30:00,2026-01-13,72270,アスカ,2025年11月期　決算短信［日本基準］（連結）,https://www.release.tdnet.info/inbs/140120260109531818.pdf,True,,japanese,,名,https://www.release.tdnet.info/inbs/081220260109531818.zip
2026-01-13 14:30:00,2026-01-13,72270,アスカ,剰余金の配当（増配）に関するお知らせ,https://www.release.tdnet.info/inbs/140120260109531854.pdf,False,,japanese,,名,
2026-01-13 14:00:00,2026-01-13,23000,きょくと,2026年２月期第３四半期決算短信〔日本基準〕（非連結）,https://www.release.tdnet.info/inbs/140120260113532295.pdf,True,,japanese,,東,https://www.release.tdnet.info/inbs/081220260113532295.zip
2026-01-13 14:00:00,2026-01-13,65470,グリーンズ,出店計画に関するお知らせ（大阪市北区）,https://www.release.tdnet.info/inbs/140120260113532283.pdf,False,,japanese,,東名,
2026-01-13 14:00:00,2026-01-13,75060,ハウスローゼ,2026年3月期12月度売上高に関するお知らせ(単体),https://www.release.tdnet.info/inbs/140120260109531890.pdf,False,,japanese,,東,
2026-01-13 13:30:00,2026-01-13,25550,東証ＲＥＩＴ－ＥＴＦ,ＥＴＦの収益分配金のお知らせ,https://www.release.tdnet.info/inbs/140120260113532051.pdf,False,,japanese,,東,
2026-01-13 13:30:00,2026-01-13,31770,ありがとうＳ,2026年２月期 第３四半期決算短信〔日本基準〕（連結）,https://www.release.tdnet.info/inbs/140120251218522406.pdf,True,,japanese,,東,https://www.release.tdnet.info/inbs/081220251218522406.zip
2026-01-13 13:30:00,2026-01-13,51290,Ｇ－ＦＩＸＥＲ,（訂正）2026年8月期第1四半期決算説明資料の一部訂正について,https://www.release.tdnet.info/inbs/140120260113532428.pdf,False,,japanese,,東,
2026-01-13 13:30:00,2026-01-13,51290,Ｇ－ＦＩＸＥＲ,（訂正）話せるメディカルの株式追加取得（子会社化）合意に関する補足説明資料の一部訂正について,https://www.release.tdnet.info/inbs/140120260113532433.pdf,False,,japanese,,東,
2026-01-13 13:20:00,2026-01-13,26420,ＳＭＴ低炭素日本株,ＥＴＦの収益分配のお知らせ,https://www.release.tdnet.info/inbs/140120260113532440.pdf,False,,japanese,,東,
2026-01-13 13:00:00,2026-01-13,38920,岡山製紙,2026年５月期　第２四半期(中間期)決算短信[日本基準](非連結),https://www.release.tdnet.info/inbs/140120260109531856.pdf,True,,japanese,,東,https://www.release.tdnet.info/inbs/081220260109531856.zip
2026-01-13 13:00:00,2026-01-13,48340,キャリアバンク,2026年５月期第２四半期（中間期）決算短信〔日本基準〕(連結),https://www.release.tdnet.info/inbs/140120260106529660.pdf,True,,japanese,,札,https://www.release.tdnet.info/inbs/081220260106529660.zip
2026-01-13 13:00:00,2026-01-13,74340,オータケ,2026年５月期 第２四半期（中間期）決算短信〔日本基準〕（連結）,https://www.release.tdnet.info/inbs/140120260105528226.pdf,True,,japanese,,東,https://www.release.tdnet.info/inbs/081220260105528226.zip
2026-01-13 13:00:00,2026-01-13,99560,バローＨＤ,2026年3月期　12月度月次営業情報に関するお知らせ,https://www.release.tdnet.info/inbs/140120260113532238.pdf,False,,japanese,,東名,
2026-01-13 12:15:00,2026-01-13,13264,Ｅ－ワールド,SPDRゴールド・シェアに関する日々の開示事項,https://www.release.tdnet.info/inbs/140120260113532310.pdf,False,,japanese,,東,
2026-01-13 12:10:00,2026-01-13,13494,Ｅ－ＳＳＧＡ－ＳＩＮ,アジア国債・公債ＥＴＦ（正式名称：ＡＢＦ汎アジア債券インデックス・ファンド）に関する日々の開示事項,https://www.release.tdnet.info/inbs/140120260113532300.pdf,False,,japanese,,東,
2026-01-13 12:05:00,2026-01-13,15574,Ｅ－ＳＳＧＡＴＣ,SPDR S&P500 ETFに関する日々の開示事項,https://www.release.tdnet.info/inbs/140120260113532281.pdf,False,,japanese,,東,
2026-01-13 12:00:00,2026-01-13,45760,Ｇ－ＤＷＴＩ,緑内障・高眼圧症治療剤「グラアルファ配合点眼液（国内製品名）」シンガポールにおける販売開始のお知らせ,https://www.release.tdnet.info/inbs/140120260108531003.pdf,False,,japanese,,東,
2026-01-13 11:30:00,2026-01-13,20704,Ｎ－三菱ＵＦＪ証ＨＤ,上場ETN（発行者：三菱UFJ証券ホールディングス株式会社）に関する日々の開示事項,https://www.release.tdnet.info/inbs/140120260113532139.pdf,False,,japanese,,東,
2026-01-13 11:30:00,2026-01-13,34200,ケー・エフ・シー,代表取締役会長の逝去及び異動に関するお知らせ,https://www.release.tdnet.info/inbs/140120260113532247.pdf,False,,japanese,,東,
2026-01-13 11:30:00,2026-01-13,36860,ＤＬＥ,新株予約権（有償ストック・オプション）の割当に関する内容等確定のお知らせ,https://www.release.tdnet.info/inbs/140120260113532225.pdf,False,,japanese,,東,
2026-01-13 11:30:00,2026-01-13,67210,ウインテスト,第三者割当による第13回新株予約権（行使価額修正条項付）の発行に係る払込完了に関するお知らせ,https://www.release.tdnet.info/inbs/140120260112532008.pdf,False,,japanese,,東,
2026-01-13 11:30:00,2026-01-13,81940,ライフコーポ,2026年２月期　第３四半期決算短信〔日本基準〕（連結）,https://www.release.tdnet.info/inbs/140120251230528076.pdf,True,,japanese,,東,https://www.release.tdnet.info/inbs/081220251230528076.zip
2026-01-13 11:30:00,2026-01-13,81940,ライフコーポ,2026年２月期　第３四半期　決算・参考資料,https://www.release.tdnet.info/inbs/140120251230528078.pdf,False,,japanese,,東,
2026-01-13 11:00:00,2026-01-13,36630,セルシス,2025年12月度月次事業進捗レポートのお知らせ,https://www.release.tdnet.info/inbs/140120260106529634.pdf,False,,japanese,,東,
2026-01-13 11:00:00,2026-01-13,74870,小津産業,親会社等の中間決算に関するお知らせ,https://www.release.tdnet.info/inbs/140120251224525471.pdf,False,,japanese,,東,
2026-01-13 11:00:00,2026-01-13,95190,レノバ,2025年12月売電量のお知らせ,https://www.release.tdnet.info/inbs/140120260113532174.pdf,False,,japanese,,東,
2026-01-13 10:40:00,2026-01-13,15624,Ｅ－三井住友ＤＳＡＭ,上場ＥＴＦ（管理会社：三井住友DSアセットマネジメント）に関する日々の開示事項,https://www.release.tdnet.info/inbs/140120260113532165.pdf,False,,japanese,,東,
2026-01-13 10:00:00,2026-01-13,13294,Ｅ－ブラックロック,上場ETF（管理会社：ブラックロック・ジャパン）に関する日々の開示事項,https://www.release.tdnet.info/inbs/140120260113532108.pdf,False,,japanese,,東,
2026-01-13 10:00:00,2026-01-13,15950,ＮＺＡＭ　Ｊリート,ETFの収益分配金見込額のお知らせ,https://www.release.tdnet.info/inbs/140120260113532128.pdf,False,,japanese,,東,
2026-01-13 10:00:00,2026-01-13,15960,ＮＺＡＭ　Ｅｘ―Ｆ,ETFの収益分配金見込額のお知らせ,https://www.release.tdnet.info/inbs/140120260113532129.pdf,False,,japanese,,東,
2026-01-13 10:00:00,2026-01-13,16710,ＷＴＩ原油ＥＴＦ,ＥＴＦの収益分配金見込額のお知らせ,https://www.release.tdnet.info/inbs/140120260113532036.pdf,False,,japanese,,東,
2026-01-13 10:00:00,2026-01-13,16714,Ｅ－シンプレクス,上場ＥＴＦ(管理会社：シンプレクス・アセット・マネジメント)に関する日々の開示事項,https://www.release.tdnet.info/inbs/140120260113532111.pdf,False,,japanese,,東,
2026-01-13 10:00:00,2026-01-13,25270,ＮＺＡＭＪリートコア,ETFの収益分配金見込額のお知らせ,https://www.release.tdnet.info/inbs/140120260113532130.pdf,False,,japanese,,東,
2026-01-13 10:00:00,2026-01-13,26740,ハードオフ,2026年３月期　12月度店舗売上高および出店状況についてのお知らせ,https://www.release.tdnet.info/inbs/140120260112532004.pdf,False,,japanese,,東,
2026-01-13 10:00:00,2026-01-13,30320,ゴルフ・ドゥ,2025年12月度 ゴルフドゥ！店舗売上高前年対比に関するお知らせ,https://www.release.tdnet.info/inbs/140120260112531240.pdf,False,,japanese,,名,
2026-01-13 10:00:00,2026-01-13,45790,Ｇ－ラクオリア創薬,胃酸分泌抑制剤tegoprazanの米国における販売承認申請のお知らせ,https://www.release.tdnet.info/inbs/140120260113532027.pdf,False,,japanese,,東,
2026-01-13 10:00:00,2026-01-13,94250,ＲｅＹｕｕＪａｐａｎ,第２回新株予約権の行使状況に関するお知らせ,https://www.release.tdnet.info/inbs/140120260113532106.pdf,False,,japanese,,東,
2026-01-13 09:30:00,2026-01-13,72360,ティラド,一時監査役選任に関するお知らせ,https://www.release.tdnet.info/inbs/140120260109531863.pdf,False,,japanese,,東,
2026-01-13 09:15:00,2026-01-13,25230,ＭＸＳトピ除く金融,「ＭＡＸＩＳトピックス（除く金融）上場投信」の基準価額と市場価格の重要な乖離に関するお知らせ,https://www.release.tdnet.info/inbs/140120260113532089.pdf,False,,japanese,,東,
2026-01-13 09:15:00,2026-01-13,99270,ワットマン,2026年３月期12月度 月次売上状況（単体）のお知らせ,https://www.release.tdnet.info/inbs/140120260112532023.pdf,False,,japanese,,東,
2026-01-13 09:00:00,2026-01-13,16724,Ｅ－ＷｉｓｄｏｍＴｒ,上場ETF（管理会社：WisdomTree、外国投資法人：MSL）に関する日々の開示事項,https://www.release.tdnet.info/inbs/140120260113532031.pdf,False,,japanese,,東,
2026-01-13 09:00:00,2026-01-13,16724,Ｅ－ＷｉｓｄｏｍＴｒ,上場ETF（管理会社：WisdomTree、外国投資法人：CSL）に関する日々の開示事項,https://www.release.tdnet.info/inbs/140120260113532032.pdf,False,,japanese,,東,
2026-01-13 09:00:00,2026-01-13,35470,串カツ田中ＨＤ,1月9日付 開示資料 「月次報告（2025年12月度）」の一部追記に関するお知らせ,https://www.release.tdnet.info/inbs/140120260113532026.pdf,False,,japanese,,東,
2026-01-13 09:00:00,2026-01-13,84100,セブン銀行,2025年12月 月次データ（単体）,https://www.release.tdnet.info/inbs/140120260109531468.pdf,False,,japanese,,東,
2026-01-13 08:45:00,2026-01-13,74860,サンリン,軽井沢ガス株式会社の全株式取得(完全子会社化)に関するお知らせ,https://www.release.tdnet.info/inbs/140120251229528006.pdf,False,,japanese,,東,
2026-01-13 08:30:00,2026-01-13,45650,ネクセラファーマ,Centessa社より3.6百万米ドルのマイルストンを受領,https://www.release.tdnet.info/inbs/140120260112531998.pdf,False,,japanese,,東,
2026-01-13 08:30:00,2026-01-13,70360,Ｇ－イーエムネットＪ,常務取締役CFOによる不正行為の判明、開示書類等に係る不適切な会計処理の可能性及び第三者委員会の設置に関するお知らせ,https://www.release.tdnet.info/inbs/140120260113532046.pdf,False,,japanese,,東,
2026-01-14 18:45:00,2026-01-14,96020,東宝,（訂正）「連結子会社との会社分割（簡易吸収分割）に関するお知らせ」の一部訂正について,https://www.release.tdnet.info/inbs/140120260114534084.pdf,False,,japanese,,東福,
2026-01-14 18:10:00,2026-01-14,89510,Ｒ－ビルＦ,新投資口発行及び投資口売出しに係る価格等の決定に関するお知らせ,https://www.release.tdnet.info/inbs/140120260114534102.pdf,False,,japanese,,東,
2026-01-14 18:00:00,2026-01-14,29010,ウェルディッシュ,2026年8月期 決算説明資料　第１四半期,https://www.release.tdnet.info/inbs/140120260114534093.pdf,False,,japanese,,東,
2026-01-14 18:00:00,2026-01-14,29010,ウェルディッシュ,2026年８月期 第１四半期決算短信〔日本基準〕(連結),https://www.release.tdnet.info/inbs/140120260114534087.pdf,True,,japanese,,東,https://www.release.tdnet.info/inbs/081220260114534087.zip
2026-01-14 18:00:00,2026-01-14,29010,ウェルディッシュ,会社分割（簡易新設分割）による子会社設立及び当該子会社の株式譲渡に関するお知らせ,https://www.release.tdnet.info/inbs/140120260114534048.pdf,False,,japanese,,東,
2026-01-14 18:00:00,2026-01-14,35470,串カツ田中ＨＤ,2025年11月期決算短信〔日本基準〕(連結),https://www.release.tdnet.info/inbs/140120260114534073.pdf,True,,japanese,,東,https://www.release.tdnet.info/inbs/081220260114534073.zip
2026-01-14 18:00:00,2026-01-14,35470,串カツ田中ＨＤ,2025年11月期　決算補足説明資料,https://www.release.tdnet.info/inbs/140120260114534076.pdf,False,,japanese,,東,
2026-01-14 18:00:00,2026-01-14,35470,串カツ田中ＨＤ,子会社株式の減損に伴う特別損失の計上に関するお知らせ,https://www.release.tdnet.info/inbs/140120260114534079.pdf,False,,japanese,,東,
2026-01-14 18:00:00,2026-01-14,35470,串カツ田中ＨＤ,資金の借入に関するお知らせ,https://www.release.tdnet.info/inbs/140120260114534101.pdf,False,,japanese,,東,
2026-01-14 18:00:00,2026-01-14,62010,豊田織,株式会社豊田自動織機（証券コード：6201）の株券等に対する公開買付けの開始に関するお知らせ,https://www.release.tdnet.info/inbs/140120260114533737.pdf,False,,japanese,,東名,
2026-01-14 18:00:00,2026-01-14,62010,豊田織,トヨタ不動産株式会社による当社株式に対する公開買付けに関する賛同及び応募推奨の意見表明のお知らせ,https://www.release.tdnet.info/inbs/140120260114533740.pdf,False,,japanese,,東名,
2026-01-14 17:45:00,2026-01-14,93260,Ｇ－関通,2026年２月期 第３四半期決算短信〔日本基準〕（連結）,https://www.release.tdnet.info/inbs/140120260114534049.pdf,True,,japanese,,東,https://www.release.tdnet.info/inbs/081220260114534049.zip
2026-01-14 17:45:00,2026-01-14,93260,Ｇ－関通,2026年2月期 第3四半期 決算説明資料,https://www.release.tdnet.info/inbs/140120260114534060.pdf,False,,japanese,,東,
2026-01-14 17:45:00,2026-01-14,93260,Ｇ－関通,2026年２月期連結業績予想の修正に関するお知らせ,https://www.release.tdnet.info/inbs/140120260114534056.pdf,True,,japanese,,東,https://www.release.tdnet.info/inbs/091220260114534056.zip
2026-01-14 17:30:00,2026-01-14,41790,Ｇ－ジーネクスト,資本業務提携に関するお知らせ,https://www.release.tdnet.info/inbs/140120251225526092.pdf,False,,japanese,,東,
2026-01-14 17:30:00,2026-01-14,63160,丸山製,譲渡制限付株式報酬としての自己株式の処分に関するお知らせ,https://www.release.tdnet.info/inbs/140120260114533953.pdf,False,,japanese,,東,
2026-01-14 17:30:00,2026-01-14,78310,ウイルコＨＤ,証券取引等監視委員会による課徴金納付命令の勧告についてのお知らせ,https://www.release.tdnet.info/inbs/140120260114534004.pdf,False,,japanese,,東,
2026-01-14 17:15:00,2026-01-14,38230,ＷＨＹ　ＨＯＷ　ＤＯ,2026年８月期 第１四半期決算短信〔日本基準〕(連結),https://www.release.tdnet.info/inbs/140120260109531724.pdf,True,,japanese,,東,https://www.release.tdnet.info/inbs/081220260109531724.zip
2026-01-14 17:15:00,2026-01-14,38230,ＷＨＹ　ＨＯＷ　ＤＯ,営業外費用、特別利益及び特別損失の計上に関するお知らせ,https://www.release.tdnet.info/inbs/140120260113532715.pdf,False,,japanese,,東,
2026-01-14 17:15:00,2026-01-14,38230,ＷＨＹ　ＨＯＷ　ＤＯ,2026年８月期 第１四半期決算説明資料,https://www.release.tdnet.info/inbs/140120260113532706.pdf,False,,japanese,,東,
2026-01-14 17:04:00,2026-01-14,72030,トヨタ自,自己株式の公開買付けの条件等変更及び自己株式取得に係る事項の変更等に関するお知らせ,https://www.release.tdnet.info/inbs/140120260114534012.pdf,False,,japanese,,東名,
2026-01-14 17:00:00,2026-01-14,14330,ベステラ,自己株式の取得及び自己株式立会外買付取引（ToSTNeT-3）による自己株式の買付けに関するお知らせ,https://www.release.tdnet.info/inbs/140120260113532990.pdf,False,,japanese,,東,
2026-01-14 17:00:00,2026-01-14,14330,ベステラ,代表取締役の異動（辞任）に関するお知らせ,https://www.release.tdnet.info/inbs/140120260113532995.pdf,False,,japanese,,東,
2026-01-14 17:00:00,2026-01-14,14340,ＪＥＳＣＯ　ＨＤ,譲渡制限付株式報酬としての新株式の発行の払込完了に関するお知らせ,https://www.release.tdnet.info/inbs/140120260114534039.pdf,False,,japanese,,東,
2026-01-14 17:00:00,2026-01-14,35570,Ｇ－Ｕ＆Ｃ,通期業績予想の修正に関するお知らせ,https://www.release.tdnet.info/inbs/140120260114534026.pdf,False,,japanese,,東,
2026-01-14 17:00:00,2026-01-14,35570,Ｇ－Ｕ＆Ｃ,特別損失の計上に関するお知らせ,https://www.release.tdnet.info/inbs/140120260114534024.pdf,False,,japanese,,東,
2026-01-14 17:00:00,2026-01-14,35570,Ｇ－Ｕ＆Ｃ,2026年２月期　第３四半期決算短信［日本基準］（非連結）,https://www.release.tdnet.info/inbs/140120260114534000.pdf,True,,japanese,,東,https://www.release.tdnet.info/inbs/081220260114534000.zip
2026-01-14 17:00:00,2026-01-14,49200,日本色材,2026年2月期 第3四半期決算短信〔日本基準〕（連結）,https://www.release.tdnet.info/inbs/140120251225526814.pdf,True,,japanese,,東,https://www.release.tdnet.info/inbs/081220251225526814.zip
2026-01-14 17:00:00,2026-01-14,58830,Ｐ－ＧＴＨＤ,2026年５月期中間決算短信〔日本基準〕(連結),https://www.release.tdnet.info/inbs/140120260114533248.pdf,False,,japanese,,東,
2026-01-14 17:00:00,2026-01-14,58930,Ｐ－ＲＡＶＩＰＡ,剰余金の配当（期末配当）に関するお知らせ,https://www.release.tdnet.info/inbs/140120260114533134.pdf,False,,japanese,,東,
2026-01-14 17:00:00,2026-01-14,58930,Ｐ－ＲＡＶＩＰＡ,定款の一部変更及び会計監査人選任に関するお知らせ,https://www.release.tdnet.info/inbs/140120260114533187.pdf,False,,japanese,,東,
2026-01-14 17:00:00,2026-01-14,58930,Ｐ－ＲＡＶＩＰＡ,2025年11月期  決算短信〔日本基準〕（連結）,https://www.release.tdnet.info/inbs/140120260114533188.pdf,False,,japanese,,東,
2026-01-14 17:00:00,2026-01-14,64060,フジテック,自己株式の消却に関するお知らせ,https://www.release.tdnet.info/inbs/140120260114533112.pdf,False,,japanese,,東,
2026-01-14 17:00:00,2026-01-14,64060,フジテック,株式併合並びに単元株式数の定めの廃止及び定款の一部変更に関するお知らせ,https://www.release.tdnet.info/inbs/140120260114533116.pdf,False,,japanese,,東,
2026-01-14 17:00:00,2026-01-14,66640,オプトエレクト,2025年11月期 決算短信〔日本基準〕（連結）,https://www.release.tdnet.info/inbs/140120260114534011.pdf,True,,japanese,,東,https://www.release.tdnet.info/inbs/081220260114534011.zip
2026-01-14 17:00:00,2026-01-14,66640,オプトエレクト,2025年11月期通期業績予想と実績値との差異に関するお知らせ,https://www.release.tdnet.info/inbs/140120260114534013.pdf,False,,japanese,,東,
2026-01-14 17:00:00,2026-01-14,92150,Ｇ－ＣａＳｙ,2025年11月期 決算短信〔日本基準〕（連結）,https://www.release.tdnet.info/inbs/140120260114533907.pdf,True,,japanese,,東,https://www.release.tdnet.info/inbs/081220260114533907.zip
2026-01-14 17:00:00,2026-01-14,92150,Ｇ－ＣａＳｙ,通期連結及び個別業績予想と実績の差異に関するお知らせ,https://www.release.tdnet.info/inbs/140120260114533949.pdf,False,,japanese,,東,
2026-01-14 17:00:00,2026-01-14,92150,Ｇ－ＣａＳｙ,2025年11月期 第4四半期 決算説明資料,https://www.release.tdnet.info/inbs/140120260114533954.pdf,False,,japanese,,東,
2026-01-14 17:00:00,2026-01-14,92150,Ｇ－ＣａＳｙ,2025年11月期 通期決算説明,https://www.release.tdnet.info/inbs/140120260114533959.pdf,False,,japanese,,東,
2026-01-14 16:55:00,2026-01-14,40130,Ｇ－勤次郎,定款の一部変更（目的の変更）に関するお知らせ,https://www.release.tdnet.info/inbs/140120260109531245.pdf,False,,japanese,,東,
2026-01-14 16:45:00,2026-01-14,69020,デンソー,（開示事項の経過）公開買付けへの応募及び当社個別決算における特別利益の計上見込みに関するお知らせ,https://www.release.tdnet.info/inbs/140120260113532911.pdf,False,,japanese,,東名,
2026-01-14 16:45:00,2026-01-14,69020,デンソー,自己株式の公開買付けの買付条件等の変更に関するお知らせ,https://www.release.tdnet.info/inbs/140120260113532931.pdf,False,,japanese,,東名,
2026-01-14 16:45:00,2026-01-14,72590,アイシン,自己株式の公開買付けの買付条件等の変更及び自己株式取得に係る事項の変更に関するお知らせ,https://www.release.tdnet.info/inbs/140120260114534036.pdf,False,,japanese,,東名,
2026-01-14 16:45:00,2026-01-14,72590,アイシン,（開示事項の経過）公開買付けへの応募及び当社個別決算における特別利益の計上見込みに関するお知らせ,https://www.release.tdnet.info/inbs/140120260114534038.pdf,False,,japanese,,東名,
2026-01-14 16:45:00,2026-01-14,80150,豊田通商,自己株式の公開買付けの買付条件等の変更に関するお知らせ,https://www.release.tdnet.info/inbs/140120260114533977.pdf,False,,japanese,,東名,
2026-01-14 16:45:00,2026-01-14,80150,豊田通商,（開示事項の経過）公開買付けへの応募及び当社個別決算における特別利益の計上見込みに関するお知らせ,https://www.release.tdnet.info/inbs/140120260114533968.pdf,False,,japanese,,東名,
2026-01-14 16:35:00,2026-01-14,65580,Ｇ－クックビズ,税制適格ストック・オプション（新株予約権）の発行内容確定に関するお知らせ,https://www.release.tdnet.info/inbs/140120260114533144.pdf,False,,japanese,,東,
2026-01-14 16:30:00,2026-01-14,33870,クリレスＨＤ,2026年２月期第３四半期決算（補足説明資料）,https://www.release.tdnet.info/inbs/140120260113532417.pdf,False,,japanese,,東,
2026-01-14 16:30:00,2026-01-14,33870,クリレスＨＤ,2026年２月期第３四半期決算短信〔ＩＦＲＳ〕（連結）,https://www.release.tdnet.info/inbs/140120260109531884.pdf,True,,japanese,,東,https://www.release.tdnet.info/inbs/081220260109531884.zip
2026-01-14 16:30:00,2026-01-14,33870,クリレスＨＤ,株式会社ロンの株式取得に関するお知らせ,https://www.release.tdnet.info/inbs/140120260114533282.pdf,False,,japanese,,東,
2026-01-14 16:30:00,2026-01-14,36750,クロスマーケティング,スタンダード市場への市場区分の変更承認及びプライム市場の上場維持基準への適合に向けた計画の撤回に関するお知らせ,https://www.release.tdnet.info/inbs/140120260114533973.pdf,False,,japanese,,東,
2026-01-14 16:30:00,2026-01-14,36970,ＳＨＩＦＴ,募集新株予約権(有償ストック・オプション)の発行に関するお知らせ,https://www.release.tdnet.info/inbs/140120260114533987.pdf,False,,japanese,,東,
2026-01-14 16:30:00,2026-01-14,37680,リスクモンスター,自己株式の取得状況に関するお知らせ,https://www.release.tdnet.info/inbs/140120260114534002.pdf,False,,japanese,,東,
2026-01-14 16:30:00,2026-01-14,59420,日フイルコン,自己株式の取得および自己株式立会外買付取引（ToSTNeT-3）による自己株式の買付けに関するお知らせ,https://www.release.tdnet.info/inbs/140120260114534021.pdf,False,,japanese,,東,
2026-01-14 16:30:00,2026-01-14,75140,ヒマラヤ,自己株式の取得および自己株式立会外買付取引（ToSTNeT-3）による自己株式の買付けに関するお知らせ,https://www.release.tdnet.info/inbs/140120260114533556.pdf,False,,japanese,,東名,
2026-01-14 16:30:00,2026-01-14,87830,ａｂｃ,2026年８月期第１四半期決算短信〔日本基準〕(連結),https://www.release.tdnet.info/inbs/140120260113532999.pdf,True,,japanese,,東,https://www.release.tdnet.info/inbs/081220260113532999.zip
2026-01-14 16:30:00,2026-01-14,99820,タキヒヨー,自己株式の取得状況および取得終了に関するお知らせ,https://www.release.tdnet.info/inbs/140120260114533354.pdf,False,,japanese,,東名,
2026-01-14 16:30:00,2026-01-14,99820,タキヒヨー,自己株式の取得及び自己株式立会外買付取引（ToSTNeT-3）による自己株式の買付けに関するお知らせ,https://www.release.tdnet.info/inbs/140120260114533463.pdf,False,,japanese,,東名,
2026-01-14 16:10:00,2026-01-14,94180,Ｕ－ＮＥＸＴ,2026年８月期　第１四半期決算短信［日本基準］（連結）,https://www.release.tdnet.info/inbs/140120260113532920.pdf,True,,japanese,,東,https://www.release.tdnet.info/inbs/081220260113532920.zip
2026-01-14 16:10:00,2026-01-14,94180,Ｕ－ＮＥＸＴ,2026年８月期　第１四半期決算説明資料,https://www.release.tdnet.info/inbs/140120260113532948.pdf,False,,japanese,,東,
2026-01-14 16:01:00,2026-01-14,52500,プライムストラテジー,2025年11月期　決算短信〔日本基準〕（連結）,https://www.release.tdnet.info/inbs/140120260114533221.pdf,True,,japanese,,東,https://www.release.tdnet.info/inbs/081220260114533221.zip
2026-01-14 16:01:00,2026-01-14,52500,プライムストラテジー,2025年11月期通期連結業績予想と実績値の差異並びに個別決算における前事業年度の実績値との差異に関するお知らせ,https://www.release.tdnet.info/inbs/140120260114533566.pdf,False,,japanese,,東,
2026-01-14 16:01:00,2026-01-14,52500,プライムストラテジー,剰余金の配当に関するお知らせ,https://www.release.tdnet.info/inbs/140120260113533000.pdf,False,,japanese,,東,
2026-01-14 16:01:00,2026-01-14,52500,プライムストラテジー,2025年11月期 通期及び第４四半期決算説明資料,https://www.release.tdnet.info/inbs/140120260113533002.pdf,False,,japanese,,東,
2026-01-14 16:00:00,2026-01-14,14010,Ｇ－エムビーエス,2026年５月期第２四半期（中間期）決算短信〔日本基準〕(非連結),https://www.release.tdnet.info/inbs/140120260113532319.pdf,True,,japanese,,東福,https://www.release.tdnet.info/inbs/081220260113532319.zip
2026-01-14 16:00:00,2026-01-14,14180,インターライフ,2026年２月期 第３四半期決算短信〔日本基準〕(連結),https://www.release.tdnet.info/inbs/140120260114533365.pdf,True,,japanese,,東,https://www.release.tdnet.info/inbs/081220260114533365.zip
2026-01-14 16:00:00,2026-01-14,18330,奥村組,営業外収益(為替予約評価益)の計上に関するお知らせ,https://www.release.tdnet.info/inbs/140120260113532700.pdf,False,,japanese,,東,
2026-01-14 16:00:00,2026-01-14,27980,Ｙ’ｓ,2026年2月期 第3四半期決算短信〔日本基準〕（連結）,https://www.release.tdnet.info/inbs/140120251223524732.pdf,True,,japanese,,東,https://www.release.tdnet.info/inbs/081220251223524732.zip
2026-01-14 16:00:00,2026-01-14,28840,ヨシムラ・Ｆ・ＨＤ,2026年２月期 第３四半期決算短信〔日本基準〕（連結）,https://www.release.tdnet.info/inbs/140120260114533129.pdf,True,,japanese,,東,https://www.release.tdnet.info/inbs/081220260114533129.zip
2026-01-14 16:00:00,2026-01-14,28840,ヨシムラ・Ｆ・ＨＤ,2026年２月期 第３四半期決算説明資料,https://www.release.tdnet.info/inbs/140120260114533151.pdf,False,,japanese,,東,
2026-01-14 16:00:00,2026-01-14,28840,ヨシムラ・Ｆ・ＨＤ,通期連結業績予想の修正（上方修正）に関するお知らせ,https://www.release.tdnet.info/inbs/140120260114533154.pdf,False,,japanese,,東,
2026-01-14 16:00:00,2026-01-14,28840,ヨシムラ・Ｆ・ＨＤ,連結子会社における新工場新設に関するお知らせ,https://www.release.tdnet.info/inbs/140120260114533150.pdf,False,,japanese,,東,
2026-01-14 16:00:00,2026-01-14,30770,ホリイフード,2026年11月期 月次売上速報（12月度）のお知らせ,https://www.release.tdnet.info/inbs/140120260114533639.pdf,False,,japanese,,東,
2026-01-14 16:00:00,2026-01-14,30770,ホリイフード,2025年11月期決算説明会資料,https://www.release.tdnet.info/inbs/140120260114533778.pdf,False,,japanese,,東,
2026-01-14 16:00:00,2026-01-14,30770,ホリイフード,通期連結業績予想と実績の差異に関するお知らせ,https://www.release.tdnet.info/inbs/140120260114533646.pdf,False,,japanese,,東,
2026-01-14 16:00:00,2026-01-14,30770,ホリイフード,2025年11月期 決算短信〔日本基準〕(連結),https://www.release.tdnet.info/inbs/140120260114533642.pdf,True,,japanese,,東,https://www.release.tdnet.info/inbs/081220260114533642.zip
2026-01-14 16:00:00,2026-01-14,31890,ＡＮＡＰ,2026年8月期第1四半期決算短信〔日本基準〕（連結）,https://www.release.tdnet.info/inbs/140120260114533179.pdf,True,,japanese,,東,https://www.release.tdnet.info/inbs/081220260114533179.zip
2026-01-14 16:00:00,2026-01-14,31890,ＡＮＡＰ,特別損失（事業再編損）の計上に関するお知らせ,https://www.release.tdnet.info/inbs/140120260105528689.pdf,False,,japanese,,東,
2026-01-14 16:00:00,2026-01-14,31890,ＡＮＡＰ,営業外費用（暗号資産評価損）の計上に関するお知らせ,https://www.release.tdnet.info/inbs/140120260114533332.pdf,False,,japanese,,東,
2026-01-14 16:00:00,2026-01-14,32660,ファンドクリＧ,業績予想と実績値の差異に関するお知らせ,https://www.release.tdnet.info/inbs/140120260114533455.pdf,False,,japanese,,東,
2026-01-14 16:00:00,2026-01-14,32660,ファンドクリＧ,2025年11月期　決算短信〔日本基準〕（連結）,https://www.release.tdnet.info/inbs/140120260114533502.pdf,True,,japanese,,東,https://www.release.tdnet.info/inbs/081220260114533502.zip
2026-01-14 16:00:00,2026-01-14,34920,Ｒ－ＭＩＲＡＲＴＨ,国内不動産信託受益権の取得に関するお知らせ,https://www.release.tdnet.info/inbs/140120260114533115.pdf,False,,japanese,,東,
2026-01-14 16:00:00,2026-01-14,36780,メディアドゥ,2026年2月期 第3四半期決算短信〔日本基準〕（連結）,https://www.release.tdnet.info/inbs/140120260113532093.pdf,True,,japanese,,東,https://www.release.tdnet.info/inbs/081220260113532093.zip
2026-01-14 16:00:00,2026-01-14,36780,メディアドゥ,2026年2月期 第3四半期決算説明資料,https://www.release.tdnet.info/inbs/140120260113532100.pdf,False,,japanese,,東,
2026-01-14 16:00:00,2026-01-14,38100,サイバーステップＨＤ,2026年５月期  第２四半期（中間期）決算短信〔日本基準〕（連結）,https://www.release.tdnet.info/inbs/140120260114533621.pdf,True,,japanese,,東,https://www.release.tdnet.info/inbs/081220260114533621.zip
2026-01-14 16:00:00,2026-01-14,38100,サイバーステップＨＤ,（開示事項の中止）アリア株式会社の株式取得（子会社化）に関する 株式譲渡契約解除に関するお知らせ,https://www.release.tdnet.info/inbs/140120260114533996.pdf,False,,japanese,,東,
2026-01-14 16:00:00,2026-01-14,38100,サイバーステップＨＤ,営業外収益、営業外費用、特別利益及び特別損失の計上に関するお知らせ,https://www.release.tdnet.info/inbs/140120260114533572.pdf,False,,japanese,,東,
2026-01-14 16:00:00,2026-01-14,38100,サイバーステップＨＤ,(開示事項の経過)株式会社３rdの株式取得(完全子会社化)完了に関するお知らせ,https://www.release.tdnet.info/inbs/140120260114533999.pdf,False,,japanese,,東,
2026-01-14 16:00:00,2026-01-14,38260,ＳＩ,通期連結業績予想の修正、株主還元方針の変更および配当予想の修正（増配）に関するお知らせ,https://www.release.tdnet.info/inbs/140120260114533666.pdf,False,,japanese,,東,
2026-01-14 16:00:00,2026-01-14,38260,ＳＩ,2026年２月期 第３四半期決算短信〔日本基準〕（連結）,https://www.release.tdnet.info/inbs/140120260114533616.pdf,True,,japanese,,東,https://www.release.tdnet.info/inbs/081220260114533616.zip
2026-01-14 16:00:00,2026-01-14,39070,シリコンスタジオ,2025年11月期　決算短信［日本基準］（非連結）,https://www.release.tdnet.info/inbs/140120260114533389.pdf,True,,japanese,,東,https://www.release.tdnet.info/inbs/081220260114533389.zip
2026-01-14 16:00:00,2026-01-14,39960,サインポスト,2026年2月期 第3四半期決算短信〔日本基準〕(非連結),https://www.release.tdnet.info/inbs/140120260113532984.pdf,True,,japanese,,東,https://www.release.tdnet.info/inbs/081220260113532984.zip
2026-01-14 16:00:00,2026-01-14,39960,サインポスト,業績予想の修正に関するお知らせ,https://www.release.tdnet.info/inbs/140120260113532989.pdf,False,,japanese,,東,
2026-01-14 16:00:00,2026-01-14,40160,ＭＩＴＨＤ,2025年11月期決算短信〔日本基準〕（連結）,https://www.release.tdnet.info/inbs/140120260114533303.pdf,True,,japanese,,東,https://www.release.tdnet.info/inbs/081220260114533303.zip
2026-01-14 16:00:00,2026-01-14,40160,ＭＩＴＨＤ,2025年11月期決算補足説明資料,https://www.release.tdnet.info/inbs/140120260114533313.pdf,False,,japanese,,東,
2026-01-14 16:00:00,2026-01-14,40160,ＭＩＴＨＤ,2025年11月期通期連結業績予想と実績値の差異に関するお知らせ,https://www.release.tdnet.info/inbs/140120260114533350.pdf,False,,japanese,,東,
2026-01-14 16:00:00,2026-01-14,40160,ＭＩＴＨＤ,関係会社貸付金に係る貸倒引当金繰入額の計上（個別決算）に関するお知らせ,https://www.release.tdnet.info/inbs/140120260114533434.pdf,False,,japanese,,東,
2026-01-14 16:00:00,2026-01-14,40160,ＭＩＴＨＤ,剰余金の配当に関するお知らせ,https://www.release.tdnet.info/inbs/140120260114533461.pdf,False,,japanese,,東,
2026-01-14 16:00:00,2026-01-14,41970,アスマーク,株式会社リーン・ニシカタの株式の取得（子会社化）に関するお知らせ,https://www.release.tdnet.info/inbs/140120260114533258.pdf,False,,japanese,,東,
2026-01-14 16:00:00,2026-01-14,41970,アスマーク,2025年11月期 通期決算説明資料,https://www.release.tdnet.info/inbs/140120260114533257.pdf,False,,japanese,,東,
2026-01-14 16:00:00,2026-01-14,41970,アスマーク,2025年11月期　決算短信〔日本基準〕（連結）,https://www.release.tdnet.info/inbs/140120260114533172.pdf,True,,japanese,,東,https://www.release.tdnet.info/inbs/081220260114533172.zip
2026-01-14 16:00:00,2026-01-14,42310,タイガーポリ,組織変更及び役員の異動に関するお知らせ,https://www.release.tdnet.info/inbs/140120260113532187.pdf,False,,japanese,,東,
2026-01-14 16:00:00,2026-01-14,43610,川口化,新任の監査等委員である取締役の選任及び退任に関するお知らせ,https://www.release.tdnet.info/inbs/140120260106529564.pdf,False,,japanese,,東名,
2026-01-14 16:00:00,2026-01-14,44130,ボードルア,2026年２月期第３四半期　決算短信〔ＩＦＲＳ〕(連結),https://www.release.tdnet.info/inbs/140120260114533861.pdf,True,,japanese,,東,https://www.release.tdnet.info/inbs/081220260114533861.zip
2026-01-14 16:00:00,2026-01-14,44130,ボードルア,2026年２月期第３四半期　決算補足説明資料,https://www.release.tdnet.info/inbs/140120260114533910.pdf,False,,japanese,,東,
2026-01-14 16:00:00,2026-01-14,44130,ボードルア,株式会社リクソルの株式取得（子会社化）に関するお知らせ,https://www.release.tdnet.info/inbs/140120260114533941.pdf,False,,japanese,,東,
2026-01-14 16:00:00,2026-01-14,44290,Ｇ－リックソフト,2026年２月期第３四半期決算短信〔日本基準〕(連結),https://www.release.tdnet.info/inbs/140120260113532691.pdf,True,,japanese,,東,https://www.release.tdnet.info/inbs/081220260113532691.zip
2026-01-14 16:00:00,2026-01-14,44290,Ｇ－リックソフト,2026年２月期 第3四半期 決算補足資料,https://www.release.tdnet.info/inbs/140120260113532741.pdf,False,,japanese,,東,
2026-01-14 16:00:00,2026-01-14,46680,明光ネット,2026年８月期第１四半期決算短信〔日本基準〕（連結）,https://www.release.tdnet.info/inbs/140120251218522367.pdf,True,,japanese,,東,https://www.release.tdnet.info/inbs/081220251218522367.zip
2026-01-14 16:00:00,2026-01-14,48290,日本エンタープライズ,2026年5月期 中間期 決算説明資料,https://www.release.tdnet.info/inbs/140120260114533880.pdf,False,,japanese,,東,
2026-01-14 16:00:00,2026-01-14,48850,室町ケミカル,2026年5月期第2四半期（中間期）決算短信〔日本基準〕(非連結),https://www.release.tdnet.info/inbs/140120260114533870.pdf,True,,japanese,,東,https://www.release.tdnet.info/inbs/081220260114533870.zip
2026-01-14 16:00:00,2026-01-14,48850,室町ケミカル,2026年5月期第2四半期 決算説明資料,https://www.release.tdnet.info/inbs/140120260114533906.pdf,False,,japanese,,東,
2026-01-14 16:00:00,2026-01-14,55270,Ｇ－ｐｒｏｐｅｔｅｃ,2025年11月期 決算短信〔日本基準〕（連結）,https://www.release.tdnet.info/inbs/140120260114533279.pdf,True,,japanese,,東,https://www.release.tdnet.info/inbs/081220260114533279.zip
2026-01-14 16:00:00,2026-01-14,55270,Ｇ－ｐｒｏｐｅｔｅｃ,2025年11月期通期決算説明資料＋成長可能性に関する事項,https://www.release.tdnet.info/inbs/140120260114533343.pdf,False,,japanese,,東,
2026-01-14 16:00:00,2026-01-14,55270,Ｇ－ｐｒｏｐｅｔｅｃ,2025年11月期決算説明資料データ集,https://www.release.tdnet.info/inbs/140120260114533384.pdf,False,,japanese,,東,
2026-01-14 16:00:00,2026-01-14,60250,日本ＰＣサービス,2026年８月期 第１四半期決算短信〔日本基準〕（連結）,https://www.release.tdnet.info/inbs/140120260108530791.pdf,True,,japanese,,名,https://www.release.tdnet.info/inbs/081220260108530791.zip
2026-01-14 16:00:00,2026-01-14,60250,日本ＰＣサービス,資金の借入に関するお知らせ,https://www.release.tdnet.info/inbs/140120260107530070.pdf,False,,japanese,,名,
2026-01-14 16:00:00,2026-01-14,60440,三機サービス,2026年５月期第２四半期（中間期）決算短信〔日本基準〕(連結),https://www.release.tdnet.info/inbs/140120260114533078.pdf,True,,japanese,,東,https://www.release.tdnet.info/inbs/081220260114533078.zip
2026-01-14 16:00:00,2026-01-14,64250,ユニバーサル,TRLEI四半期業績のお知らせ（2025年12月期第4四半期 速報値）,https://www.release.tdnet.info/inbs/140120260114533732.pdf,False,,japanese,,東,
2026-01-14 16:00:00,2026-01-14,65720,オープンＧ,2026年２月期 第３四半期決算短信〔日本基準〕（連結）,https://www.release.tdnet.info/inbs/140120260114533253.pdf,True,,japanese,,東,https://www.release.tdnet.info/inbs/081220260114533253.zip
2026-01-14 16:00:00,2026-01-14,65720,オープンＧ,2026年２月期 第３四半期決算説明資料,https://www.release.tdnet.info/inbs/140120260114533293.pdf,False,,japanese,,東,
2026-01-14 16:00:00,2026-01-14,70350,ａｎｆａｃ,2026年８月期　第１四半期決算短信〔日本基準〕（連結）,https://www.release.tdnet.info/inbs/140120260113532458.pdf,True,,japanese,,東,https://www.release.tdnet.info/inbs/081220260113532458.zip
2026-01-14 16:00:00,2026-01-14,70350,ａｎｆａｃ,2026年８月期 第１四半期決算説明資料,https://www.release.tdnet.info/inbs/140120260113532855.pdf,False,,japanese,,東,
2026-01-14 16:00:00,2026-01-14,70740,Ｇ－２４７ＨＤ,中期経営計画の見直し（ローリング）に関するお知らせ,https://www.release.tdnet.info/inbs/140120260113533007.pdf,False,,japanese,,東,
2026-01-14 16:00:00,2026-01-14,70740,Ｇ－２４７ＨＤ,2025年11月期 決算短信[日本基準]（連結）,https://www.release.tdnet.info/inbs/140120260113533008.pdf,True,,japanese,,東,https://www.release.tdnet.info/inbs/081220260113533008.zip
2026-01-14 16:00:00,2026-01-14,70740,Ｇ－２４７ＨＤ,2025年11月期 連結決算補足説明資料,https://www.release.tdnet.info/inbs/140120260113533009.pdf,False,,japanese,,東,
2026-01-14 16:00:00,2026-01-14,70740,Ｇ－２４７ＨＤ,個別決算における関係会社株式評価損及び関係会社事業損失引当金繰入額の計上に関するお知らせ,https://www.release.tdnet.info/inbs/140120260113533013.pdf,False,,japanese,,東,
2026-01-14 16:00:00,2026-01-14,76100,テイツー,2026年2月期第3四半期決算短信〔日本基準〕(連結),https://www.release.tdnet.info/inbs/140120260114533783.pdf,True,,japanese,,東,https://www.release.tdnet.info/inbs/081220260114533783.zip
2026-01-14 16:00:00,2026-01-14,76100,テイツー,2026年2月期第3四半期決算説明会資料,https://www.release.tdnet.info/inbs/140120260114533788.pdf,False,,japanese,,東,
2026-01-14 16:00:00,2026-01-14,77190,東京衡機,2026年２月期 第３四半期決算短信〔日本基準〕(連結),https://www.release.tdnet.info/inbs/140120260113532637.pdf,True,,japanese,,東,https://www.release.tdnet.info/inbs/081220260113532637.zip
2026-01-14 16:00:00,2026-01-14,80050,スクロール,自己株式の取得状況及び取得終了に関するお知らせ,https://www.release.tdnet.info/inbs/140120260114533567.pdf,False,,japanese,,東,
2026-01-14 16:00:00,2026-01-14,81430,ラピーヌ,2026年２月期　第３四半期決算短信［日本基準］（連結）,https://www.release.tdnet.info/inbs/140120251226527689.pdf,True,,japanese,,東,https://www.release.tdnet.info/inbs/081220251226527689.zip
2026-01-14 16:00:00,2026-01-14,81430,ラピーヌ,2026年２月期通期業績予想の修正に関するお知らせ,https://www.release.tdnet.info/inbs/140120260114533707.pdf,False,,japanese,,東,
2026-01-14 16:00:00,2026-01-14,92410,Ｇ－ＦＬＮ,2026年8月期　第1四半期決算説明資料,https://www.release.tdnet.info/inbs/140120260114533952.pdf,False,,japanese,,東,
2026-01-14 16:00:00,2026-01-14,92410,Ｇ－ＦＬＮ,2026年８月期 第１四半期決算短信〔日本基準〕(連結),https://www.release.tdnet.info/inbs/140120260114533944.pdf,True,,japanese,,東,https://www.release.tdnet.info/inbs/081220260114533944.zip
2026-01-14 16:00:00,2026-01-14,92650,ヤマシタヘルスケア,2026年５月期第２四半期決算短信〔日本基準〕（連結）,https://www.release.tdnet.info/inbs/140120260108530854.pdf,True,,japanese,,東,https://www.release.tdnet.info/inbs/081220260108530854.zip
2026-01-14 16:00:00,2026-01-14,93310,Ｇ－キャスター,2026年８月期 第１四半期決算短信〔日本基準〕（連結）,https://www.release.tdnet.info/inbs/140120260113532935.pdf,True,,japanese,,東,https://www.release.tdnet.info/inbs/081220260113532935.zip
2026-01-14 16:00:00,2026-01-14,93310,Ｇ－キャスター,2026年８月期 第１四半期決算説明資料,https://www.release.tdnet.info/inbs/140120260113532936.pdf,False,,japanese,,東,
2026-01-14 16:00:00,2026-01-14,99790,大庄,2025年12月の月次売上状況について,https://www.release.tdnet.info/inbs/140120260114533560.pdf,False,,japanese,,東,
2026-01-14 16:00:00,2026-01-14,99790,大庄,2026年8月期 第1四半期決算短信〔日本基準〕（連結）,https://www.release.tdnet.info/inbs/140120260113532688.pdf,True,,japanese,,東,https://www.release.tdnet.info/inbs/081220260113532688.zip
2026-01-14 15:45:00,2026-01-14,24040,鉄人化ＨＤ,2026年８月期の通期業績予想の修正に関するお知らせ,https://www.release.tdnet.info/inbs/140120260114533962.pdf,False,,japanese,,東,
2026-01-14 15:45:00,2026-01-14,24040,鉄人化ＨＤ,2026年８月期第１四半期決算短信〔日本基準〕(連結),https://www.release.tdnet.info/inbs/140120260114533964.pdf,True,,japanese,,東,https://www.release.tdnet.info/inbs/081220260114533964.zip
2026-01-14 15:45:00,2026-01-14,33910,ツルハＨＤ,2026 年２月期第３四半期決算短信（監査法人による期中レビューの完了）,https://www.release.tdnet.info/inbs/140120260114533893.pdf,True,,japanese,,東,https://www.release.tdnet.info/inbs/081220260114533893.zip
2026-01-14 15:45:00,2026-01-14,59670,ＴＯＮＥ,2026年５月期 第２四半期（中間期）決算短信〔日本基準〕（連結）,https://www.release.tdnet.info/inbs/140120260114533723.pdf,True,,japanese,,東,https://www.release.tdnet.info/inbs/081220260114533723.zip
2026-01-14 15:45:00,2026-01-14,59670,ＴＯＮＥ,2026年５月期 第２四半期累計期間業績予想と実績値との差異に関するお知らせ,https://www.release.tdnet.info/inbs/140120260114533984.pdf,False,,japanese,,東,
2026-01-14 15:40:00,2026-01-14,29890,Ｒ－東海道リート,資産運用会社による投資口取得に関するお知らせ,https://www.release.tdnet.info/inbs/140120260113532899.pdf,False,,japanese,,東,
2026-01-14 15:40:00,2026-01-14,31740,ハピネス＆Ｄ,2026年８月期　第１四半期決算短信〔日本基準〕（連結）,https://www.release.tdnet.info/inbs/140120260114533479.pdf,True,,japanese,,東,https://www.release.tdnet.info/inbs/081220260114533479.zip
2026-01-14 15:40:00,2026-01-14,31740,ハピネス＆Ｄ,月次売上高前年比等（速報）に関するお知らせ,https://www.release.tdnet.info/inbs/140120260114533583.pdf,False,,japanese,,東,
2026-01-14 15:40:00,2026-01-14,31740,ハピネス＆Ｄ,当座貸越契約に基づく資金の借入に関するお知らせ,https://www.release.tdnet.info/inbs/140120260114533588.pdf,False,,japanese,,東,
2026-01-14 15:40:00,2026-01-14,66760,ＢＵＦＦＡＬＯ,自己株式の取得状況及び取得終了に関するお知らせ,https://www.release.tdnet.info/inbs/140120260114533117.pdf,False,,japanese,,東名,
2026-01-14 15:40:00,2026-01-14,73570,ジオコード,2026年２月期　第３四半期決算短信〔日本基準〕（非連結）,https://www.release.tdnet.info/inbs/140120260113533074.pdf,True,,japanese,,東,https://www.release.tdnet.info/inbs/081220260113533074.zip
2026-01-14 15:40:00,2026-01-14,73570,ジオコード,2026年２月期　第３四半期決算補足説明資料,https://www.release.tdnet.info/inbs/140120260113533075.pdf,False,,japanese,,東,
2026-01-14 15:35:00,2026-01-14,88870,シーラＨＤ,2026年5月期第2四半期（中間期）決算説明資料,https://www.release.tdnet.info/inbs/140120260114533897.pdf,False,,japanese,,東,
2026-01-14 15:30:00,2026-01-14,14340,ＪＥＳＣＯ　ＨＤ,2026年8月期 第1四半期 決算短信〔日本基準〕（連結）,https://www.release.tdnet.info/inbs/140120260114533474.pdf,True,,japanese,,東,https://www.release.tdnet.info/inbs/081220260114533474.zip
2026-01-14 15:30:00,2026-01-14,21640,Ｇ－地域新聞社,2026年８月期第１四半期決算短信[日本基準]（非連結）,https://www.release.tdnet.info/inbs/140120260114533183.pdf,True,,japanese,,東,https://www.release.tdnet.info/inbs/081220260114533183.zip
2026-01-14 15:30:00,2026-01-14,21680,パソナグループ,2026年５月期　第２四半期（中間期）決算短信〔日本基準〕（連結）,https://www.release.tdnet.info/inbs/140120260113532309.pdf,True,,japanese,,東,https://www.release.tdnet.info/inbs/081220260113532309.zip
2026-01-14 15:30:00,2026-01-14,22920,Ｓ　ＦＯＯＤＳ,2026年２月期第３四半期決算短信〔日本基準〕(連結),https://www.release.tdnet.info/inbs/140120260114533334.pdf,True,,japanese,,東,https://www.release.tdnet.info/inbs/081220260114533334.zip
2026-01-14 15:30:00,2026-01-14,22920,Ｓ　ＦＯＯＤＳ,業績予想の修正に関するお知らせ,https://www.release.tdnet.info/inbs/140120260114533419.pdf,False,,japanese,,東,
2026-01-14 15:30:00,2026-01-14,22940,柿安本店,2026年4月期12月度の売上高についてのお知らせ,https://www.release.tdnet.info/inbs/140120260114533229.pdf,False,,japanese,,東,
2026-01-14 15:30:00,2026-01-14,23050,スタジオアリス,2026年2月期 第3四半期決算短信〔日本基準〕（連結）,https://www.release.tdnet.info/inbs/140120260108531030.pdf,True,,japanese,,東,https://www.release.tdnet.info/inbs/081220260108531030.zip
2026-01-14 15:30:00,2026-01-14,23150,ＣＡＩＣＡ　Ｄ,2025年10月期末 決算補足説明資料,https://www.release.tdnet.info/inbs/140120260113532760.pdf,False,,japanese,,東,
2026-01-14 15:30:00,2026-01-14,23370,いちご,2026年2月期 第3四半期 決算短信〔日本基準〕（連結）,https://www.release.tdnet.info/inbs/140120260114533310.pdf,True,,japanese,,東,https://www.release.tdnet.info/inbs/081220260114533310.zip
2026-01-14 15:30:00,2026-01-14,23370,いちご,2026年2月期 第3四半期 決算説明資料,https://www.release.tdnet.info/inbs/140120260114533348.pdf,False,,japanese,,東,
2026-01-14 15:30:00,2026-01-14,23370,いちご,自己株式取得に係る事項の一部変更（取得枠拡大・取得期間延長）および自己株式の消却に関するお知らせ,https://www.release.tdnet.info/inbs/140120260114533398.pdf,False,,japanese,,東,
2026-01-14 15:30:00,2026-01-14,24490,プラップＪ,2026年8月期第１四半期決算短信〔日本基準〕(連結),https://www.release.tdnet.info/inbs/140120260113532473.pdf,True,,japanese,,東,https://www.release.tdnet.info/inbs/081220260113532473.zip
2026-01-14 15:30:00,2026-01-14,24710,エスプール,2025年11月期　決算短信〔ＩＦＲＳ〕（連結）,https://www.release.tdnet.info/inbs/140120260113533036.pdf,True,,japanese,,東,https://www.release.tdnet.info/inbs/081220260113533036.zip
2026-01-14 15:30:00,2026-01-14,24710,エスプール,2025年11月期［第26期］決算説明資料,https://www.release.tdnet.info/inbs/140120260113533041.pdf,False,,japanese,,東,
2026-01-14 15:30:00,2026-01-14,24710,エスプール,個別業績の前期実績との差異に関するお知らせ,https://www.release.tdnet.info/inbs/140120260113533052.pdf,False,,japanese,,東,
2026-01-14 15:30:00,2026-01-14,24710,エスプール,障がい者雇用支援事業の成長戦略策定に関するお知らせ,https://www.release.tdnet.info/inbs/140120260114533871.pdf,False,,japanese,,東,
2026-01-14 15:30:00,2026-01-14,24840,出前館,2026年８月期　第１四半期決算短信〔日本基準〕(連結),https://www.release.tdnet.info/inbs/140120260109531682.pdf,True,,japanese,,東,https://www.release.tdnet.info/inbs/081220260109531682.zip
2026-01-14 15:30:00,2026-01-14,24930,イーサポート,役員の異動に関するお知らせ,https://www.release.tdnet.info/inbs/140120260113532996.pdf,False,,japanese,,東,
2026-01-14 15:30:00,2026-01-14,24930,イーサポート,特別損失の計上及び個別業績の前期実績値との差異に関するお知らせ,https://www.release.tdnet.info/inbs/140120260113532994.pdf,False,,japanese,,東,
2026-01-14 15:30:00,2026-01-14,24930,イーサポート,2025年11月期　決算短信〔日本基準〕〈連結〉,https://www.release.tdnet.info/inbs/140120260113532965.pdf,True,,japanese,,東,https://www.release.tdnet.info/inbs/081220260113532965.zip
2026-01-14 15:30:00,2026-01-14,26830,魚喜,2026年2月期　第3四半期決算短信〔日本基準〕（連結）,https://www.release.tdnet.info/inbs/140120251229527903.pdf,True,,japanese,,東,https://www.release.tdnet.info/inbs/081220251229527903.zip
2026-01-14 15:30:00,2026-01-14,27910,大黒天,2026年5月期第2四半期決算短信〔日本基準〕（連結）,https://www.release.tdnet.info/inbs/140120260113532960.pdf,True,,japanese,,東,https://www.release.tdnet.info/inbs/081220260113532960.zip
2026-01-14 15:30:00,2026-01-14,27910,大黒天,2026年5月期中間期業績予想値と実績値との差異及び通期業績予想の修正に関するお知らせ,https://www.release.tdnet.info/inbs/140120260113532967.pdf,True,,japanese,,東,https://www.release.tdnet.info/inbs/091220260113532967.zip
2026-01-14 15:30:00,2026-01-14,28090,キユーピー,2025年11月期 決算短信〔日本基準〕(連結),https://www.release.tdnet.info/inbs/140120260109531428.pdf,True,,japanese,,東,https://www.release.tdnet.info/inbs/081220260109531428.zip
2026-01-14 15:30:00,2026-01-14,28090,キユーピー,2025年11月期 決算補足説明資料,https://www.release.tdnet.info/inbs/140120260113533057.pdf,False,,japanese,,東,
2026-01-14 15:30:00,2026-01-14,28090,キユーピー,2025年11月期 決算説明資料,https://www.release.tdnet.info/inbs/140120260113533065.pdf,False,,japanese,,東,
2026-01-14 15:30:00,2026-01-14,28090,キユーピー,自己株式取得にかかる事項の決定に関するお知らせ,https://www.release.tdnet.info/inbs/140120260114533353.pdf,False,,japanese,,東,
2026-01-14 15:30:00,2026-01-14,28820,イートアンドＨＤ,2026年２月期 第３四半期決算短信〔日本基準〕(連結),https://www.release.tdnet.info/inbs/140120260114533272.pdf,True,,japanese,,東,https://www.release.tdnet.info/inbs/081220260114533272.zip
2026-01-14 15:30:00,2026-01-14,28820,イートアンドＨＤ,2026年２月期第３四半期 決算説明資料,https://www.release.tdnet.info/inbs/140120260114533822.pdf,False,,japanese,,東,
2026-01-14 15:30:00,2026-01-14,29270,ＡＦＣ－ＨＤ,2026年８月期 第１四半期決算短信〔日本基準〕（連結）,https://www.release.tdnet.info/inbs/140120260109531314.pdf,True,,japanese,,東,https://www.release.tdnet.info/inbs/081220260109531314.zip
2026-01-14 15:30:00,2026-01-14,29300,北の達人,2026年２月期 第３四半期決算短信〔日本基準〕（連結）,https://www.release.tdnet.info/inbs/140120260109531460.pdf,True,,japanese,,東札,https://www.release.tdnet.info/inbs/081220260109531460.zip
2026-01-14 15:30:00,2026-01-14,29300,北の達人,2026年２月期 第３四半期決算補足説明資料,https://www.release.tdnet.info/inbs/140120260109531517.pdf,False,,japanese,,東札,
2026-01-14 15:30:00,2026-01-14,29340,Ｇ－Ｊフロンティア,2026年5月期 第2四半期決算短信［日本基準］(連結),https://www.release.tdnet.info/inbs/140120260114533872.pdf,True,,japanese,,東,https://www.release.tdnet.info/inbs/081220260114533872.zip
2026-01-14 15:30:00,2026-01-14,29340,Ｇ－Ｊフロンティア,2026年5月期 第2四半期決算説明資料,https://www.release.tdnet.info/inbs/140120260114533902.pdf,False,,japanese,,東,
2026-01-14 15:30:00,2026-01-14,29360,Ｇ－ベースフード,2026年２月期 第３四半期決算短信〔日本基準〕 （非連結）,https://www.release.tdnet.info/inbs/140120260114533601.pdf,True,,japanese,,東,https://www.release.tdnet.info/inbs/081220260114533601.zip
2026-01-14 15:30:00,2026-01-14,29360,Ｇ－ベースフード,2026年度2月期 第3四半期決算説明資料,https://www.release.tdnet.info/inbs/140120260114533618.pdf,False,,japanese,,東,
2026-01-14 15:30:00,2026-01-14,29360,Ｇ－ベースフード,通期業績予想の修正に関するお知らせ,https://www.release.tdnet.info/inbs/140120260114533672.pdf,False,,japanese,,東,
2026-01-14 15:30:00,2026-01-14,30210,ＰＣＮＥＴ,2026年５月期 第２四半期決算短信〔日本基準〕(連結),https://www.release.tdnet.info/inbs/140120260114533226.pdf,True,,japanese,,東,https://www.release.tdnet.info/inbs/081220260114533226.zip
2026-01-14 15:30:00,2026-01-14,30210,ＰＣＮＥＴ,2026年５月期 第２四半期決算説明資料,https://www.release.tdnet.info/inbs/140120260114533468.pdf,False,,japanese,,東,
2026-01-14 15:30:00,2026-01-14,30210,ＰＣＮＥＴ,業績予想の修正（上方修正）に関するお知らせ,https://www.release.tdnet.info/inbs/140120260114533487.pdf,False,,japanese,,東,
2026-01-14 15:30:00,2026-01-14,30300,ハブ,2026年２月期　第３四半期　決算補足説明資料,https://www.release.tdnet.info/inbs/140120260114533760.pdf,False,,japanese,,東,
2026-01-14 15:30:00,2026-01-14,30300,ハブ,2026年２月期第３四半期決算短信〔日本基準〕(非連結),https://www.release.tdnet.info/inbs/140120260114533660.pdf,True,,japanese,,東,https://www.release.tdnet.info/inbs/081220260114533660.zip
2026-01-14 15:30:00,2026-01-14,30450,カワサキ,2026年８月期第１四半期決算短信〔日本基準〕(非連結),https://www.release.tdnet.info/inbs/140120260114533818.pdf,True,,japanese,,東,https://www.release.tdnet.info/inbs/081220260114533818.zip
2026-01-14 15:30:00,2026-01-14,30870,ドトル日レス,2026年２月期 第３四半期決算短信〔日本基準〕（連結）,https://www.release.tdnet.info/inbs/140120260105528803.pdf,True,,japanese,,東,https://www.release.tdnet.info/inbs/081220260105528803.zip
2026-01-14 15:30:00,2026-01-14,30870,ドトル日レス,配当予想の修正に関するお知らせ,https://www.release.tdnet.info/inbs/140120260105528915.pdf,False,,japanese,,東,
2026-01-14 15:30:00,2026-01-14,30890,テクノアルファ,2025年11月期　決算短信[日本基準]（連結）,https://www.release.tdnet.info/inbs/140120260114533701.pdf,True,,japanese,,東,https://www.release.tdnet.info/inbs/081220260114533701.zip
2026-01-14 15:30:00,2026-01-14,30890,テクノアルファ,2025年11月期業績と2024年11月期業績との差異に関するお知らせ,https://www.release.tdnet.info/inbs/140120260114533697.pdf,False,,japanese,,東,
2026-01-14 15:30:00,2026-01-14,30970,物語コーポ,2026年６月期　12月度　月次売上高前期比（速報値）及び店舗数のお知らせ,https://www.release.tdnet.info/inbs/140120260114533171.pdf,False,,japanese,,東,
2026-01-14 15:30:00,2026-01-14,31390,ラクト・ジャパン,2025年11月期決算短信〔日本基準〕(連結),https://www.release.tdnet.info/inbs/140120260108530911.pdf,True,,japanese,,東,https://www.release.tdnet.info/inbs/081220260108530911.zip
2026-01-14 15:30:00,2026-01-14,31390,ラクト・ジャパン,中期経営計画「NEXT-LJ 2028」策定のお知らせ,https://www.release.tdnet.info/inbs/140120260106529454.pdf,False,,japanese,,東,
2026-01-14 15:30:00,2026-01-14,31390,ラクト・ジャパン,本店移転に関するお知らせ,https://www.release.tdnet.info/inbs/140120260108530891.pdf,False,,japanese,,東,
2026-01-14 15:30:00,2026-01-14,31600,大光,月次売上高及び前年比についてのお知らせ,https://www.release.tdnet.info/inbs/140120260114533289.pdf,False,,japanese,,東,
2026-01-14 15:30:00,2026-01-14,31680,ＭＥＲＦ,2026年8月期第1四半期決算短信〔日本基準〕（連結）,https://www.release.tdnet.info/inbs/140120251224525914.pdf,True,,japanese,,東,https://www.release.tdnet.info/inbs/081220251224525914.zip
2026-01-14 15:30:00,2026-01-14,31870,Ｇ－ミラタップ,譲渡制限付株式報酬としての新株式発行に関するお知らせ,https://www.release.tdnet.info/inbs/140120260114533326.pdf,False,,japanese,,東,
2026-01-14 15:30:00,2026-01-14,31890,ＡＮＡＰ,主要株主の異動に関するお知らせ,https://www.release.tdnet.info/inbs/140120260114533363.pdf,False,,japanese,,東,
2026-01-14 15:30:00,2026-01-14,31980,ＳＦＰＨＤ,２０２６年２月期　第３四半期決算補足資料,https://www.release.tdnet.info/inbs/140120260106529420.pdf,False,,japanese,,東,
2026-01-14 15:30:00,2026-01-14,31980,ＳＦＰＨＤ,２０２６年２月期　第３四半期決算短信〔日本基準〕(連結),https://www.release.tdnet.info/inbs/140120260106529418.pdf,True,,japanese,,東,https://www.release.tdnet.info/inbs/081220260106529418.zip
2026-01-14 15:30:00,2026-01-14,32230,エスエルディー,2026年２月期 第３四半期 決算説明資料,https://www.release.tdnet.info/inbs/140120260114533415.pdf,False,,japanese,,東,
2026-01-14 15:30:00,2026-01-14,32230,エスエルディー,2026年２月期第３四半期決算短信〔日本基準〕(非連結),https://www.release.tdnet.info/inbs/140120260114533364.pdf,True,,japanese,,東,https://www.release.tdnet.info/inbs/081220260114533364.zip
2026-01-14 15:30:00,2026-01-14,32600,エスポア,債務超過解消に向けた計画の進捗に関するお知らせ,https://www.release.tdnet.info/inbs/140120260113533076.pdf,False,,japanese,,名,
2026-01-14 15:30:00,2026-01-14,32600,エスポア,2026年２月期 第３四半期決算短信〔日本基準〕（連結）,https://www.release.tdnet.info/inbs/140120260114533457.pdf,True,,japanese,,名,https://www.release.tdnet.info/inbs/081220260114533457.zip
2026-01-14 15:30:00,2026-01-14,32600,エスポア,営業外収益、営業外費用および特別損失の計上に関するお知らせ,https://www.release.tdnet.info/inbs/140120260114533848.pdf,False,,japanese,,名,
2026-01-14 15:30:00,2026-01-14,32670,フィル・カンパニー,2025年11月期 決算短信[日本基準](連結),https://www.release.tdnet.info/inbs/140120260113533027.pdf,True,,japanese,,東,https://www.release.tdnet.info/inbs/081220260113533027.zip
2026-01-14 15:30:00,2026-01-14,32670,フィル・カンパニー,2025年11月期決算説明資料,https://www.release.tdnet.info/inbs/140120260113532970.pdf,False,,japanese,,東,
2026-01-14 15:30:00,2026-01-14,32670,フィル・カンパニー,（開示事項の経過）連結子会社における未回収債権の回収状況について,https://www.release.tdnet.info/inbs/140120260113532972.pdf,False,,japanese,,東,
2026-01-14 15:30:00,2026-01-14,32950,Ｒ－ヒューリックＲＥ,資産の取得に関するお知らせ,https://www.release.tdnet.info/inbs/140120260114533705.pdf,False,,japanese,,東,
2026-01-14 15:30:00,2026-01-14,32950,Ｒ－ヒューリックＲＥ,資金の借入れに関するお知らせ,https://www.release.tdnet.info/inbs/140120260114533715.pdf,False,,japanese,,東,
2026-01-14 15:30:00,2026-01-14,32960,Ｒ－日本リート,国内不動産信託受益権の取得完了に関するお知らせ,https://www.release.tdnet.info/inbs/140120260114533655.pdf,False,,japanese,,東,
2026-01-14 15:30:00,2026-01-14,34400,日創グループ,2026年8月期  第1四半期決算短信〔日本基準〕（連結）,https://www.release.tdnet.info/inbs/140120260113532875.pdf,True,,japanese,,東福,https://www.release.tdnet.info/inbs/081220260113532875.zip
2026-01-14 15:30:00,2026-01-14,34400,日創グループ,2026年8月期　第1四半期決算説明会資料,https://www.release.tdnet.info/inbs/140120260113532908.pdf,False,,japanese,,東福,
2026-01-14 15:30:00,2026-01-14,34790,Ｇ－ＴＫＰ,業績予想の修正（上方修正）に関するお知らせ,https://www.release.tdnet.info/inbs/140120260114533299.pdf,False,,japanese,,東,
2026-01-14 15:30:00,2026-01-14,34790,Ｇ－ＴＫＰ,2026年２月期 第３四半期決算短信〔日本基準〕（連結）,https://www.release.tdnet.info/inbs/140120260114533295.pdf,True,,japanese,,東,https://www.release.tdnet.info/inbs/081220260114533295.zip
2026-01-14 15:30:00,2026-01-14,34790,Ｇ－ＴＫＰ,2026年２月期第３四半期決算説明会資料,https://www.release.tdnet.info/inbs/140120260114533276.pdf,False,,japanese,,東,
2026-01-14 15:30:00,2026-01-14,35010,ＳＵＭＩＮＯＥ,2026年５月期  第２四半期（中間期）決算短信〔日本基準〕(連結),https://www.release.tdnet.info/inbs/140120260114533146.pdf,True,,japanese,,東,https://www.release.tdnet.info/inbs/081220260114533146.zip
2026-01-14 15:30:00,2026-01-14,35410,Ｇ－農業総合研究所,2026年８月期　第１四半期決算短信［日本基準］（非連結）,https://www.release.tdnet.info/inbs/140120260113532619.pdf,True,,japanese,,東,https://www.release.tdnet.info/inbs/081220260113532619.zip
2026-01-14 15:30:00,2026-01-14,35430,コメダ,2026年２月期 第３四半期決算短信〔ＩＦＲＳ〕（連結）,https://www.release.tdnet.info/inbs/140120260114533391.pdf,True,,japanese,,東名,https://www.release.tdnet.info/inbs/081220260114533391.zip
2026-01-14 15:30:00,2026-01-14,35460,アレンザＨＤ,2026年２月期第３四半期決算短信〔日本基準〕(連結)(公認会計士等による期中レビューの完了),https://www.release.tdnet.info/inbs/140120260113532224.pdf,True,,japanese,,東,https://www.release.tdnet.info/inbs/081220260113532224.zip
2026-01-14 15:30:00,2026-01-14,35480,バロック,2026年2月期　第3四半期決算短信〔日本基準〕（連結）,https://www.release.tdnet.info/inbs/140120260109531530.pdf,True,,japanese,,東,https://www.release.tdnet.info/inbs/081220260109531530.zip
2026-01-14 15:30:00,2026-01-14,35480,バロック,2026年2月期　第3四半期決算補足説明資料,https://www.release.tdnet.info/inbs/140120260109531537.pdf,False,,japanese,,東,
2026-01-14 15:30:00,2026-01-14,35480,バロック,2026年2月期　第3四半期Databook,https://www.release.tdnet.info/inbs/140120260109531543.pdf,False,,japanese,,東,
2026-01-14 15:30:00,2026-01-14,35480,バロック,通期業績予想の修正に関するお知らせ,https://www.release.tdnet.info/inbs/140120260109531621.pdf,False,,japanese,,東,
2026-01-14 15:30:00,2026-01-14,35480,バロック,資本準備金の額の減少に関するお知らせ,https://www.release.tdnet.info/inbs/140120260109531887.pdf,False,,japanese,,東,
2026-01-14 15:30:00,2026-01-14,35580,Ｇ－ジェイドグループ,2026年2月期 第3四半期決算短信〔日本基準〕（連結）,https://www.release.tdnet.info/inbs/140120260114533488.pdf,True,,japanese,,東,https://www.release.tdnet.info/inbs/081220260114533488.zip
2026-01-14 15:30:00,2026-01-14,35580,Ｇ－ジェイドグループ,通期連結業績予想の修正に関するお知らせ,https://www.release.tdnet.info/inbs/140120260114533490.pdf,False,,japanese,,東,
2026-01-14 15:30:00,2026-01-14,35580,Ｇ－ジェイドグループ,2026年2月期 第3四半期決算説明会資料,https://www.release.tdnet.info/inbs/140120260114533492.pdf,False,,japanese,,東,
2026-01-14 15:30:00,2026-01-14,36080,ＴＳＩ　ＨＤ,2026年２月期第３四半期決算短信〔日本基準〕(連結),https://www.release.tdnet.info/inbs/140120260105528765.pdf,True,,japanese,,東,https://www.release.tdnet.info/inbs/081220260105528765.zip
2026-01-14 15:30:00,2026-01-14,36260,ＴＩＳ,当社非連結子会社（Fixel株式会社）の吸収合併（簡易合併・略式合併）に関するお知らせ,https://www.release.tdnet.info/inbs/140120260114533142.pdf,False,,japanese,,東,
2026-01-14 15:30:00,2026-01-14,36270,テクミラ,2026年２月期 第３四半期決算短信〔日本基準〕(連結),https://www.release.tdnet.info/inbs/140120260109531911.pdf,True,,japanese,,東,https://www.release.tdnet.info/inbs/081220260109531911.zip
2026-01-14 15:30:00,2026-01-14,36270,テクミラ,2026年２月期 第３四半期 決算説明資料,https://www.release.tdnet.info/inbs/140120260114533375.pdf,False,,japanese,,東,
2026-01-14 15:30:00,2026-01-14,36270,テクミラ,業績予想の修正及び配当予想の据え置きに関するお知らせ,https://www.release.tdnet.info/inbs/140120260113532863.pdf,True,,japanese,,東,https://www.release.tdnet.info/inbs/091220260113532863.zip
2026-01-14 15:30:00,2026-01-14,36450,Ｇ－メディカルネット,2026年５月期 第２四半期（中間期）決算短信〔日本基準〕（連結）,https://www.release.tdnet.info/inbs/140120260114533320.pdf,True,,japanese,,東,https://www.release.tdnet.info/inbs/081220260114533320.zip
2026-01-14 15:30:00,2026-01-14,36450,Ｇ－メディカルネット,2026年５月期第２四半期（中間期）決算説明資料,https://www.release.tdnet.info/inbs/140120260114533360.pdf,False,,japanese,,東,
2026-01-14 15:30:00,2026-01-14,36450,Ｇ－メディカルネット,営業外収益（為替差益）の計上及び2026年５月期第２四半期（中間期）の連結業績予想値と実績値との差異に関するお知らせ,https://www.release.tdnet.info/inbs/140120260114533382.pdf,False,,japanese,,東,
2026-01-14 15:30:00,2026-01-14,36970,ＳＨＩＦＴ,2026年８月期　第１四半期決算短信〔日本基準〕(連結),https://www.release.tdnet.info/inbs/140120260114533653.pdf,True,,japanese,,東,https://www.release.tdnet.info/inbs/081220260114533653.zip
2026-01-14 15:30:00,2026-01-14,36970,ＳＨＩＦＴ,2026年８月期　第１四半期決算説明資料,https://www.release.tdnet.info/inbs/140120260114533757.pdf,False,,japanese,,東,
2026-01-14 15:30:00,2026-01-14,36970,ＳＨＩＦＴ,子会社（株式会社SHIFTグロース・キャピタル）を通じた株式会社ニッセイコムの株式取得（連結子会社化）に関するお知らせ,https://www.release.tdnet.info/inbs/140120260114533486.pdf,False,,japanese,,東,
2026-01-14 15:30:00,2026-01-14,36970,ＳＨＩＦＴ,自己株式取得に係る事項の決定に関するお知らせ（会社法第165条第２項の規定による定款の定めに基づく自己株式の取得）,https://www.release.tdnet.info/inbs/140120260114533538.pdf,False,,japanese,,東,
2026-01-14 15:30:00,2026-01-14,36970,ＳＨＩＦＴ,当社子会社（Airitech株式会社）の吸収分割及び連結子会社間の吸収合併（存続会社：株式会社シムテック）に関するお知らせ,https://www.release.tdnet.info/inbs/140120260114533477.pdf,False,,japanese,,東,
2026-01-14 15:30:00,2026-01-14,37910,ＩＧポート,2026年５月期 第２四半期（中間期）決算短信〔日本基準〕（連結）,https://www.release.tdnet.info/inbs/140120260113532831.pdf,True,,japanese,,東,https://www.release.tdnet.info/inbs/081220260113532831.zip
2026-01-14 15:30:00,2026-01-14,38020,エコミック,自己株式の公開買付けの結果及び取得終了並びにその他の関係会社の異動に関するお知らせ,https://www.release.tdnet.info/inbs/140120260114533776.pdf,False,,japanese,,東札,
2026-01-14 15:30:00,2026-01-14,39150,テラスカイ,2026年２月期 第３四半期決算短信〔日本基準〕（連結）,https://www.release.tdnet.info/inbs/140120260113532248.pdf,True,,japanese,,東,https://www.release.tdnet.info/inbs/081220260113532248.zip
2026-01-14 15:30:00,2026-01-14,39150,テラスカイ,2026年2月期 第3四半期 決算説明資料,https://www.release.tdnet.info/inbs/140120260114533835.pdf,False,,japanese,,東,
2026-01-14 15:30:00,2026-01-14,39770,Ａ－フュージョン,2026年２月期 第３四半期決算短信［日本基準］（非連結）,https://www.release.tdnet.info/inbs/140120260113532385.pdf,True,,japanese,,札,https://www.release.tdnet.info/inbs/081220260113532385.zip
2026-01-14 15:30:00,2026-01-14,39870,Ｇ－エコモット,2026年8月期 第1四半期決算短信〔日本基準〕（連結）,https://www.release.tdnet.info/inbs/140120260114533497.pdf,True,,japanese,,東札,https://www.release.tdnet.info/inbs/081220260114533497.zip
2026-01-14 15:30:00,2026-01-14,39870,Ｇ－エコモット,2026年8月期 第1四半期 決算説明資料,https://www.release.tdnet.info/inbs/140120260114533544.pdf,False,,japanese,,東札,
2026-01-14 15:30:00,2026-01-14,39910,Ｇ－ウォンテッドリー,2026年８月期 第１四半期決算短信〔日本基準〕（連結）,https://www.release.tdnet.info/inbs/140120260114533408.pdf,True,,japanese,,東,https://www.release.tdnet.info/inbs/081220260114533408.zip
2026-01-14 15:30:00,2026-01-14,39910,Ｇ－ウォンテッドリー,2026年8月期 第１四半期 決算説明資料,https://www.release.tdnet.info/inbs/140120260114533633.pdf,False,,japanese,,東,
2026-01-14 15:30:00,2026-01-14,39940,マネーフォワード,2025年11月期決算短信〔日本基準〕(連結),https://www.release.tdnet.info/inbs/140120260114533704.pdf,True,,japanese,,東,https://www.release.tdnet.info/inbs/081220260114533704.zip
2026-01-14 15:30:00,2026-01-14,39940,マネーフォワード,2025年11月期 通期決算説明資料,https://www.release.tdnet.info/inbs/140120260114533742.pdf,False,,japanese,,東,
2026-01-14 15:30:00,2026-01-14,39940,マネーフォワード,特別利益、特別損失及び営業外費用の計上並びに2025年11月期における業績予想と実績値の差異に関するお知らせ,https://www.release.tdnet.info/inbs/140120260114533752.pdf,False,,japanese,,東,
2026-01-14 15:30:00,2026-01-14,39940,マネーフォワード,譲渡制限付株式報酬としての新株式発行に関するお知らせ,https://www.release.tdnet.info/inbs/140120260114533761.pdf,False,,japanese,,東,
2026-01-14 15:30:00,2026-01-14,40170,Ｇ－クリーマ,2026年2月期 第3四半期決算短信〔日本基準〕（連結）,https://www.release.tdnet.info/inbs/140120260114533485.pdf,True,,japanese,,東,https://www.release.tdnet.info/inbs/081220260114533485.zip
2026-01-14 15:30:00,2026-01-14,40170,Ｇ－クリーマ,2026年2月期 第3四半期決算説明資料,https://www.release.tdnet.info/inbs/140120260114533514.pdf,False,,japanese,,東,
2026-01-14 15:30:00,2026-01-14,41760,Ｇ－ココナラ,2026年８月期 第１四半期決算短信〔日本基準〕（連結）,https://www.release.tdnet.info/inbs/140120260114533766.pdf,True,,japanese,,東,https://www.release.tdnet.info/inbs/081220260114533766.zip
2026-01-14 15:30:00,2026-01-14,41760,Ｇ－ココナラ,2026年8月期第1四半期決算説明資料,https://www.release.tdnet.info/inbs/140120260114533772.pdf,False,,japanese,,東,
2026-01-14 15:30:00,2026-01-14,42040,積水化,連結子会社からの配当金受領に関するお知らせ,https://www.release.tdnet.info/inbs/140120260114533516.pdf,False,,japanese,,東,
2026-01-14 15:30:00,2026-01-14,42700,Ｇ－ＢｅｅＸ,2026年２月期 第３四半期決算短信〔日本基準〕（連結）,https://www.release.tdnet.info/inbs/140120251217521419.pdf,True,,japanese,,東,https://www.release.tdnet.info/inbs/081220251217521419.zip
2026-01-14 15:30:00,2026-01-14,42700,Ｇ－ＢｅｅＸ,2026年２月期第３四半期　決算説明資料,https://www.release.tdnet.info/inbs/140120260109531445.pdf,False,,japanese,,東,
2026-01-14 15:30:00,2026-01-14,43610,川口化,2025年11月期 決算短信〔日本基準〕(連結),https://www.release.tdnet.info/inbs/140120260113532498.pdf,True,,japanese,,東名,https://www.release.tdnet.info/inbs/081220260113532498.zip
2026-01-14 15:30:00,2026-01-14,43610,川口化,2025年11月期連結業績予想数値と実績数値との差異に関するお知らせ,https://www.release.tdnet.info/inbs/140120260113532523.pdf,False,,japanese,,東名,
2026-01-14 15:30:00,2026-01-14,43700,Ｇ－モビルス,2026年8月期 第1四半期決算短信〔日本基準〕(連結),https://www.release.tdnet.info/inbs/140120260113533016.pdf,True,,japanese,,東,https://www.release.tdnet.info/inbs/081220260113533016.zip
2026-01-14 15:30:00,2026-01-14,43700,Ｇ－モビルス,2026年8月期 第1四半期決算説明資料,https://www.release.tdnet.info/inbs/140120260113533019.pdf,False,,japanese,,東,
2026-01-14 15:30:00,2026-01-14,43970,Ｇ－チームスピリット,2026年８月期 第１四半期決算説明資料,https://www.release.tdnet.info/inbs/140120260114533077.pdf,False,,japanese,,東,
2026-01-14 15:30:00,2026-01-14,43970,Ｇ－チームスピリット,2026年８月期 第１四半期決算短信〔日本基準〕（連結）,https://www.release.tdnet.info/inbs/140120260113532837.pdf,True,,japanese,,東,https://www.release.tdnet.info/inbs/081220260113532837.zip
2026-01-14 15:30:00,2026-01-14,44120,Ｇ－サイエンスアーツ,2026年８月期　第１四半期決算短信〔日本基準〕（非連結）,https://www.release.tdnet.info/inbs/140120260114533123.pdf,True,,japanese,,東,https://www.release.tdnet.info/inbs/081220260114533123.zip
2026-01-14 15:30:00,2026-01-14,44120,Ｇ－サイエンスアーツ,2026年８月期　第１四半期決算説明資料,https://www.release.tdnet.info/inbs/140120260114533734.pdf,False,,japanese,,東,
2026-01-14 15:30:00,2026-01-14,44300,東海ソフト,2026年５月期 第２四半期（中間期）決算短信〔日本基準〕（連結）,https://www.release.tdnet.info/inbs/140120260114533681.pdf,True,,japanese,,東名,https://www.release.tdnet.info/inbs/081220260114533681.zip
2026-01-14 15:30:00,2026-01-14,44300,東海ソフト,通期連結業績予想の修正に関するお知らせ,https://www.release.tdnet.info/inbs/140120260114533688.pdf,False,,japanese,,東名,
2026-01-14 15:30:00,2026-01-14,44300,東海ソフト,2026年５月期 第２四半期決算説明資料,https://www.release.tdnet.info/inbs/140120260114533700.pdf,False,,japanese,,東名,
2026-01-14 15:30:00,2026-01-14,44330,ヒトコムＨＤ,2026年8月期 第1四半期決算短信〔日本基準〕(連結),https://www.release.tdnet.info/inbs/140120260113532986.pdf,True,,japanese,,東,https://www.release.tdnet.info/inbs/081220260113532986.zip
2026-01-14 15:30:00,2026-01-14,44330,ヒトコムＨＤ,2026年8月期 第1四半期決算補足説明資料,https://www.release.tdnet.info/inbs/140120260114533627.pdf,False,,japanese,,東,
2026-01-14 15:30:00,2026-01-14,44340,サーバーワークス,通期連結業績予想の修正に関するお知らせ,https://www.release.tdnet.info/inbs/140120260113532797.pdf,False,,japanese,,東,
2026-01-14 15:30:00,2026-01-14,44340,サーバーワークス,2026年２月期 第３四半期決算短信〔日本基準〕(連結),https://www.release.tdnet.info/inbs/140120260113532782.pdf,True,,japanese,,東,https://www.release.tdnet.info/inbs/081220260113532782.zip
2026-01-14 15:30:00,2026-01-14,44340,サーバーワークス,2026年２月期 第３四半期決算説明資料,https://www.release.tdnet.info/inbs/140120260113532794.pdf,False,,japanese,,東,
2026-01-14 15:30:00,2026-01-14,44340,サーバーワークス,自己株式取得に係る事項の決定に関するお知らせ,https://www.release.tdnet.info/inbs/140120260113532830.pdf,False,,japanese,,東,
2026-01-14 15:30:00,2026-01-14,44340,サーバーワークス,主要株主の異動（予定）および公開買い付けに準ずる行為として政令で定める買い集め行為に関するお知らせ,https://www.release.tdnet.info/inbs/140120260114533370.pdf,False,,japanese,,東,
2026-01-14 15:30:00,2026-01-14,44340,サーバーワークス,株式会社NTTデータとの資本提携の解消及び業務提携の継続に関するお知らせ,https://www.release.tdnet.info/inbs/140120260113532804.pdf,False,,japanese,,東,
2026-01-14 15:30:00,2026-01-14,44340,サーバーワークス,業績目標及び株価条件付 有償ストック・オプションの発行に関するお知らせ,https://www.release.tdnet.info/inbs/140120260113532846.pdf,False,,japanese,,東,
2026-01-14 15:30:00,2026-01-14,44390,東名,配当予想の修正（増配）に関するお知らせ,https://www.release.tdnet.info/inbs/140120260107530465.pdf,False,,japanese,,東名,
2026-01-14 15:30:00,2026-01-14,44390,東名,2026年８月期　第１四半期決算短信〔日本基準〕（連結）,https://www.release.tdnet.info/inbs/140120260113532140.pdf,True,,japanese,,東名,https://www.release.tdnet.info/inbs/081220260113532140.zip
2026-01-14 15:30:00,2026-01-14,44390,東名,2026年８月期　第１四半期決算補足説明資料,https://www.release.tdnet.info/inbs/140120260113532148.pdf,False,,japanese,,東名,
2026-01-14 15:30:00,2026-01-14,44430,Ｓａｎｓａｎ,2026年5月期 第2四半期（中間期）決算短信〔日本基準〕（連結）,https://www.release.tdnet.info/inbs/140120260114533269.pdf,True,,japanese,,東,https://www.release.tdnet.info/inbs/081220260114533269.zip
2026-01-14 15:30:00,2026-01-14,44430,Ｓａｎｓａｎ,2026年5月期 第2四半期 決算説明資料,https://www.release.tdnet.info/inbs/140120260114533274.pdf,False,,japanese,,東,
2026-01-14 15:30:00,2026-01-14,45440,ＨＵグループＨＤ,代表執行役の異動について,https://www.release.tdnet.info/inbs/140120260114533640.pdf,False,,japanese,,東,
2026-01-14 15:30:00,2026-01-14,45770,ダイト,2026年５月期  第２四半期（中間期）決算短信〔日本基準〕（連結）,https://www.release.tdnet.info/inbs/140120260113533017.pdf,True,,japanese,,東,https://www.release.tdnet.info/inbs/081220260113533017.zip
2026-01-14 15:30:00,2026-01-14,45770,ダイト,2026年5月期 第2四半期決算説明資料,https://www.release.tdnet.info/inbs/140120260113533029.pdf,False,,japanese,,東,
2026-01-14 15:30:00,2026-01-14,45910,Ｇ－リボミック,高活性RBM-006（抗オートタキシンアプタマー）の新規物質特許出願とマウス糖尿病網膜症モデルにおける薬効確認のお知らせ,https://www.release.tdnet.info/inbs/140120260114533624.pdf,False,,japanese,,東,
2026-01-14 15:30:00,2026-01-14,46120,日ペイントＨＤ,自己株式の取得状況に関するお知らせ(会社法第459条第1項の規定による定款の定めに基づく自己株式の取得),https://www.release.tdnet.info/inbs/140120260114533569.pdf,False,,japanese,,東,
2026-01-14 15:30:00,2026-01-14,46160,川上塗料,資本金の額の減少（減資）に関するお知らせ,https://www.release.tdnet.info/inbs/140120260114533165.pdf,False,,japanese,,東名,
2026-01-14 15:30:00,2026-01-14,46160,川上塗料,資本コストや株価を意識した経営の実現に向けた対応の進捗について,https://www.release.tdnet.info/inbs/140120260114533148.pdf,False,,japanese,,東名,
2026-01-14 15:30:00,2026-01-14,46160,川上塗料,中期経営計画の数値目標の修正に関するお知らせ,https://www.release.tdnet.info/inbs/140120260114533167.pdf,False,,japanese,,東名,
2026-01-14 15:30:00,2026-01-14,46160,川上塗料,2025年11月期　決算短信〔日本基準〕（連結）,https://www.release.tdnet.info/inbs/140120260105529030.pdf,True,,japanese,,東名,https://www.release.tdnet.info/inbs/081220260105529030.zip
2026-01-14 15:30:00,2026-01-14,46160,川上塗料,2025年11月期通期業績予想と実績値との差異に関するお知らせ,https://www.release.tdnet.info/inbs/140120260114533143.pdf,False,,japanese,,東名,
2026-01-14 15:30:00,2026-01-14,48800,セルソース,2026年10月期12月度月次KPI速報,https://www.release.tdnet.info/inbs/140120260114533333.pdf,False,,japanese,,東,
2026-01-14 15:30:00,2026-01-14,50250,Ｇ－マーキュリー,2026年２月期 第３四半期 決算説明資料,https://www.release.tdnet.info/inbs/140120260113533001.pdf,False,,japanese,,東,
2026-01-14 15:30:00,2026-01-14,50250,Ｇ－マーキュリー,2026年２月期第３四半期決算短信〔日本基準〕(非連結),https://www.release.tdnet.info/inbs/140120260113533003.pdf,True,,japanese,,東,https://www.release.tdnet.info/inbs/081220260113533003.zip
2026-01-14 15:30:00,2026-01-14,50260,Ｇ－トリプルアイズ,2026年８月期第１四半期決算短信〔ＩＦＲＳ〕（連結）,https://www.release.tdnet.info/inbs/140120260113532921.pdf,True,,japanese,,東,https://www.release.tdnet.info/inbs/081220260113532921.zip
2026-01-14 15:30:00,2026-01-14,50260,Ｇ－トリプルアイズ,2026年８月期第１四半期決算説明資料,https://www.release.tdnet.info/inbs/140120260113532929.pdf,False,,japanese,,東,
2026-01-14 15:30:00,2026-01-14,50260,Ｇ－トリプルアイズ,繰延税金資産の取り崩しに関するお知らせ,https://www.release.tdnet.info/inbs/140120260113532930.pdf,False,,japanese,,東,
2026-01-14 15:30:00,2026-01-14,55360,Ｐ－京橋アートレジ,2025年11月期決算短信〔日本基準〕(連結),https://www.release.tdnet.info/inbs/140120260104528144.pdf,False,,japanese,,東,
2026-01-14 15:30:00,2026-01-14,55360,Ｐ－京橋アートレジ,剰余金の配当（増配）に関するお知らせ,https://www.release.tdnet.info/inbs/140120260104528145.pdf,False,,japanese,,東,
2026-01-14 15:30:00,2026-01-14,55740,Ｇ－ＡＢＥＪＡ,2026年８月期 第１四半期決算短信〔日本基準〕（非連結）,https://www.release.tdnet.info/inbs/140120260114533579.pdf,True,,japanese,,東,https://www.release.tdnet.info/inbs/081220260114533579.zip
2026-01-14 15:30:00,2026-01-14,55740,Ｇ－ＡＢＥＪＡ,2026年８月期 第１四半期決算説明資料,https://www.release.tdnet.info/inbs/140120260114533630.pdf,False,,japanese,,東,
2026-01-14 15:30:00,2026-01-14,55740,Ｇ－ＡＢＥＪＡ,譲渡制限付株式報酬としての新株式の発行の払込完了に関するお知らせ,https://www.release.tdnet.info/inbs/140120260114533635.pdf,False,,japanese,,東,
2026-01-14 15:30:00,2026-01-14,55750,Ｇ－Ｇｌｏｂｅｅ,自己株式取得に係る事項の決定に関するお知らせ,https://www.release.tdnet.info/inbs/140120260114533345.pdf,False,,japanese,,東,
2026-01-14 15:30:00,2026-01-14,55750,Ｇ－Ｇｌｏｂｅｅ,2026年５月期 第２四半期（中間期）決算短信〔日本基準〕（非連結）,https://www.release.tdnet.info/inbs/140120260114533373.pdf,True,,japanese,,東,https://www.release.tdnet.info/inbs/081220260114533373.zip
2026-01-14 15:30:00,2026-01-14,55750,Ｇ－Ｇｌｏｂｅｅ,2026年５月期 第２四半期決算説明資料,https://www.release.tdnet.info/inbs/140120260114533401.pdf,False,,japanese,,東,
2026-01-14 15:30:00,2026-01-14,55800,Ｇ－プロディライト,2026年8月期 第１四半期決算短信［日本基準］（連結）,https://www.release.tdnet.info/inbs/140120260113532311.pdf,True,,japanese,,東,https://www.release.tdnet.info/inbs/081220260113532311.zip
2026-01-14 15:30:00,2026-01-14,55800,Ｇ－プロディライト,決算説明資料（2026年８月期 第１四半期決算短信）,https://www.release.tdnet.info/inbs/140120260113532328.pdf,False,,japanese,,東,
2026-01-14 15:30:00,2026-01-14,55810,Ｐ－カイテクノロジー,2026年８月期 第１四半期決算短信〔日本基準〕（連結）,https://www.release.tdnet.info/inbs/140120260114533223.pdf,False,,japanese,,東,
2026-01-14 15:30:00,2026-01-14,58850,ジーデップアドバンス,2026年5月期第2四半期（中間期）決算短信〔日本基準〕（非連結）,https://www.release.tdnet.info/inbs/140120260113532747.pdf,True,,japanese,,東,https://www.release.tdnet.info/inbs/081220260113532747.zip
2026-01-14 15:30:00,2026-01-14,58850,ジーデップアドバンス,2026年5月期第2四半期決算補足説明資料,https://www.release.tdnet.info/inbs/140120260113532777.pdf,False,,japanese,,東,
2026-01-14 15:30:00,2026-01-14,60580,ベクトル,2026年２月期  第３四半期決算短信〔日本基準〕（連結）,https://www.release.tdnet.info/inbs/140120260114533250.pdf,True,,japanese,,東,https://www.release.tdnet.info/inbs/081220260114533250.zip
2026-01-14 15:30:00,2026-01-14,60580,ベクトル,2026年２月期　第３四半期決算説明資料,https://www.release.tdnet.info/inbs/140120260114533321.pdf,False,,japanese,,東,
2026-01-14 15:30:00,2026-01-14,60580,ベクトル,臨時株主総会の開催及び付議議案の決定に関するお知らせ,https://www.release.tdnet.info/inbs/140120260114533328.pdf,False,,japanese,,東,
2026-01-14 15:30:00,2026-01-14,60580,ベクトル,代表取締役の異動（追加選任）に関するお知らせ,https://www.release.tdnet.info/inbs/140120260114533241.pdf,False,,japanese,,東,
2026-01-14 15:30:00,2026-01-14,60760,アメイズ,令和７年11月期決算短信〔日本基準〕（非連結）,https://www.release.tdnet.info/inbs/140120260113532158.pdf,True,,japanese,,福,https://www.release.tdnet.info/inbs/081220260113532158.zip
2026-01-14 15:30:00,2026-01-14,60860,Ｇ－シンメンテＨＤ,2026年2月期 第3四半期決算短信〔日本基準〕(連結),https://www.release.tdnet.info/inbs/140120251224525413.pdf,True,,japanese,,東,https://www.release.tdnet.info/inbs/081220251224525413.zip
2026-01-14 15:30:00,2026-01-14,60860,Ｇ－シンメンテＨＤ,配当予想の修正に関するお知らせ,https://www.release.tdnet.info/inbs/140120260109531757.pdf,True,,japanese,,東,https://www.release.tdnet.info/inbs/091220260109531757.zip
2026-01-14 15:30:00,2026-01-14,60860,Ｇ－シンメンテＨＤ,連結子会社間の合併に関するお知らせ,https://www.release.tdnet.info/inbs/140120260113532791.pdf,False,,japanese,,東,
2026-01-14 15:30:00,2026-01-14,61820,Ｇ－メタリアル,2026年２月期 第３四半期決算短信〔日本基準〕（連結）,https://www.release.tdnet.info/inbs/140120260114533499.pdf,True,,japanese,,東,https://www.release.tdnet.info/inbs/081220260114533499.zip
2026-01-14 15:30:00,2026-01-14,61820,Ｇ－メタリアル,2026年２月期　第３四半期業績説明資料（2025年９月～2025年11月）,https://www.release.tdnet.info/inbs/140120260114533595.pdf,False,,japanese,,東,
2026-01-14 15:30:00,2026-01-14,61830,ベル２４ＨＤ,2026年２月期第３四半期決算短信〔ＩＦＲＳ〕（連結）,https://www.release.tdnet.info/inbs/140120260114533600.pdf,True,,japanese,,東,https://www.release.tdnet.info/inbs/081220260114533600.zip
2026-01-14 15:30:00,2026-01-14,61830,ベル２４ＨＤ,2026年２月期（2025年度）第３四半期決算補足資料,https://www.release.tdnet.info/inbs/140120260114533612.pdf,False,,japanese,,東,
2026-01-14 15:30:00,2026-01-14,61990,セラク,2026年８月期 第１四半期決算短信〔日本基準〕（連結）,https://www.release.tdnet.info/inbs/140120260114533489.pdf,True,,japanese,,東,https://www.release.tdnet.info/inbs/081220260114533489.zip
2026-01-14 15:30:00,2026-01-14,61990,セラク,2026年８月期第１四半期 株式会社セラク決算説明資料,https://www.release.tdnet.info/inbs/140120260114533525.pdf,False,,japanese,,東,
2026-01-14 15:30:00,2026-01-14,62240,Ｇ－ＪＲＣ,2026年２月期第３四半期決算短信〔日本基準〕(連結),https://www.release.tdnet.info/inbs/140120260113532987.pdf,True,,japanese,,東,https://www.release.tdnet.info/inbs/081220260113532987.zip
2026-01-14 15:30:00,2026-01-14,62240,Ｇ－ＪＲＣ,2026年2月期 第3四半期決算説明資料,https://www.release.tdnet.info/inbs/140120260114533847.pdf,False,,japanese,,東,
2026-01-14 15:30:00,2026-01-14,65220,Ｇ－アスタリスク,2026年８月期　第１四半期決算短信〔日本基準〕（連結）,https://www.release.tdnet.info/inbs/140120260107530149.pdf,True,,japanese,,東,https://www.release.tdnet.info/inbs/081220260107530149.zip
2026-01-14 15:30:00,2026-01-14,65220,Ｇ－アスタリスク,営業外収益（為替差益）の計上に関するお知らせ,https://www.release.tdnet.info/inbs/140120260109531776.pdf,False,,japanese,,東,
2026-01-14 15:30:00,2026-01-14,65220,Ｇ－アスタリスク,2026年８月期　第１四半期決算説明資料,https://www.release.tdnet.info/inbs/140120260107530152.pdf,False,,japanese,,東,
2026-01-14 15:30:00,2026-01-14,65320,ベイカレント,2026年２月期 第３四半期決算短信〔ＩＦＲＳ〕（連結）,https://www.release.tdnet.info/inbs/140120260108531069.pdf,True,,japanese,,東,https://www.release.tdnet.info/inbs/081220260108531069.zip
2026-01-14 15:30:00,2026-01-14,65320,ベイカレント,2026年２月期 第３四半期決算補足資料,https://www.release.tdnet.info/inbs/140120260113532442.pdf,False,,japanese,,東,
2026-01-14 15:30:00,2026-01-14,65430,日宣,2026年２月期 第３四半期決算短信〔日本基準〕（連結）,https://www.release.tdnet.info/inbs/140120251230528080.pdf,True,,japanese,,東,https://www.release.tdnet.info/inbs/081220251230528080.zip
2026-01-14 15:30:00,2026-01-14,65520,ＧａｍｅＷｉｔｈ,2026年５月期 第２四半期決算短信〔日本基準〕（連結）,https://www.release.tdnet.info/inbs/140120260114533768.pdf,True,,japanese,,東,https://www.release.tdnet.info/inbs/081220260114533768.zip
2026-01-14 15:30:00,2026-01-14,65520,ＧａｍｅＷｉｔｈ,2026年５月期 第２四半期決算説明資料,https://www.release.tdnet.info/inbs/140120260114533819.pdf,False,,japanese,,東,
2026-01-14 15:30:00,2026-01-14,65780,コレックＨＤ,2026年２月期第３四半期決算短信〔日本基準〕（連結）,https://www.release.tdnet.info/inbs/140120260114533683.pdf,True,,japanese,,東,https://www.release.tdnet.info/inbs/081220260114533683.zip
2026-01-14 15:30:00,2026-01-14,65780,コレックＨＤ,2026年２月期第３四半期決算説明資料,https://www.release.tdnet.info/inbs/140120260114533675.pdf,False,,japanese,,東,
2026-01-14 15:30:00,2026-01-14,65780,コレックＨＤ,通期連結業績予想の修正に関するお知らせ,https://www.release.tdnet.info/inbs/140120260114533676.pdf,False,,japanese,,東,
2026-01-14 15:30:00,2026-01-14,65780,コレックＨＤ,特別利益の計上見込に関するお知らせ,https://www.release.tdnet.info/inbs/140120260114533677.pdf,False,,japanese,,東,
2026-01-14 15:30:00,2026-01-14,65780,コレックＨＤ,（開示事項の経過）再発防止策の進捗に関するお知らせ,https://www.release.tdnet.info/inbs/140120260114533678.pdf,False,,japanese,,東,
2026-01-14 15:30:00,2026-01-14,68490,日本光電,ドゥウェル株式会社の株式取得に関するお知らせ,https://www.release.tdnet.info/inbs/140120260114533473.pdf,False,,japanese,,東,
2026-01-14 15:30:00,2026-01-14,70490,Ｇ－識学,2026年２月期第３四半期決算短信〔日本基準〕(連結),https://www.release.tdnet.info/inbs/140120260114533242.pdf,True,,japanese,,東,https://www.release.tdnet.info/inbs/081220260114533242.zip
2026-01-14 15:30:00,2026-01-14,70490,Ｇ－識学,2026年２月期通期連結業績予想の修正に関するお知らせ,https://www.release.tdnet.info/inbs/140120260114533290.pdf,False,,japanese,,東,
2026-01-14 15:30:00,2026-01-14,70490,Ｇ－識学,2026年2月期第3四半期決算説明資料,https://www.release.tdnet.info/inbs/140120260114533649.pdf,False,,japanese,,東,
2026-01-14 15:30:00,2026-01-14,70770,Ｇ－ＡＬｉＮＫ,2026年２月期　第３四半期決算短信〔日本基準〕(連結),https://www.release.tdnet.info/inbs/140120260114533362.pdf,True,,japanese,,東,https://www.release.tdnet.info/inbs/081220260114533362.zip
2026-01-14 15:30:00,2026-01-14,70770,Ｇ－ＡＬｉＮＫ,2026年２月期　第３四半期決算説明資料,https://www.release.tdnet.info/inbs/140120260114533372.pdf,False,,japanese,,東,
2026-01-14 15:30:00,2026-01-14,71570,ライフネット生命,2025年12月の業績速報,https://www.release.tdnet.info/inbs/140120260113532795.pdf,False,,japanese,,東,
2026-01-14 15:30:00,2026-01-14,73510,Ｇ－グッドパッチ,2026年８月期 第１四半期決算短信〔日本基準〕(連結),https://www.release.tdnet.info/inbs/140120260114533673.pdf,True,,japanese,,東,https://www.release.tdnet.info/inbs/081220260114533673.zip
2026-01-14 15:30:00,2026-01-14,73510,Ｇ－グッドパッチ,2026年8月期 第1四半期決算説明資料,https://www.release.tdnet.info/inbs/140120260113533037.pdf,False,,japanese,,東,
2026-01-14 15:30:00,2026-01-14,73520,Ｇ－ＴＷＯＳＴＯＮＥ,2026年８月期 第１四半期決算短信〔日本基準〕(連結),https://www.release.tdnet.info/inbs/140120260114533594.pdf,True,,japanese,,東,https://www.release.tdnet.info/inbs/081220260114533594.zip
2026-01-14 15:30:00,2026-01-14,73520,Ｇ－ＴＷＯＳＴＯＮＥ,2026年８月期 第１四半期決算説明資料,https://www.release.tdnet.info/inbs/140120260114533611.pdf,False,,japanese,,東,
2026-01-14 15:30:00,2026-01-14,73730,Ｇ－アイドマＨＤ,2026年８月期　第１四半期決算短信〔日本基準〕（連結）,https://www.release.tdnet.info/inbs/140120260113532974.pdf,True,,japanese,,東,https://www.release.tdnet.info/inbs/081220260113532974.zip
2026-01-14 15:30:00,2026-01-14,73730,Ｇ－アイドマＨＤ,2026年８月期　第１四半期決算説明資料,https://www.release.tdnet.info/inbs/140120260113532982.pdf,False,,japanese,,東,
2026-01-14 15:30:00,2026-01-14,73880,ＦＰパートナー,自己株式取得に係る事項の決定に関するお知らせ,https://www.release.tdnet.info/inbs/140120260114533533.pdf,False,,japanese,,東,
2026-01-14 15:30:00,2026-01-14,73880,ＦＰパートナー,株主優待の一部内容変更（優待品目の変更）に関するお知らせ,https://www.release.tdnet.info/inbs/140120260114533526.pdf,False,,japanese,,東,
2026-01-14 15:30:00,2026-01-14,73880,ＦＰパートナー,上場調達資金使途変更に関するお知らせ,https://www.release.tdnet.info/inbs/140120260114533522.pdf,False,,japanese,,東,
2026-01-14 15:30:00,2026-01-14,73880,ＦＰパートナー,本社移転及び定款の一部変更に関するお知らせ,https://www.release.tdnet.info/inbs/140120260114533518.pdf,False,,japanese,,東,
2026-01-14 15:30:00,2026-01-14,73880,ＦＰパートナー,2025年11月期 決算短信〔日本基準〕(非連結),https://www.release.tdnet.info/inbs/140120260114533459.pdf,True,,japanese,,東,https://www.release.tdnet.info/inbs/081220260114533459.zip
2026-01-14 15:30:00,2026-01-14,73880,ＦＰパートナー,2025年11月期決算説明資料,https://www.release.tdnet.info/inbs/140120260114533451.pdf,False,,japanese,,東,
2026-01-14 15:30:00,2026-01-14,74200,佐鳥電機,2026年５月期第２四半期（中間期）決算短信〔日本基準〕(連結),https://www.release.tdnet.info/inbs/140120260114533779.pdf,True,,japanese,,東,https://www.release.tdnet.info/inbs/081220260114533779.zip
2026-01-14 15:30:00,2026-01-14,74200,佐鳥電機,2026年５月期 第２四半期（中間期）連結業績予想と実績値との差異および通期連結業績予想の修正に関するお知らせ,https://www.release.tdnet.info/inbs/140120260114533802.pdf,False,,japanese,,東,
2026-01-14 15:30:00,2026-01-14,74200,佐鳥電機,連結子会社の吸収合併に関するお知らせ,https://www.release.tdnet.info/inbs/140120260114533808.pdf,False,,japanese,,東,
2026-01-14 15:30:00,2026-01-14,74530,良品計画,2026年８月期 第１四半期決算短信〔日本基準〕（連結）,https://www.release.tdnet.info/inbs/140120260113532828.pdf,True,,japanese,,東,https://www.release.tdnet.info/inbs/081220260113532828.zip
2026-01-14 15:30:00,2026-01-14,75050,扶桑電通,譲渡制限付株式報酬としての自己株式の処分の払込完了に関するお知らせ,https://www.release.tdnet.info/inbs/140120260113532770.pdf,False,,japanese,,東,
2026-01-14 15:30:00,2026-01-14,75140,ヒマラヤ,2026年８月期 第１四半期決算短信〔日本基準〕（連結）,https://www.release.tdnet.info/inbs/140120260114533199.pdf,True,,japanese,,東名,https://www.release.tdnet.info/inbs/081220260114533199.zip
2026-01-14 15:30:00,2026-01-14,75150,マルヨシセンター,2026年2月期　第3四半期決算短信〔日本基準〕（連結）,https://www.release.tdnet.info/inbs/140120251211518376.pdf,True,,japanese,,東,https://www.release.tdnet.info/inbs/081220251211518376.zip
2026-01-14 15:30:00,2026-01-14,75810,サイゼリヤ,2026年8月期 第1四半期決算短信〔日本基準〕（連結）,https://www.release.tdnet.info/inbs/140120260108530573.pdf,True,,japanese,,東,https://www.release.tdnet.info/inbs/081220260108530573.zip
2026-01-14 15:30:00,2026-01-14,75810,サイゼリヤ,自己株式取得に係る事項の決定に関するお知らせ,https://www.release.tdnet.info/inbs/140120260108530585.pdf,False,,japanese,,東,
2026-01-14 15:30:00,2026-01-14,75810,サイゼリヤ,当社従業員に対するストックオプション(新株予約権)の発行に関するお知らせ,https://www.release.tdnet.info/inbs/140120260108530583.pdf,False,,japanese,,東,
2026-01-14 15:30:00,2026-01-14,76890,Ｇ－コパ,2026年２月期 第３四半期決算短信〔日本基準〕(非連結),https://www.release.tdnet.info/inbs/140120260113533006.pdf,True,,japanese,,東,https://www.release.tdnet.info/inbs/081220260113533006.zip
2026-01-14 15:30:00,2026-01-14,76890,Ｇ－コパ,2026年2月期通期業績予想の修正に関するお知らせ,https://www.release.tdnet.info/inbs/140120260113533031.pdf,False,,japanese,,東,
2026-01-14 15:30:00,2026-01-14,77300,マニー,2026年8月期 第1四半期決算短信[日本基準](連結),https://www.release.tdnet.info/inbs/140120251223524701.pdf,True,,japanese,,東,https://www.release.tdnet.info/inbs/081220251223524701.zip
2026-01-14 15:30:00,2026-01-14,77300,マニー,中国生産子会社の設立に関するお知らせ,https://www.release.tdnet.info/inbs/140120260114533465.pdf,False,,japanese,,東,
2026-01-14 15:30:00,2026-01-14,78070,幸和製作所,2026年２月期　第３四半期決算短信〔日本基準〕（連結）,https://www.release.tdnet.info/inbs/140120260114533232.pdf,True,,japanese,,東,https://www.release.tdnet.info/inbs/081220260114533232.zip
2026-01-14 15:30:00,2026-01-14,78080,ＣＳランバー,2026年５月期　第２四半期（中間期）決算短信〔日本基準〕(連結),https://www.release.tdnet.info/inbs/140120260113532047.pdf,True,,japanese,,東,https://www.release.tdnet.info/inbs/081220260113532047.zip
2026-01-14 15:30:00,2026-01-14,78080,ＣＳランバー,2026年５月期第２四半期（中間期）業績予想と決算値の差異及び通期業績予想の修正に関するお知らせ,https://www.release.tdnet.info/inbs/140120260113532048.pdf,False,,japanese,,東,
2026-01-14 15:30:00,2026-01-14,78180,トランザクション,2026年８月期 第１四半期決算短信〔日本基準〕（連結）,https://www.release.tdnet.info/inbs/140120260113532704.pdf,True,,japanese,,東,https://www.release.tdnet.info/inbs/081220260113532704.zip
2026-01-14 15:30:00,2026-01-14,78180,トランザクション,2026年８月期 第１四半期決算短信補足説明資料,https://www.release.tdnet.info/inbs/140120260114533225.pdf,False,,japanese,,東,
2026-01-14 15:30:00,2026-01-14,78940,丸東産,2026年2月期　第3四半期決算短信〔日本基準〕(連結),https://www.release.tdnet.info/inbs/140120251210517571.pdf,True,,japanese,,福,https://www.release.tdnet.info/inbs/081220251210517571.zip
2026-01-14 15:30:00,2026-01-14,79970,くろがね工作所,2025年11月期決算短信〔日本基準〕(連結),https://www.release.tdnet.info/inbs/140120260114533160.pdf,True,,japanese,,東,https://www.release.tdnet.info/inbs/081220260114533160.zip
2026-01-14 15:30:00,2026-01-14,79970,くろがね工作所,通期業績予想と実績の差異に関するお知らせ,https://www.release.tdnet.info/inbs/140120260114533107.pdf,True,,japanese,,東,https://www.release.tdnet.info/inbs/091220260114533107.zip
2026-01-14 15:30:00,2026-01-14,82540,さいか屋,2026年８月期　第１四半期決算短信［日本基準］(連結),https://www.release.tdnet.info/inbs/140120260114533484.pdf,True,,japanese,,東,https://www.release.tdnet.info/inbs/081220260114533484.zip
2026-01-14 15:30:00,2026-01-14,82600,井筒屋,2026年２月期　第３四半期決算短信〔日本基準〕（連結）,https://www.release.tdnet.info/inbs/140120260113532335.pdf,True,,japanese,,東福,https://www.release.tdnet.info/inbs/081220260113532335.zip
2026-01-14 15:30:00,2026-01-14,82600,井筒屋,2026年２月期　通期連結業績予想の修正に関するお知らせ,https://www.release.tdnet.info/inbs/140120260113532347.pdf,False,,japanese,,東福,
2026-01-14 15:30:00,2026-01-14,82670,イオン,2026年２月期 第３四半期決算短信〔日本基準〕（連結）(開示事項の変更及び監査法人による期中レビューの完了),https://www.release.tdnet.info/inbs/140120260113532097.pdf,True,,japanese,,東,https://www.release.tdnet.info/inbs/081220260113532097.zip
2026-01-14 15:30:00,2026-01-14,85180,アジア投資,(訂正)物流施設やデータセンター施設の開発を手掛ける「KICホールディングス株式会社」の子会社化に関するお知らせ,https://www.release.tdnet.info/inbs/140120260114533854.pdf,False,,japanese,,東,
2026-01-14 15:30:00,2026-01-14,85180,アジア投資,（開示事項の経過）KICホールディングス株式会社の子会社化完了のお知らせ,https://www.release.tdnet.info/inbs/140120260114533860.pdf,False,,japanese,,東,
2026-01-14 15:30:00,2026-01-14,88870,シーラＨＤ,自己株式取得に係る事項の決定に関するお知らせ （会社法165条第２項の規定による定款の定めに基づく自己株式の取得）,https://www.release.tdnet.info/inbs/140120260114533283.pdf,False,,japanese,,東,
2026-01-14 15:30:00,2026-01-14,88870,シーラＨＤ,2026年５月期  第２四半期（中間期）決算短信〔日本基準〕(連結),https://www.release.tdnet.info/inbs/140120260114533714.pdf,True,,japanese,,東,https://www.release.tdnet.info/inbs/081220260114533714.zip
2026-01-14 15:30:00,2026-01-14,88870,シーラＨＤ,（訂正・数値データ訂正）「2026年５月期第1四半期決算短信〔日本基準〕(連結) 」の一部訂正について,https://www.release.tdnet.info/inbs/140120260114533755.pdf,True,,japanese,,東,https://www.release.tdnet.info/inbs/081220260114533755.zip
2026-01-14 15:30:00,2026-01-14,89720,Ｒ－ＫＤＸ不動産,資金の借入れ（金利決定）に関するお知らせ（シリーズ0042）,https://www.release.tdnet.info/inbs/140120260114533663.pdf,False,,japanese,,東,
2026-01-14 15:30:00,2026-01-14,92260,Ｐ－アイガー,（訂正）配当方針の変更および剰余金の配当(増配)に関するお知らせ,https://www.release.tdnet.info/inbs/140120260114533128.pdf,False,,japanese,,東,
2026-01-14 15:30:00,2026-01-14,92380,Ｇ－バリューＣ,2026年２月期 第３四半期決算説明資料,https://www.release.tdnet.info/inbs/140120260113532686.pdf,False,,japanese,,東,
2026-01-14 15:30:00,2026-01-14,92380,Ｇ－バリューＣ,2026年２月期  第３四半期決算短信〔日本基準〕（非連結）,https://www.release.tdnet.info/inbs/140120260113532681.pdf,True,,japanese,,東,https://www.release.tdnet.info/inbs/081220260113532681.zip
2026-01-14 15:30:00,2026-01-14,92520,Ｇ－ラストワンマイル,2026年8月期第1四半期決算短信〔IFRS〕(連結),https://www.release.tdnet.info/inbs/140120260113533022.pdf,True,,japanese,,東,https://www.release.tdnet.info/inbs/081220260113533022.zip
2026-01-14 15:30:00,2026-01-14,92520,Ｇ－ラストワンマイル,2026年8月期第1四半期決算説明資料,https://www.release.tdnet.info/inbs/140120260113533023.pdf,False,,japanese,,東,
2026-01-14 15:30:00,2026-01-14,92640,ポエック,2026年８月期　第１四半期決算短信〔日本基準〕（連結）,https://www.release.tdnet.info/inbs/140120260113532785.pdf,True,,japanese,,東,https://www.release.tdnet.info/inbs/081220260113532785.zip
2026-01-14 15:30:00,2026-01-14,93880,Ｑ－パパネッツ,2026年２月期　第３四半期決算短信[日本基準]（非連結）,https://www.release.tdnet.info/inbs/140120260114533838.pdf,True,,japanese,,福,https://www.release.tdnet.info/inbs/081220260114533838.zip
2026-01-14 15:30:00,2026-01-14,93880,Ｑ－パパネッツ,株式の立会外分売に関するお知らせ,https://www.release.tdnet.info/inbs/140120260114533851.pdf,False,,japanese,,福,
2026-01-14 15:30:00,2026-01-14,94330,ＫＤＤＩ,当社連結子会社における不適切な取引の疑いの判明及び特別調査委員会の設置に関するお知らせ,https://www.release.tdnet.info/inbs/140120260113532859.pdf,False,,japanese,,東,
2026-01-14 15:30:00,2026-01-14,95600,Ｇ－プログリット,2026年8月期　第1四半期決算短信〔日本基準〕（非連結）,https://www.release.tdnet.info/inbs/140120260114533347.pdf,True,,japanese,,東,https://www.release.tdnet.info/inbs/081220260114533347.zip
2026-01-14 15:30:00,2026-01-14,95600,Ｇ－プログリット,2026年8月期　第1四半期決算説明資料,https://www.release.tdnet.info/inbs/140120260114533815.pdf,False,,japanese,,東,
2026-01-14 15:30:00,2026-01-14,96020,東宝,2026年２月期　第３四半期決算短信〔日本基準〕（連結）,https://www.release.tdnet.info/inbs/140120260109531703.pdf,True,,japanese,,東福,https://www.release.tdnet.info/inbs/081220260109531703.zip
2026-01-14 15:30:00,2026-01-14,96020,東宝,2026年２月期　第３四半期決算説明資料,https://www.release.tdnet.info/inbs/140120260109531743.pdf,False,,japanese,,東福,
2026-01-14 15:30:00,2026-01-14,96020,東宝,期末配当予想の修正に関するお知らせ,https://www.release.tdnet.info/inbs/140120251223525038.pdf,False,,japanese,,東福,
2026-01-14 15:30:00,2026-01-14,96020,東宝,株式分割および株式分割に伴う定款の一部変更ならびに株主優待制度の変更に関するお知らせ,https://www.release.tdnet.info/inbs/140120260107529845.pdf,False,,japanese,,東福,
2026-01-14 15:30:00,2026-01-14,96020,東宝,連結子会社への会社分割（簡易吸収分割）に関するお知らせ,https://www.release.tdnet.info/inbs/140120260107530199.pdf,False,,japanese,,東福,
2026-01-14 15:30:00,2026-01-14,96020,東宝,連結子会社との会社分割（簡易吸収分割）に関するお知らせ,https://www.release.tdnet.info/inbs/140120260107530189.pdf,False,,japanese,,東福,
2026-01-14 15:30:00,2026-01-14,98120,テーオーＨＤ,2026年５月期 第２四半期（中間期）決算短信〔日本基準〕（連結）,https://www.release.tdnet.info/inbs/140120260114533163.pdf,True,,japanese,,東札,https://www.release.tdnet.info/inbs/081220260114533163.zip
2026-01-14 15:30:00,2026-01-14,98820,イエローハット,自己株式の取得状況に関するお知らせ,https://www.release.tdnet.info/inbs/140120260114533088.pdf,False,,japanese,,東,
2026-01-14 15:30:00,2026-01-14,99780,文教堂ＨＤ,2026年８月期　第１四半期決算短信〔日本基準〕（連結）,https://www.release.tdnet.info/inbs/140120260114533608.pdf,True,,japanese,,東,https://www.release.tdnet.info/inbs/081220260114533608.zip
2026-01-14 15:30:00,2026-01-14,99930,ヤマザワ,2026年２月期 第３四半期決算短信〔日本基準〕(連結),https://www.release.tdnet.info/inbs/140120260114533127.pdf,True,,japanese,,東,https://www.release.tdnet.info/inbs/081220260114533127.zip
2026-01-14 15:15:00,2026-01-14,30650,ライフフーズ,2026年２月期第３四半期決算短信〔日本基準〕(非連結),https://www.release.tdnet.info/inbs/140120260110531232.pdf,True,,japanese,,東,https://www.release.tdnet.info/inbs/081220260110531232.zip
2026-01-14 15:15:00,2026-01-14,30650,ライフフーズ,主要株主の異動に関するお知らせ,https://www.release.tdnet.info/inbs/140120260114533512.pdf,False,,japanese,,東,
2026-01-14 15:00:00,2026-01-14,18870,日本国土開発,2026年５月期 業績予想の修正に関するお知らせ,https://www.release.tdnet.info/inbs/140120260113532922.pdf,True,,japanese,,東,https://www.release.tdnet.info/inbs/091220260113532922.zip
2026-01-14 15:00:00,2026-01-14,18870,日本国土開発,2026年５月期第２四半期（中間期）決算短信〔日本基準〕(連結),https://www.release.tdnet.info/inbs/140120260113532880.pdf,True,,japanese,,東,https://www.release.tdnet.info/inbs/081220260113532880.zip
2026-01-14 15:00:00,2026-01-14,18870,日本国土開発,剰余金の配当（中間配当）に関するお知らせ,https://www.release.tdnet.info/inbs/140120260113532951.pdf,False,,japanese,,東,
2026-01-14 15:00:00,2026-01-14,35630,Ｆ＆ＬＣ,従業員に対するストックオプションの発行内容確定に関するお知らせ,https://www.release.tdnet.info/inbs/140120260113532677.pdf,False,,japanese,,東,
2026-01-14 15:00:00,2026-01-14,38630,日本紙,特別利益の計上に関するお知らせ（投資有価証券売却益及び退職給付信託返還益）,https://www.release.tdnet.info/inbs/140120260114533325.pdf,False,,japanese,,東,
2026-01-14 15:00:00,2026-01-14,41020,丸尾カルシウム,執行役員の担当業務変更及び人事異動に関するお知らせ,https://www.release.tdnet.info/inbs/140120260114533135.pdf,False,,japanese,,東,
2026-01-14 15:00:00,2026-01-14,44900,Ｇ－ビザスク,2026年２月期 第３四半期決算短信〔日本基準〕（連結）,https://www.release.tdnet.info/inbs/140120260114533478.pdf,True,,japanese,,東,https://www.release.tdnet.info/inbs/081220260114533478.zip
2026-01-14 15:00:00,2026-01-14,44900,Ｇ－ビザスク,特別損失の計上に関するお知らせ（毎四半期計上のソフトウエア開発コスト等の減損損失）,https://www.release.tdnet.info/inbs/140120260114533296.pdf,False,,japanese,,東,
2026-01-14 15:00:00,2026-01-14,44900,Ｇ－ビザスク,2026年2月期 第3四半期決算説明資料,https://www.release.tdnet.info/inbs/140120260114533420.pdf,False,,japanese,,東,
2026-01-14 15:00:00,2026-01-14,46730,川崎地質,2025年11月期決算短信〔日本基準〕（連結）,https://www.release.tdnet.info/inbs/140120260114533503.pdf,True,,japanese,,東,https://www.release.tdnet.info/inbs/081220260114533503.zip
2026-01-14 15:00:00,2026-01-14,46730,川崎地質,剰余金の配当に関するお知らせ（増配）,https://www.release.tdnet.info/inbs/140120260114533767.pdf,False,,japanese,,東,
2026-01-14 15:00:00,2026-01-14,46730,川崎地質,中期経営計画の修正に関するお知らせ,https://www.release.tdnet.info/inbs/140120260114533515.pdf,False,,japanese,,東,
2026-01-14 15:00:00,2026-01-14,49940,大成ラミックＧ,自己株式の取得状況に関するお知らせ,https://www.release.tdnet.info/inbs/140120260113532604.pdf,False,,japanese,,東,
2026-01-14 15:00:00,2026-01-14,50370,Ｐ－フィットワークス,2025年11月期 決算短信〔日本基準〕（連結）,https://www.release.tdnet.info/inbs/140120260114533217.pdf,False,,japanese,,東,
2026-01-14 15:00:00,2026-01-14,61420,富士精工,2026年２月期 第３四半期決算短信〔日本基準〕（連結）,https://www.release.tdnet.info/inbs/140120260113532633.pdf,True,,japanese,,名,https://www.release.tdnet.info/inbs/081220260113532633.zip
2026-01-14 15:00:00,2026-01-14,61420,富士精工,2026年２月期通期連結業績予想及び配当予想の修正に関するお知らせ,https://www.release.tdnet.info/inbs/140120260108530969.pdf,False,,japanese,,名,
2026-01-14 15:00:00,2026-01-14,61500,タケダ機械,2026年５月期　第２四半期（中間期）決算短信〔日本基準〕（連結）,https://www.release.tdnet.info/inbs/140120260108530945.pdf,True,,japanese,,東,https://www.release.tdnet.info/inbs/081220260108530945.zip
2026-01-14 15:00:00,2026-01-14,61940,アトラエ,当社業務執行取締役に対する特定譲渡制限付株式としての新株式発行に関するお知らせ,https://www.release.tdnet.info/inbs/140120260114533495.pdf,False,,japanese,,東,
2026-01-14 15:00:00,2026-01-14,61940,アトラエ,当社従業員に対する特定譲渡制限付株式としての新株式発行に関するお知らせ,https://www.release.tdnet.info/inbs/140120260114533500.pdf,False,,japanese,,東,
2026-01-14 15:00:00,2026-01-14,61940,アトラエ,ストック・オプション（新株予約権）の発行に関するお知らせ,https://www.release.tdnet.info/inbs/140120260114533541.pdf,False,,japanese,,東,
2026-01-14 15:00:00,2026-01-14,64740,不二越,2025年11月期  決算短信〔日本基準〕（連結）,https://www.release.tdnet.info/inbs/140120260108530497.pdf,True,,japanese,,東,https://www.release.tdnet.info/inbs/081220260108530497.zip
2026-01-14 15:00:00,2026-01-14,64740,不二越,2025年11月期通期連結業績予想と実績との差異に関するお知らせ,https://www.release.tdnet.info/inbs/140120260114533109.pdf,False,,japanese,,東,
2026-01-14 15:00:00,2026-01-14,64740,不二越,特別損失（構造改革費用）及び特別利益（投資有価証券売却益）の計上に関するお知らせ,https://www.release.tdnet.info/inbs/140120260112531970.pdf,False,,japanese,,東,
2026-01-14 15:00:00,2026-01-14,68970,ツインバード,2026年２月期　第３四半期決算短信〔日本基準〕（非連結）,https://www.release.tdnet.info/inbs/140120260113532902.pdf,True,,japanese,,東,https://www.release.tdnet.info/inbs/081220260113532902.zip
2026-01-14 15:00:00,2026-01-14,68970,ツインバード,2026年２月期　第３四半期決算説明資料,https://www.release.tdnet.info/inbs/140120260114533265.pdf,False,,japanese,,東,
2026-01-14 15:00:00,2026-01-14,78110,中本パックス,2026年２月期 第３四半期決算短信〔日本基準〕（連結）,https://www.release.tdnet.info/inbs/140120260114533240.pdf,True,,japanese,,東,https://www.release.tdnet.info/inbs/081220260114533240.zip
2026-01-14 15:00:00,2026-01-14,78470,グラファイトＤ,2026年２月期 第３四半期決算短信〔日本基準〕（非連結）,https://www.release.tdnet.info/inbs/140120260113532520.pdf,True,,japanese,,東,https://www.release.tdnet.info/inbs/081220260113532520.zip
2026-01-14 15:00:00,2026-01-14,81670,リテールパートナーズ,2026年２月期　第３四半期決算短信［日本基準］（連結）,https://www.release.tdnet.info/inbs/140120260113532924.pdf,True,,japanese,,東,https://www.release.tdnet.info/inbs/081220260113532924.zip
2026-01-14 15:00:00,2026-01-14,87470,豊トラスティ証券,連結総資産の増加に関するお知らせ,https://www.release.tdnet.info/inbs/140120260114533103.pdf,False,,japanese,,東,
2026-01-14 15:00:00,2026-01-14,97780,昴,2026年2月期 第3四半期決算短信〔日本基準〕（非連結）,https://www.release.tdnet.info/inbs/140120251222523520.pdf,True,,japanese,,東,https://www.release.tdnet.info/inbs/081220251222523520.zip
2026-01-14 15:00:00,2026-01-14,98370,モリト,2025年11月期決算短信〔日本基準〕(連結),https://www.release.tdnet.info/inbs/140120260114533414.pdf,True,,japanese,,東,https://www.release.tdnet.info/inbs/081220260114533414.zip
2026-01-14 15:00:00,2026-01-14,98370,モリト,2025年11月期 決算説明資料,https://www.release.tdnet.info/inbs/140120260114533448.pdf,False,,japanese,,東,
2026-01-14 15:00:00,2026-01-14,98370,モリト,のれんの減損損失による特別損失の計上に関するお知らせ,https://www.release.tdnet.info/inbs/140120260114533471.pdf,False,,japanese,,東,
2026-01-14 15:00:00,2026-01-14,98370,モリト,自己株式取得に係る事項の決定に関するお知らせ,https://www.release.tdnet.info/inbs/140120260114533517.pdf,False,,japanese,,東,
2026-01-14 15:00:00,2026-01-14,98370,モリト,資本コストや株価を意識した経営の実現に向けた対応について（アップデート）,https://www.release.tdnet.info/inbs/140120260114533535.pdf,False,,japanese,,東,
2026-01-14 15:00:00,2026-01-14,99720,アルテック,2025年11月期 決算短信〔日本基準〕（連結）,https://www.release.tdnet.info/inbs/140120260114533330.pdf,True,,japanese,,東,https://www.release.tdnet.info/inbs/081220260114533330.zip
2026-01-14 15:00:00,2026-01-14,99720,アルテック,剰余金の配当に関するお知らせ,https://www.release.tdnet.info/inbs/140120260114533329.pdf,False,,japanese,,東,
2026-01-14 15:00:00,2026-01-14,99720,アルテック,役員報酬の減額に関するお知らせ,https://www.release.tdnet.info/inbs/140120260114533324.pdf,False,,japanese,,東,
2026-01-14 14:30:00,2026-01-14,31810,買取王国,2026年２月期　第３四半期決算短信〔日本基準〕（非連結）,https://www.release.tdnet.info/inbs/140120251224525582.pdf,True,,japanese,,東,https://www.release.tdnet.info/inbs/081220251224525582.zip
2026-01-14 14:30:00,2026-01-14,47280,トーセ,2026年８月期 第１四半期決算説明 質疑応答集,https://www.release.tdnet.info/inbs/140120260114533527.pdf,False,,japanese,,東,
2026-01-14 14:30:00,2026-01-14,61730,Ｇ－アクアライン,2026年２月期第３四半期決算短信〔日本基準〕(連結),https://www.release.tdnet.info/inbs/140120260114533751.pdf,True,,japanese,,東,https://www.release.tdnet.info/inbs/081220260114533751.zip
2026-01-14 14:30:00,2026-01-14,61730,Ｇ－アクアライン,営業外費用及び特別損失の計上に関するお知らせ,https://www.release.tdnet.info/inbs/140120260114533762.pdf,False,,japanese,,東,
2026-01-14 14:30:00,2026-01-14,61730,Ｇ－アクアライン,上場維持基準（流通株式時価総額、純資産基準）への適合に向けた計画の進捗状況について,https://www.release.tdnet.info/inbs/140120260114533769.pdf,False,,japanese,,東,
2026-01-14 14:30:00,2026-01-14,80950,アステナＨＤ,(訂正）「2025年11月期決算説明資料」の一部訂正に関するお知らせ,https://www.release.tdnet.info/inbs/140120260114533316.pdf,False,,japanese,,東,
2026-01-14 14:30:00,2026-01-14,89230,トーセイ,2025年11月期 決算短信〔ＩＦＲＳ〕(連結),https://www.release.tdnet.info/inbs/140120260113532286.pdf,True,,japanese,,東,https://www.release.tdnet.info/inbs/081220260113532286.zip
2026-01-14 14:10:00,2026-01-14,50780,セレコーポレーション,特定の株主からの自己株式取得に関するお知らせ,https://www.release.tdnet.info/inbs/140120251203514029.pdf,False,,japanese,,東,
2026-01-14 14:10:00,2026-01-14,50780,セレコーポレーション,臨時株主総会招集のための基準日設定及び臨時株主総会の開催並びに付議議案の決定に関するお知らせ,https://www.release.tdnet.info/inbs/140120251203514034.pdf,False,,japanese,,東,
2026-01-14 14:10:00,2026-01-14,50780,セレコーポレーション,2026年２月期　第３四半期決算短信〔日本基準〕（連結）,https://www.release.tdnet.info/inbs/140120251203514023.pdf,True,,japanese,,東,https://www.release.tdnet.info/inbs/081220251203514023.zip
2026-01-14 14:00:00,2026-01-14,41930,ファブリカＨＤ,2026年３月期 月次売上高推移のお知らせ,https://www.release.tdnet.info/inbs/140120260114533220.pdf,False,,japanese,,東,
2026-01-14 14:00:00,2026-01-14,49950,サンケイ化,2025年11月期　決算短信〔日本基準〕（連結）,https://www.release.tdnet.info/inbs/140120260113532271.pdf,True,,japanese,,福,https://www.release.tdnet.info/inbs/081220260113532271.zip
2026-01-14 14:00:00,2026-01-14,58170,ＪＭＡＣＳ,2026年２月期 第３四半期決算短信〔日本基準〕（非連結）,https://www.release.tdnet.info/inbs/140120260113532798.pdf,True,,japanese,,東,https://www.release.tdnet.info/inbs/081220260113532798.zip
2026-01-14 14:00:00,2026-01-14,58170,ＪＭＡＣＳ,2026年２月期通期業績予想の修正に関するお知らせ,https://www.release.tdnet.info/inbs/140120260113532834.pdf,False,,japanese,,東,
2026-01-14 14:00:00,2026-01-14,59420,日フイルコン,2025年11月期　決算短信〔日本基準〕(連結),https://www.release.tdnet.info/inbs/140120260114533105.pdf,True,,japanese,,東,https://www.release.tdnet.info/inbs/081220260114533105.zip
2026-01-14 14:00:00,2026-01-14,59420,日フイルコン,2026年度～2028年度 中期経営計画策定に関するお知らせ,https://www.release.tdnet.info/inbs/140120260114533111.pdf,False,,japanese,,東,
2026-01-14 14:00:00,2026-01-14,59420,日フイルコン,役員等および主要連結子会社代表取締役の異動に関するお知らせ,https://www.release.tdnet.info/inbs/140120260113532877.pdf,False,,japanese,,東,
2026-01-14 14:00:00,2026-01-14,65580,Ｇ－クックビズ,（訂正）「2025年11月期 通期決算説明資料」の一部訂正についてのお知らせ,https://www.release.tdnet.info/inbs/140120260114533145.pdf,False,,japanese,,東,
2026-01-14 14:00:00,2026-01-14,87500,第一生命ＨＤ,株主優待制度の拡充に関するお知らせ,https://www.release.tdnet.info/inbs/140120260114533397.pdf,False,,japanese,,東,
2026-01-14 14:00:00,2026-01-14,96010,松竹,2026年２月期第３四半期決算短信[日本基準]（連結）,https://www.release.tdnet.info/inbs/140120260113532997.pdf,True,,japanese,,東札福,https://www.release.tdnet.info/inbs/081220260113532997.zip
2026-01-14 14:00:00,2026-01-14,96010,松竹,決算説明資料,https://www.release.tdnet.info/inbs/140120260113533004.pdf,False,,japanese,,東札福,
2026-01-14 14:00:00,2026-01-14,96010,松竹,通期業績予想（連結・個別）の修正に関するお知らせ,https://www.release.tdnet.info/inbs/140120260113532873.pdf,True,,japanese,,東札福,https://www.release.tdnet.info/inbs/091220260113532873.zip
2026-01-14 13:30:00,2026-01-14,35360,アクサスＨＤ,令和８年８月期 第１四半期決算短信〔日本基準〕（連結）,https://www.release.tdnet.info/inbs/140120260113532937.pdf,True,,japanese,,東,https://www.release.tdnet.info/inbs/081220260113532937.zip
2026-01-14 13:00:00,2026-01-14,40150,Ｇ－ペイクラウドＨＤ,2026年８月期 第１四半期決算短信〔日本基準〕(連結),https://www.release.tdnet.info/inbs/140120260114533260.pdf,True,,japanese,,東,https://www.release.tdnet.info/inbs/081220260114533260.zip
2026-01-14 13:00:00,2026-01-14,40150,Ｇ－ペイクラウドＨＤ,2026年8月期第1四半期 決算説明資料,https://www.release.tdnet.info/inbs/140120260114533298.pdf,False,,japanese,,東,
2026-01-14 13:00:00,2026-01-14,96440,タナベコンサルＧ,自己株式の取得状況および取得終了に関するお知らせ,https://www.release.tdnet.info/inbs/140120260114533380.pdf,False,,japanese,,東,
2026-01-14 12:30:00,2026-01-14,40570,Ｇ－インタファクトリ,2026年５月期 第２四半期（中間期）決算短信〔日本基準〕（非連結）,https://www.release.tdnet.info/inbs/140120260114533098.pdf,True,,japanese,,東,https://www.release.tdnet.info/inbs/081220260114533098.zip
2026-01-14 12:30:00,2026-01-14,70650,ユーピーアール,2026年８月期　第１四半期決算短信［日本基準］（連結）,https://www.release.tdnet.info/inbs/140120260113532170.pdf,True,,japanese,,東,https://www.release.tdnet.info/inbs/081220260113532170.zip
2026-01-14 12:30:00,2026-01-14,70650,ユーピーアール,2026年８月期　第１四半期決算補足説明資料,https://www.release.tdnet.info/inbs/140120260113532188.pdf,False,,japanese,,東,
2026-01-14 12:00:00,2026-01-14,14300,ファーストコーポ,中長期ビジョン策定に関するお知らせ,https://www.release.tdnet.info/inbs/140120260113532858.pdf,False,,japanese,,東,
2026-01-14 12:00:00,2026-01-14,14300,ファーストコーポ,2026年５月期 第２四半期（中間期）決算短信〔日本基準〕(連結),https://www.release.tdnet.info/inbs/140120260113532844.pdf,True,,japanese,,東,https://www.release.tdnet.info/inbs/081220260113532844.zip
2026-01-14 12:00:00,2026-01-14,14300,ファーストコーポ,2026年５月期 第２四半期決算説明資料,https://www.release.tdnet.info/inbs/140120260113532856.pdf,False,,japanese,,東,
2026-01-14 12:00:00,2026-01-14,30480,ビックカメラ,2026年８月期 第１四半期決算短信〔日本基準〕（連結）,https://www.release.tdnet.info/inbs/140120260113533055.pdf,True,,japanese,,東,https://www.release.tdnet.info/inbs/081220260113533055.zip
2026-01-14 12:00:00,2026-01-14,44320,ウイングアーク,2026年２月期 第３四半期決算短信〔ＩＦＲＳ〕（連結）,https://www.release.tdnet.info/inbs/140120260113532708.pdf,True,,japanese,,東,https://www.release.tdnet.info/inbs/081220260113532708.zip
2026-01-14 12:00:00,2026-01-14,65210,Ｇ－オキサイド,2026年２月期 第３四半期決算短信〔日本基準〕（連結）,https://www.release.tdnet.info/inbs/140120260114533186.pdf,True,,japanese,,東,https://www.release.tdnet.info/inbs/081220260114533186.zip
2026-01-14 12:00:00,2026-01-14,65210,Ｇ－オキサイド,2026年2月期 第3四半期決算補足説明資料,https://www.release.tdnet.info/inbs/140120260114533190.pdf,False,,japanese,,東,
2026-01-14 12:00:00,2026-01-14,65210,Ｇ－オキサイド,営業外収益(為替差益)の計上に関するお知らせ,https://www.release.tdnet.info/inbs/140120260114533196.pdf,False,,japanese,,東,
2026-01-14 12:00:00,2026-01-14,76080,ＳＫジャパン,通期業績予想および期末配当予想の修正に関するお知らせ,https://www.release.tdnet.info/inbs/140120260113532273.pdf,False,,japanese,,東,
2026-01-14 12:00:00,2026-01-14,76080,ＳＫジャパン,令和８年２月期 第３四半期決算短信〔日本基準〕（連結）,https://www.release.tdnet.info/inbs/140120260113532692.pdf,True,,japanese,,東,https://www.release.tdnet.info/inbs/081220260113532692.zip
2026-01-14 12:00:00,2026-01-14,76080,ＳＫジャパン,株式分割および株式分割に伴う定款の一部変更に関するお知らせ,https://www.release.tdnet.info/inbs/140120260113532060.pdf,False,,japanese,,東,
2026-01-14 12:00:00,2026-01-14,78050,プリントネット,2026年８月期 第１四半期決算短信〔日本基準〕（非連結）,https://www.release.tdnet.info/inbs/140120260114533288.pdf,True,,japanese,,東名,https://www.release.tdnet.info/inbs/081220260114533288.zip
2026-01-14 12:00:00,2026-01-14,92210,フルハシＥＰＯ,当社工場における小火発生に関するお知らせ,https://www.release.tdnet.info/inbs/140120260114533246.pdf,False,,japanese,,東名,
2026-01-14 12:00:00,2026-01-14,93810,エーアイテイー,2026年2月期　第3四半期決算短信〔日本基準〕（連結）,https://www.release.tdnet.info/inbs/140120260107529934.pdf,True,,japanese,,東,https://www.release.tdnet.info/inbs/081220260107529934.zip
2026-01-14 12:00:00,2026-01-14,93810,エーアイテイー,配当予想の修正（増配）に関するお知らせ,https://www.release.tdnet.info/inbs/140120260108530782.pdf,False,,japanese,,東,
2026-01-14 11:40:00,2026-01-14,13264,Ｅ－ワールド,SPDRゴールド・シェアに関する日々の開示事項,https://www.release.tdnet.info/inbs/140120260114533406.pdf,False,,japanese,,東,
2026-01-14 11:35:00,2026-01-14,13494,Ｅ－ＳＳＧＡ－ＳＩＮ,アジア国債・公債ＥＴＦ（正式名称：ＡＢＦ汎アジア債券インデックス・ファンド）に関する日々の開示事項,https://www.release.tdnet.info/inbs/140120260114533376.pdf,False,,japanese,,東,
2026-01-14 11:30:00,2026-01-14,15574,Ｅ－ＳＳＧＡＴＣ,SPDR S&P500 ETFに関する日々の開示事項,https://www.release.tdnet.info/inbs/140120260114533337.pdf,False,,japanese,,東,
2026-01-14 11:30:00,2026-01-14,20704,Ｎ－三菱ＵＦＪ証ＨＤ,上場ETN（発行者：三菱UFJ証券ホールディングス株式会社）に関する日々の開示事項,https://www.release.tdnet.info/inbs/140120260114533238.pdf,False,,japanese,,東,
2026-01-14 11:30:00,2026-01-14,39350,エディア,2026年２月期  第３四半期決算短信〔日本基準〕（連結）,https://www.release.tdnet.info/inbs/140120260114533203.pdf,True,,japanese,,東,https://www.release.tdnet.info/inbs/081220260114533203.zip
2026-01-14 11:30:00,2026-01-14,39350,エディア,2026年２月期  第３四半期決算説明資料,https://www.release.tdnet.info/inbs/140120260114533404.pdf,False,,japanese,,東,
2026-01-14 11:15:00,2026-01-14,41700,Ｇ－ＫａｉｚｅｎＰＦ,主要株主の異動に関するお知らせ,https://www.release.tdnet.info/inbs/140120260113532959.pdf,False,,japanese,,東,
2026-01-14 10:30:00,2026-01-14,79280,旭化学,自己株式立会外買付取引（ToSTNeT-3）による自己株式の取得結果及び取得終了に関するお知らせ,https://www.release.tdnet.info/inbs/140120260113532765.pdf,False,,japanese,,東名,
2026-01-14 10:20:00,2026-01-14,13460,ＭＸＳ２２５,ＭＡＸＩＳ ＥＴＦの収益分配金見込額のお知らせ,https://www.release.tdnet.info/inbs/140120260114533206.pdf,False,,japanese,,東,
2026-01-14 10:20:00,2026-01-14,13480,ＭＸＳトピクス,ＭＡＸＩＳ ＥＴＦの収益分配金見込額のお知らせ,https://www.release.tdnet.info/inbs/140120260114533207.pdf,False,,japanese,,東,
2026-01-14 10:20:00,2026-01-14,14850,ＭＸＳ　Ｊ積極投資,ＭＡＸＩＳ ＥＴＦの収益分配金見込額のお知らせ,https://www.release.tdnet.info/inbs/140120260114533208.pdf,False,,japanese,,東,
2026-01-14 10:20:00,2026-01-14,15530,ＭＸＳ東海,ＭＡＸＩＳ ＥＴＦの収益分配金見込額のお知らせ,https://www.release.tdnet.info/inbs/140120260114533218.pdf,False,,japanese,,名,
2026-01-14 10:20:00,2026-01-14,15930,ＭＸＳ４００,ＭＡＸＩＳ ＥＴＦの収益分配金見込額のお知らせ,https://www.release.tdnet.info/inbs/140120260114533209.pdf,False,,japanese,,東,
2026-01-14 10:20:00,2026-01-14,25230,ＭＸＳトピ除く金融,ＭＡＸＩＳ ＥＴＦの収益分配金見込額のお知らせ,https://www.release.tdnet.info/inbs/140120260114533210.pdf,False,,japanese,,東,
2026-01-14 10:10:00,2026-01-14,15624,Ｅ－三井住友ＤＳＡＭ,上場ＥＴＦ（管理会社：三井住友DSアセットマネジメント）に関する日々の開示事項,https://www.release.tdnet.info/inbs/140120260114533201.pdf,False,,japanese,,東,
2026-01-14 10:00:00,2026-01-14,14070,ウエストＨＤ,2026年８月期 第１四半期決算短信〔日本基準〕(連結),https://www.release.tdnet.info/inbs/140120260113532916.pdf,True,,japanese,,東,https://www.release.tdnet.info/inbs/081220260113532916.zip
2026-01-14 10:00:00,2026-01-14,16714,Ｅ－シンプレクス,上場ＥＴＦ(管理会社：シンプレクス・アセット・マネジメント)に関する日々の開示事項,https://www.release.tdnet.info/inbs/140120260114533162.pdf,False,,japanese,,東,
2026-01-14 10:00:00,2026-01-14,62870,サトー,（訂正）取締役・監査役および執行役員人事に関するお知らせ,https://www.release.tdnet.info/inbs/140120260114533099.pdf,False,,japanese,,東,
2026-01-14 10:00:00,2026-01-14,82730,イズミ,自己株式立会外買付取引（ToSTNeT-３）による自己株式の取得結果及び取得終了に関するお知らせ,https://www.release.tdnet.info/inbs/140120260113532988.pdf,False,,japanese,,東,
2026-01-14 09:40:00,2026-01-14,13294,Ｅ－ブラックロック,上場ETF（管理会社：ブラックロック・ジャパン）に関する日々の開示事項,https://www.release.tdnet.info/inbs/140120260114533119.pdf,False,,japanese,,東,
2026-01-14 08:50:00,2026-01-14,49170,マンダム,（変更）「ＭＢＯの実施に関する賛同の意見表明及び応募の推奨に関するお知らせ」の一部変更に関するお知らせ,https://www.release.tdnet.info/inbs/140120260114532733.pdf,False,,japanese,,東,
2026-01-14 08:30:00,2026-01-14,16724,Ｅ－ＷｉｓｄｏｍＴｒ,上場ETF（管理会社：WisdomTree、外国投資法人：MSL）に関する日々の開示事項,https://www.release.tdnet.info/inbs/140120260114532731.pdf,False,,japanese,,東,
2026-01-14 08:30:00,2026-01-14,16724,Ｅ－ＷｉｓｄｏｍＴｒ,上場ETF（管理会社：WisdomTree、外国投資法人：CSL）に関する日々の開示事項,https://www.release.tdnet.info/inbs/140120260114532732.pdf,False,,japanese,,東,
2026-01-14 08:30:00,2026-01-14,73700,Ｇ－Ｅｎｊｉｎ,2026年５月期 第２四半期（中間期）決算短信〔日本基準〕(連結),https://www.release.tdnet.info/inbs/140120260113533060.pdf,True,,japanese,,東,https://www.release.tdnet.info/inbs/081220260113533060.zip
2026-01-14 08:30:00,2026-01-14,73700,Ｇ－Ｅｎｊｉｎ,剰余金の配当（中間配当）に関するお知らせ,https://www.release.tdnet.info/inbs/140120260113533044.pdf,False,,japanese,,東,
2026-01-14 08:30:00,2026-01-14,73700,Ｇ－Ｅｎｊｉｎ,業績予想の修正に関するお知らせ,https://www.release.tdnet.info/inbs/140120260113533040.pdf,False,,japanese,,東,
2026-01-14 08:30:00,2026-01-14,73700,Ｇ－Ｅｎｊｉｎ,代表取締役の辞任および人事異動に関するお知らせ,https://www.release.tdnet.info/inbs/140120260113533049.pdf,False,,japanese,,東,
2026-01-14 08:30:00,2026-01-14,73700,Ｇ－Ｅｎｊｉｎ,自己株式取得に係る事項の決定に関するお知らせ,https://www.release.tdnet.info/inbs/140120260113533043.pdf,False,,japanese,,東,
2026-01-14 08:30:00,2026-01-14,73700,Ｇ－Ｅｎｊｉｎ,子会社(AI Accelerator)設立に関するお知らせ,https://www.release.tdnet.info/inbs/140120260113533038.pdf,False,,japanese,,東,
2026-01-14 08:30:00,2026-01-14,73700,Ｇ－Ｅｎｊｉｎ,子会社（Enjin Payment Service）設立に関するお知らせ,https://www.release.tdnet.info/inbs/140120260113533039.pdf,False,,japanese,,東,
2026-01-14 08:30:00,2026-01-14,73700,Ｇ－Ｅｎｊｉｎ,株式会社クロスロードの株式取得（子会社化）および第三者割当増資引受に関するお知らせ,https://www.release.tdnet.info/inbs/140120260113533033.pdf,False,,japanese,,東,
2026-01-14 08:30:00,2026-01-14,73700,Ｇ－Ｅｎｊｉｎ,株式会社田辺観光バスの株式取得（子会社化）および第三者割当増資引受に関するお知らせ,https://www.release.tdnet.info/inbs/140120260113533035.pdf,False,,japanese,,東,
2026-01-14 08:30:00,2026-01-14,73700,Ｇ－Ｅｎｊｉｎ,新株予約権の消却に関するお知らせ,https://www.release.tdnet.info/inbs/140120260113533048.pdf,False,,japanese,,東,
2026-01-14 08:30:00,2026-01-14,73700,Ｇ－Ｅｎｊｉｎ,新株予約権（有償ストック・オプション）の消却に関するお知らせ,https://www.release.tdnet.info/inbs/140120260113533045.pdf,False,,japanese,,東,
2026-01-14 08:30:00,2026-01-14,73700,Ｇ－Ｅｎｊｉｎ,2026年5月期 月次売上（12月度）のお知らせ,https://www.release.tdnet.info/inbs/140120260113533051.pdf,False,,japanese,,東,
2026-01-14 08:30:00,2026-01-14,73700,Ｇ－Ｅｎｊｉｎ,2026年５月期 第２四半期決算説明資料,https://www.release.tdnet.info/inbs/140120260113532728.pdf,False,,japanese,,東,
2026-01-15 18:00:00,2026-01-15,40520,Ｇ－フィーチャ,主要株主の異動に関するお知らせ,https://www.release.tdnet.info/inbs/140120260115534637.pdf,False,,japanese,,東,
2026-01-15 18:00:00,2026-01-15,70620,Ｇ－フレアス,（訂正）「取締役の辞任に関するお知らせ」の一部訂正について,https://www.release.tdnet.info/inbs/140120260115534671.pdf,False,,japanese,,東,
2026-01-15 17:45:00,2026-01-15,60850,Ｇ－アーキテクツＳＪ,資金の借入に関するお知らせ,https://www.release.tdnet.info/inbs/140120260115534672.pdf,False,,japanese,,東,
2026-01-15 17:30:00,2026-01-15,68880,アクモス,株式会社システムズサービスの株式取得（子会社化）に関するお知らせ,https://www.release.tdnet.info/inbs/140120260115534523.pdf,False,,japanese,,東,
2026-01-15 17:30:00,2026-01-15,68880,アクモス,連結子会社の決算期変更に関するお知らせ,https://www.release.tdnet.info/inbs/140120260115534529.pdf,False,,japanese,,東,
2026-01-15 17:25:00,2026-01-15,46160,川上塗料,上場維持基準への適合に関するお知らせ,https://www.release.tdnet.info/inbs/140120260115534664.pdf,False,,japanese,,東名,
2026-01-15 17:00:00,2026-01-15,37790,Ｊ・エスコムＨＤ,上場維持基準への適合に関するお知らせ,https://www.release.tdnet.info/inbs/140120260115534650.pdf,False,,japanese,,東,
2026-01-15 17:00:00,2026-01-15,47550,楽天グループ,当社子会社取締役並びに当社及び当社子会社の執行役員及び従業員に対するストックオプション（新株予約権）の付与について,https://www.release.tdnet.info/inbs/140120260115534336.pdf,False,,japanese,,東,
2026-01-15 17:00:00,2026-01-15,59410,中西製作所,当社株式の貸借銘柄選定に関するお知らせ,https://www.release.tdnet.info/inbs/140120260115534264.pdf,False,,japanese,,東,
2026-01-15 17:00:00,2026-01-15,70690,Ｇ－サイバー・バズ,譲渡制限付株式報酬としての新株式発行に関するお知らせ,https://www.release.tdnet.info/inbs/140120260115534350.pdf,False,,japanese,,東,
2026-01-15 17:00:00,2026-01-15,77900,バルコス,株式の取得（子会社化及び孫会社化）に関するお知らせ,https://www.release.tdnet.info/inbs/140120260115534658.pdf,False,,japanese,,名,
2026-01-15 17:00:00,2026-01-15,92860,Ｉ－エネクスインフラ,2025年11月期　決算短信（インフラファンド）,https://www.release.tdnet.info/inbs/140120260115534415.pdf,False,,japanese,,東,
2026-01-15 17:00:00,2026-01-15,92860,Ｉ－エネクスインフラ,2025年11月期（第12期）の運用状況の予想と決算値との差異に関するお知らせ,https://www.release.tdnet.info/inbs/140120260115534421.pdf,False,,japanese,,東,
2026-01-15 17:00:00,2026-01-15,92860,Ｉ－エネクスインフラ,2025年11月期　決算説明資料,https://www.release.tdnet.info/inbs/140120260115534427.pdf,False,,japanese,,東,
2026-01-15 17:00:00,2026-01-15,92860,Ｉ－エネクスインフラ,規約一部変更及び役員変更に関するお知らせ,https://www.release.tdnet.info/inbs/140120260115534306.pdf,False,,japanese,,東,
2026-01-15 16:45:00,2026-01-15,35490,クスリのアオキＨＤ,社外取締役の辞任に関するお知らせ,https://www.release.tdnet.info/inbs/140120260115534606.pdf,False,,japanese,,東,
2026-01-15 16:45:00,2026-01-15,58830,Ｐ－ＧＴＨＤ,株主による臨時株主総会招集請求に関するお知らせ,https://www.release.tdnet.info/inbs/140120260115534634.pdf,False,,japanese,,東,
2026-01-15 16:45:00,2026-01-15,70730,Ｇ－ジェイック,個人投資家向けIR説明会資料(湘南投資勉強会)2026年1月15日,https://www.release.tdnet.info/inbs/140120260115534563.pdf,False,,japanese,,東名,
2026-01-15 16:30:00,2026-01-15,14490,ＦＵＪＩジャパン,2025年12月期通期業績予想の修正に関するお知らせ,https://www.release.tdnet.info/inbs/140120260115534496.pdf,True,,japanese,,札,https://www.release.tdnet.info/inbs/091220260115534496.zip
2026-01-15 16:30:00,2026-01-15,49170,マンダム,（変更）カロンHDによる公開買付届出書の訂正届出書の提出に伴う「カロンHDによるマンダムの株券等に対する公開買付けの開始に関するお知らせ」の変更のお知らせ,https://www.release.tdnet.info/inbs/140120260115534621.pdf,False,,japanese,,東,
2026-01-15 16:30:00,2026-01-15,71850,ヒロセ通商,2025年12月度　月次概況（速報）に関するお知らせ,https://www.release.tdnet.info/inbs/140120260114534015.pdf,False,,japanese,,東,
2026-01-15 16:10:00,2026-01-15,15950,ＮＺＡＭ　Ｊリート,ETFの収益分配のお知らせ,https://www.release.tdnet.info/inbs/140120260115534610.pdf,False,,japanese,,東,
2026-01-15 16:10:00,2026-01-15,15960,ＮＺＡＭ　Ｅｘ―Ｆ,ETFの収益分配のお知らせ,https://www.release.tdnet.info/inbs/140120260115534611.pdf,False,,japanese,,東,
2026-01-15 16:10:00,2026-01-15,25270,ＮＺＡＭＪリートコア,ETFの収益分配のお知らせ,https://www.release.tdnet.info/inbs/140120260115534612.pdf,False,,japanese,,東,
2026-01-15 16:00:00,2026-01-15,22910,福留ハム,投資有価証券売却に伴う特別利益の計上見込みに関するお知らせ,https://www.release.tdnet.info/inbs/140120260114534003.pdf,False,,japanese,,東,
2026-01-15 16:00:00,2026-01-15,26540,アスモ,2025年12月度　月次実績のお知らせ,https://www.release.tdnet.info/inbs/140120260115534231.pdf,False,,japanese,,東,
2026-01-15 16:00:00,2026-01-15,27640,ひらまつ,ひらまつＩＲレポート（月次売上速報）,https://www.release.tdnet.info/inbs/140120260115534557.pdf,False,,japanese,,東,
2026-01-15 16:00:00,2026-01-15,31750,ＡＰＨＤ,月次営業レポート（2025年12月度）,https://www.release.tdnet.info/inbs/140120260115534430.pdf,False,,japanese,,東,
2026-01-15 16:00:00,2026-01-15,44340,サーバーワークス,自己株式立会外買付取引（ToSTNeT-3）による自己株式の買付けに関するお知らせ,https://www.release.tdnet.info/inbs/140120260115534327.pdf,False,,japanese,,東,
2026-01-15 16:00:00,2026-01-15,67310,ピクセラ,第14回無担保普通社債（私募債）の発行に関するお知らせ,https://www.release.tdnet.info/inbs/140120260114533529.pdf,False,,japanese,,東,
2026-01-15 16:00:00,2026-01-15,69690,松尾電機,人事異動に関するお知らせ,https://www.release.tdnet.info/inbs/140120260115534355.pdf,False,,japanese,,東,
2026-01-15 16:00:00,2026-01-15,71380,Ｇ－ＴＯＲＩＣＯ,イーサリアム（ETH）の追加取得に関するお知らせ,https://www.release.tdnet.info/inbs/140120260115534558.pdf,False,,japanese,,東,
2026-01-15 16:00:00,2026-01-15,77760,Ｇ－セルシード,第25回新株予約権（行使価格修正条項付）の大量行使に関するお知らせ,https://www.release.tdnet.info/inbs/140120260115534453.pdf,False,,japanese,,東,
2026-01-15 16:00:00,2026-01-15,77770,Ｇ－３Ｄマトリックス,甲状腺切離後の滲出性出血に対するピュアスタットの効果を評価する医師主導特定臨床研究開始のお知らせ,https://www.release.tdnet.info/inbs/140120260115534431.pdf,False,,japanese,,東,
2026-01-15 16:00:00,2026-01-15,80310,三井物産,役員人事（代表取締役の異動）に関するお知らせ,https://www.release.tdnet.info/inbs/140120260115534300.pdf,False,,japanese,,東名札福,
2026-01-15 16:00:00,2026-01-15,81510,東陽テクニカ,譲渡制限付株式報酬としての自己株式の処分の払込完了に関するお知らせ,https://www.release.tdnet.info/inbs/140120260115534285.pdf,False,,japanese,,東,
2026-01-15 16:00:00,2026-01-15,87830,ａｂｃ,譲渡制限付株式報酬としての新株式発行及び自己株式の処分の払込完了に関するお知らせ,https://www.release.tdnet.info/inbs/140120260115534587.pdf,False,,japanese,,東,
2026-01-15 16:00:00,2026-01-15,89610,Ｒ－森トラスト,資金の借入れに関するお知らせ,https://www.release.tdnet.info/inbs/140120260115534443.pdf,False,,japanese,,東,
2026-01-15 16:00:00,2026-01-15,89640,Ｒ－フロンティア,資金の借入及び返済に関するお知らせ,https://www.release.tdnet.info/inbs/140120260115534442.pdf,False,,japanese,,東,
2026-01-15 16:00:00,2026-01-15,91450,ビーイングＨＤ,当社グループ月次連結営業収益に関するお知らせ（2025年12月度　速報版）,https://www.release.tdnet.info/inbs/140120260115534400.pdf,False,,japanese,,東,
2026-01-15 16:00:00,2026-01-15,98780,セキド,第三者割当により発行された第18回新株予約権（行使価額修正条項及び行使停止条項付）の停止指定の決定に関するお知らせ,https://www.release.tdnet.info/inbs/140120260115534597.pdf,False,,japanese,,東,
2026-01-15 15:50:00,2026-01-15,42020,ダイセル,連結子会社との会社分割（簡易吸収分割）及び連結子会社の商号変更に関するお知らせ,https://www.release.tdnet.info/inbs/140120260115534520.pdf,False,,japanese,,東,
2026-01-15 15:45:00,2026-01-15,16710,ＷＴＩ原油ＥＴＦ,ＥＴＦの収益分配金のお知らせ,https://www.release.tdnet.info/inbs/140120260115534582.pdf,False,,japanese,,東,
2026-01-15 15:30:00,2026-01-15,14460,キャンディル,譲渡制限付株式報酬としての自己株式の処分に関するお知らせ,https://www.release.tdnet.info/inbs/140120260114534072.pdf,False,,japanese,,東,
2026-01-15 15:30:00,2026-01-15,22690,明治ＨＤ,株式会社 明治における「ネクストキャリア特別支援施策」の結果に関するお知らせ,https://www.release.tdnet.info/inbs/140120260114533643.pdf,False,,japanese,,東,
2026-01-15 15:30:00,2026-01-15,27420,ハローズ,取締役の委嘱業務の変更に関するお知らせ,https://www.release.tdnet.info/inbs/140120260115534246.pdf,False,,japanese,,東,
2026-01-15 15:30:00,2026-01-15,27430,ピクセル,上場廃止後の当社株式の取り扱いに関するお知らせ,https://www.release.tdnet.info/inbs/140120260115534237.pdf,False,,japanese,,東,
2026-01-15 15:30:00,2026-01-15,27620,ＳＡＮＫＯ　ＭＦ,連結子会社の商号変更に関するお知らせ,https://www.release.tdnet.info/inbs/140120260115534295.pdf,False,,japanese,,東,
2026-01-15 15:30:00,2026-01-15,28770,日東ベスト,株主優待の内容決定に関するお知らせ,https://www.release.tdnet.info/inbs/140120260109531220.pdf,False,,japanese,,東,
2026-01-15 15:30:00,2026-01-15,29280,Ａ－ＲＩＺＡＰ　Ｇ,2026年３月期 第３四半期決算発表に関するお知らせ,https://www.release.tdnet.info/inbs/140120260115534549.pdf,False,,japanese,,札,
2026-01-15 15:30:00,2026-01-15,29790,Ｒ－ＳＯＳｉＬＡ物流,資産運用会社における組織変更並びに取締役の異動及び重要な使用人の異動,https://www.release.tdnet.info/inbs/140120260115534413.pdf,False,,japanese,,東,
2026-01-15 15:30:00,2026-01-15,30860,Ｊフロント,２０２５年１２月度　Ｊ．フロントリテイリング　連結売上収益報告（ＩＦＲＳ）,https://www.release.tdnet.info/inbs/140120260115534497.pdf,False,,japanese,,東名,
2026-01-15 15:30:00,2026-01-15,31970,すかいらーくＨＤ,代表取締役の異動および新任取締役候補者の決定に関するお知らせ,https://www.release.tdnet.info/inbs/140120260115534434.pdf,False,,japanese,,東,
2026-01-15 15:30:00,2026-01-15,33580,Ｔｒａｉｌｈｅａｄ,2025年12月の月次売上高（速報）に関するお知らせ,https://www.release.tdnet.info/inbs/140120260115534198.pdf,False,,japanese,,東,
2026-01-15 15:30:00,2026-01-15,34490,テクノフレックス,取締役会の実効性に関する評価結果の概要について,https://www.release.tdnet.info/inbs/140120260115534528.pdf,False,,japanese,,東,
2026-01-15 15:30:00,2026-01-15,34510,Ｒ－トーセイ・リート,資産運用会社における取締役の役職変更に関するお知らせ,https://www.release.tdnet.info/inbs/140120260115534318.pdf,False,,japanese,,東,
2026-01-15 15:30:00,2026-01-15,34700,Ｒ－マリモリート,資金の借入れ（借換え）に関するお知らせ,https://www.release.tdnet.info/inbs/140120260115534406.pdf,False,,japanese,,東,
2026-01-15 15:30:00,2026-01-15,36920,Ｇ－ＦＦＲＩ,子会社設立に関するお知らせ,https://www.release.tdnet.info/inbs/140120260115534368.pdf,False,,japanese,,東,
2026-01-15 15:30:00,2026-01-15,39010,マークラインズ,取締役会の実効性評価のためのアンケート結果に関するお知らせ,https://www.release.tdnet.info/inbs/140120260114533582.pdf,False,,japanese,,東,
2026-01-15 15:30:00,2026-01-15,39250,ダブルスタンダード,本社移転に関するお知らせ,https://www.release.tdnet.info/inbs/140120260108530968.pdf,False,,japanese,,東,
2026-01-15 15:30:00,2026-01-15,39830,オロ,2025年12月期月次情報のお知らせ（12月度）,https://www.release.tdnet.info/inbs/140120260114534094.pdf,False,,japanese,,東,
2026-01-15 15:30:00,2026-01-15,40620,イビデン,公開買付けへの応募及び特別利益の計上見込みに関するお知らせ,https://www.release.tdnet.info/inbs/140120260113532127.pdf,False,,japanese,,東名,
2026-01-15 15:30:00,2026-01-15,41980,テンダ,2026年５月期　第２四半期決算説明資料,https://www.release.tdnet.info/inbs/140120260115534380.pdf,False,,japanese,,東,
2026-01-15 15:30:00,2026-01-15,42500,Ｑ－フロンティア,2025年11月期 決算短信〔日本基準〕(連結),https://www.release.tdnet.info/inbs/140120260111531958.pdf,True,,japanese,,福,https://www.release.tdnet.info/inbs/081220260111531958.zip
2026-01-15 15:30:00,2026-01-15,42600,Ｇ－ハイブリッドテク,MCP35株式会社（中核子会社：株式会社グルーヴ・システム）の株式取得（子会社化）に関するお知らせ,https://www.release.tdnet.info/inbs/140120260115534342.pdf,False,,japanese,,東,
2026-01-15 15:30:00,2026-01-15,43430,イオンファン,2026年２月期12月度の売上概況,https://www.release.tdnet.info/inbs/140120260115534484.pdf,False,,japanese,,東,
2026-01-15 15:30:00,2026-01-15,55800,Ｇ－プロディライト,当社主要ＫＰＩ（2025年12月度）に関するお知らせ,https://www.release.tdnet.info/inbs/140120260115534245.pdf,False,,japanese,,東,
2026-01-15 15:30:00,2026-01-15,58400,Ｐ－日本総険,2025年11月期 決算短信〔日本基準〕（連結）,https://www.release.tdnet.info/inbs/140120260115534313.pdf,False,,japanese,,東,
2026-01-15 15:30:00,2026-01-15,61660,Ｇ－中村超硬,臨時株主総会招集のための基準日の取消し及び再設定に関するお知らせ,https://www.release.tdnet.info/inbs/140120260115534212.pdf,False,,japanese,,東,
2026-01-15 15:30:00,2026-01-15,66190,ＷＳＣＯＰＥ,第三者割当による行使価額修正条項付第10回新株予約権の大量行使に関するお知らせ,https://www.release.tdnet.info/inbs/140120260115534435.pdf,False,,japanese,,東,
2026-01-15 15:30:00,2026-01-15,66270,テラプローブ,配当予想の修正に関するお知らせ,https://www.release.tdnet.info/inbs/140120260114534007.pdf,True,,japanese,,東,https://www.release.tdnet.info/inbs/091220260114534007.zip
2026-01-15 15:30:00,2026-01-15,66270,テラプローブ,2025年12月期12月度の月次連結売上高（速報）に関するお知らせ,https://www.release.tdnet.info/inbs/140120260114534074.pdf,False,,japanese,,東,
2026-01-15 15:30:00,2026-01-15,70590,コプロＨＤ,連結子会社の会社分割（吸収分割）による事業譲渡のお知らせ,https://www.release.tdnet.info/inbs/140120260115534470.pdf,False,,japanese,,東名,
2026-01-15 15:30:00,2026-01-15,70590,コプロＨＤ,国際財務報告基準(IFRS)の任意適用に関するお知らせ,https://www.release.tdnet.info/inbs/140120260115534513.pdf,False,,japanese,,東名,
2026-01-15 15:30:00,2026-01-15,70590,コプロＨＤ,建設派遣事業譲受けを目的とした株式会社トライトの株式取得（完全子会社化）、特定子会社の異動及び資金の借入に関するお知らせ,https://www.release.tdnet.info/inbs/140120260114534143.pdf,False,,japanese,,東名,
2026-01-15 15:30:00,2026-01-15,70590,コプロＨＤ,株式会社トライト株式の取得（完全子会社化）に関する補足説明資料,https://www.release.tdnet.info/inbs/140120260115534469.pdf,False,,japanese,,東名,
2026-01-15 15:30:00,2026-01-15,70620,Ｇ－フレアス,取締役の辞任に関するお知らせ,https://www.release.tdnet.info/inbs/140120260114533975.pdf,False,,japanese,,東,
2026-01-15 15:30:00,2026-01-15,70620,Ｇ－フレアス,連結子会社の商号変更に関するお知らせ,https://www.release.tdnet.info/inbs/140120260114534064.pdf,False,,japanese,,東,
2026-01-15 15:30:00,2026-01-15,70720,Ｇ－インテＭ,ストック・オプション（新株予約権）の発行について,https://www.release.tdnet.info/inbs/140120260114534125.pdf,False,,japanese,,東,
2026-01-15 15:30:00,2026-01-15,71390,Ｐ－東京高圧,2026年5月期 中間決算短信〔日本基準〕（連結）,https://www.release.tdnet.info/inbs/140120260115534160.pdf,False,,japanese,,東,
2026-01-15 15:30:00,2026-01-15,76490,スギＨＤ,スギホールディングス株式会社 2025年12月度 月次速報に関するお知らせ,https://www.release.tdnet.info/inbs/140120260115534466.pdf,False,,japanese,,東名,
2026-01-15 15:30:00,2026-01-15,77440,ノーリツ鋼機,センクシア株式会社の株式取得（子会社化）に関するお知らせ,https://www.release.tdnet.info/inbs/140120260115534251.pdf,False,,japanese,,東,
2026-01-15 15:30:00,2026-01-15,77440,ノーリツ鋼機,センクシア株式会社の株式取得（子会社化）に関するお知らせリリース補足説明資料,https://www.release.tdnet.info/inbs/140120260115534254.pdf,False,,japanese,,東,
2026-01-15 15:30:00,2026-01-15,78150,東京ボード工業,（訂正）「臨時株主総会招集のための基準日設定及び臨時株主総会の開催並びに資本金の額の減少及び剰余金の処分に関するお知らせ」の一部訂正について,https://www.release.tdnet.info/inbs/140120260115534365.pdf,False,,japanese,,東,
2026-01-15 15:30:00,2026-01-15,78230,アートネイチャー,2026年3月期12月度単体月次売上状況（速報）,https://www.release.tdnet.info/inbs/140120260109531813.pdf,False,,japanese,,東,
2026-01-15 15:30:00,2026-01-15,78670,タカラトミー,自己株式の処分の払込完了及び一部失権に関するお知らせ,https://www.release.tdnet.info/inbs/140120260114533437.pdf,False,,japanese,,東,
2026-01-15 15:30:00,2026-01-15,78790,ノダ,2025年11月期 決算短信〔日本基準〕（連結）,https://www.release.tdnet.info/inbs/140120260115534422.pdf,True,,japanese,,東,https://www.release.tdnet.info/inbs/081220260115534422.zip
2026-01-15 15:30:00,2026-01-15,78790,ノダ,業績予想と実績との差異に関するお知らせ,https://www.release.tdnet.info/inbs/140120260115534432.pdf,False,,japanese,,東,
2026-01-15 15:30:00,2026-01-15,79280,旭化学,譲渡制限付株式報酬としての自己株式の処分の払込完了に関するお知らせ,https://www.release.tdnet.info/inbs/140120260114533750.pdf,False,,japanese,,東名,
2026-01-15 15:30:00,2026-01-15,80130,ナイガイ,タビオ株式会社の株式追加取得に関するお知らせ,https://www.release.tdnet.info/inbs/140120260106529306.pdf,False,,japanese,,東,
2026-01-15 15:30:00,2026-01-15,82330,高島屋,2025年12月度 高島屋営業報告,https://www.release.tdnet.info/inbs/140120260109531945.pdf,False,,japanese,,東,
2026-01-15 15:30:00,2026-01-15,82420,Ｈ２Ｏリテイル,自己株式の取得状況および取得終了に関するお知らせ（会社法第459条第1項の規定による定款の定めに基づく自己株式の取得）,https://www.release.tdnet.info/inbs/140120260115534277.pdf,False,,japanese,,東,
2026-01-15 15:30:00,2026-01-15,89290,青山財産,執行役員人事に関するお知らせ,https://www.release.tdnet.info/inbs/140120260115534393.pdf,False,,japanese,,東,
2026-01-15 15:30:00,2026-01-15,91600,ノバレーゼ,新規出店に関するお知らせ,https://www.release.tdnet.info/inbs/140120260115534392.pdf,False,,japanese,,東,
2026-01-15 15:30:00,2026-01-15,92840,Ｉ－カナディアンソラ,資金の借入れに関するお知らせ,https://www.release.tdnet.info/inbs/140120260115534316.pdf,False,,japanese,,東,
2026-01-15 15:30:00,2026-01-15,95580,Ｇ－ジャパニアス,会社分割による事業の承継に関するお知らせ,https://www.release.tdnet.info/inbs/140120260115534478.pdf,False,,japanese,,東,
2026-01-15 15:30:00,2026-01-15,96990,ニシオＨＤ,譲渡制限付株式報酬としての自己株式処分の払込完了に関するお知らせ,https://www.release.tdnet.info/inbs/140120260113532654.pdf,False,,japanese,,東,
2026-01-15 15:30:00,2026-01-15,97190,ＳＣＳＫ,（訂正）「連結子会社（孫会社）への会社分割（簡易吸収分割）に関するお知らせ」の一部訂正について,https://www.release.tdnet.info/inbs/140120260115534274.pdf,False,,japanese,,東,
2026-01-15 15:30:00,2026-01-15,98780,セキド,臨時株主総会招集のための基準日設定に関するお知らせ,https://www.release.tdnet.info/inbs/140120260115534491.pdf,False,,japanese,,東,
2026-01-15 15:30:00,2026-01-15,99970,ベルーナ,12月度　月次売上高前年同月比（速報値）に関するお知らせ,https://www.release.tdnet.info/inbs/140120260115534441.pdf,False,,japanese,,東,
2026-01-15 15:00:00,2026-01-15,23450,クシム,Fracton Ventures株式会社と暗号資産トレジャリー事業推進及びイーサリアムコミュニティ支援に向けた基本合意書締結のお知らせ,https://www.release.tdnet.info/inbs/140120260115534539.pdf,False,,japanese,,東,
2026-01-15 15:00:00,2026-01-15,24610,ファンコミ,2025年12月期12月度 月次業績速報のお知らせ,https://www.release.tdnet.info/inbs/140120260114533730.pdf,False,,japanese,,東,
2026-01-15 15:00:00,2026-01-15,31950,Ｇ－ジェネパ,2025年12月度月次売上高前年同月比についてのお知らせ,https://www.release.tdnet.info/inbs/140120260115534407.pdf,False,,japanese,,東,
2026-01-15 15:00:00,2026-01-15,31950,Ｇ－ジェネパ,公益財団法人財務会計基準機構への加入状況及び加入に関する考え方等に関するお知らせ,https://www.release.tdnet.info/inbs/140120260115534410.pdf,False,,japanese,,東,
2026-01-15 15:00:00,2026-01-15,32010,ニッケ,2025年11月期　決算短信〔日本基準〕（連結）,https://www.release.tdnet.info/inbs/140120260104528127.pdf,True,,japanese,,東,https://www.release.tdnet.info/inbs/081220260104528127.zip
2026-01-15 15:00:00,2026-01-15,32010,ニッケ,2025年11月期　決算説明資料,https://www.release.tdnet.info/inbs/140120260104528128.pdf,False,,japanese,,東,
2026-01-15 15:00:00,2026-01-15,32010,ニッケ,自己株式取得に係る事項の決定に関するお知らせ,https://www.release.tdnet.info/inbs/140120260113532164.pdf,False,,japanese,,東,
2026-01-15 15:00:00,2026-01-15,43370,ぴあ,譲渡制限付株式としての新株式発行の払込完了に関するお知らせ,https://www.release.tdnet.info/inbs/140120260115534467.pdf,False,,japanese,,東,
2026-01-15 15:00:00,2026-01-15,46590,エイジス,2025年12月度売上高対前年同月比のお知らせ,https://www.release.tdnet.info/inbs/140120260115534265.pdf,False,,japanese,,東,
2026-01-15 15:00:00,2026-01-15,58830,Ｐ－ＧＴＨＤ,臨時株主総会招集のための基準日設定及び臨時株主総会の開催並びにTOKYO PRO Marketにおける当社株式の上場廃止申請に関するお知らせ,https://www.release.tdnet.info/inbs/140120260115534281.pdf,False,,japanese,,東,
2026-01-15 15:00:00,2026-01-15,71830,あんしん保証,資金の借入に関するお知らせ,https://www.release.tdnet.info/inbs/140120260115534247.pdf,False,,japanese,,東,
2026-01-15 15:00:00,2026-01-15,87470,豊トラスティ証券,連結総資産の増加に関するお知らせ,https://www.release.tdnet.info/inbs/140120260115534194.pdf,False,,japanese,,東,
2026-01-15 14:20:00,2026-01-15,24040,鉄人化ＨＤ,非上場の親会社等の決算情報に関するお知らせ,https://www.release.tdnet.info/inbs/140120260115534480.pdf,False,,japanese,,東,
2026-01-15 14:00:00,2026-01-15,13490,アジア債券,アジア国債・公債ＥＴＦ（正式名称：ＡＢＦ汎アジア債券インデックス・ファンド）投資分配金確定のお知らせ,https://www.release.tdnet.info/inbs/140120260115534436.pdf,False,,japanese,,東,
2026-01-15 14:00:00,2026-01-15,34950,香陵住販,譲渡制限付株式報酬としての新株式発行に関するお知らせ,https://www.release.tdnet.info/inbs/140120260108530869.pdf,False,,japanese,,東,
2026-01-15 14:00:00,2026-01-15,34950,香陵住販,販売用不動産の売却に関するお知らせ,https://www.release.tdnet.info/inbs/140120260109531860.pdf,False,,japanese,,東,
2026-01-15 14:00:00,2026-01-15,34950,香陵住販,第3回ストックオプション（新株予約権）の発行に関するお知らせ,https://www.release.tdnet.info/inbs/140120260108530876.pdf,False,,japanese,,東,
2026-01-15 13:00:00,2026-01-15,39130,Ｇ－ＧｒｅｅｎＢｅｅ,子会社設立に関するお知らせ,https://www.release.tdnet.info/inbs/140120260114533563.pdf,False,,japanese,,東,
2026-01-15 13:00:00,2026-01-15,73690,Ｇ－メイホーＨＤ,当社連結子会社における事業譲受に関するお知らせ,https://www.release.tdnet.info/inbs/140120260115534395.pdf,False,,japanese,,東名,
2026-01-15 12:30:00,2026-01-15,32450,ディア・ライフ,譲渡制限付株式報酬としての自己株式の処分の払込完了に関するお知らせ,https://www.release.tdnet.info/inbs/140120260114534146.pdf,False,,japanese,,東,
2026-01-15 12:30:00,2026-01-15,60730,アサンテ,2026年３月期　12月度月次売上高のお知らせ,https://www.release.tdnet.info/inbs/140120260114533925.pdf,False,,japanese,,東,
2026-01-15 12:30:00,2026-01-15,93990,ビート,ビットコインETFの追加購入に関するお知らせ,https://www.release.tdnet.info/inbs/140120260115534362.pdf,False,,japanese,,東,
2026-01-15 12:05:00,2026-01-15,13264,Ｅ－ワールド,SPDRゴールド・シェアに関する日々の開示事項,https://www.release.tdnet.info/inbs/140120260115534348.pdf,False,,japanese,,東,
2026-01-15 12:00:00,2026-01-15,13494,Ｅ－ＳＳＧＡ－ＳＩＮ,アジア国債・公債ＥＴＦ（正式名称：ＡＢＦ汎アジア債券インデックス・ファンド）に関する日々の開示事項,https://www.release.tdnet.info/inbs/140120260115534343.pdf,False,,japanese,,東,
2026-01-15 12:00:00,2026-01-15,40990,四国化成ＨＤ,業績予想の修正および配当予想の修正に関するお知らせ,https://www.release.tdnet.info/inbs/140120260114534051.pdf,True,,japanese,,東,https://www.release.tdnet.info/inbs/091220260114534051.zip
2026-01-15 12:00:00,2026-01-15,92450,Ｇ－リベロ,2025年12月度 月次売上高（速報）および主要KPIに関するお知らせ,https://www.release.tdnet.info/inbs/140120260115534256.pdf,False,,japanese,,東,
2026-01-15 11:55:00,2026-01-15,15574,Ｅ－ＳＳＧＡＴＣ,SPDR S&P500 ETFに関する日々の開示事項,https://www.release.tdnet.info/inbs/140120260115534337.pdf,False,,japanese,,東,
2026-01-15 11:30:00,2026-01-15,20704,Ｎ－三菱ＵＦＪ証ＨＤ,上場ETN（発行者：三菱UFJ証券ホールディングス株式会社）に関する日々の開示事項,https://www.release.tdnet.info/inbs/140120260115534293.pdf,False,,japanese,,東,
2026-01-15 11:30:00,2026-01-15,40580,Ｇ－トヨクモ,2025年12月度 月次売上速報に関するお知らせ,https://www.release.tdnet.info/inbs/140120260114533509.pdf,False,,japanese,,東,
2026-01-15 11:30:00,2026-01-15,87050,日産証券グループ,2025年12月の月次業績等（速報）に関するお知らせ,https://www.release.tdnet.info/inbs/140120260114533926.pdf,False,,japanese,,東,
2026-01-15 11:30:00,2026-01-15,99820,タキヒヨー,自己株式立会外買付取引（ToSTNeT-3）による自己株式の取得結果に関するお知らせ,https://www.release.tdnet.info/inbs/140120260114533481.pdf,False,,japanese,,東名,
2026-01-15 11:00:00,2026-01-15,38400,ＰＡＴＨ,暗号資産売却益（営業外収益）の計上に関するお知らせ,https://www.release.tdnet.info/inbs/140120260115534278.pdf,False,,japanese,,東,
2026-01-15 10:40:00,2026-01-15,14330,ベステラ,自己株式立会外買付取引（ToSTNeT-3）による自己株式の取得結果及び取得終了並びに主要株主である筆頭株主の異動に関するお知らせ,https://www.release.tdnet.info/inbs/140120260114534129.pdf,False,,japanese,,東,
2026-01-15 10:30:00,2026-01-15,84390,東京センチュリー,Aviation Capital Group LLCにおける財務上の特約が付された 米ドル建無担保普通社債発行に関するお知らせ,https://www.release.tdnet.info/inbs/140120260115534222.pdf,False,,japanese,,東,
2026-01-15 10:10:00,2026-01-15,15624,Ｅ－三井住友ＤＳＡＭ,上場ＥＴＦ（管理会社：三井住友DSアセットマネジメント）に関する日々の開示事項,https://www.release.tdnet.info/inbs/140120260115534244.pdf,False,,japanese,,東,
2026-01-15 10:00:00,2026-01-15,16714,Ｅ－シンプレクス,上場ＥＴＦ(管理会社：シンプレクス・アセット・マネジメント)に関する日々の開示事項,https://www.release.tdnet.info/inbs/140120260115534233.pdf,False,,japanese,,東,
2026-01-15 10:00:00,2026-01-15,16724,Ｅ－ＷｉｓｄｏｍＴｒ,上場ETF（管理会社：WisdomTree、外国投資法人：MSL）に関する日々の開示事項,https://www.release.tdnet.info/inbs/140120260115534228.pdf,False,,japanese,,東,
2026-01-15 10:00:00,2026-01-15,16724,Ｅ－ＷｉｓｄｏｍＴｒ,上場ETF（管理会社：WisdomTree、外国投資法人：CSL）に関する日々の開示事項,https://www.release.tdnet.info/inbs/140120260115534232.pdf,False,,japanese,,東,
2026-01-15 10:00:00,2026-01-15,35630,Ｆ＆ＬＣ,株価条件付株式報酬型ストックオプションの発行内容確定に関するお知らせ,https://www.release.tdnet.info/inbs/140120260113532670.pdf,False,,japanese,,東,
2026-01-15 10:00:00,2026-01-15,36080,ＴＳＩ　ＨＤ,2026年2月期 第3四半期決算説明会資料,https://www.release.tdnet.info/inbs/140120260114533504.pdf,False,,japanese,,東,
2026-01-15 10:00:00,2026-01-15,36550,ブレインパッド,主要株主の異動に関するお知らせ,https://www.release.tdnet.info/inbs/140120260115534239.pdf,False,,japanese,,東,
2026-01-15 10:00:00,2026-01-15,59420,日フイルコン,自己株式立会外買付取引（ToSTNeT-3）による自己株式の取得結果および自己株式取得終了に関するお知らせ,https://www.release.tdnet.info/inbs/140120260115534223.pdf,False,,japanese,,東,
2026-01-15 10:00:00,2026-01-15,67720,コスモス電,特別委員会の調査報告書の指摘を受けた当社の対応方針について,https://www.release.tdnet.info/inbs/140120260115534226.pdf,False,,japanese,,東,
2026-01-15 10:00:00,2026-01-15,70590,コプロＨＤ,2025年12月度 在籍技術者数、稼働技術者数・稼働率の月次開示に関するお知らせ,https://www.release.tdnet.info/inbs/140120260114534107.pdf,False,,japanese,,東名,
2026-01-15 10:00:00,2026-01-15,75140,ヒマラヤ,自己株式立会外買付取引（ToSTNeT-3）による自己株式の取得結果および取得終了に関するお知らせ,https://www.release.tdnet.info/inbs/140120260115534225.pdf,False,,japanese,,東名,
2026-01-15 10:00:00,2026-01-15,98370,モリト,自己株式の取得状況および取得終了に関するお知らせ,https://www.release.tdnet.info/inbs/140120260115534217.pdf,False,,japanese,,東,
2026-01-15 09:40:00,2026-01-15,13294,Ｅ－ブラックロック,上場ETF（管理会社：ブラックロック・ジャパン）に関する日々の開示事項,https://www.release.tdnet.info/inbs/140120260115534216.pdf,False,,japanese,,東,
2026-01-15 09:00:00,2026-01-15,95600,Ｇ－プログリット,2026年8月期 第1四半期決算に関する質疑応答（要旨）,https://www.release.tdnet.info/inbs/140120260115534190.pdf,False,,japanese,,東,
2026-01-15 08:30:00,2026-01-15,71380,Ｇ－ＴＯＲＩＣＯ,主要株主の異動に関するお知らせ,https://www.release.tdnet.info/inbs/140120260114533991.pdf,False,,japanese,,東,
2026-01-16 19:45:00,2026-01-16,66340,ネクスＧ,2025年11月期決算短信〔日本基準〕(連結),https://www.release.tdnet.info/inbs/140120260115534701.pdf,True,,japanese,,東,https://www.release.tdnet.info/inbs/081220260115534701.zip
2026-01-16 19:45:00,2026-01-16,66340,ネクスＧ,特別利益（連結）、特別損失（単体、連結）の計上及び2025年11月期通期連結業績予想値と実績値との差異に関するお知らせ,https://www.release.tdnet.info/inbs/140120260116534970.pdf,False,,japanese,,東,
2026-01-16 19:45:00,2026-01-16,66340,ネクスＧ,親会社及びその他の関係会社の異動に関するお知らせ,https://www.release.tdnet.info/inbs/140120260116534976.pdf,False,,japanese,,東,
2026-01-16 19:45:00,2026-01-16,93270,イー・ロジット,第三者割当による新株式及び第８回新株予約権の発行並びに主要株主及びその他の関係会社の異動に関するお知らせ,https://www.release.tdnet.info/inbs/140120260116535301.pdf,False,,japanese,,東,
2026-01-16 19:05:00,2026-01-16,81290,東邦ＨＤ,当社株券等の大規模買付行為等に係る大規模買付行為等説明書の受領に関するお知らせ,https://www.release.tdnet.info/inbs/140120260116535297.pdf,False,,japanese,,東,
2026-01-16 19:00:00,2026-01-16,13460,ＭＸＳ２２５,ＭＡＸＩＳ ＥＴＦの収益分配のお知らせ,https://www.release.tdnet.info/inbs/140120260116535287.pdf,False,,japanese,,東,
2026-01-16 19:00:00,2026-01-16,13480,ＭＸＳトピクス,ＭＡＸＩＳ ＥＴＦの収益分配のお知らせ,https://www.release.tdnet.info/inbs/140120260116535288.pdf,False,,japanese,,東,
2026-01-16 19:00:00,2026-01-16,14850,ＭＸＳ　Ｊ積極投資,ＭＡＸＩＳ ＥＴＦの収益分配のお知らせ,https://www.release.tdnet.info/inbs/140120260116535289.pdf,False,,japanese,,東,
2026-01-16 19:00:00,2026-01-16,15530,ＭＸＳ東海,ＭＡＸＩＳ ＥＴＦの収益分配のお知らせ,https://www.release.tdnet.info/inbs/140120260116535294.pdf,False,,japanese,,名,
2026-01-16 19:00:00,2026-01-16,15930,ＭＸＳ４００,ＭＡＸＩＳ ＥＴＦの収益分配のお知らせ,https://www.release.tdnet.info/inbs/140120260116535290.pdf,False,,japanese,,東,
2026-01-16 19:00:00,2026-01-16,25230,ＭＸＳトピ除く金融,ＭＡＸＩＳ ＥＴＦの収益分配のお知らせ,https://www.release.tdnet.info/inbs/140120260116535291.pdf,False,,japanese,,東,
2026-01-16 19:00:00,2026-01-16,45770,ダイト,(訂正)「2026年5月期 第2四半期決算説明資料」の一部訂正について,https://www.release.tdnet.info/inbs/140120260116535264.pdf,False,,japanese,,東,
2026-01-16 18:45:00,2026-01-16,40800,田中化研,（開示事項の経過）住友化学株式会社と株式会社田中化学研究所の簡易株式交換における株式交換比率の決定に関するお知らせ,https://www.release.tdnet.info/inbs/140120260116535282.pdf,False,,japanese,,東,
2026-01-16 18:30:00,2026-01-16,30670,東京一番フーズ,（再訂正）「（訂正）「ストックオプション（新株予約権）の割当に関するお知らせ」の一部訂正について」の再訂正等について,https://www.release.tdnet.info/inbs/140120260116535272.pdf,False,,japanese,,東,
2026-01-16 18:30:00,2026-01-16,30670,東京一番フーズ,（訂正）「ストックオプション（新株予約権）の発行内容確定に関するお知らせ」の一部訂正について,https://www.release.tdnet.info/inbs/140120260116535271.pdf,False,,japanese,,東,
2026-01-16 18:00:00,2026-01-16,34750,グッドコムアセット,当社に対する訴訟の提起に関するお知らせ,https://www.release.tdnet.info/inbs/140120260116535233.pdf,False,,japanese,,東福,
2026-01-16 18:00:00,2026-01-16,40050,住友化,（開示事項の経過）住友化学株式会社と株式会社田中化学研究所の簡易株式交換における株式交換比率の決定に関するお知らせ,https://www.release.tdnet.info/inbs/140120260116534969.pdf,False,,japanese,,東,
2026-01-16 18:00:00,2026-01-16,42220,児玉化,連結子会社における固定資産の譲渡に関するお知らせ,https://www.release.tdnet.info/inbs/140120260116534978.pdf,False,,japanese,,東,
2026-01-16 18:00:00,2026-01-16,73520,Ｇ－ＴＷＯＳＴＯＮＥ,2026年８月期 第１四半期決算説明動画と書き起こし公開のお知らせ,https://www.release.tdnet.info/inbs/140120260116535257.pdf,False,,japanese,,東,
2026-01-16 17:30:00,2026-01-16,49310,新日本製薬,取締役に対する株式報酬としての自己株式の処分の払込完了に関するお知らせ,https://www.release.tdnet.info/inbs/140120260116535080.pdf,False,,japanese,,東,
2026-01-16 17:30:00,2026-01-16,50270,Ｇ－ＡｎｙＭｉｎｄ,当社連結子会社による株式会社Bcodeの全株式の取得（連結子会社化） に関するお知らせ,https://www.release.tdnet.info/inbs/140120260116535224.pdf,False,,japanese,,東,
2026-01-16 17:30:00,2026-01-16,93480,Ｇ－ｉｓｐａｃｅ,宇宙戦略基金第二期（月極域における高精度着陸技術）採択のお知らせ,https://www.release.tdnet.info/inbs/140120260116535244.pdf,False,,japanese,,東,
2026-01-16 17:30:00,2026-01-16,99410,太洋物産,2026年９月期 12月度　月次業績（売上高）速報,https://www.release.tdnet.info/inbs/140120260116535258.pdf,False,,japanese,,東,
2026-01-16 17:00:00,2026-01-16,22960,伊藤ハム米久ＨＤ,役員・執行役員の異動に関するお知らせ,https://www.release.tdnet.info/inbs/140120260115534715.pdf,False,,japanese,,東,
2026-01-16 17:00:00,2026-01-16,32210,ヨシックスＨＤ,2026年３月期　12月度　店舗数の状況及び月次売上高前年対比のお知らせ,https://www.release.tdnet.info/inbs/140120260116535143.pdf,False,,japanese,,東名,
2026-01-16 17:00:00,2026-01-16,34540,ファーストブラザーズ,剰余金の配当に関するお知らせ,https://www.release.tdnet.info/inbs/140120260116535094.pdf,False,,japanese,,東,
2026-01-16 17:00:00,2026-01-16,46790,田谷,臨時株主総会の開催場所及び付議議案の追加に関するお知らせ,https://www.release.tdnet.info/inbs/140120260116535077.pdf,False,,japanese,,東,
2026-01-16 17:00:00,2026-01-16,64320,竹内製作所,株式会社竹内製作所（証券コード 6432）に対する 公開買付けに準ずる行為として政令で定める買集め行為に関するお知らせ,https://www.release.tdnet.info/inbs/140120260116535102.pdf,False,,japanese,,東,
2026-01-16 17:00:00,2026-01-16,71610,じもとＨＤ,取得価額の修正に関するお知らせ,https://www.release.tdnet.info/inbs/140120260116535235.pdf,False,,japanese,,東,
2026-01-16 17:00:00,2026-01-16,92290,サンウェルズ,監査等委員会による外部弁護士への社内調査の委嘱に関するお知らせ,https://www.release.tdnet.info/inbs/140120260116535231.pdf,False,,japanese,,東,
2026-01-16 16:50:00,2026-01-16,89520,Ｒ－ジャパン,国内不動産の取得に関するお知らせ,https://www.release.tdnet.info/inbs/140120260116535134.pdf,False,,japanese,,東,
2026-01-16 16:45:00,2026-01-16,68090,ＴＯＡ,第三者割当増資における発行株式数の確定に関するお知らせ,https://www.release.tdnet.info/inbs/140120260116534997.pdf,False,,japanese,,東,
2026-01-16 16:40:00,2026-01-16,37270,Ｇ－ＡＰＬＩＸ,持株会社体制への移行を前提とした株式交換に関するご説明資料,https://www.release.tdnet.info/inbs/140120260116535083.pdf,False,,japanese,,東,
2026-01-16 16:40:00,2026-01-16,37270,Ｇ－ＡＰＬＩＸ,株式会社アプリックスと株式会社グローバルキャストの持株会社体制への移行を前提とした株式交換に関する最終合意に関するお知らせ,https://www.release.tdnet.info/inbs/140120260116535099.pdf,False,,japanese,,東,
2026-01-16 16:40:00,2026-01-16,37270,Ｇ－ＡＰＬＩＸ,株式会社光通信に対する第三者割当による募集新株予約権の発行に関するお知らせ,https://www.release.tdnet.info/inbs/140120260116535103.pdf,False,,japanese,,東,
2026-01-16 16:40:00,2026-01-16,37270,Ｇ－ＡＰＬＩＸ,主要株主の異動、及び主要株主である筆頭株主の異動に関するお知らせ,https://www.release.tdnet.info/inbs/140120260116535110.pdf,False,,japanese,,東,
2026-01-16 16:40:00,2026-01-16,37270,Ｇ－ＡＰＬＩＸ,定款一部変更に関するお知らせ,https://www.release.tdnet.info/inbs/140120260116535116.pdf,False,,japanese,,東,
2026-01-16 16:30:00,2026-01-16,32790,Ｒ－ＡＰＩ,国内不動産信託受益権の譲渡に関するお知らせ（神戸旧居留地25番館）,https://www.release.tdnet.info/inbs/140120260114534109.pdf,False,,japanese,,東,
2026-01-16 16:30:00,2026-01-16,32790,Ｒ－ＡＰＩ,2025年11月期決算短信（REIT）,https://www.release.tdnet.info/inbs/140120260114534116.pdf,True,,japanese,,東,https://www.release.tdnet.info/inbs/081220260114534116.zip
2026-01-16 16:30:00,2026-01-16,32790,Ｒ－ＡＰＩ,2026年５月期の運用状況の予想値及び分配金の予想額の修正に関するお知らせ,https://www.release.tdnet.info/inbs/140120260114534113.pdf,True,,japanese,,東,https://www.release.tdnet.info/inbs/091220260114534113.zip
2026-01-16 16:30:00,2026-01-16,49580,長谷川香,譲渡制限付株式報酬としての自己株式の処分の払込完了に関するお知らせ,https://www.release.tdnet.info/inbs/140120260114533263.pdf,False,,japanese,,東,
2026-01-16 16:30:00,2026-01-16,62290,オーケーエム,自己株式の取得及び自己株式立会外買付取引（ToSTNeT-3）による自己株式の買付けに関するお知らせ,https://www.release.tdnet.info/inbs/140120260116535084.pdf,False,,japanese,,東,
2026-01-16 16:30:00,2026-01-16,78650,ピープル,2026年1月期12月度　月次業績動向（2025年1月21日～2025年12月20日）,https://www.release.tdnet.info/inbs/140120260115534629.pdf,False,,japanese,,東,
2026-01-16 16:30:00,2026-01-16,83490,東北銀,取得価額の修正に関するお知らせ,https://www.release.tdnet.info/inbs/140120260116535213.pdf,False,,japanese,,東,
2026-01-16 16:30:00,2026-01-16,85590,豊和銀,取得価額に関するお知らせ,https://www.release.tdnet.info/inbs/140120260116535120.pdf,False,,japanese,,福,
2026-01-16 16:30:00,2026-01-16,86040,野村,株式報酬としての自己株式処分に関するお知らせ,https://www.release.tdnet.info/inbs/140120260116535125.pdf,False,,japanese,,東名,
2026-01-16 16:30:00,2026-01-16,96510,日プロ,決算説明会資料,https://www.release.tdnet.info/inbs/140120260116535212.pdf,False,,japanese,,東,
2026-01-16 16:00:00,2026-01-16,29720,Ｒ－サンケイＲＥ,Tiger LPS及びLion LPSによるサンケイリアルエステート投資法人（証券コード：2972）投資口に対する公開買付けに関して交付される予定の金額及び交付予定時期,https://www.release.tdnet.info/inbs/140120260115534699.pdf,False,,japanese,,東,
2026-01-16 16:00:00,2026-01-16,39670,Ｇ－エルテス,「2026年２月期第３四半期 決算説明動画」およびスクリプトの公開のお知らせ,https://www.release.tdnet.info/inbs/140120260116535024.pdf,False,,japanese,,東,
2026-01-16 16:00:00,2026-01-16,41690,Ｇ－エネチェンジ,よくある質問と回答（2026年1月）,https://www.release.tdnet.info/inbs/140120260116535128.pdf,False,,japanese,,東,
2026-01-16 16:00:00,2026-01-16,44120,Ｇ－サイエンスアーツ,（開示事項の経過）譲渡制限付株式報酬としての新株式発行の払込完了に関するお知らせ,https://www.release.tdnet.info/inbs/140120260115534734.pdf,False,,japanese,,東,
2026-01-16 16:00:00,2026-01-16,44150,Ｇ－ブロードエンター,債権の流動化に関するお知らせ,https://www.release.tdnet.info/inbs/140120260115534181.pdf,False,,japanese,,東,
2026-01-16 16:00:00,2026-01-16,44150,Ｇ－ブロードエンター,シンジケートローン契約締結および資金の借入に関するお知らせ,https://www.release.tdnet.info/inbs/140120260115534182.pdf,False,,japanese,,東,
2026-01-16 16:00:00,2026-01-16,54400,共英製鋼,（開示事項の経過）米国拠点における設備投資計画の一部変更に関するお知らせ,https://www.release.tdnet.info/inbs/140120260115534689.pdf,False,,japanese,,東,
2026-01-16 16:00:00,2026-01-16,55270,Ｇ－ｐｒｏｐｅｔｅｃ,2025年11月期通期決算説明会書き起こし,https://www.release.tdnet.info/inbs/140120260116535206.pdf,False,,japanese,,東,
2026-01-16 16:00:00,2026-01-16,59450,天龍製鋸,本社社屋の建替えおよび本社機能の一部の一時移転に関するお知らせ,https://www.release.tdnet.info/inbs/140120260116535194.pdf,False,,japanese,,東,
2026-01-16 16:00:00,2026-01-16,61650,パンチ,執行役員人事に関するお知らせ,https://www.release.tdnet.info/inbs/140120260115534555.pdf,False,,japanese,,東,
2026-01-16 16:00:00,2026-01-16,76700,オーウエル,組織変更、取締役および執行役員の担当職務変更ならびに人事異動に関するお知らせ,https://www.release.tdnet.info/inbs/140120260116535003.pdf,False,,japanese,,東,
2026-01-16 16:00:00,2026-01-16,76990,Ｇ－ＯＰＳ,株式の無償割当て及びJDR受益権付与率の変更について,https://www.release.tdnet.info/inbs/140120260116534935.pdf,False,,japanese,,東,
2026-01-16 16:00:00,2026-01-16,77250,インターアクション,2026年5月期第2四半期決算説明会資料 スピーチ原稿,https://www.release.tdnet.info/inbs/140120260116535071.pdf,False,,japanese,,東,
2026-01-16 16:00:00,2026-01-16,77250,インターアクション,2026年5月期第2四半期決算説明会 質疑応答（要旨),https://www.release.tdnet.info/inbs/140120260116535065.pdf,False,,japanese,,東,
2026-01-16 16:00:00,2026-01-16,90670,丸運,「センコーグループホールディングス株式会社による当社株式に対する公開買付けの開始予定に関する賛同の意見表明及び応募推奨のお知らせ」の一部訂正のお知らせ,https://www.release.tdnet.info/inbs/140120260116534771.pdf,False,,japanese,,東,
2026-01-16 16:00:00,2026-01-16,90690,センコーグループＨＤ,（訂正）「株式会社丸運（証券コード：9067）に対する公開買付けの開始予定に関するお知らせ」の一部訂正に関するお知らせ,https://www.release.tdnet.info/inbs/140120260116535126.pdf,False,,japanese,,東,
2026-01-16 16:00:00,2026-01-16,94460,サカイＨＤ,譲渡制限付株式報酬としての自己株式の処分の払込完了に関するお知らせ,https://www.release.tdnet.info/inbs/140120260115534704.pdf,False,,japanese,,東,
2026-01-16 15:55:00,2026-01-16,29270,ＡＦＣ－ＨＤ,第三者割当により発行された第６回新株予約権（行使価額修正条項付）の大量行使に関するお知らせ,https://www.release.tdnet.info/inbs/140120260116535192.pdf,False,,japanese,,東,
2026-01-16 15:45:00,2026-01-16,45980,Ｇ－ＤＥＬＴＡ－Ｐ,第三者割当による行使価額修正条項付第11回新株予約権の発行に関するお知らせ,https://www.release.tdnet.info/inbs/140120260116535020.pdf,False,,japanese,,東,
2026-01-16 15:45:00,2026-01-16,45980,Ｇ－ＤＥＬＴＡ－Ｐ,第三者割当による行使価額修正条項付第11回新株予約権の発行に関する説明資料,https://www.release.tdnet.info/inbs/140120260116535022.pdf,False,,japanese,,東,
2026-01-16 15:30:00,2026-01-16,21200,ＬＩＦＵＬＬ,募集新株予約権（有償ストック・オプション）の発行内容確定に関するお知らせ,https://www.release.tdnet.info/inbs/140120260116535079.pdf,False,,japanese,,東,
2026-01-16 15:30:00,2026-01-16,21560,セーラー広告,自己株式を活用した第三者割当による第４回新株予約権（行使価額修正条項付）の大量行使、行使完了及び月間行使状況に関するお知らせ,https://www.release.tdnet.info/inbs/140120260115534684.pdf,False,,japanese,,東,
2026-01-16 15:30:00,2026-01-16,22070,ｍｅｉｔｏ,自己株式の取得状況および取得終了ならびに消却株式数に関するお知らせ,https://www.release.tdnet.info/inbs/140120260115534732.pdf,False,,japanese,,東名,
2026-01-16 15:30:00,2026-01-16,23050,スタジオアリス,2025年12月の月次売上高等について,https://www.release.tdnet.info/inbs/140120260108531031.pdf,False,,japanese,,東,
2026-01-16 15:30:00,2026-01-16,23340,Ｇ－イオレ,（開示事項の経過）「Neo Crypto Bank構想」におけるビットコイン（BTC）追加取得のお知らせ,https://www.release.tdnet.info/inbs/140120260116535141.pdf,False,,japanese,,東,
2026-01-16 15:30:00,2026-01-16,23740,セントケアＨＤ,株式併合並びに単元株式数の定めの廃止及び定款の一部変更に関するお知らせ,https://www.release.tdnet.info/inbs/140120260116535106.pdf,False,,japanese,,東,
2026-01-16 15:30:00,2026-01-16,23740,セントケアＨＤ,自己株式の消却に関するお知らせ,https://www.release.tdnet.info/inbs/140120260116535117.pdf,False,,japanese,,東,
2026-01-16 15:30:00,2026-01-16,24080,ＫＧ情報,業績予想の修正に関するお知らせ,https://www.release.tdnet.info/inbs/140120260109531946.pdf,True,,japanese,,東,https://www.release.tdnet.info/inbs/091220260109531946.zip
2026-01-16 15:30:00,2026-01-16,27300,エディオン,連結子会社の吸収合併（簡易合併・略式合併）に関するお知らせ,https://www.release.tdnet.info/inbs/140120260116534888.pdf,False,,japanese,,東,
2026-01-16 15:30:00,2026-01-16,27360,フェスタリアＨＤ,取締役に対する譲渡制限付株式報酬としての自己株式処分の払込完了に関するお知らせ,https://www.release.tdnet.info/inbs/140120260116535032.pdf,False,,japanese,,東,
2026-01-16 15:30:00,2026-01-16,29340,Ｇ－Ｊフロンティア,2026年5月期 第2四半期決算説明会書き起こし記事の公表について,https://www.release.tdnet.info/inbs/140120260116535193.pdf,False,,japanese,,東,
2026-01-16 15:30:00,2026-01-16,29790,Ｒ－ＳＯＳｉＬＡ物流,資産運用会社の業務改善報告提出に関するお知らせ,https://www.release.tdnet.info/inbs/140120260116535057.pdf,False,,japanese,,東,
2026-01-16 15:30:00,2026-01-16,29790,Ｒ－ＳＯＳｉＬＡ物流,資産運用会社におけるコンプライアンス宣言採択に関するお知らせ,https://www.release.tdnet.info/inbs/140120260116535064.pdf,False,,japanese,,東,
2026-01-16 15:30:00,2026-01-16,31350,マーケットエンター,月次連結売上高（速報）,https://www.release.tdnet.info/inbs/140120260116534928.pdf,False,,japanese,,東,
2026-01-16 15:30:00,2026-01-16,31860,ネクステージ,定款一部変更、取締役及び監査役候補者選任、及び監査役報酬限度額改定に関するお知らせ,https://www.release.tdnet.info/inbs/140120260115534423.pdf,False,,japanese,,東名,
2026-01-16 15:30:00,2026-01-16,35490,クスリのアオキＨＤ,イオン株式会社との業務資本提携の終了に関するお知らせ,https://www.release.tdnet.info/inbs/140120260116535170.pdf,False,,japanese,,東,
2026-01-16 15:30:00,2026-01-16,35490,クスリのアオキＨＤ,臨時株主総会の開催及び付議議案に関するお知らせ,https://www.release.tdnet.info/inbs/140120260116535184.pdf,False,,japanese,,東,
2026-01-16 15:30:00,2026-01-16,35490,クスリのアオキＨＤ,当社株式の大量取得行為に関わる対応方針（買収への対応方針）の導入について,https://www.release.tdnet.info/inbs/140120260116535188.pdf,False,,japanese,,東,
2026-01-16 15:30:00,2026-01-16,36520,Ｇ－ＤＭＰ,人事異動に関するお知らせ,https://www.release.tdnet.info/inbs/140120260116535051.pdf,False,,japanese,,東,
2026-01-16 15:30:00,2026-01-16,36900,イルグルム,譲渡制限株式報酬としての自己株式の処分に関するお知らせ,https://www.release.tdnet.info/inbs/140120260115534571.pdf,False,,japanese,,東,
2026-01-16 15:30:00,2026-01-16,38100,サイバーステップＨＤ,第三者割当による第42回新株予約権の行使状況に関するお知らせ,https://www.release.tdnet.info/inbs/140120260116534754.pdf,False,,japanese,,東,
2026-01-16 15:30:00,2026-01-16,39240,ランドコンピュータ,臨時株主総会の決議結果に関するお知らせ,https://www.release.tdnet.info/inbs/140120260115534243.pdf,False,,japanese,,東,
2026-01-16 15:30:00,2026-01-16,40140,Ｇ－カラダノート,募集新株予約権（業績連動型有償ストック・オプション）の発行に関するお知らせ,https://www.release.tdnet.info/inbs/140120260116535043.pdf,False,,japanese,,東,
2026-01-16 15:30:00,2026-01-16,41650,Ｇ－プレイド,譲渡制限付株式報酬としての新株式発行に関するお知らせ,https://www.release.tdnet.info/inbs/140120260116534933.pdf,False,,japanese,,東,
2026-01-16 15:30:00,2026-01-16,43330,東邦システム,臨時株主総会の決議結果に関するお知らせ,https://www.release.tdnet.info/inbs/140120260116535171.pdf,False,,japanese,,東,
2026-01-16 15:30:00,2026-01-16,43740,Ｇ－ロボペイ,2025年12月度 月次売上高のお知らせ,https://www.release.tdnet.info/inbs/140120260116534823.pdf,False,,japanese,,東,
2026-01-16 15:30:00,2026-01-16,43940,Ｇ－エクスモーション,剰余金の配当に関するお知らせ,https://www.release.tdnet.info/inbs/140120260116534881.pdf,False,,japanese,,東,
2026-01-16 15:30:00,2026-01-16,45910,Ｇ－リボミック,（訂正）2026年３月期第２四半期決算説明会資料の一部訂正のお知らせ,https://www.release.tdnet.info/inbs/140120260116535000.pdf,False,,japanese,,東,
2026-01-16 15:30:00,2026-01-16,49140,高砂香料,公開買付けへの応募及び特別利益の計上（見込）に関するお知らせ,https://www.release.tdnet.info/inbs/140120260115534139.pdf,False,,japanese,,東,
2026-01-16 15:30:00,2026-01-16,49170,マンダム,（変更）「ＭＢＯの実施に関する賛同の意見表明及び応募の推奨に関するお知らせ」の一部変更に関するお知らせ,https://www.release.tdnet.info/inbs/140120260116534870.pdf,False,,japanese,,東,
2026-01-16 15:30:00,2026-01-16,49290,アジュバンＨＤ,2026年３月期　第３四半期決算短信［日本基準］（連結）,https://www.release.tdnet.info/inbs/140120260116534923.pdf,True,,japanese,,東,https://www.release.tdnet.info/inbs/081220260116534923.zip
2026-01-16 15:30:00,2026-01-16,49290,アジュバンＨＤ,2026年３月期　第３四半期決算説明資料,https://www.release.tdnet.info/inbs/140120260116534949.pdf,False,,japanese,,東,
2026-01-16 15:30:00,2026-01-16,50260,Ｇ－トリプルアイズ,トリプルアイズ 2026 年８月期第 1 四半期決算説明会 書き起こし公開のお知らせ,https://www.release.tdnet.info/inbs/140120260116535183.pdf,False,,japanese,,東,
2026-01-16 15:30:00,2026-01-16,58880,Ｇ－ダイワサイクル,2026年１月期12月度 売上速報に関するお知らせ,https://www.release.tdnet.info/inbs/140120260116534903.pdf,False,,japanese,,東,
2026-01-16 15:30:00,2026-01-16,60930,エスクローＡＪ,2026年２月期 第３四半期 決算説明における想定質問と回答,https://www.release.tdnet.info/inbs/140120260115534736.pdf,False,,japanese,,東,
2026-01-16 15:30:00,2026-01-16,61970,ソラスト,（開示事項の経過・変更）会社分割（簡易吸収分割）によるこども事業の分社化に伴う 吸収分割契約締結に関するお知らせ,https://www.release.tdnet.info/inbs/140120260116534907.pdf,False,,japanese,,東,
2026-01-16 15:30:00,2026-01-16,61970,ソラスト,執行役員体制に関するお知らせ,https://www.release.tdnet.info/inbs/140120260116534895.pdf,False,,japanese,,東,
2026-01-16 15:30:00,2026-01-16,69410,山一電機,従業員持株会向け譲渡制限付株式インセンティブとしての自己株式の処分の払込完了及び一部失権に関するお知らせ,https://www.release.tdnet.info/inbs/140120260116534800.pdf,False,,japanese,,東,
2026-01-16 15:30:00,2026-01-16,69650,浜松ホトニク,譲渡制限付株式報酬としての新株式の発行の払込完了に関するお知らせ,https://www.release.tdnet.info/inbs/140120260107529865.pdf,False,,japanese,,東,
2026-01-16 15:30:00,2026-01-16,70660,Ｇ－ピアズ,株式会社ウィズオノウェアからの「SES事業」の譲受に関するお知らせ,https://www.release.tdnet.info/inbs/140120260115534607.pdf,False,,japanese,,東,
2026-01-16 15:30:00,2026-01-16,70830,Ｇ－ＡＨＣグループ,2025年11月期決算短信〔日本基準〕(連結),https://www.release.tdnet.info/inbs/140120260116534909.pdf,True,,japanese,,東,https://www.release.tdnet.info/inbs/081220260116534909.zip
2026-01-16 15:30:00,2026-01-16,70830,Ｇ－ＡＨＣグループ,2025年11月期通期業績予想と実績との差異及び特別損失の計上に関するお知らせ,https://www.release.tdnet.info/inbs/140120260116534924.pdf,False,,japanese,,東,
2026-01-16 15:30:00,2026-01-16,70830,Ｇ－ＡＨＣグループ,2025年11月期 決算説明資料,https://www.release.tdnet.info/inbs/140120260116534936.pdf,False,,japanese,,東,
2026-01-16 15:30:00,2026-01-16,70830,Ｇ－ＡＨＣグループ,自己株式の取得状況及び取得終了に関するお知らせ,https://www.release.tdnet.info/inbs/140120260116534953.pdf,False,,japanese,,東,
2026-01-16 15:30:00,2026-01-16,72050,日野自,"和泰汽車有限公司（HOTAI MOTOR CO., LTD.）の持分の売却に伴う特別利益（投資有価証券売却益）の計上に関するお知らせ",https://www.release.tdnet.info/inbs/140120260116534775.pdf,False,,japanese,,東名,
2026-01-16 15:30:00,2026-01-16,72500,太平洋工,臨時株主総会招集のための基準日設定に関するお知らせ,https://www.release.tdnet.info/inbs/140120260115534414.pdf,False,,japanese,,東名,
2026-01-16 15:30:00,2026-01-16,75010,ティムコ,繰延税金資産の取り崩し及び業績予想と実績値の差異に関するお知らせ,https://www.release.tdnet.info/inbs/140120260116534843.pdf,False,,japanese,,東,
2026-01-16 15:30:00,2026-01-16,75010,ティムコ,2025年11月期 決算短信〔日本基準〕(非連結),https://www.release.tdnet.info/inbs/140120260116534879.pdf,True,,japanese,,東,https://www.release.tdnet.info/inbs/081220260116534879.zip
2026-01-16 15:30:00,2026-01-16,75010,ティムコ,資本準備金の額の減少及び剰余金の配当に関するお知らせ,https://www.release.tdnet.info/inbs/140120260116534854.pdf,False,,japanese,,東,
2026-01-16 15:30:00,2026-01-16,75240,マルシェ,2025年12月度の月次料飲売上状況について,https://www.release.tdnet.info/inbs/140120260116535147.pdf,False,,japanese,,東,
2026-01-16 15:30:00,2026-01-16,76850,Ｇ－ＢＵＹＳＥＬＬ,2025年12月月次に関するお知らせ,https://www.release.tdnet.info/inbs/140120260116534983.pdf,False,,japanese,,東,
2026-01-16 15:30:00,2026-01-16,78310,ウイルコＨＤ,役員報酬減額に関するお知らせ,https://www.release.tdnet.info/inbs/140120260116535009.pdf,False,,japanese,,東,
2026-01-16 15:30:00,2026-01-16,81360,サンリオ,譲渡制限付株式報酬としての自己株式の処分の払込完了及び一部失権に関するお知らせ,https://www.release.tdnet.info/inbs/140120260116534871.pdf,False,,japanese,,東,
2026-01-16 15:30:00,2026-01-16,83590,八十二長野銀行,株主優待制度の導入について,https://www.release.tdnet.info/inbs/140120260115534200.pdf,False,,japanese,,東,
2026-01-16 15:30:00,2026-01-16,91690,Ｐ－大伸社,連結業績予想及び配当予想の修正に関するお知らせ,https://www.release.tdnet.info/inbs/140120260116534885.pdf,False,,japanese,,東,
2026-01-16 15:30:00,2026-01-16,92260,Ｐ－アイガー,2025年11月期 決算短信〔日本基準〕（連結）,https://www.release.tdnet.info/inbs/140120260116534962.pdf,False,,japanese,,東,
2026-01-16 15:30:00,2026-01-16,92330,アジア航測,譲渡制限付株式報酬としての自己株式の処分に関するお知らせ,https://www.release.tdnet.info/inbs/140120260115534744.pdf,False,,japanese,,東,
2026-01-16 15:30:00,2026-01-16,95530,Ｇ－マイクロアド,譲渡制限付株式報酬としての自己株式の処分の払込完了に関するお知らせ,https://www.release.tdnet.info/inbs/140120260116534780.pdf,False,,japanese,,東,
2026-01-16 15:30:00,2026-01-16,96470,協和コンサル,2025年11月期　決算短信〔日本基準〕（連結）,https://www.release.tdnet.info/inbs/140120260115534311.pdf,True,,japanese,,東,https://www.release.tdnet.info/inbs/081220260115534311.zip
2026-01-16 15:30:00,2026-01-16,96920,シーイーシー,自己株式の消却完了に関するお知らせ,https://www.release.tdnet.info/inbs/140120260116534891.pdf,False,,japanese,,東,
2026-01-16 15:30:00,2026-01-16,97200,ニューグランド,剰余金の配当に関するお知らせ,https://www.release.tdnet.info/inbs/140120260114534096.pdf,False,,japanese,,東,
2026-01-16 15:30:00,2026-01-16,97200,ニューグランド,役員の異動に関するお知らせ,https://www.release.tdnet.info/inbs/140120260114534099.pdf,False,,japanese,,東,
2026-01-16 15:30:00,2026-01-16,98800,イノテック,自己株式の取得状況及び取得終了に関するお知らせ,https://www.release.tdnet.info/inbs/140120260116534894.pdf,False,,japanese,,東,
2026-01-16 15:30:00,2026-01-16,99590,アシードＨＤ,VIHAMARK GROUP JOINT STOCK COMPANYの株式取得（持分法適用関連会社化）完了に関するお知らせ,https://www.release.tdnet.info/inbs/140120260116534777.pdf,False,,japanese,,東,
2026-01-16 15:00:00,2026-01-16,13790,ホクト,当社の執行役員に対する譲渡制限付株式としての自己株式処分に関するお知らせ,https://www.release.tdnet.info/inbs/140120260116535021.pdf,False,,japanese,,東,
2026-01-16 15:00:00,2026-01-16,14190,タマホーム,2026年５月期第２四半期 決算説明会（テレフォンカンファレンス）に関する質疑応答概要の公開について,https://www.release.tdnet.info/inbs/140120260116535066.pdf,False,,japanese,,東福,
2026-01-16 15:00:00,2026-01-16,61770,Ｇ－ＡｐｐＢａｎｋ,代表取締役の異動（追加選定）及び取締役候補者の決定に関するお知らせ,https://www.release.tdnet.info/inbs/140120260116535033.pdf,False,,japanese,,東,
2026-01-16 15:00:00,2026-01-16,62170,津田駒工,令和７年11月期決算短信[日本基準](連結),https://www.release.tdnet.info/inbs/140120260113532477.pdf,True,,japanese,,東,https://www.release.tdnet.info/inbs/081220260113532477.zip
2026-01-16 15:00:00,2026-01-16,62170,津田駒工,令和７年11月期通期業績予想と実績値との差異に関するお知らせ,https://www.release.tdnet.info/inbs/140120260115534358.pdf,False,,japanese,,東,
2026-01-16 15:00:00,2026-01-16,63950,タダノ,完全子会社の吸収合併（簡易合併・略式合併）に関するお知らせ,https://www.release.tdnet.info/inbs/140120260116535062.pdf,False,,japanese,,東,
2026-01-16 15:00:00,2026-01-16,63950,タダノ,取締役人事に関するお知らせ,https://www.release.tdnet.info/inbs/140120260116535078.pdf,False,,japanese,,東,
2026-01-16 15:00:00,2026-01-16,63950,タダノ,役員人事に関するお知らせ,https://www.release.tdnet.info/inbs/140120260116535082.pdf,False,,japanese,,東,
2026-01-16 15:00:00,2026-01-16,64080,小倉クラッチ,連結子会社の解散及び清算に関するお知らせ,https://www.release.tdnet.info/inbs/140120260116535059.pdf,False,,japanese,,東,
2026-01-16 15:00:00,2026-01-16,73620,Ｇ－Ｔ．Ｓ．Ｉ,連結子会社における固定資産の取得（愛知県一宮市）に関するお知らせ,https://www.release.tdnet.info/inbs/140120260116535104.pdf,False,,japanese,,東名,
2026-01-16 15:00:00,2026-01-16,78190,粧美堂,譲渡制限付株式報酬としての自己株式処分の割当完了に関するお知らせ,https://www.release.tdnet.info/inbs/140120260116534994.pdf,False,,japanese,,東,
2026-01-16 15:00:00,2026-01-16,87470,豊トラスティ証券,連結総資産の増加に関するお知らせ,https://www.release.tdnet.info/inbs/140120260116534774.pdf,False,,japanese,,東,
2026-01-16 14:30:00,2026-01-16,73370,ひろぎんＨＤ,取締役および執行役員に対する株式報酬制度に係る当社株式の追加取得に関するお知らせ,https://www.release.tdnet.info/inbs/140120260116534873.pdf,False,,japanese,,東,
2026-01-16 14:15:00,2026-01-16,17950,マサル,譲渡制限付株式報酬としての自己株式の処分完了に関するお知らせ,https://www.release.tdnet.info/inbs/140120260115534509.pdf,False,,japanese,,東,
2026-01-16 14:00:00,2026-01-16,31760,三洋貿易,譲渡制限付株式報酬としての自己株式の処分に関するお知らせ,https://www.release.tdnet.info/inbs/140120260115534253.pdf,False,,japanese,,東,
2026-01-16 14:00:00,2026-01-16,45910,Ｇ－リボミック,AIでRNAアプタマー創薬を効率化する新技術「RaptScore」の開発と論文発表のお知らせ,https://www.release.tdnet.info/inbs/140120260116534981.pdf,False,,japanese,,東,
2026-01-16 14:00:00,2026-01-16,75440,スリーエフ,役員人事に関するお知らせ,https://www.release.tdnet.info/inbs/140120260115534494.pdf,False,,japanese,,東,
2026-01-16 14:00:00,2026-01-16,80010,伊藤忠,代表取締役及び監査役の異動に関するお知らせ,https://www.release.tdnet.info/inbs/140120260116534946.pdf,False,,japanese,,東,
2026-01-16 14:00:00,2026-01-16,98230,マミーマートＨＤ,譲渡制限付株式報酬としての自己株式の処分に関するお知らせ,https://www.release.tdnet.info/inbs/140120260116535075.pdf,False,,japanese,,東,
2026-01-16 13:30:00,2026-01-16,38530,アステリア,JPYC株式会社との資本業務提携及び第三者割当による自己株式の処分に関するお知らせ,https://www.release.tdnet.info/inbs/140120260115534556.pdf,False,,japanese,,東,
2026-01-16 13:00:00,2026-01-16,43430,イオンファン,（訂正）「2026年２月期12月度の売上概況」の一部訂正に関するお知らせ,https://www.release.tdnet.info/inbs/140120260116535039.pdf,False,,japanese,,東,
2026-01-16 13:00:00,2026-01-16,67420,京三製,組織変更および執行役員体制に関するお知らせ,https://www.release.tdnet.info/inbs/140120260115534719.pdf,False,,japanese,,東,
2026-01-16 13:00:00,2026-01-16,99040,ベリテ,剰余金の配当（第３四半期配当）に関するお知らせ,https://www.release.tdnet.info/inbs/140120260116534960.pdf,False,,japanese,,東,
2026-01-16 12:30:00,2026-01-16,80580,三菱商事,子会社等の異動を伴う株式又は持分の取得に関するお知らせ,https://www.release.tdnet.info/inbs/140120260114534061.pdf,False,,japanese,,東,
2026-01-16 12:15:00,2026-01-16,36870,フィックスターズ,譲渡制限付株式報酬としての自己株式の処分の払込完了に関するお知らせ,https://www.release.tdnet.info/inbs/140120260116534966.pdf,False,,japanese,,東,
2026-01-16 12:10:00,2026-01-16,13264,Ｅ－ワールド,SPDRゴールド・シェアに関する日々の開示事項,https://www.release.tdnet.info/inbs/140120260116534992.pdf,False,,japanese,,東,
2026-01-16 12:05:00,2026-01-16,13494,Ｅ－ＳＳＧＡ－ＳＩＮ,アジア国債・公債ＥＴＦ（正式名称：ＡＢＦ汎アジア債券インデックス・ファンド）に関する日々の開示事項,https://www.release.tdnet.info/inbs/140120260116534986.pdf,False,,japanese,,東,
2026-01-16 12:00:00,2026-01-16,15574,Ｅ－ＳＳＧＡＴＣ,SPDR S&P500 ETFに関する日々の開示事項,https://www.release.tdnet.info/inbs/140120260116534982.pdf,False,,japanese,,東,
2026-01-16 12:00:00,2026-01-16,21640,Ｇ－地域新聞社,当社株式の大量取得行為に関する対応策（買収への対応策）に関する共同協調行為の認定についてのお知らせ,https://www.release.tdnet.info/inbs/140120260116535005.pdf,False,,japanese,,東,
2026-01-16 11:45:00,2026-01-16,30700,Ｇ－ジェリービーンズ,第７回新株予約権の譲渡の承認に関するお知らせ,https://www.release.tdnet.info/inbs/140120260116534993.pdf,False,,japanese,,東,
2026-01-16 11:30:00,2026-01-16,20704,Ｎ－三菱ＵＦＪ証ＨＤ,上場ETN（発行者：三菱UFJ証券ホールディングス株式会社）に関する日々の開示事項,https://www.release.tdnet.info/inbs/140120260116534867.pdf,False,,japanese,,東,
2026-01-16 11:30:00,2026-01-16,31380,Ｇ－富士山マガジン,自己株式消却に係る事項の決定に関するお知らせ （会社法第178条の規定に基づく自己株式の消却）,https://www.release.tdnet.info/inbs/140120260115534463.pdf,False,,japanese,,東名,
2026-01-16 11:30:00,2026-01-16,31380,Ｇ－富士山マガジン,株主優待制度の変更（拡張）に関するお知らせ,https://www.release.tdnet.info/inbs/140120260115534458.pdf,False,,japanese,,東名,
2026-01-16 11:30:00,2026-01-16,45400,ツムラ,財務上の特約が付された金銭消費貸借契約の締結について,https://www.release.tdnet.info/inbs/140120260116534961.pdf,False,,japanese,,東,
2026-01-16 11:30:00,2026-01-16,51250,Ｇ－ファインズ,資金の借入に関するお知らせ,https://www.release.tdnet.info/inbs/140120260116534914.pdf,False,,japanese,,東,
2026-01-16 11:30:00,2026-01-16,76890,Ｇ－コパ,（訂正）「2026年２月期 第３四半期決算短信〔日本基準〕(非連結)」の一部訂正に関するお知らせ,https://www.release.tdnet.info/inbs/140120260116534918.pdf,False,,japanese,,東,
2026-01-16 11:15:00,2026-01-16,21850,シイエム・シイ,譲渡制限付株式報酬としての自己株式の処分完了に関するお知らせ,https://www.release.tdnet.info/inbs/140120260116534956.pdf,False,,japanese,,東名,
2026-01-16 11:00:00,2026-01-16,13050,ｉＦＴＰＸ年１,上場投資信託（ETF）の投資信託約款変更のお知らせ,https://www.release.tdnet.info/inbs/140120260116534835.pdf,False,,japanese,,東,
2026-01-16 11:00:00,2026-01-16,13200,ｉＦ２２５年１,上場投資信託（ETF）の投資信託約款変更のお知らせ,https://www.release.tdnet.info/inbs/140120260116534841.pdf,False,,japanese,,東,
2026-01-16 11:00:00,2026-01-16,45820,Ｇ－シンバイオ製薬,第三者割当により発行された第65回新株予約権（行使価額修正条項付）の大量行使に関するお知らせ,https://www.release.tdnet.info/inbs/140120260116534943.pdf,False,,japanese,,東,
2026-01-16 11:00:00,2026-01-16,61350,牧野フライス,（開示事項の経過）MMホールディングス株式会社による当社株式に対する公開買付け実施に向けた進捗状況等のお知らせ,https://www.release.tdnet.info/inbs/140120260114533958.pdf,False,,japanese,,東,
2026-01-16 10:30:00,2026-01-16,15624,Ｅ－三井住友ＤＳＡＭ,上場ＥＴＦ（管理会社：三井住友DSアセットマネジメント）に関する日々の開示事項,https://www.release.tdnet.info/inbs/140120260116534872.pdf,False,,japanese,,東,
2026-01-16 10:30:00,2026-01-16,31890,ＡＮＡＰ,株主優待制度の一部内容変更（拡充）に関するお知らせ,https://www.release.tdnet.info/inbs/140120260115534656.pdf,False,,japanese,,東,
2026-01-16 10:00:00,2026-01-16,13320,ニッスイ,（開示事項の経過）Pesquera Yadran S.A.の株式取得及び特定子会社の異動完了に関するお知らせ,https://www.release.tdnet.info/inbs/140120260115534686.pdf,False,,japanese,,東,
2026-01-16 10:00:00,2026-01-16,15500,ＭＸＳ外株,ＭＡＸＩＳ 海外株式（ＭＳＣＩコクサイ）上場投信 決算短信（2025年12月期）,https://www.release.tdnet.info/inbs/140120260116534820.pdf,False,,japanese,,東,
2026-01-16 10:00:00,2026-01-16,15970,ＭＸＳ　Ｊリート,ＭＡＸＩＳ Ｊリート上場投信 決算短信（2025年12月期）,https://www.release.tdnet.info/inbs/140120260116534825.pdf,False,,japanese,,東,
2026-01-16 10:00:00,2026-01-16,16714,Ｅ－シンプレクス,上場ＥＴＦ(管理会社：シンプレクス・アセット・マネジメント)に関する日々の開示事項,https://www.release.tdnet.info/inbs/140120260116534801.pdf,False,,japanese,,東,
2026-01-16 10:00:00,2026-01-16,25300,ＭＸＳ中国Ａ株１８０,ＭＡＸＩＳ ＨｕａＡｎ中国株式（上海１８０Ａ株）上場投信 決算短信（2025年12月期）,https://www.release.tdnet.info/inbs/140120260116534811.pdf,False,,japanese,,東,
2026-01-16 10:00:00,2026-01-16,25580,ＭＸＳ米株ＳＰ５００,ＭＡＸＩＳ 米国株式（Ｓ＆Ｐ５００）上場投信 決算短信（2025年12月期）,https://www.release.tdnet.info/inbs/140120260116534828.pdf,False,,japanese,,東,
2026-01-16 10:00:00,2026-01-16,25590,ＭＸＳ全世界株式,ＭＡＸＩＳ 全世界株式（オール・カントリー）上場投信 決算短信（2025年12月期）,https://www.release.tdnet.info/inbs/140120260116534832.pdf,False,,japanese,,東,
2026-01-16 10:00:00,2026-01-16,26300,ＭＸＳ米株ＳＰ５ヘ有,ＭＡＸＩＳ 米国株式（Ｓ＆Ｐ５００）上場投信（為替ヘッジあり） 決算短信（2025年12月期）,https://www.release.tdnet.info/inbs/140120260116534839.pdf,False,,japanese,,東,
2026-01-16 10:00:00,2026-01-16,26310,ＭＸＳナス１００,ＭＡＸＩＳナスダック１００上場投信 決算短信（2025年12月期）,https://www.release.tdnet.info/inbs/140120260116534845.pdf,False,,japanese,,東,
2026-01-16 10:00:00,2026-01-16,26320,ＭＸＳナス１００ヘ有,ＭＡＸＩＳナスダック１００上場投信（為替ヘッジあり） 決算短信（2025年12月期）,https://www.release.tdnet.info/inbs/140120260116534849.pdf,False,,japanese,,東,
2026-01-16 10:00:00,2026-01-16,39510,朝日印刷,自己株式の取得状況及び取得終了に関するお知らせ,https://www.release.tdnet.info/inbs/140120260116534813.pdf,False,,japanese,,東,
2026-01-16 10:00:00,2026-01-16,44340,サーバーワークス,自己株式立会外買付取引（ToSTNeT-3）による自己株式の取得結果に関するお知らせ,https://www.release.tdnet.info/inbs/140120260115534726.pdf,False,,japanese,,東,
2026-01-16 09:40:00,2026-01-16,13294,Ｅ－ブラックロック,上場ETF（管理会社：ブラックロック・ジャパン）に関する日々の開示事項,https://www.release.tdnet.info/inbs/140120260116534804.pdf,False,,japanese,,東,
2026-01-16 09:30:00,2026-01-16,16724,Ｅ－ＷｉｓｄｏｍＴｒ,上場ETF（管理会社：WisdomTree、外国投資法人：MSL）に関する日々の開示事項,https://www.release.tdnet.info/inbs/140120260116534791.pdf,False,,japanese,,東,
2026-01-16 09:30:00,2026-01-16,16724,Ｅ－ＷｉｓｄｏｍＴｒ,上場ETF（管理会社：WisdomTree、外国投資法人：CSL）に関する日々の開示事項,https://www.release.tdnet.info/inbs/140120260116534794.pdf,False,,japanese,,東,
2026-01-16 09:00:00,2026-01-16,21640,Ｇ－地域新聞社,【優待利回り153.2%】株主優待制度の一部変更に関するお知らせ,https://www.release.tdnet.info/inbs/140120260116534773.pdf,False,,japanese,,東,
2026-01-16 08:55:00,2026-01-16,13220,上場パンタ,ＥＴＦの収益分配金見込額のお知らせ,https://www.release.tdnet.info/inbs/140120260116534756.pdf,False,,japanese,,東,
2026-01-16 08:55:00,2026-01-16,14950,上場アジアリート,ＥＴＦの収益分配金見込額のお知らせ,https://www.release.tdnet.info/inbs/140120260116534757.pdf,False,,japanese,,東,
2026-01-16 08:55:00,2026-01-16,15470,上場米国,ＥＴＦの収益分配金見込額のお知らせ,https://www.release.tdnet.info/inbs/140120260116534758.pdf,False,,japanese,,東,
2026-01-16 08:55:00,2026-01-16,15540,上場ＭＳ世,ＥＴＦの収益分配金見込額のお知らせ,https://www.release.tdnet.info/inbs/140120260116534759.pdf,False,,japanese,,東,
2026-01-16 08:55:00,2026-01-16,16800,上場ＭＳコク,ＥＴＦの収益分配金見込額のお知らせ,https://www.release.tdnet.info/inbs/140120260116534760.pdf,False,,japanese,,東,
2026-01-16 08:55:00,2026-01-16,16810,上場ＭＳエマ,ＥＴＦの収益分配金見込額のお知らせ,https://www.release.tdnet.info/inbs/140120260116534761.pdf,False,,japanese,,東,
2026-01-16 08:55:00,2026-01-16,22390,上場Ｓ＆Ｐレバ２倍,ＥＴＦの収益分配金見込額のお知らせ,https://www.release.tdnet.info/inbs/140120260116534762.pdf,False,,japanese,,東,
2026-01-16 08:55:00,2026-01-16,22400,上場Ｓ＆Ｐインバース,ＥＴＦの収益分配金見込額のお知らせ,https://www.release.tdnet.info/inbs/140120260116534763.pdf,False,,japanese,,東,
2026-01-16 08:55:00,2026-01-16,25210,上場米国ヘッジあり,ＥＴＦの収益分配金見込額のお知らせ,https://www.release.tdnet.info/inbs/140120260116534764.pdf,False,,japanese,,東,
2026-01-16 08:50:00,2026-01-16,13190,ＮＦ日経３００,「NEXT FUNDS 日経300株価指数連動型上場投信」基準価額と市場価格の重要な乖離に関するお知らせ,https://www.release.tdnet.info/inbs/140120260116534766.pdf,False,,japanese,,東名札福,
2026-01-16 08:30:00,2026-01-16,65210,Ｇ－オキサイド,2026年2月期 第3四半期 決算説明会の質疑応答（要旨）について,https://www.release.tdnet.info/inbs/140120260115534667.pdf,False,,japanese,,東,
2026-01-16 08:30:00,2026-01-16,94010,ＴＢＳＨＤ,"Legend Pictures, LLCとの資本業務提携に関するお知らせ",https://www.release.tdnet.info/inbs/140120260115534622.pdf,False,,japanese,,東,
2026-01-19 18:00:00,2026-01-19,23380,クオンタムＳ,連結子会社における暗号資産取引に関するお知らせ,https://www.release.tdnet.info/inbs/140120260119535749.pdf,False,,japanese,,東,
2026-01-19 17:45:00,2026-01-19,61510,日東工器,連結子会社における補助金の入金に関するお知らせ,https://www.release.tdnet.info/inbs/140120260119535710.pdf,False,,japanese,,東,
2026-01-19 17:30:00,2026-01-19,42560,Ｇ－サインド,株主優待品の内容決定に関するお知らせ,https://www.release.tdnet.info/inbs/140120260116535311.pdf,False,,japanese,,東,
2026-01-19 17:30:00,2026-01-19,51610,西川ゴム,投資有価証券の一部売却および特別利益の計上に関するお知らせ,https://www.release.tdnet.info/inbs/140120260119535738.pdf,False,,japanese,,東,
2026-01-19 17:30:00,2026-01-19,51610,西川ゴム,和解金の支払合意に伴う特別損失の計上に関するお知らせ,https://www.release.tdnet.info/inbs/140120260119535680.pdf,False,,japanese,,東,
2026-01-19 17:30:00,2026-01-19,92500,Ｇ－ＧＲＣＳ,株式会社フィックスターズとの資本業務提携契約の締結並びに株式会社Fixstars Investmentを割当予定先とする第三者割当による新株式の発行に関するお知らせ,https://www.release.tdnet.info/inbs/140120260119535719.pdf,False,,japanese,,東,
2026-01-19 17:30:00,2026-01-19,92500,Ｇ－ＧＲＣＳ,当社連結子会社の吸収合併及び特別損失（抱合せ株式消滅差損）の計上に関するお知らせ,https://www.release.tdnet.info/inbs/140120260119535724.pdf,False,,japanese,,東,
2026-01-19 17:30:00,2026-01-19,92500,Ｇ－ＧＲＣＳ,2025年11月期 決算短信〔日本基準〕(連結),https://www.release.tdnet.info/inbs/140120260119535698.pdf,True,,japanese,,東,https://www.release.tdnet.info/inbs/081220260119535698.zip
2026-01-19 17:30:00,2026-01-19,92500,Ｇ－ＧＲＣＳ,業績予想と実績値の差異及び特別損失の計上並びに繰延税金資産の取崩し並びに役員報酬の減額に関するお知らせ,https://www.release.tdnet.info/inbs/140120260119535714.pdf,False,,japanese,,東,
2026-01-19 17:30:00,2026-01-19,92500,Ｇ－ＧＲＣＳ,2025年11月期 決算説明資料,https://www.release.tdnet.info/inbs/140120260119535717.pdf,False,,japanese,,東,
2026-01-19 17:00:00,2026-01-19,18610,熊谷組,売出価格等の決定に関するお知らせ,https://www.release.tdnet.info/inbs/140120260119535679.pdf,False,,japanese,,東,
2026-01-19 17:00:00,2026-01-19,28710,ニチレイ,売出価格等の決定に関するお知らせ,https://www.release.tdnet.info/inbs/140120260119535693.pdf,False,,japanese,,東,
2026-01-19 17:00:00,2026-01-19,42460,ＤＮＣ,売出価格等の決定に関するお知らせ,https://www.release.tdnet.info/inbs/140120251225526767.pdf,False,,japanese,,東,
2026-01-19 17:00:00,2026-01-19,44340,サーバーワークス,（開示事項の経過）主要株主の異動に関するお知らせ,https://www.release.tdnet.info/inbs/140120260119535656.pdf,False,,japanese,,東,
2026-01-19 17:00:00,2026-01-19,73450,Ｇ－アイパートナーズ,重要な経営指標の推移に関するお知らせ,https://www.release.tdnet.info/inbs/140120260119535335.pdf,False,,japanese,,東,
2026-01-19 17:00:00,2026-01-19,82090,フレンドリー,株式併合、単元株式数の定めの廃止及び定款の一部変更、並びに臨時株主総会及び種類株主総会招集のための基準日設定に関するお知らせ,https://www.release.tdnet.info/inbs/140120260115534600.pdf,False,,japanese,,東,
2026-01-19 17:00:00,2026-01-19,82090,フレンドリー,自己株式の消却に関するお知らせ,https://www.release.tdnet.info/inbs/140120260115534603.pdf,False,,japanese,,東,
2026-01-19 17:00:00,2026-01-19,82090,フレンドリー,通期業績予想の修正に関するお知らせ,https://www.release.tdnet.info/inbs/140120260115534604.pdf,True,,japanese,,東,https://www.release.tdnet.info/inbs/091220260115534604.zip
2026-01-19 17:00:00,2026-01-19,93630,大運,ビジネス・サポート株式会社に対する債権の取立不能のおそれに関するお知らせ,https://www.release.tdnet.info/inbs/140120260119535552.pdf,False,,japanese,,東,
2026-01-19 17:00:00,2026-01-19,99420,ジョイフル,当社子会社（株式会社フレンドリー）による株式併合に伴う完全子会社化に関するお知らせ,https://www.release.tdnet.info/inbs/140120260109531765.pdf,False,,japanese,,福,
2026-01-19 17:00:00,2026-01-19,99420,ジョイフル,子会社の通期業績予想の修正に関するお知らせ,https://www.release.tdnet.info/inbs/140120260116535196.pdf,False,,japanese,,福,
2026-01-19 16:50:00,2026-01-19,31210,マーチャント,定款の一部変更に関するお知らせ,https://www.release.tdnet.info/inbs/140120260119535689.pdf,False,,japanese,,東,
2026-01-19 16:50:00,2026-01-19,85540,南日本銀,自己株式の取得及び自己株式立会外買付取引による自己株式の買付けに関するお知らせ,https://www.release.tdnet.info/inbs/140120260116535228.pdf,False,,japanese,,福,
2026-01-19 16:30:00,2026-01-19,33060,日製麻,持株会社体制への移行の検討開始に関するお知らせ,https://www.release.tdnet.info/inbs/140120260119535664.pdf,False,,japanese,,東,
2026-01-19 16:30:00,2026-01-19,33530,メディ一光Ｇ,株式の立会外分売実施に関するお知らせ,https://www.release.tdnet.info/inbs/140120260119535334.pdf,False,,japanese,,東,
2026-01-19 16:30:00,2026-01-19,44990,Ｓｐｅｅｅ,譲渡制限付株式報酬としての新株式の発行に関するお知らせ,https://www.release.tdnet.info/inbs/140120260119535403.pdf,False,,japanese,,東,
2026-01-19 16:30:00,2026-01-19,72640,ＭＵＲＯ,株主優待制度の変更に関するお知らせ,https://www.release.tdnet.info/inbs/140120260119535628.pdf,False,,japanese,,東,
2026-01-19 16:30:00,2026-01-19,72730,イクヨ,上場有価証券の取得に関するお知らせ,https://www.release.tdnet.info/inbs/140120260119535484.pdf,False,,japanese,,東,
2026-01-19 16:30:00,2026-01-19,74770,ムラキ,主要株主及び主要株主である筆頭株主の異動（予定）に関するお知らせ,https://www.release.tdnet.info/inbs/140120260119535659.pdf,False,,japanese,,東,
2026-01-19 16:30:00,2026-01-19,94440,トーシンＨＤ,(修正)株主による臨時株主総会招集請求の修正に関するお知らせ,https://www.release.tdnet.info/inbs/140120260119535673.pdf,False,,japanese,,東,
2026-01-19 16:00:00,2026-01-19,17830,ｆａｎｔａｓｉｓｔａ,（開示事項の経過）有償ストックオプション（第10回新株予約権）の発行内容確定のお知らせ,https://www.release.tdnet.info/inbs/140120260119535573.pdf,False,,japanese,,東,
2026-01-19 16:00:00,2026-01-19,34410,山王,コミットメントライン契約締結に関するお知らせ,https://www.release.tdnet.info/inbs/140120260119535338.pdf,False,,japanese,,東,
2026-01-19 16:00:00,2026-01-19,39510,朝日印刷,人事異動に関するお知らせ,https://www.release.tdnet.info/inbs/140120260119535438.pdf,False,,japanese,,東,
2026-01-19 16:00:00,2026-01-19,41970,アスマーク,剰余金の配当に関するお知らせ,https://www.release.tdnet.info/inbs/140120260119535389.pdf,False,,japanese,,東,
2026-01-19 16:00:00,2026-01-19,44150,Ｇ－ブロードエンター,業績予想の修正に関するお知らせ,https://www.release.tdnet.info/inbs/140120260119535340.pdf,True,,japanese,,東,https://www.release.tdnet.info/inbs/091220260119535340.zip
2026-01-19 16:00:00,2026-01-19,46660,パーク２４,2026年10月期　速報数値　12月度,https://www.release.tdnet.info/inbs/140120260119535519.pdf,False,,japanese,,東,
2026-01-19 16:00:00,2026-01-19,48330,Ｇ－Ｄｅｆコンサル,デジタル資産トレジャリー戦略の再始動に関するお知らせ,https://www.release.tdnet.info/inbs/140120260119535420.pdf,False,,japanese,,東,
2026-01-19 16:00:00,2026-01-19,53410,ＡＳＡＨＩ　ＥＩＴＯ,2025年11月期 決算短信〔日本基準〕(連結),https://www.release.tdnet.info/inbs/140120260119535444.pdf,True,,japanese,,東,https://www.release.tdnet.info/inbs/081220260119535444.zip
2026-01-19 16:00:00,2026-01-19,53410,ＡＳＡＨＩ　ＥＩＴＯ,営業外費用の計上に関するお知らせ,https://www.release.tdnet.info/inbs/140120260115534592.pdf,False,,japanese,,東,
2026-01-19 16:00:00,2026-01-19,53410,ＡＳＡＨＩ　ＥＩＴＯ,2025年11月期 通期業績予想と実績との差異に関するお知らせ,https://www.release.tdnet.info/inbs/140120260115534585.pdf,False,,japanese,,東,
2026-01-19 16:00:00,2026-01-19,71620,アストマックス,2026年3月期12月度の発電状況のお知らせ,https://www.release.tdnet.info/inbs/140120260119535581.pdf,False,,japanese,,東,
2026-01-19 16:00:00,2026-01-19,74440,ハリマ共和物産,株主優待制度の導入に関するお知らせ,https://www.release.tdnet.info/inbs/140120260119535590.pdf,False,,japanese,,東,
2026-01-19 16:00:00,2026-01-19,75020,プラザＨＤ,株式の立会外分売に関するお知らせ,https://www.release.tdnet.info/inbs/140120260119535486.pdf,False,,japanese,,東,
2026-01-19 16:00:00,2026-01-19,88940,ＲＥＶＯＬＵＴＩＯＮ,GVE株式会社との業務提携終了に関するお知らせ,https://www.release.tdnet.info/inbs/140120260119535560.pdf,False,,japanese,,東,
2026-01-19 15:45:00,2026-01-19,37330,ソフトウェアＳ,2026年10月期　12月度月次売上高等に関するお知らせ,https://www.release.tdnet.info/inbs/140120260115534535.pdf,False,,japanese,,東,
2026-01-19 15:30:00,2026-01-19,24490,プラップＪ,譲渡制限付株式報酬としての自己株式処分の払込完了に関するお知らせ,https://www.release.tdnet.info/inbs/140120260119535418.pdf,False,,japanese,,東,
2026-01-19 15:30:00,2026-01-19,39230,ラクス,2026年3月期月次売上高（12月度）のお知らせ,https://www.release.tdnet.info/inbs/140120260119535416.pdf,False,,japanese,,東,
2026-01-19 15:30:00,2026-01-19,40710,プラスアルファ,有償ストック・オプション（新株予約権）の発行に関するお知らせ,https://www.release.tdnet.info/inbs/140120260116535275.pdf,False,,japanese,,東,
2026-01-19 15:30:00,2026-01-19,42600,Ｇ－ハイブリッドテク,MCP35株式会社（中核子会社：株式会社グルーヴ・システム）の株式取得に関する補足資料,https://www.release.tdnet.info/inbs/140120260119535478.pdf,False,,japanese,,東,
2026-01-19 15:30:00,2026-01-19,45650,ネクセラファーマ,韓国におけるダリドレキサントのフェーズ3試験で良好な結果を報告,https://www.release.tdnet.info/inbs/140120260119535592.pdf,False,,japanese,,東,
2026-01-19 15:30:00,2026-01-19,45940,Ｇ－ブライトパス,第三者割当による第20回新株予約権（行使価額修正条項付）の大量行使に関するお知らせ,https://www.release.tdnet.info/inbs/140120260119535606.pdf,False,,japanese,,東,
2026-01-19 15:30:00,2026-01-19,50170,富士石油,当社株式の上場廃止のお知らせ,https://www.release.tdnet.info/inbs/140120260119535365.pdf,False,,japanese,,東,
2026-01-19 15:30:00,2026-01-19,56310,日製鋼所,連結子会社の吸収合併（簡易合併・略式合併）に関するお知らせ,https://www.release.tdnet.info/inbs/140120260116535105.pdf,False,,japanese,,東,
2026-01-19 15:30:00,2026-01-19,59150,駒井ハルテック,代表取締役の異動（社長交代）に関するお知らせ,https://www.release.tdnet.info/inbs/140120260119535413.pdf,False,,japanese,,東,
2026-01-19 15:30:00,2026-01-19,61890,グローバルキッズＣ,譲渡制限付株式報酬としての新株式発行の払込完了に関するお知らせ,https://www.release.tdnet.info/inbs/140120260119535551.pdf,False,,japanese,,東,
2026-01-19 15:30:00,2026-01-19,62480,横田製作所,（訂正）「公開買付けに準ずる行為として政令で定める買集め行為並びにその他の関係会社及び主要株主である筆頭株主の異動に関するお知らせ」の一部訂正について,https://www.release.tdnet.info/inbs/140120260112531967.pdf,False,,japanese,,東,
2026-01-19 15:30:00,2026-01-19,62480,横田製作所,（訂正）「支配株主等に関する事項について」の一部訂正について,https://www.release.tdnet.info/inbs/140120260112531968.pdf,False,,japanese,,東,
2026-01-19 15:30:00,2026-01-19,69140,オプテックスグループ,グループ内組織再編（連結子会社間の吸収分割及び吸収合併）に関するお知らせ,https://www.release.tdnet.info/inbs/140120260119535405.pdf,False,,japanese,,東,
2026-01-19 15:30:00,2026-01-19,70360,Ｇ－イーエムネットＪ,第三者委員会の委員の選任に関するお知らせ,https://www.release.tdnet.info/inbs/140120260119535430.pdf,False,,japanese,,東,
2026-01-19 15:30:00,2026-01-19,71140,Ｇ－フーディソン,業績目標付税制適格新株予約権（無償ストック・オプション）の発行に関するお知らせ,https://www.release.tdnet.info/inbs/140120260119535617.pdf,False,,japanese,,東,
2026-01-19 15:30:00,2026-01-19,73610,Ｇ－ＨＣＨ,譲渡制限付株式報酬としての自己株式の処分の払い込み完了に関するお知らせ,https://www.release.tdnet.info/inbs/140120260119535510.pdf,False,,japanese,,東,
2026-01-19 15:30:00,2026-01-19,75050,扶桑電通,株式給付信託(J-ESOP)への追加拠出に伴う第三者割当による自己株式の処分に関するお知らせ,https://www.release.tdnet.info/inbs/140120260116534776.pdf,False,,japanese,,東,
2026-01-19 15:30:00,2026-01-19,77930,Ｇ－イメージマジック,剰余金の配当に関するお知らせ,https://www.release.tdnet.info/inbs/140120260119535482.pdf,False,,japanese,,東,
2026-01-19 15:30:00,2026-01-19,78170,パラベッド,株式併合、単元株式数の定めの廃止及び定款の一部変更に係る承認決議に関するお知らせ,https://www.release.tdnet.info/inbs/140120260114533634.pdf,False,,japanese,,東,
2026-01-19 15:30:00,2026-01-19,89660,Ｒ－平和ＲＥ,2025年11月期 決算短信(REIT),https://www.release.tdnet.info/inbs/140120260119535635.pdf,True,,japanese,,東,https://www.release.tdnet.info/inbs/081220260119535635.zip
2026-01-19 15:30:00,2026-01-19,91690,Ｐ－大伸社,2025年11月期　決算短信〔日本基準〕（連結）,https://www.release.tdnet.info/inbs/140120260119535371.pdf,False,,japanese,,東,
2026-01-19 15:30:00,2026-01-19,98690,加藤産業,取締役に対する譲渡制限付株式としての自己株式処分の割当完了に関するお知らせ,https://www.release.tdnet.info/inbs/140120260107530443.pdf,False,,japanese,,東,
2026-01-19 15:30:00,2026-01-19,98780,セキド,第三者割当により発行された第18回新株予約権（行使価額修正条項及び行使停止条項付）の停止指定の決定に関するお知らせ,https://www.release.tdnet.info/inbs/140120260119535612.pdf,False,,japanese,,東,
2026-01-19 15:00:00,2026-01-19,13320,ニッスイ,代表取締役の異動および役員の異動に関するお知らせ,https://www.release.tdnet.info/inbs/140120260119535514.pdf,False,,japanese,,東,
2026-01-19 15:00:00,2026-01-19,15400,純金信託,「純金上場信託（現物国内保管型）」の信託契約変更のお知らせ,https://www.release.tdnet.info/inbs/140120260119535474.pdf,False,,japanese,,東,
2026-01-19 15:00:00,2026-01-19,50770,Ｐ－ハンズ,定款一部変更に関するお知らせ,https://www.release.tdnet.info/inbs/140120260119535376.pdf,False,,japanese,,東,
2026-01-19 15:00:00,2026-01-19,50770,Ｐ－ハンズ,臨時株主総会招集のための基準日設定及び臨時株主総会の開催並びに付議議案の決定に関するお知らせ,https://www.release.tdnet.info/inbs/140120260119535379.pdf,False,,japanese,,東,
2026-01-19 15:00:00,2026-01-19,50770,Ｐ－ハンズ,役員退職慰労金制度の廃止および打切り支給に関するお知らせ,https://www.release.tdnet.info/inbs/140120260119535381.pdf,False,,japanese,,東,
2026-01-19 15:00:00,2026-01-19,64400,ＪＵＫＩ,特別利益（投資有価証券売却益）の計上に関するお知らせ,https://www.release.tdnet.info/inbs/140120260116535055.pdf,False,,japanese,,東,
2026-01-19 15:00:00,2026-01-19,88640,空港施設,自己株式の取得状況及び取得終了並びに自己株式の消却に関するお知らせ,https://www.release.tdnet.info/inbs/140120260119535436.pdf,False,,japanese,,東,
2026-01-19 15:00:00,2026-01-19,90330,広電鉄,株式会社A＆Cの株式取得に関するお知らせ,https://www.release.tdnet.info/inbs/140120260116534896.pdf,False,,japanese,,東,
2026-01-19 15:00:00,2026-01-19,99730,ＫＯＺＯＨＤ,連結子会社における第三者割当による新株式発行のお知らせ,https://www.release.tdnet.info/inbs/140120260119535614.pdf,False,,japanese,,東,
2026-01-19 14:40:00,2026-01-19,15570,ＳＰＤＲ５００,ETFの名称変更に関するお知らせ,https://www.release.tdnet.info/inbs/140120260119535595.pdf,False,,japanese,,東,
2026-01-19 14:30:00,2026-01-19,36830,サイバーリンクス,譲渡制限付株式報酬としての新株式発行に関するお知らせ,https://www.release.tdnet.info/inbs/140120260119535597.pdf,False,,japanese,,東,
2026-01-19 14:30:00,2026-01-19,39020,ＭＤＶ,（訂正）日本生命保険相互会社による公開買付届出書の訂正届出書の提出に伴う公開買付開始公告の訂正に関するお知らせ,https://www.release.tdnet.info/inbs/140120260119535538.pdf,False,,japanese,,東,
2026-01-19 14:00:00,2026-01-19,29910,ランドネット,2025年12月度 月次業績速報,https://www.release.tdnet.info/inbs/140120260119535544.pdf,False,,japanese,,東,
2026-01-19 14:00:00,2026-01-19,42200,リケンテクノス,取締役および執行役員の人事異動に関するお知らせ,https://www.release.tdnet.info/inbs/140120260119535553.pdf,False,,japanese,,東,
2026-01-19 14:00:00,2026-01-19,89790,Ｒ－スターツＰＲ,（訂正）「2025年10月期 決算短信（REIT）」の一部訂正に関するお知らせ,https://www.release.tdnet.info/inbs/140120260119535549.pdf,False,,japanese,,東,
2026-01-19 13:00:00,2026-01-19,28590,ＳＴＯＸＸヘッジ有,NEXT FUNDS ユーロ・ストックス50指数（為替ヘッジあり）連動型上場投信 決算短信,https://www.release.tdnet.info/inbs/140120260119535428.pdf,False,,japanese,,東,
2026-01-19 13:00:00,2026-01-19,28600,ＤＡＸヘッジ有,NEXT FUNDS ドイツ株式・DAX（為替ヘッジあり）連動型上場投信 中間決算短信,https://www.release.tdnet.info/inbs/140120260119535426.pdf,False,,japanese,,東,
2026-01-19 13:00:00,2026-01-19,73760,Ｇ－ＢＣＣ,譲渡制限付株式報酬としての自己株式の処分に関するお知らせ,https://www.release.tdnet.info/inbs/140120260119535414.pdf,False,,japanese,,東,
2026-01-19 12:00:00,2026-01-19,31210,マーチャント,CN Innovations Holdings Limited からの特別配当金受領のお知らせ,https://www.release.tdnet.info/inbs/140120260116535283.pdf,False,,japanese,,東,
2026-01-19 11:40:00,2026-01-19,15624,Ｅ－三井住友ＤＳＡＭ,上場ＥＴＦ（管理会社：三井住友DSアセットマネジメント）に関する日々の開示事項,https://www.release.tdnet.info/inbs/140120260119535500.pdf,False,,japanese,,東,
2026-01-19 11:30:00,2026-01-19,20704,Ｎ－三菱ＵＦＪ証ＨＤ,上場ETN（発行者：三菱UFJ証券ホールディングス株式会社）に関する日々の開示事項,https://www.release.tdnet.info/inbs/140120260119535421.pdf,False,,japanese,,東,
2026-01-19 11:20:00,2026-01-19,13264,Ｅ－ワールド,SPDRゴールド・シェアに関する日々の開示事項,https://www.release.tdnet.info/inbs/140120260119535461.pdf,False,,japanese,,東,
2026-01-19 11:15:00,2026-01-19,13494,Ｅ－ＳＳＧＡ－ＳＩＮ,アジア国債・公債ＥＴＦ（正式名称：ＡＢＦ汎アジア債券インデックス・ファンド）に関する日々の開示事項,https://www.release.tdnet.info/inbs/140120260119535453.pdf,False,,japanese,,東,
2026-01-19 11:10:00,2026-01-19,15574,Ｅ－ＳＳＧＡＴＣ,SPDR S&P500 ETFに関する日々の開示事項,https://www.release.tdnet.info/inbs/140120260119535442.pdf,False,,japanese,,東,
2026-01-19 10:30:00,2026-01-19,75240,マルシェ,組織変更及び人事異動に関するお知らせ,https://www.release.tdnet.info/inbs/140120260119535411.pdf,False,,japanese,,東,
2026-01-19 10:00:00,2026-01-19,16714,Ｅ－シンプレクス,上場ＥＴＦ(管理会社：シンプレクス・アセット・マネジメント)に関する日々の開示事項,https://www.release.tdnet.info/inbs/140120260119535386.pdf,False,,japanese,,東,
2026-01-19 10:00:00,2026-01-19,62290,オーケーエム,自己株式立会外買付取引（ToSTNeT-3）による自己株式の取得結果及び取得終了に関するお知らせ,https://www.release.tdnet.info/inbs/140120260119535374.pdf,False,,japanese,,東,
2026-01-19 09:40:00,2026-01-19,13294,Ｅ－ブラックロック,上場ETF（管理会社：ブラックロック・ジャパン）に関する日々の開示事項,https://www.release.tdnet.info/inbs/140120260119535384.pdf,False,,japanese,,東,
2026-01-19 09:30:00,2026-01-19,16724,Ｅ－ＷｉｓｄｏｍＴｒ,上場ETF（管理会社：WisdomTree、外国投資法人：MSL）に関する日々の開示事項,https://www.release.tdnet.info/inbs/140120260119535366.pdf,False,,japanese,,東,
2026-01-19 09:30:00,2026-01-19,16724,Ｅ－ＷｉｓｄｏｍＴｒ,上場ETF（管理会社：WisdomTree、外国投資法人：CSL）に関する日々の開示事項,https://www.release.tdnet.info/inbs/140120260119535370.pdf,False,,japanese,,東,
2026-01-19 09:00:00,2026-01-19,68350,アライドＨＤ,当社子会社による事業譲渡に関するお知らせ,https://www.release.tdnet.info/inbs/140120260119535329.pdf,False,,japanese,,東,
2026-01-19 08:30:00,2026-01-19,48750,メディシノバ,ストックオプション（新株予約権）の発行に関するお知らせ,https://www.release.tdnet.info/inbs/140120260118535323.pdf,False,,japanese,,東,
2026-01-20 20:00:00,2026-01-20,70110,三菱重,（開示事項の経過）LVJホールディングス２合同会社による三菱ロジスネクストの株式等に対する公開買付けの開始に関するお知らせ,https://www.release.tdnet.info/inbs/140120260119535692.pdf,False,,japanese,,東名札福,
2026-01-20 20:00:00,2026-01-20,71050,三菱ロジスネクスト,LVJホールディングス2合同会社による当社株券等に対する公開買付けの開始に関する意見表明のお知らせ,https://www.release.tdnet.info/inbs/140120260119535716.pdf,False,,japanese,,東,
2026-01-20 20:00:00,2026-01-20,71050,三菱ロジスネクスト,LVJホールディングス2合同会社による三菱ロジスネクスト株式会社（証券コード：7105）に対する公開買付けの開始に関するお知らせ,https://www.release.tdnet.info/inbs/140120260120536091.pdf,False,,japanese,,東,
2026-01-20 18:40:00,2026-01-20,13220,上場パンタ,ＥＴＦの収益分配のお知らせ,https://www.release.tdnet.info/inbs/140120260120536250.pdf,False,,japanese,,東,
2026-01-20 18:40:00,2026-01-20,14950,上場アジアリート,ＥＴＦの収益分配のお知らせ,https://www.release.tdnet.info/inbs/140120260120536251.pdf,False,,japanese,,東,
2026-01-20 18:40:00,2026-01-20,15470,上場米国,ＥＴＦの収益分配のお知らせ,https://www.release.tdnet.info/inbs/140120260120536252.pdf,False,,japanese,,東,
2026-01-20 18:40:00,2026-01-20,15540,上場ＭＳ世,ＥＴＦの収益分配のお知らせ,https://www.release.tdnet.info/inbs/140120260120536253.pdf,False,,japanese,,東,
2026-01-20 18:40:00,2026-01-20,16800,上場ＭＳコク,ＥＴＦの収益分配のお知らせ,https://www.release.tdnet.info/inbs/140120260120536254.pdf,False,,japanese,,東,
2026-01-20 18:40:00,2026-01-20,16810,上場ＭＳエマ,ＥＴＦの収益分配のお知らせ,https://www.release.tdnet.info/inbs/140120260120536255.pdf,False,,japanese,,東,
2026-01-20 18:40:00,2026-01-20,22390,上場Ｓ＆Ｐレバ２倍,ＥＴＦの収益分配のお知らせ,https://www.release.tdnet.info/inbs/140120260120536256.pdf,False,,japanese,,東,
2026-01-20 18:40:00,2026-01-20,22400,上場Ｓ＆Ｐインバース,ＥＴＦの収益分配のお知らせ,https://www.release.tdnet.info/inbs/140120260120536257.pdf,False,,japanese,,東,
2026-01-20 18:40:00,2026-01-20,25210,上場米国ヘッジあり,ＥＴＦの収益分配のお知らせ,https://www.release.tdnet.info/inbs/140120260120536258.pdf,False,,japanese,,東,
2026-01-20 18:00:00,2026-01-20,32790,Ｒ－ＡＰＩ,資金の借入れに関するお知らせ,https://www.release.tdnet.info/inbs/140120260119535791.pdf,False,,japanese,,東,
2026-01-20 17:50:00,2026-01-20,74190,ノジマ,役員の異動に関するお知らせ,https://www.release.tdnet.info/inbs/140120260120536185.pdf,False,,japanese,,東,
2026-01-20 17:40:00,2026-01-20,75010,ティムコ,株主提案に対する当社取締役会の反対意見に関するお知らせ,https://www.release.tdnet.info/inbs/140120260120536175.pdf,False,,japanese,,東,
2026-01-20 17:33:00,2026-01-20,51310,Ｇ－リンカーズ,当社代表取締役社長の逮捕に関する報道について,https://www.release.tdnet.info/inbs/140120260120536184.pdf,False,,japanese,,東,
2026-01-20 17:30:00,2026-01-20,67580,ソニーグループ,ソニー株式会社とTCL Electronics Holdings Limitedとのホームエンタテインメント領域における戦略的提携に向けた基本合意のお知らせ,https://www.release.tdnet.info/inbs/140120260120536149.pdf,False,,japanese,,東,
2026-01-20 17:15:00,2026-01-20,88940,ＲＥＶＯＬＵＴＩＯＮ,主要株主の異動に関するお知らせ,https://www.release.tdnet.info/inbs/140120260120536157.pdf,False,,japanese,,東,
2026-01-20 17:10:00,2026-01-20,37260,フォーシーズＨＤ,（開示事項の訂正）「第三者割当による新株式及び第17回新株予約権（固定行使価額型）の発行に関するお知らせ」の一部訂正に関するお知らせ,https://www.release.tdnet.info/inbs/140120260120536140.pdf,False,,japanese,,東,
2026-01-20 17:10:00,2026-01-20,37260,フォーシーズＨＤ,第三者割当による調達資金の資金使途の充当状況並びに資金使途及び支出予定時期の変更に関するお知らせ,https://www.release.tdnet.info/inbs/140120260120536165.pdf,False,,japanese,,東,
2026-01-20 17:00:00,2026-01-20,27780,パレモ・ＨＤ,（訂正）「人事異動に関するお知らせ」 （2026年1月20日開示）の一部訂正について,https://www.release.tdnet.info/inbs/140120260120536152.pdf,False,,japanese,,東名,
2026-01-20 17:00:00,2026-01-20,29780,Ｇ－ツクルバ,ストック・オプション（新株予約権）の発行及び第三者割当による自己株式処分に関するお知らせ,https://www.release.tdnet.info/inbs/140120260120536136.pdf,False,,japanese,,東,
2026-01-20 17:00:00,2026-01-20,29780,Ｇ－ツクルバ,新経営体制における株主価値に対するアラインメント施策について,https://www.release.tdnet.info/inbs/140120260120536167.pdf,False,,japanese,,東,
2026-01-20 17:00:00,2026-01-20,29780,Ｇ－ツクルバ,当社連結子会社における財務上の特約が付された当座貸越契約の締結に関するお知らせ,https://www.release.tdnet.info/inbs/140120260120536139.pdf,False,,japanese,,東,
2026-01-20 17:00:00,2026-01-20,29890,Ｒ－東海道リート,新投資口発行及び投資口売出しに係る価格等の決定に関するお知らせ,https://www.release.tdnet.info/inbs/140120260119535788.pdf,False,,japanese,,東,
2026-01-20 17:00:00,2026-01-20,29890,Ｒ－東海道リート,資金の借入れに関するお知らせ,https://www.release.tdnet.info/inbs/140120260119535789.pdf,False,,japanese,,東,
2026-01-20 17:00:00,2026-01-20,74940,コナカ,譲渡制限付株式報酬としての自己株式の処分に関するお知らせ,https://www.release.tdnet.info/inbs/140120260120535823.pdf,False,,japanese,,東,
2026-01-20 16:45:00,2026-01-20,45020,武田薬,（訂正）尋常性乾癬を対象としたザソシチニブ1日1回経口投与で皮膚病変の改善をもたらし治療の新時代を切り開く可能性を示した画期的な第3相臨床試験データ,https://www.release.tdnet.info/inbs/140120260120536019.pdf,False,,japanese,,東名札福,
2026-01-20 16:40:00,2026-01-20,34710,Ｒ－三井不ロジパーク,コミットメントライン契約期限延長に関するお知らせ,https://www.release.tdnet.info/inbs/140120260120536134.pdf,False,,japanese,,東,
2026-01-20 16:30:00,2026-01-20,28090,キユーピー,親会社等の決算に関するお知らせ,https://www.release.tdnet.info/inbs/140120260119535793.pdf,False,,japanese,,東,
2026-01-20 16:30:00,2026-01-20,28090,キユーピー,支配株主等に関する事項について,https://www.release.tdnet.info/inbs/140120260119535795.pdf,False,,japanese,,東,
2026-01-20 16:30:00,2026-01-20,34090,北紡,株式会社Ｖリムジンの株式交付（簡易株式交付）及び株式取得（現金対価）による子会社化並びに新規事業開始に関するお知らせ,https://www.release.tdnet.info/inbs/140120260117534178.pdf,False,,japanese,,東,
2026-01-20 16:30:00,2026-01-20,57210,エス・サイエンス,業績予想の開示に関するお知らせ,https://www.release.tdnet.info/inbs/140120260119535434.pdf,True,,japanese,,東,https://www.release.tdnet.info/inbs/091220260119535434.zip
2026-01-20 16:30:00,2026-01-20,57210,エス・サイエンス,事業計画（中期経営計画）に関するお知らせ,https://www.release.tdnet.info/inbs/140120260120536047.pdf,False,,japanese,,東,
2026-01-20 16:30:00,2026-01-20,70780,Ｇ－ＩＮＣ　ＨＤ,代表取締役社長の異動に関するお知らせ,https://www.release.tdnet.info/inbs/140120260120536141.pdf,False,,japanese,,東,
2026-01-20 16:30:00,2026-01-20,73180,Ｇ－セレンディップ,連結子会社の吸収分割（簡易分割・略式分割）に関するお知らせ,https://www.release.tdnet.info/inbs/140120260120535822.pdf,False,,japanese,,東,
2026-01-20 16:30:00,2026-01-20,78390,ＳＨＯＥＩ,譲渡制限付株式報酬としての自己株式の処分の払込完了のお知らせ,https://www.release.tdnet.info/inbs/140120260120535820.pdf,False,,japanese,,東,
2026-01-20 16:30:00,2026-01-20,79230,トーイン,（訂正）「ＣＳＲＩ５号株式会社によるトーイン株式会社の普通株式に対する公開買付けの開始に関するお知らせ」及び公開買付開始公告の訂正に関するお知らせ,https://www.release.tdnet.info/inbs/140120260120536013.pdf,False,,japanese,,東,
2026-01-20 16:30:00,2026-01-20,79230,トーイン,（訂正）「ＣＳＲＩ５号株式会社による当社普通株式に対する公開買付けに係る賛同の意見表明及び応募の推奨に関するお知らせ」の一部訂正に関するお知らせ,https://www.release.tdnet.info/inbs/140120260120536015.pdf,False,,japanese,,東,
2026-01-20 16:25:00,2026-01-20,93880,Ｑ－パパネッツ,株式の立会外分売実施に関するお知らせ,https://www.release.tdnet.info/inbs/140120260120536144.pdf,False,,japanese,,福,
2026-01-20 16:01:00,2026-01-20,52500,プライムストラテジー,2025年11月期通期及び第４四半期決算説明会質疑応答集,https://www.release.tdnet.info/inbs/140120260120536048.pdf,False,,japanese,,東,
2026-01-20 16:00:00,2026-01-20,18880,若築建,コミットメントライン契約に基づく借入の実施について,https://www.release.tdnet.info/inbs/140120260120535941.pdf,False,,japanese,,東,
2026-01-20 16:00:00,2026-01-20,37270,Ｇ－ＡＰＬＩＸ,（開示事項の経過）「前払式支手段（第三者型）発行者」の登録完了に関するお知らせ,https://www.release.tdnet.info/inbs/140120260120536094.pdf,False,,japanese,,東,
2026-01-20 16:00:00,2026-01-20,39790,Ｇ－うるる,2025年12月 月次IRレポート (NJSS月次情報含む),https://www.release.tdnet.info/inbs/140120260120535946.pdf,False,,japanese,,東,
2026-01-20 16:00:00,2026-01-20,67310,ピクセラ,第14回無担保普通社債（私募債）の発行に係る払込完了に関するお知らせ,https://www.release.tdnet.info/inbs/140120260115534562.pdf,False,,japanese,,東,
2026-01-20 16:00:00,2026-01-20,71380,Ｇ－ＴＯＲＩＣＯ,イーサリアム（ETH）の追加取得に関するお知らせ,https://www.release.tdnet.info/inbs/140120260120536068.pdf,False,,japanese,,東,
2026-01-20 16:00:00,2026-01-20,84390,東京センチュリー,特定子会社の異動を伴う株式の一部譲渡に関するお知らせ,https://www.release.tdnet.info/inbs/140120260120535982.pdf,False,,japanese,,東,
2026-01-20 16:00:00,2026-01-20,86990,ＨＳＨＤ,ハーン銀行の2025年12月期の業績に関するお知らせ,https://www.release.tdnet.info/inbs/140120260120536096.pdf,False,,japanese,,東,
2026-01-20 16:00:00,2026-01-20,90370,ハマキョウ,譲渡制限付株式としての自己株式の処分の払込完了に関するお知らせ,https://www.release.tdnet.info/inbs/140120260120535932.pdf,False,,japanese,,東,
2026-01-20 16:00:00,2026-01-20,97880,ナック,株主優待内容決定のお知らせ,https://www.release.tdnet.info/inbs/140120260120536016.pdf,False,,japanese,,東,
2026-01-20 15:40:00,2026-01-20,91710,栗林船,栗林商船株式会社による三陸運輸株式会社の完全子会社化に関する株式交換契約締結（簡易株式交換）のお知らせ,https://www.release.tdnet.info/inbs/140120260116534799.pdf,False,,japanese,,東,
2026-01-20 15:40:00,2026-01-20,91710,栗林船,栗林商船株式会社による株式会社ケイセブンの完全子会社化に関する株式交換契約締結（簡易株式交換）のお知らせ,https://www.release.tdnet.info/inbs/140120260120535880.pdf,False,,japanese,,東,
2026-01-20 15:30:00,2026-01-20,17660,東建コーポ,自己株式の公開買付けの結果及び取得終了に関するお知らせ,https://www.release.tdnet.info/inbs/140120260120535995.pdf,False,,japanese,,東名,
2026-01-20 15:30:00,2026-01-20,27780,パレモ・ＨＤ,自己株式取得に係る事項の決定に関するお知らせ,https://www.release.tdnet.info/inbs/140120260120535847.pdf,False,,japanese,,東名,
2026-01-20 15:30:00,2026-01-20,27780,パレモ・ＨＤ,コミットメントライン契約の締結に関するお知らせ,https://www.release.tdnet.info/inbs/140120260120535849.pdf,False,,japanese,,東名,
2026-01-20 15:30:00,2026-01-20,27780,パレモ・ＨＤ,人事異動に関するお知らせ,https://www.release.tdnet.info/inbs/140120260120535877.pdf,False,,japanese,,東名,
2026-01-20 15:30:00,2026-01-20,29970,Ｇ－ストレージ王,中期経営計画（2027/1期～2029/1期）,https://www.release.tdnet.info/inbs/140120260120536082.pdf,False,,japanese,,東,
2026-01-20 15:30:00,2026-01-20,30910,ブロンコＢ,2025年12月期　決算短信〔日本基準〕（連結）,https://www.release.tdnet.info/inbs/140120260119535431.pdf,True,,japanese,,東名,https://www.release.tdnet.info/inbs/081220260119535431.zip
2026-01-20 15:30:00,2026-01-20,30910,ブロンコＢ,2025年12月期　決算参考資料,https://www.release.tdnet.info/inbs/140120260120535859.pdf,False,,japanese,,東名,
2026-01-20 15:30:00,2026-01-20,30910,ブロンコＢ,期末配当（記念配当）に関するお知らせ,https://www.release.tdnet.info/inbs/140120260120535857.pdf,False,,japanese,,東名,
2026-01-20 15:30:00,2026-01-20,32880,オープンハウスＧ,株式報酬型ストック・オプション（新株予約権）の付与に関するお知らせ,https://www.release.tdnet.info/inbs/140120260120536024.pdf,False,,japanese,,東,
2026-01-20 15:30:00,2026-01-20,34860,グローバルリンクＭ,販売用不動産（信託受益権・オフィスビル）の仕入に伴う資金借入に関するお知らせ,https://www.release.tdnet.info/inbs/140120260120536038.pdf,False,,japanese,,東,
2026-01-20 15:30:00,2026-01-20,39920,ニーズウェル,譲渡制限付株式報酬としての自己株式の処分に関するお知らせ,https://www.release.tdnet.info/inbs/140120260120535815.pdf,False,,japanese,,東,
2026-01-20 15:30:00,2026-01-20,45930,Ｇ－ヘリオス,ARDS治療薬のグローバル第３相試験（REVIVE-ARDS試験）における日本国内の治験計画届出書の提出に関するお知らせ,https://www.release.tdnet.info/inbs/140120260120535939.pdf,False,,japanese,,東,
2026-01-20 15:30:00,2026-01-20,50260,Ｇ－トリプルアイズ,トリプルアイズ 2026年8月期第1四半期決算 Q＆Aに関するお知らせ,https://www.release.tdnet.info/inbs/140120260120535986.pdf,False,,japanese,,東,
2026-01-20 15:30:00,2026-01-20,53860,鶴弥,代表取締役の異動に関するお知らせ,https://www.release.tdnet.info/inbs/140120260119535669.pdf,False,,japanese,,東名,
2026-01-20 15:30:00,2026-01-20,59210,川岸工,譲渡制限付株式としての自己株式処分の払込完了に関するお知らせ,https://www.release.tdnet.info/inbs/140120260120535910.pdf,False,,japanese,,東,
2026-01-20 15:30:00,2026-01-20,70940,Ｇ－ＮｅｘＴｏｎｅ,2026年3月期第3四半期末現在における著作権管理楽曲数及び取扱原盤数のお知らせ,https://www.release.tdnet.info/inbs/140120260120535893.pdf,False,,japanese,,東,
2026-01-20 15:30:00,2026-01-20,71500,島根銀行,有価証券の売却及び貸出債権の流動化に関するお知らせ,https://www.release.tdnet.info/inbs/140120260115534214.pdf,False,,japanese,,東,
2026-01-20 15:30:00,2026-01-20,74580,第一興商,監査役の逝去および補欠監査役の監査役就任に関するお知らせ,https://www.release.tdnet.info/inbs/140120260120536101.pdf,False,,japanese,,東,
2026-01-20 15:30:00,2026-01-20,77390,キヤノン電子,支配株主であるキヤノン株式会社による当社株式に対する公開買付けの結果に関するお知らせ,https://www.release.tdnet.info/inbs/140120260119535554.pdf,False,,japanese,,東,
2026-01-20 15:30:00,2026-01-20,77510,キヤノン,キヤノン電子株式会社株式（証券コード：7739）に対する公開買付けの結果に関するお知らせ,https://www.release.tdnet.info/inbs/140120260120535947.pdf,False,,japanese,,東名札福,
2026-01-20 15:30:00,2026-01-20,78060,Ｇ－ＭＴＧ,譲渡制限付株式報酬としての自己株式の処分の払込完了に関するお知らせ,https://www.release.tdnet.info/inbs/140120260120535816.pdf,False,,japanese,,東,
2026-01-20 15:30:00,2026-01-20,82170,オークワ,役員異動ならびに組織変更について,https://www.release.tdnet.info/inbs/140120260119535769.pdf,False,,japanese,,東,
2026-01-20 15:30:00,2026-01-20,86130,丸三証,2026年3月期 第3四半期 決算速報値に関するお知らせ,https://www.release.tdnet.info/inbs/140120260120536061.pdf,True,,japanese,,東,https://www.release.tdnet.info/inbs/091220260120536061.zip
2026-01-20 15:30:00,2026-01-20,89600,Ｒ－ユナイテド,2025年11月期　決算短信（REIT）,https://www.release.tdnet.info/inbs/140120260115534447.pdf,True,,japanese,,東,https://www.release.tdnet.info/inbs/081220260115534447.zip
2026-01-20 15:30:00,2026-01-20,89600,Ｒ－ユナイテド,2025年11月期（第44期）決算説明資料,https://www.release.tdnet.info/inbs/140120260115534456.pdf,False,,japanese,,東,
2026-01-20 15:30:00,2026-01-20,89600,Ｒ－ユナイテド,投資法人及び資産運用会社の本店移転に関するお知らせ,https://www.release.tdnet.info/inbs/140120260115534450.pdf,False,,japanese,,東,
2026-01-20 15:30:00,2026-01-20,89630,Ｒ－ＩＮＶ,定期建物賃貸借兼管理業務委託契約締結に関するお知らせ（ホテルマイステイズ心斎橋）,https://www.release.tdnet.info/inbs/140120260120535917.pdf,False,,japanese,,東,
2026-01-20 15:00:00,2026-01-20,40800,田中化研,自己株式の消却に関するお知らせ,https://www.release.tdnet.info/inbs/140120260120536014.pdf,False,,japanese,,東,
2026-01-20 15:00:00,2026-01-20,51860,ニッタ,海外子会社設立に関するお知らせ,https://www.release.tdnet.info/inbs/140120260119535754.pdf,False,,japanese,,東,
2026-01-20 15:00:00,2026-01-20,60630,ＥＡＪ,通期連結業績予想の修正に関するお知らせ,https://www.release.tdnet.info/inbs/140120260119535757.pdf,True,,japanese,,東,https://www.release.tdnet.info/inbs/091220260119535757.zip
2026-01-20 15:00:00,2026-01-20,99320,杉本商事,組織変更及び人事異動に関するお知らせ,https://www.release.tdnet.info/inbs/140120260120536064.pdf,False,,japanese,,東,
2026-01-20 14:30:00,2026-01-20,34610,パルマ,事業KPI 2026年9月期 12月度月次情報,https://www.release.tdnet.info/inbs/140120260120535830.pdf,False,,japanese,,東名,
2026-01-20 14:00:00,2026-01-20,94380,エムティーアイ,譲渡制限付株式報酬としての新株式発行および自己株式の消却に関するお知らせ,https://www.release.tdnet.info/inbs/140120260119535758.pdf,False,,japanese,,東,
2026-01-20 13:00:00,2026-01-20,67410,日信号,代表取締役の異動（社長交代）に関するお知らせ,https://www.release.tdnet.info/inbs/140120260119535725.pdf,False,,japanese,,東,
2026-01-20 12:00:00,2026-01-20,13264,Ｅ－ワールド,SPDRゴールド・シェアに関する日々の開示事項,https://www.release.tdnet.info/inbs/140120260120535929.pdf,False,,japanese,,東,
2026-01-20 12:00:00,2026-01-20,70620,Ｇ－フレアス,2026年３月期12月度　月次売上（速報）に関するお知らせ,https://www.release.tdnet.info/inbs/140120260119535676.pdf,False,,japanese,,東,
2026-01-20 11:55:00,2026-01-20,13494,Ｅ－ＳＳＧＡ－ＳＩＮ,アジア国債・公債ＥＴＦ（正式名称：ＡＢＦ汎アジア債券インデックス・ファンド）に関する日々の開示事項,https://www.release.tdnet.info/inbs/140120260120535927.pdf,False,,japanese,,東,
2026-01-20 11:50:00,2026-01-20,15574,Ｅ－ＳＳＧＡＴＣ,SPDR S&P500 ETFに関する日々の開示事項,https://www.release.tdnet.info/inbs/140120260120535925.pdf,False,,japanese,,東,
2026-01-20 11:30:00,2026-01-20,20704,Ｎ－三菱ＵＦＪ証ＨＤ,上場ETN（発行者：三菱UFJ証券ホールディングス株式会社）に関する日々の開示事項,https://www.release.tdnet.info/inbs/140120260120535862.pdf,False,,japanese,,東,
2026-01-20 11:30:00,2026-01-20,65610,Ｇ－ＨＡＮＡＴＯＵＲ,月次業績速報 2025年12月,https://www.release.tdnet.info/inbs/140120260120535889.pdf,False,,japanese,,東,
2026-01-20 11:00:00,2026-01-20,27800,コメ兵ＨＤ,ブランド・ファッション事業の2026年3月期12月度月次に関するお知らせ,https://www.release.tdnet.info/inbs/140120260120535894.pdf,False,,japanese,,東名,
2026-01-20 11:00:00,2026-01-20,36490,ファインデックス,製品別導入実績速報に関するお知らせ,https://www.release.tdnet.info/inbs/140120260120535901.pdf,False,,japanese,,東,
2026-01-20 11:00:00,2026-01-20,80120,長瀬産,自己株式の取得状況および取得終了に関するお知らせ,https://www.release.tdnet.info/inbs/140120260120535832.pdf,False,,japanese,,東,
2026-01-20 10:45:00,2026-01-20,15624,Ｅ－三井住友ＤＳＡＭ,上場ＥＴＦ（管理会社：三井住友DSアセットマネジメント）に関する日々の開示事項,https://www.release.tdnet.info/inbs/140120260120535871.pdf,False,,japanese,,東,
2026-01-20 10:30:00,2026-01-20,98460,天満屋ス,代表取締役の異動（辞任）に関するお知らせ,https://www.release.tdnet.info/inbs/140120260115534335.pdf,False,,japanese,,東,
2026-01-20 10:00:00,2026-01-20,16714,Ｅ－シンプレクス,上場ＥＴＦ(管理会社：シンプレクス・アセット・マネジメント)に関する日々の開示事項,https://www.release.tdnet.info/inbs/140120260120535813.pdf,False,,japanese,,東,
2026-01-20 10:00:00,2026-01-20,33530,メディ一光Ｇ,株式の立会外分売終了に関するお知らせ,https://www.release.tdnet.info/inbs/140120260119535566.pdf,False,,japanese,,東,
2026-01-20 10:00:00,2026-01-20,85540,南日本銀,自己株式立会外買付取引による自己株式の取得結果及び自己株式の取得終了に関するお知らせ,https://www.release.tdnet.info/inbs/140120260116535232.pdf,False,,japanese,,福,
2026-01-20 09:40:00,2026-01-20,13294,Ｅ－ブラックロック,上場ETF（管理会社：ブラックロック・ジャパン）に関する日々の開示事項,https://www.release.tdnet.info/inbs/140120260120535818.pdf,False,,japanese,,東,
2026-01-20 09:30:00,2026-01-20,16724,Ｅ－ＷｉｓｄｏｍＴｒ,上場ETF（管理会社：WisdomTree、外国投資法人：MSL）に関する日々の開示事項,https://www.release.tdnet.info/inbs/140120260120535357.pdf,False,,japanese,,東,
2026-01-20 09:30:00,2026-01-20,16724,Ｅ－ＷｉｓｄｏｍＴｒ,上場ETF（管理会社：WisdomTree、外国投資法人：CSL）に関する日々の開示事項,https://www.release.tdnet.info/inbs/140120260120535358.pdf,False,,japanese,,東,
2026-01-20 08:30:00,2026-01-20,45070,塩野義薬,ViiV Healthcare Ltd. への追加出資による持分法適用関連会社化について,https://www.release.tdnet.info/inbs/140120260120535803.pdf,False,,japanese,,東,
2026-01-21 18:30:00,2026-01-21,30020,グンゼ,完全子会社の吸収合併（簡易合併・略式合併）に関するお知らせ,https://www.release.tdnet.info/inbs/140120260120536059.pdf,False,,japanese,,東,
2026-01-21 18:00:00,2026-01-21,51320,Ｇ－ｐｌｕｓｚｅｒｏ,募集新株予約権（有償ストック・オプション）の発行内容確定に関するお知らせ,https://www.release.tdnet.info/inbs/140120260121536741.pdf,False,,japanese,,東,
2026-01-21 17:30:00,2026-01-21,43200,ＣＥＨＤ,譲渡制限付株式報酬としての自己株式の処分の払込完了に関するお知らせ,https://www.release.tdnet.info/inbs/140120260121536736.pdf,False,,japanese,,東札,
2026-01-21 17:30:00,2026-01-21,89510,Ｒ－ビルＦ,第三者割当による新投資口発行における発行口数の確定に関するお知らせ,https://www.release.tdnet.info/inbs/140120260121536740.pdf,False,,japanese,,東,
2026-01-21 17:20:00,2026-01-21,31890,ＡＮＡＰ,当社グループによるビットコイン購入に関するお知らせ,https://www.release.tdnet.info/inbs/140120260121536720.pdf,False,,japanese,,東,
2026-01-21 17:15:00,2026-01-21,88940,ＲＥＶＯＬＵＴＩＯＮ,その他の関係会社の異動に関するお知らせ,https://www.release.tdnet.info/inbs/140120260121536733.pdf,False,,japanese,,東,
2026-01-21 17:00:00,2026-01-21,42470,ポバール興業,完全子会社の吸収合併（簡易合併・略式合併）に関するお知らせ,https://www.release.tdnet.info/inbs/140120260120536006.pdf,False,,japanese,,東名,
2026-01-21 17:00:00,2026-01-21,43970,Ｇ－チームスピリット,自己株式の取得及び自己株式立会外買付取引(ToSTNeT-3)による自己株式の買付けに関するお知らせ,https://www.release.tdnet.info/inbs/140120260120535976.pdf,False,,japanese,,東,
2026-01-21 17:00:00,2026-01-21,78710,フクビ化学工業,取締役候補者の選任に関するお知らせ,https://www.release.tdnet.info/inbs/140120260121536590.pdf,False,,japanese,,東名,
2026-01-21 17:00:00,2026-01-21,80020,丸紅,インドネシア最高裁判決に対する司法審査（再審理）に関するお知らせ（中央ジャカルタ訴訟）,https://www.release.tdnet.info/inbs/140120260121536407.pdf,False,,japanese,,東,
2026-01-21 16:55:00,2026-01-21,60350,ＩＲＪａｐａｎ　ＨＤ,（開示事項の経過）当社子会社に対する訴訟（控訴審）の棄却判決（勝訴）に関するお知らせ,https://www.release.tdnet.info/inbs/140120260121536727.pdf,False,,japanese,,東,
2026-01-21 16:30:00,2026-01-21,19040,大成温調,固定資産の譲渡における譲渡日の確定および特別利益計上に関するお知らせ,https://www.release.tdnet.info/inbs/140120260121536543.pdf,False,,japanese,,東,
2026-01-21 16:30:00,2026-01-21,30420,Ｇ－セキュアヴェイル,（開示事項の経過）東証スタンダード市場への市場区分変更承認に関するお知らせ,https://www.release.tdnet.info/inbs/140120260121536494.pdf,False,,japanese,,東,
2026-01-21 16:30:00,2026-01-21,36470,ジー・スリーＨＤ,系統用蓄電池事業部門の新設に関するお知らせ,https://www.release.tdnet.info/inbs/140120260121536702.pdf,False,,japanese,,東,
2026-01-21 16:30:00,2026-01-21,59050,日缶,投資有価証券の時価評価に関するお知らせ,https://www.release.tdnet.info/inbs/140120260121536706.pdf,False,,japanese,,東,
2026-01-21 16:30:00,2026-01-21,71870,ジェイリース,業績連動型株式報酬制度への追加拠出に関するお知らせ,https://www.release.tdnet.info/inbs/140120260121536700.pdf,False,,japanese,,東,
2026-01-21 16:30:00,2026-01-21,92710,Ｇ－和心,役員持株会設立に関するお知らせ,https://www.release.tdnet.info/inbs/140120260121536581.pdf,False,,japanese,,東,
2026-01-21 16:10:00,2026-01-21,81420,トーホー,売出価格等の決定に関するお知らせ,https://www.release.tdnet.info/inbs/140120260121536711.pdf,False,,japanese,,東,
2026-01-21 16:01:00,2026-01-21,36950,Ｇ－ＧＭＯ－ＰＰ,連結子会社の商号変更及び代表取締役の異動に関するお知らせ,https://www.release.tdnet.info/inbs/140120260120536276.pdf,False,,japanese,,東,
2026-01-21 16:00:00,2026-01-21,25520,上場ＪリートＭ,2025年12月期（2025年6月9日～2025年12月8日）決算短信,https://www.release.tdnet.info/inbs/140120260121536536.pdf,False,,japanese,,東,
2026-01-21 16:00:00,2026-01-21,26850,アンドエスティＨＤ,代表取締役の異動（社長交代）に関するお知らせ,https://www.release.tdnet.info/inbs/140120260120536237.pdf,False,,japanese,,東,
2026-01-21 16:00:00,2026-01-21,33720,関門海,当座貸越契約の締結に関するお知らせ,https://www.release.tdnet.info/inbs/140120260121536607.pdf,False,,japanese,,東,
2026-01-21 16:00:00,2026-01-21,34720,Ｒ－日本ホテル＆レジ,2025年11月期　決算短信（ＲＥＩＴ）,https://www.release.tdnet.info/inbs/140120260120536146.pdf,True,,japanese,,東,https://www.release.tdnet.info/inbs/081220260120536146.zip
2026-01-21 16:00:00,2026-01-21,34720,Ｒ－日本ホテル＆レジ,資産運用会社における組織の変更及び人事異動に関するお知らせ,https://www.release.tdnet.info/inbs/140120260121536337.pdf,False,,japanese,,東,
2026-01-21 16:00:00,2026-01-21,34720,Ｒ－日本ホテル＆レジ,役員の選任に関するお知らせ,https://www.release.tdnet.info/inbs/140120260121536355.pdf,False,,japanese,,東,
2026-01-21 16:00:00,2026-01-21,39070,シリコンスタジオ,（訂正・数値データ訂正)「2025年11月期決算短信〔日本基準〕（非連結）」の一部訂正に関するお知らせ,https://www.release.tdnet.info/inbs/140120260121536489.pdf,True,,japanese,,東,https://www.release.tdnet.info/inbs/081220260121536489.zip
2026-01-21 16:00:00,2026-01-21,50790,ノバック,コミットメントライン契約に基づく借入の実施について,https://www.release.tdnet.info/inbs/140120260121536402.pdf,False,,japanese,,東,
2026-01-21 16:00:00,2026-01-21,58200,三ッ星,第三者割当による新株式発行及び第1回新株予約権発行の払込完了に関するお知らせ,https://www.release.tdnet.info/inbs/140120260116535180.pdf,False,,japanese,,東,
2026-01-21 16:00:00,2026-01-21,61460,ディスコ,2026年3月期第3四半期決算短信〔日本基準〕（連結）,https://www.release.tdnet.info/inbs/140120260120535984.pdf,True,,japanese,,東,https://www.release.tdnet.info/inbs/081220260120535984.zip
2026-01-21 16:00:00,2026-01-21,61460,ディスコ,業績予想および配当予想のお知らせ,https://www.release.tdnet.info/inbs/140120260120535997.pdf,True,,japanese,,東,https://www.release.tdnet.info/inbs/091220260120535997.zip
2026-01-21 16:00:00,2026-01-21,66190,ＷＳＣＯＰＥ,第10回及び第11回新株予約権の取得及び消却並びに第三者割当による第12回新株予約権の発行及び新株予約権の買取契約の締結に関するお知らせ,https://www.release.tdnet.info/inbs/140120260121536547.pdf,False,,japanese,,東,
2026-01-21 16:00:00,2026-01-21,70430,Ｇ－アルー,2025年12月度　etudes月次KPI（速報）のお知らせ,https://www.release.tdnet.info/inbs/140120260108530564.pdf,False,,japanese,,東,
2026-01-21 16:00:00,2026-01-21,70920,ＦＦＪ,株式会社JG35による当社株券等に対する公開買付けの結果並びに親会社及び主要株主の異動に関するお知らせ,https://www.release.tdnet.info/inbs/140120260121536550.pdf,False,,japanese,,東,
2026-01-21 16:00:00,2026-01-21,72110,三菱自,代表執行役の異動および取締役候補者決定等に関するお知らせ,https://www.release.tdnet.info/inbs/140120260121536603.pdf,False,,japanese,,東,
2026-01-21 16:00:00,2026-01-21,92480,人・夢・技術Ｇ,譲渡制限付株式報酬としての自己株式の処分の払込完了に関するお知らせ,https://www.release.tdnet.info/inbs/140120260109531903.pdf,False,,japanese,,東,
2026-01-21 15:50:00,2026-01-21,58700,Ｇ－ナルネット,その他の関係会社の異動に関するお知らせ,https://www.release.tdnet.info/inbs/140120260121536676.pdf,False,,japanese,,東,
2026-01-21 15:45:00,2026-01-21,51310,Ｇ－リンカーズ,当社代表取締役社長の異動（辞任）について,https://www.release.tdnet.info/inbs/140120260121536614.pdf,False,,japanese,,東,
2026-01-21 15:40:00,2026-01-21,59900,スーパーツール,2026年3月期第3四半期決算短信〔日本基準〕（連結）,https://www.release.tdnet.info/inbs/140120260105528564.pdf,True,,japanese,,東,https://www.release.tdnet.info/inbs/081220260105528564.zip
2026-01-21 15:31:00,2026-01-21,47840,ＧＭＯインターネット,（開示事項の経過）上場維持基準への適合に向けた計画に基づく進捗状況について,https://www.release.tdnet.info/inbs/140120260120535909.pdf,False,,japanese,,東,
2026-01-21 15:30:00,2026-01-21,24920,インフォマート,株式会社invoxとの業務提携及び同社株式の追加取得（持分法適用関連会社化）に関するお知らせ,https://www.release.tdnet.info/inbs/140120260121536389.pdf,False,,japanese,,東,
2026-01-21 15:30:00,2026-01-21,28090,キユーピー,剰余金の配当に関するお知らせ,https://www.release.tdnet.info/inbs/140120260119535797.pdf,False,,japanese,,東,
2026-01-21 15:30:00,2026-01-21,29750,スター・マイカＨＤ,取締役に対する譲渡制限付株式報酬制度の改定及び監査等委員である取締役に対する譲渡制限付株式報酬制度の導入に関するお知らせ,https://www.release.tdnet.info/inbs/140120260121536507.pdf,False,,japanese,,東,
2026-01-21 15:30:00,2026-01-21,29790,Ｒ－ＳＯＳｉＬＡ物流,2025年11月期　決算短信（ＲＥＩＴ）,https://www.release.tdnet.info/inbs/140120260120536261.pdf,True,,japanese,,東,https://www.release.tdnet.info/inbs/081220260120536261.zip
2026-01-21 15:30:00,2026-01-21,30380,神戸物産,2025年12月度　月次IRニュース,https://www.release.tdnet.info/inbs/140120260120535804.pdf,False,,japanese,,東,
2026-01-21 15:30:00,2026-01-21,31530,八洲電機,連結子会社との会社分割（簡易吸収分割）契約締結のお知らせ,https://www.release.tdnet.info/inbs/140120260120536056.pdf,False,,japanese,,東,
2026-01-21 15:30:00,2026-01-21,32690,Ｒ－ＡＤＲ,資金の借入れ及び借入金の返済に関するお知らせ,https://www.release.tdnet.info/inbs/140120260121536540.pdf,False,,japanese,,東,
2026-01-21 15:30:00,2026-01-21,32830,Ｒ－プロロジ,2025年11月期 決算短信（ＲＥＩＴ）,https://www.release.tdnet.info/inbs/140120260121536348.pdf,True,,japanese,,東,https://www.release.tdnet.info/inbs/081220260121536348.zip
2026-01-21 15:30:00,2026-01-21,32830,Ｒ－プロロジ,2025年11月期 決算説明資料,https://www.release.tdnet.info/inbs/140120260121536353.pdf,False,,japanese,,東,
2026-01-21 15:30:00,2026-01-21,32830,Ｒ－プロロジ,国内不動産信託受益権の取得及び譲渡に関するお知らせ（プロロジスパーク市川2の取得価格及びプロロジスパーク船橋5の譲渡価格の確定）,https://www.release.tdnet.info/inbs/140120260121536358.pdf,False,,japanese,,東,
2026-01-21 15:30:00,2026-01-21,36680,コロプラ,譲渡制限付株式報酬としての新株式の払込完了に関するお知らせ,https://www.release.tdnet.info/inbs/140120260121536488.pdf,False,,japanese,,東,
2026-01-21 15:30:00,2026-01-21,38560,Ａｂａｌａｎｃｅ,（変更）検証委員会の検証期間見通し変更に関するお知らせ,https://www.release.tdnet.info/inbs/140120260121536655.pdf,False,,japanese,,東,
2026-01-21 15:30:00,2026-01-21,38560,Ａｂａｌａｎｃｅ,（変更）代表取締役の異動（辞任）日変更に関するお知らせ,https://www.release.tdnet.info/inbs/140120260121536663.pdf,False,,japanese,,東,
2026-01-21 15:30:00,2026-01-21,38560,Ａｂａｌａｎｃｅ,（変更）取締役 監査等委員（社外）の異動（辞任）日 変更に関するお知らせ,https://www.release.tdnet.info/inbs/140120260121536299.pdf,False,,japanese,,東,
2026-01-21 15:30:00,2026-01-21,38560,Ａｂａｌａｎｃｅ,（変更）臨時株主総会開催日決定に関するお知らせ,https://www.release.tdnet.info/inbs/140120260121536659.pdf,False,,japanese,,東,
2026-01-21 15:30:00,2026-01-21,39940,マネーフォワード,当社子会社によるアウトルックコンサルティング株式会社株券等（証券コード：5596）に対する公開買付けの結果に関するお知らせ,https://www.release.tdnet.info/inbs/140120260121536432.pdf,False,,japanese,,東,
2026-01-21 15:30:00,2026-01-21,43470,ブロードメディア,連結子会社からの配当金受領に関するお知らせ,https://www.release.tdnet.info/inbs/140120260121536398.pdf,False,,japanese,,東,
2026-01-21 15:30:00,2026-01-21,45530,東和薬品,大塚製薬との医薬品製造における協業体制の構築に向けた基本合意の締結に関するお知らせ,https://www.release.tdnet.info/inbs/140120260121536371.pdf,False,,japanese,,東,
2026-01-21 15:30:00,2026-01-21,45930,Ｇ－ヘリオス,アルフレッサ社との体性幹細胞培養上清液の取引基本合意書締結のお知らせ,https://www.release.tdnet.info/inbs/140120260121536457.pdf,False,,japanese,,東,
2026-01-21 15:30:00,2026-01-21,45960,Ｇ－窪田製薬ＨＤ,代表取締役の役員報酬の辞退に関するお知らせ,https://www.release.tdnet.info/inbs/140120260121536493.pdf,False,,japanese,,東,
2026-01-21 15:30:00,2026-01-21,46760,フジＨＤ,当社株式の大規模買付行為等に係る改訂情報リスト交付への返信受領に関するお知らせ,https://www.release.tdnet.info/inbs/140120260121536546.pdf,False,,japanese,,東,
2026-01-21 15:30:00,2026-01-21,50320,ＡＮＹＣＯＬＯＲ,自己株式取得に係る事項の決定に関するお知らせ,https://www.release.tdnet.info/inbs/140120260121536442.pdf,False,,japanese,,東,
2026-01-21 15:30:00,2026-01-21,55870,Ｇ－インバウンドＰＦ,事業譲受に関するお知らせ,https://www.release.tdnet.info/inbs/140120260121536610.pdf,False,,japanese,,東,
2026-01-21 15:30:00,2026-01-21,55960,Ｇ－アウトルック,親会社であるマネーフォワードコンサルティング株式会社による当社株券等に対する公開買付けの結果に関するお知らせ,https://www.release.tdnet.info/inbs/140120260120536243.pdf,False,,japanese,,東,
2026-01-21 15:30:00,2026-01-21,60270,弁護士ドットコム,当社代表取締役社長が保有する株式の贈与に関するお知らせ,https://www.release.tdnet.info/inbs/140120260121536290.pdf,False,,japanese,,東,
2026-01-21 15:30:00,2026-01-21,60270,弁護士ドットコム,臨時株主総会招集のための基準日設定および臨時株主総会の開催並びに資本金の額の減少に関するお知らせ,https://www.release.tdnet.info/inbs/140120260121536288.pdf,False,,japanese,,東,
2026-01-21 15:30:00,2026-01-21,60270,弁護士ドットコム,従業員持株制度の奨励金付与率引き上げに関するお知らせ,https://www.release.tdnet.info/inbs/140120260121536289.pdf,False,,japanese,,東,
2026-01-21 15:30:00,2026-01-21,60450,Ｇ－レントラックス,井嶋金銀工業株式会社の株式取得(子会社化)に関するお知らせ,https://www.release.tdnet.info/inbs/140120260120536233.pdf,False,,japanese,,東,
2026-01-21 15:30:00,2026-01-21,60450,Ｇ－レントラックス,資金の借入に関するお知らせ,https://www.release.tdnet.info/inbs/140120260120536235.pdf,False,,japanese,,東,
2026-01-21 15:30:00,2026-01-21,60460,Ｇ－リンクバル,東京証券取引所スタンダード市場への市場区分変更申請に向けた準備に関するお知らせ,https://www.release.tdnet.info/inbs/140120260121536453.pdf,False,,japanese,,東,
2026-01-21 15:30:00,2026-01-21,64920,岡野バル,譲渡制限付株式報酬としての自己株式の処分に関するお知らせ,https://www.release.tdnet.info/inbs/140120260121536526.pdf,False,,japanese,,東,
2026-01-21 15:30:00,2026-01-21,71140,Ｇ－フーディソン,（訂正）業績目標付税制適格新株予約権（無償ストック・オプション）の発行に関するお知らせ,https://www.release.tdnet.info/inbs/140120260121536470.pdf,False,,japanese,,東,
2026-01-21 15:30:00,2026-01-21,73700,Ｇ－Ｅｎｊｉｎ,（訂正）新株予約権（有償ストック・オプション）の消却に関するお知らせ,https://www.release.tdnet.info/inbs/140120260121536504.pdf,False,,japanese,,東,
2026-01-21 15:30:00,2026-01-21,75450,西松屋チェ,2026年２月期前年比速報（１月度）,https://www.release.tdnet.info/inbs/140120260121536478.pdf,False,,japanese,,東,
2026-01-21 15:30:00,2026-01-21,89670,Ｒ－ニホンロジ,交換による国内不動産信託受益権の取得予定価格・譲渡予定価格の決定等に関するお知らせ,https://www.release.tdnet.info/inbs/140120260121536374.pdf,False,,japanese,,東,
2026-01-21 15:30:00,2026-01-21,91630,Ｇ－ナレルグループ,2025年12月度　ＫＰＩのお知らせ,https://www.release.tdnet.info/inbs/140120260121536395.pdf,False,,japanese,,東,
2026-01-21 15:30:00,2026-01-21,95630,Ｇ－Ａｔｌａｓ,業績予想の修正、次期業績予想、及び中期経営計画の財務計画取り下げに関するお知らせ,https://www.release.tdnet.info/inbs/140120260121536570.pdf,True,,japanese,,東,https://www.release.tdnet.info/inbs/091220260121536570.zip
2026-01-21 15:00:00,2026-01-21,65770,Ｇ－ベストワンドット,募集新株予約権（有償ストック・オプション）の発行内容確定に関するお知らせ,https://www.release.tdnet.info/inbs/140120260121536587.pdf,False,,japanese,,東,
2026-01-21 15:00:00,2026-01-21,99420,ジョイフル,（訂正）「当社子会社（株式会社フレンドリー）による株式併合に伴う完全子会社化に関するお知らせ」の一部訂正に関するお知らせ,https://www.release.tdnet.info/inbs/140120260121536623.pdf,False,,japanese,,福,
2026-01-21 14:30:00,2026-01-21,33700,フジタコーポ,株主優待制度の変更（拡充）に関するお知らせ,https://www.release.tdnet.info/inbs/140120260121536334.pdf,False,,japanese,,東,
2026-01-21 14:30:00,2026-01-21,41160,大日精化,執行役員制度の見直し及びチーフ・オフィサー制度の導入に関するお知らせ,https://www.release.tdnet.info/inbs/140120260119535599.pdf,False,,japanese,,東,
2026-01-21 13:30:00,2026-01-21,58300,いよぎんＨＤ,自己株式の取得状況及び取得終了に関するお知らせ,https://www.release.tdnet.info/inbs/140120260119535505.pdf,False,,japanese,,東,
2026-01-21 13:00:00,2026-01-21,27330,あらた,（開示事項の経過）株式会社MAPホールディングスの株式の取得 （子会社化）完了に関するお知らせ,https://www.release.tdnet.info/inbs/140120260120536283.pdf,False,,japanese,,東,
2026-01-21 12:05:00,2026-01-21,13264,Ｅ－ワールド,SPDRゴールド・シェアに関する日々の開示事項,https://www.release.tdnet.info/inbs/140120260121536447.pdf,False,,japanese,,東,
2026-01-21 12:00:00,2026-01-21,13494,Ｅ－ＳＳＧＡ－ＳＩＮ,アジア国債・公債ＥＴＦ（正式名称：ＡＢＦ汎アジア債券インデックス・ファンド）に関する日々の開示事項,https://www.release.tdnet.info/inbs/140120260121536444.pdf,False,,japanese,,東,
2026-01-21 12:00:00,2026-01-21,86140,東洋証,2026年3月期第3四半期連結決算速報値に関するお知らせ,https://www.release.tdnet.info/inbs/140120260121536368.pdf,True,,japanese,,東,https://www.release.tdnet.info/inbs/091220260121536368.zip
2026-01-21 11:55:00,2026-01-21,15574,Ｅ－ＳＳＧＡＴＣ,SPDR S&P500 ETFに関する日々の開示事項,https://www.release.tdnet.info/inbs/140120260121536439.pdf,False,,japanese,,東,
2026-01-21 11:30:00,2026-01-21,20704,Ｎ－三菱ＵＦＪ証ＨＤ,上場ETN（発行者：三菱UFJ証券ホールディングス株式会社）に関する日々の開示事項,https://www.release.tdnet.info/inbs/140120260121536382.pdf,False,,japanese,,東,
2026-01-21 11:30:00,2026-01-21,40110,Ｇ－ヘッドウォーター,親会社以外の支配株主の異動に関するお知らせ,https://www.release.tdnet.info/inbs/140120260120536098.pdf,False,,japanese,,東,
2026-01-21 11:30:00,2026-01-21,87060,極東証券,2026年3月期 第3四半期連結業績速報値に関するお知らせ,https://www.release.tdnet.info/inbs/140120260120536215.pdf,True,,japanese,,東,https://www.release.tdnet.info/inbs/091220260120536215.zip
2026-01-21 11:30:00,2026-01-21,93990,ビート,ビットコインETFの追加購入に関するお知らせ,https://www.release.tdnet.info/inbs/140120260121536435.pdf,False,,japanese,,東,
2026-01-21 11:10:00,2026-01-21,93880,Ｑ－パパネッツ,株式の立会外分売終了に関するお知らせ,https://www.release.tdnet.info/inbs/140120260121536426.pdf,False,,japanese,,福,
2026-01-21 11:00:00,2026-01-21,92470,ＴＲＥＨＤ,自己株式の取得状況および取得終了に関するお知らせ（会社法第 165 条第２項の規定による定款の定めに基づく自己株式の取得）,https://www.release.tdnet.info/inbs/140120260121536360.pdf,False,,japanese,,東,
2026-01-21 10:50:00,2026-01-21,15624,Ｅ－三井住友ＤＳＡＭ,上場ＥＴＦ（管理会社：三井住友DSアセットマネジメント）に関する日々の開示事項,https://www.release.tdnet.info/inbs/140120260121536400.pdf,False,,japanese,,東,
2026-01-21 10:00:00,2026-01-21,16714,Ｅ－シンプレクス,上場ＥＴＦ(管理会社：シンプレクス・アセット・マネジメント)に関する日々の開示事項,https://www.release.tdnet.info/inbs/140120260121536346.pdf,False,,japanese,,東,
2026-01-21 09:45:00,2026-01-21,13294,Ｅ－ブラックロック,上場ETF（管理会社：ブラックロック・ジャパン）に関する日々の開示事項,https://www.release.tdnet.info/inbs/140120260121536342.pdf,False,,japanese,,東,
2026-01-21 08:50:00,2026-01-21,20190,ＧＸ優先証券隔月,ETFの収益分配金見込額のお知らせ,https://www.release.tdnet.info/inbs/140120260120536221.pdf,False,,japanese,,東,
2026-01-21 08:50:00,2026-01-21,20950,ＧＸＵＳ配当貴族ヘ,ETFの収益分配金見込額のお知らせ,https://www.release.tdnet.info/inbs/140120260120536222.pdf,False,,japanese,,東,
2026-01-21 08:50:00,2026-01-21,22360,ＧＸＵＳ配当貴族,ETFの収益分配金見込額のお知らせ,https://www.release.tdnet.info/inbs/140120260120536223.pdf,False,,japanese,,東,
2026-01-21 08:50:00,2026-01-21,22530,ＧＸＵＳスーパーＤ,ETFの収益分配金見込額のお知らせ,https://www.release.tdnet.info/inbs/140120260120536226.pdf,False,,japanese,,東,
2026-01-21 08:50:00,2026-01-21,25640,ＧＸスーパーディビ,ETFの収益分配金見込額のお知らせ,https://www.release.tdnet.info/inbs/140120260120536227.pdf,False,,japanese,,東,
2026-01-21 08:50:00,2026-01-21,26260,ＧＸデジタル日株,ETFの収益分配金見込額のお知らせ,https://www.release.tdnet.info/inbs/140120260120536228.pdf,False,,japanese,,東,
2026-01-21 08:50:00,2026-01-21,26270,ＧＸｅコマース日株,ETFの収益分配金見込額のお知らせ,https://www.release.tdnet.info/inbs/140120260120536229.pdf,False,,japanese,,東,
2026-01-21 08:50:00,2026-01-21,28490,ＧＸ高配当ＥＳＧ日株,ETFの収益分配金見込額のお知らせ,https://www.release.tdnet.info/inbs/140120260120536230.pdf,False,,japanese,,東,
2026-01-21 08:30:00,2026-01-21,16724,Ｅ－ＷｉｓｄｏｍＴｒ,上場ETF（管理会社：WisdomTree、外国投資法人：MSL）に関する日々の開示事項,https://www.release.tdnet.info/inbs/140120260121536312.pdf,False,,japanese,,東,
2026-01-21 08:30:00,2026-01-21,16724,Ｅ－ＷｉｓｄｏｍＴｒ,上場ETF（管理会社：WisdomTree、外国投資法人：CSL）に関する日々の開示事項,https://www.release.tdnet.info/inbs/140120260121536314.pdf,False,,japanese,,東,
2026-01-22 19:15:00,2026-01-22,38030,Ｇ－イメージ情,代表取締役の異動（解職）及び社長交代に関するお知らせ,https://www.release.tdnet.info/inbs/140120260122537291.pdf,False,,japanese,,東,
2026-01-22 19:00:00,2026-01-22,25880,プレミアムウォーター,第三者割当による種類株式の発行条件等の決定に関するお知らせ,https://www.release.tdnet.info/inbs/140120260121536791.pdf,False,,japanese,,東,
2026-01-22 19:00:00,2026-01-22,25880,プレミアムウォーター,自己株式の取得に係る事項の決定に関するお知らせ,https://www.release.tdnet.info/inbs/140120260121536793.pdf,False,,japanese,,東,
2026-01-22 18:00:00,2026-01-22,32820,Ｒ－コンフォリア,資金の借入れ及び既存借入金の返済に関するお知らせ,https://www.release.tdnet.info/inbs/140120260122536896.pdf,False,,japanese,,東,
2026-01-22 18:00:00,2026-01-22,63350,東京機,（開示事項の経過）当社に対する上告の棄却及び上告受理申立ての不受理の決定に関するお知らせ,https://www.release.tdnet.info/inbs/140120260122537110.pdf,False,,japanese,,東,
2026-01-22 18:00:00,2026-01-22,65510,ツナグＧＨＤ,株主優待制度における保有期間要件の明確化に関するお知らせ,https://www.release.tdnet.info/inbs/140120260122537245.pdf,False,,japanese,,東,
2026-01-22 17:30:00,2026-01-22,21300,メンバーズ,連結決算（IFRS）への移行に伴う連結業績予想の公表に関するお知らせ,https://www.release.tdnet.info/inbs/140120260119535439.pdf,True,,japanese,,東,https://www.release.tdnet.info/inbs/091220260119535439.zip
2026-01-22 17:30:00,2026-01-22,21300,メンバーズ,「内部統制システム整備の基本方針」一部改定に関するお知らせ,https://www.release.tdnet.info/inbs/140120260120536164.pdf,False,,japanese,,東,
2026-01-22 17:30:00,2026-01-22,21300,メンバーズ,「コーポレート・ガバナンスに関する基本方針」一部改定に関するお知らせ,https://www.release.tdnet.info/inbs/140120260120536166.pdf,False,,japanese,,東,
2026-01-22 17:00:00,2026-01-22,32370,Ｇ－イントランス,第三者割当による第２回無担保転換社債型新株予約権付社債及び第10回新株予約権の発行に関するお知らせ,https://www.release.tdnet.info/inbs/140120260122537210.pdf,False,,japanese,,東,
2026-01-22 17:00:00,2026-01-22,58830,Ｐ－ＧＴＨＤ,株主による臨時株主総会招集請求に関するお知らせ,https://www.release.tdnet.info/inbs/140120260122537186.pdf,False,,japanese,,東,
2026-01-22 17:00:00,2026-01-22,59870,オーネックス,臨時株主総会開催及び付議議案の決定に関するお知らせ,https://www.release.tdnet.info/inbs/140120260122537081.pdf,False,,japanese,,東,
2026-01-22 17:00:00,2026-01-22,59870,オーネックス,定款の一部変更に関するお知らせ,https://www.release.tdnet.info/inbs/140120260122537084.pdf,False,,japanese,,東,
2026-01-22 17:00:00,2026-01-22,87000,丸八証券,2026年３月期 第３四半期決算速報値に関するお知らせ,https://www.release.tdnet.info/inbs/140120260121536492.pdf,True,,japanese,,東,https://www.release.tdnet.info/inbs/091220260121536492.zip
2026-01-22 16:30:00,2026-01-22,29610,日本調理機,取締役に対する譲渡制限付株式報酬としての自己株式処分に関するお知らせ,https://www.release.tdnet.info/inbs/140120260121536654.pdf,False,,japanese,,東,
2026-01-22 16:30:00,2026-01-22,71480,ＦＰＧ,従業員に対する譲渡制限付株式報酬としての自己株式の処分に関するお知らせ,https://www.release.tdnet.info/inbs/140120260121536786.pdf,False,,japanese,,東,
2026-01-22 16:30:00,2026-01-22,97020,アイエスビー,連結子会社の本店移転に関するお知らせ,https://www.release.tdnet.info/inbs/140120260121536533.pdf,False,,japanese,,東,
2026-01-22 16:10:00,2026-01-22,81070,キムラタン,主要株主の異動に関するお知らせ,https://www.release.tdnet.info/inbs/140120260122537208.pdf,False,,japanese,,東,
2026-01-22 16:00:00,2026-01-22,39370,Ｕｂｉｃｏｍ,連結子会社から配当金受領に関するお知らせ,https://www.release.tdnet.info/inbs/140120260122536992.pdf,False,,japanese,,東,
2026-01-22 16:00:00,2026-01-22,48920,Ｇ－サイフューズ,2025年12月期業績予想の修正に関するお知らせ,https://www.release.tdnet.info/inbs/140120260122536973.pdf,True,,japanese,,東福,https://www.release.tdnet.info/inbs/091220260122536973.zip
2026-01-22 16:00:00,2026-01-22,48920,Ｇ－サイフューズ,基準日後株主に対する議決権付与に関するお知らせ,https://www.release.tdnet.info/inbs/140120260122537006.pdf,False,,japanese,,東福,
2026-01-22 16:00:00,2026-01-22,48920,Ｇ－サイフューズ,募集新株予約権（ストック・オプション）の発行に関するお知らせ,https://www.release.tdnet.info/inbs/140120260122537002.pdf,False,,japanese,,東福,
2026-01-22 16:00:00,2026-01-22,69010,沢藤電,臨時株主総会招集のための基準日設定に関するお知らせ,https://www.release.tdnet.info/inbs/140120260121536477.pdf,False,,japanese,,東,
2026-01-22 16:00:00,2026-01-22,71380,Ｇ－ＴＯＲＩＣＯ,イーサリアム（ETH）の追加取得に関するお知らせ,https://www.release.tdnet.info/inbs/140120260122537172.pdf,False,,japanese,,東,
2026-01-22 16:00:00,2026-01-22,81510,東陽テクニカ,ソニックガード株式会社の株式取得（子会社化）に関するお知らせ,https://www.release.tdnet.info/inbs/140120260119535605.pdf,False,,japanese,,東,
2026-01-22 16:00:00,2026-01-22,85110,日証金,代表執行役の異動等の人事に関するお知らせ,https://www.release.tdnet.info/inbs/140120260122537034.pdf,False,,japanese,,東,
2026-01-22 15:45:00,2026-01-22,23400,極楽湯ＨＤ,シンジケートローン契約締結に関するお知らせ,https://www.release.tdnet.info/inbs/140120260122537149.pdf,False,,japanese,,東,
2026-01-22 15:45:00,2026-01-22,74620,ＣＡＰＩＴＡ,代表取締役等の異動に関するお知らせ（開示の経過）,https://www.release.tdnet.info/inbs/140120260122537171.pdf,False,,japanese,,東,
2026-01-22 15:35:00,2026-01-22,36240,Ｇ－アクセルＭ,ウェルネスモアラボラトリーズ株式会社の発行済み転換社債型新株予約権付社債の新株予約権行使ならびに同社の連結子会社化（予定）に係る手続き開始のお知らせ,https://www.release.tdnet.info/inbs/140120260121536799.pdf,False,,japanese,,東,
2026-01-22 15:35:00,2026-01-22,63270,北川精機,2026年6月期第2四半期（中間期） 連結業績予想及び通期連結業績予想の修正に関するお知らせ,https://www.release.tdnet.info/inbs/140120260121536385.pdf,True,,japanese,,東,https://www.release.tdnet.info/inbs/091220260121536385.zip
2026-01-22 15:30:00,2026-01-22,18020,大林組,自己株式の消却に関するお知らせ,https://www.release.tdnet.info/inbs/140120260121536576.pdf,False,,japanese,,東,
2026-01-22 15:30:00,2026-01-22,21730,Ｇ－博展,定款一部変更に関するお知らせ,https://www.release.tdnet.info/inbs/140120260122537080.pdf,False,,japanese,,東,
2026-01-22 15:30:00,2026-01-22,21730,Ｇ－博展,役員人事に関するお知らせ,https://www.release.tdnet.info/inbs/140120260122537126.pdf,False,,japanese,,東,
2026-01-22 15:30:00,2026-01-22,29830,Ｇ－アールプランナー,当座貸越契約の増額に関するお知らせ,https://www.release.tdnet.info/inbs/140120260121536650.pdf,False,,japanese,,東名,
2026-01-22 15:30:00,2026-01-22,29830,Ｇ－アールプランナー,当座貸越契約の締結に関するお知らせ,https://www.release.tdnet.info/inbs/140120260121536662.pdf,False,,japanese,,東名,
2026-01-22 15:30:00,2026-01-22,29830,Ｇ－アールプランナー,連結子会社からの配当金受領に関するお知らせ,https://www.release.tdnet.info/inbs/140120260121536794.pdf,False,,japanese,,東名,
2026-01-22 15:30:00,2026-01-22,32900,Ｒ－Ｏｎｅリート,役員の選任に関するお知らせ,https://www.release.tdnet.info/inbs/140120260121536782.pdf,False,,japanese,,東,
2026-01-22 15:30:00,2026-01-22,36560,ＫＬａｂ,プライム上場維持基準(流通株式時価総額)の適合に関するお知らせ,https://www.release.tdnet.info/inbs/140120260122537144.pdf,False,,japanese,,東,
2026-01-22 15:30:00,2026-01-22,37530,フライト,業績予想の修正に関するお知らせ,https://www.release.tdnet.info/inbs/140120260113532773.pdf,True,,japanese,,東,https://www.release.tdnet.info/inbs/091220260113532773.zip
2026-01-22 15:30:00,2026-01-22,39170,Ｇ－アイリッジ,東京証券取引所上場10周年記念株主優待の実施に関するお知らせ,https://www.release.tdnet.info/inbs/140120260122536937.pdf,False,,japanese,,東,
2026-01-22 15:30:00,2026-01-22,39970,トレードワークス,特別損失の計上及び通期業績予想の修正並びに役員報酬の一部返納に関するお知らせ,https://www.release.tdnet.info/inbs/140120260121536473.pdf,True,,japanese,,東,https://www.release.tdnet.info/inbs/091220260121536473.zip
2026-01-22 15:30:00,2026-01-22,40600,Ｇ－ｒａｋｕｍｏ,連結子会社の社名変更に関するお知らせ,https://www.release.tdnet.info/inbs/140120260120536277.pdf,False,,japanese,,東,
2026-01-22 15:30:00,2026-01-22,42030,住友ベーク,京セラ株式会社のケミカル事業の一部を吸収分割により承継する新設会社の株式取得（子会社化）に関するお知らせ,https://www.release.tdnet.info/inbs/140120260121536790.pdf,False,,japanese,,東,
2026-01-22 15:30:00,2026-01-22,44800,メドレー,資金の借入に関するお知らせ,https://www.release.tdnet.info/inbs/140120260122536999.pdf,False,,japanese,,東,
2026-01-22 15:30:00,2026-01-22,48480,フルキャストＨＤ,RGF タレントソリューションズ株式会社及びRGF International Recruitment Holdings Limitedの株式取得（子会社化）に関するお知らせ,https://www.release.tdnet.info/inbs/140120260119535768.pdf,False,,japanese,,東,
2026-01-22 15:30:00,2026-01-22,49770,ニッタゼラチン,従業員持株会向け特別奨励金スキームによる自己株式の処分に関するお知らせ,https://www.release.tdnet.info/inbs/140120260122537088.pdf,False,,japanese,,東,
2026-01-22 15:30:00,2026-01-22,49770,ニッタゼラチン,株主優待の実施に関するお知らせ,https://www.release.tdnet.info/inbs/140120260122537092.pdf,False,,japanese,,東,
2026-01-22 15:30:00,2026-01-22,52430,Ｇ－ｎｏｔｅ,資本金の額の減少に関するお知らせ,https://www.release.tdnet.info/inbs/140120260122537118.pdf,False,,japanese,,東,
2026-01-22 15:30:00,2026-01-22,52430,Ｇ－ｎｏｔｅ,取締役候補者の選任に関するお知らせ,https://www.release.tdnet.info/inbs/140120260122537164.pdf,False,,japanese,,東,
2026-01-22 15:30:00,2026-01-22,55330,エリッツＨＤ,譲渡制限付株式報酬としての新株式発行の払込完了に関するお知らせ,https://www.release.tdnet.info/inbs/140120260122537057.pdf,False,,japanese,,東,
2026-01-22 15:30:00,2026-01-22,60980,リクルートＨＤ,孫会社の異動(株式譲渡)について,https://www.release.tdnet.info/inbs/140120260122536884.pdf,False,,japanese,,東,
2026-01-22 15:30:00,2026-01-22,69710,京セラ,当社ケミカル事業の新設子会社への会社分割による承継及び新設子会社の株式の譲渡に関するお知らせ,https://www.release.tdnet.info/inbs/140120260122536940.pdf,False,,japanese,,東,
2026-01-22 15:30:00,2026-01-22,73720,Ｇ－デコルテＨＤ,譲渡制限付株式報酬としての自己株式の処分の払込完了に関するお知らせ,https://www.release.tdnet.info/inbs/140120260121536548.pdf,False,,japanese,,東,
2026-01-22 15:30:00,2026-01-22,73730,Ｇ－アイドマＨＤ,業績動向に関する補足説明について,https://www.release.tdnet.info/inbs/140120260119535336.pdf,False,,japanese,,東,
2026-01-22 15:30:00,2026-01-22,74090,Ｇ－ＡｅｒｏＥｄｇｅ,資金の借入に関するお知らせ,https://www.release.tdnet.info/inbs/140120260122536880.pdf,False,,japanese,,東,
2026-01-22 15:30:00,2026-01-22,76030,ジーイエット,合弁会社（子会社）設立に関する合弁契約締結のお知らせ,https://www.release.tdnet.info/inbs/140120260122537085.pdf,False,,japanese,,東,
2026-01-22 15:30:00,2026-01-22,76030,ジーイエット,臨時株主総会の招集のための基準日設定及び臨時株主総会開催に関するお知らせ,https://www.release.tdnet.info/inbs/140120260122537086.pdf,False,,japanese,,東,
2026-01-22 15:30:00,2026-01-22,78060,Ｇ－ＭＴＧ,連結子会社（MTG上海）の解散に関するお知らせ,https://www.release.tdnet.info/inbs/140120260122537033.pdf,False,,japanese,,東,
2026-01-22 15:30:00,2026-01-22,79060,ヨネックス,指名・報酬諮問委員会の設置に関するお知らせ,https://www.release.tdnet.info/inbs/140120260122536933.pdf,False,,japanese,,東,
2026-01-22 15:30:00,2026-01-22,87080,アイザワ証Ｇ,2026年３月期第３四半期 連結決算速報値に関するお知らせ,https://www.release.tdnet.info/inbs/140120260122536936.pdf,True,,japanese,,東,https://www.release.tdnet.info/inbs/091220260122536936.zip
2026-01-22 15:30:00,2026-01-22,87890,フィンテック,譲渡制限付株式（報酬）としての自己株式の処分払込完了に関するお知らせ,https://www.release.tdnet.info/inbs/140120260122537133.pdf,False,,japanese,,東,
2026-01-22 15:30:00,2026-01-22,89080,毎日コムネット,自己株式取得に係る事項の決定に関するお知らせ,https://www.release.tdnet.info/inbs/140120260121536694.pdf,False,,japanese,,東,
2026-01-22 15:30:00,2026-01-22,89750,Ｒ－いちごオフィス,資金の借入（金利決定）のお知らせ,https://www.release.tdnet.info/inbs/140120260122537039.pdf,False,,japanese,,東,
2026-01-22 15:30:00,2026-01-22,89760,Ｒ－大和ＯＦ,2025年11月期 決算短信（ＲＥＩＴ）,https://www.release.tdnet.info/inbs/140120260121536738.pdf,True,,japanese,,東,https://www.release.tdnet.info/inbs/081220260121536738.zip
2026-01-22 15:30:00,2026-01-22,89760,Ｒ－大和ＯＦ,2025年11月期（第40期） 決算説明会資料,https://www.release.tdnet.info/inbs/140120260121536745.pdf,False,,japanese,,東,
2026-01-22 15:30:00,2026-01-22,89850,Ｒ－ＪＨＲ,2025年12月期（第26期）の運用状況及び分配金の予想の修正並びに2026年12月期（第27期）の運用状況及び分配金の予想に関するお知らせ,https://www.release.tdnet.info/inbs/140120260120536172.pdf,True,,japanese,,東,https://www.release.tdnet.info/inbs/091220260120536172.zip
2026-01-22 15:30:00,2026-01-22,89850,Ｒ－ＪＨＲ,ヒルトン東京お台場　改装工事に関するお知らせ,https://www.release.tdnet.info/inbs/140120260122536983.pdf,False,,japanese,,東,
2026-01-22 15:30:00,2026-01-22,89850,Ｒ－ＪＨＲ,2025年12月度の月次開示に関するお知らせ,https://www.release.tdnet.info/inbs/140120260120536168.pdf,False,,japanese,,東,
2026-01-22 15:30:00,2026-01-22,89850,Ｒ－ＪＨＲ,資金の借入れに関するお知らせ,https://www.release.tdnet.info/inbs/140120260120536169.pdf,False,,japanese,,東,
2026-01-22 15:30:00,2026-01-22,89860,Ｒ－大和証券リビング,国内不動産の取得（グランカーサ住吉II）に関するお知らせ,https://www.release.tdnet.info/inbs/140120260122536838.pdf,False,,japanese,,東,
2026-01-22 15:30:00,2026-01-22,90640,ヤマトＨＤ,代表取締役および役員の異動に関するお知らせ,https://www.release.tdnet.info/inbs/140120260122536868.pdf,False,,japanese,,東,
2026-01-22 15:30:00,2026-01-22,92670,ゲンキードラッグ,業績予想の修正に関するお知らせ,https://www.release.tdnet.info/inbs/140120260122537051.pdf,True,,japanese,,東,https://www.release.tdnet.info/inbs/091220260122537051.zip
2026-01-22 15:30:00,2026-01-22,96780,カナモト,譲渡制限付株式報酬としての自己株式の処分に関するお知らせ,https://www.release.tdnet.info/inbs/140120260122537038.pdf,False,,japanese,,東札,
2026-01-22 15:00:00,2026-01-22,27210,ＪＨＤ,業績予想の修正に関するお知らせ,https://www.release.tdnet.info/inbs/140120260122537076.pdf,True,,japanese,,東,https://www.release.tdnet.info/inbs/091220260122537076.zip
2026-01-22 15:00:00,2026-01-22,44370,Ｇ－ＧＤＨ,本社移転に関するお知らせ,https://www.release.tdnet.info/inbs/140120260108530915.pdf,False,,japanese,,東,
2026-01-22 15:00:00,2026-01-22,64440,サンデン,上場維持基準への適合に関するお知らせ,https://www.release.tdnet.info/inbs/140120260122536824.pdf,False,,japanese,,東,
2026-01-22 15:00:00,2026-01-22,64440,サンデン,執行役員人事に関するお知らせ,https://www.release.tdnet.info/inbs/140120260122536834.pdf,False,,japanese,,東,
2026-01-22 15:00:00,2026-01-22,87470,豊トラスティ証券,連結総資産の増加に関するお知らせ,https://www.release.tdnet.info/inbs/140120260122536828.pdf,False,,japanese,,東,
2026-01-22 14:30:00,2026-01-22,24980,オリコンＨＤ,譲渡制限付株式報酬としての新株式の払込完了に関するお知らせ,https://www.release.tdnet.info/inbs/140120260122536807.pdf,False,,japanese,,東,
2026-01-22 14:00:00,2026-01-22,29980,Ｇ－クリアル,（開示事項の経過）クラウドファンディングでのファンド組成に係る販売用不動産の取得に関するお知らせ,https://www.release.tdnet.info/inbs/140120260119535766.pdf,False,,japanese,,東,
2026-01-22 14:00:00,2026-01-22,29980,Ｇ－クリアル,借入金の期限前返済に関するお知らせ,https://www.release.tdnet.info/inbs/140120260122537005.pdf,False,,japanese,,東,
2026-01-22 14:00:00,2026-01-22,82280,マルイチ産商,主要株主の異動に関するお知らせ,https://www.release.tdnet.info/inbs/140120260122536856.pdf,False,,japanese,,名,
2026-01-22 14:00:00,2026-01-22,86170,光世証,2026年３月期　第３四半期決算短信〔日本基準〕（非連結）,https://www.release.tdnet.info/inbs/140120260121536620.pdf,True,,japanese,,東,https://www.release.tdnet.info/inbs/081220260121536620.zip
2026-01-22 13:30:00,2026-01-22,19690,高砂熱,代表取締役ならびに役員の異動に関するお知らせ,https://www.release.tdnet.info/inbs/140120260122536877.pdf,False,,japanese,,東,
2026-01-22 13:00:00,2026-01-22,23880,Ｇ－ウェッジＨＤ,（経過報告）タイ王国におけるGroup Lease PCLによるJTrust Asia Pte.Ltd.に対する損害賠償請求について,https://www.release.tdnet.info/inbs/140120260122536995.pdf,False,,japanese,,東,
2026-01-22 13:00:00,2026-01-22,51030,昭和ＨＤ,（経過報告）タイ王国におけるGroup Lease PCLによるJTrust Asia Pte.Ltd.に対する損害賠償請求について,https://www.release.tdnet.info/inbs/140120260122536998.pdf,False,,japanese,,東,
2026-01-22 13:00:00,2026-01-22,73500,おきなわＦＧ,2026年３月期第３四半期末の有価証券含み損に関するお知らせ,https://www.release.tdnet.info/inbs/140120260121536562.pdf,False,,japanese,,東福,
2026-01-22 13:00:00,2026-01-22,74430,横浜魚類,人事に関するお知らせ,https://www.release.tdnet.info/inbs/140120260122536996.pdf,False,,japanese,,東,
2026-01-22 12:30:00,2026-01-22,32450,ディア・ライフ,収益不動産の取得に関するお知らせ,https://www.release.tdnet.info/inbs/140120260122536966.pdf,False,,japanese,,東,
2026-01-22 12:05:00,2026-01-22,13264,Ｅ－ワールド,SPDRゴールド・シェアに関する日々の開示事項,https://www.release.tdnet.info/inbs/140120260122536972.pdf,False,,japanese,,東,
2026-01-22 12:00:00,2026-01-22,13494,Ｅ－ＳＳＧＡ－ＳＩＮ,アジア国債・公債ＥＴＦ（正式名称：ＡＢＦ汎アジア債券インデックス・ファンド）に関する日々の開示事項,https://www.release.tdnet.info/inbs/140120260122536960.pdf,False,,japanese,,東,
2026-01-22 12:00:00,2026-01-22,86240,いちよし,2026年３月期第３四半期　連結決算速報値に関するお知らせ,https://www.release.tdnet.info/inbs/140120260120535351.pdf,True,,japanese,,東,https://www.release.tdnet.info/inbs/091220260120535351.zip
2026-01-22 11:55:00,2026-01-22,15574,Ｅ－ＳＳＧＡＴＣ,SPDR S&P500 ETFに関する日々の開示事項,https://www.release.tdnet.info/inbs/140120260122536957.pdf,False,,japanese,,東,
2026-01-22 11:30:00,2026-01-22,20704,Ｎ－三菱ＵＦＪ証ＨＤ,上場ETN（発行者：三菱UFJ証券ホールディングス株式会社）に関する日々の開示事項,https://www.release.tdnet.info/inbs/140120260122536885.pdf,False,,japanese,,東,
2026-01-22 11:30:00,2026-01-22,86220,水戸証,2026 年３月期第３四半期決算速報値に関するお知らせ,https://www.release.tdnet.info/inbs/140120260121536325.pdf,True,,japanese,,東,https://www.release.tdnet.info/inbs/091220260121536325.zip
2026-01-22 11:00:00,2026-01-22,64740,不二越,代表取締役および役員の異動に関するお知らせ,https://www.release.tdnet.info/inbs/140120260120536158.pdf,False,,japanese,,東,
2026-01-22 11:00:00,2026-01-22,64740,不二越,当社株式の大規模買付行為に関する対応策（買収への対応方針）の継続のお知らせ,https://www.release.tdnet.info/inbs/140120260121536499.pdf,False,,japanese,,東,
2026-01-22 11:00:00,2026-01-22,95010,東電力ＨＤ,原子力損害賠償・廃炉等支援機構からの資金の交付について,https://www.release.tdnet.info/inbs/140120260121536632.pdf,False,,japanese,,東,
2026-01-22 10:30:00,2026-01-22,15624,Ｅ－三井住友ＤＳＡＭ,上場ＥＴＦ（管理会社：三井住友DSアセットマネジメント）に関する日々の開示事項,https://www.release.tdnet.info/inbs/140120260122536860.pdf,False,,japanese,,東,
2026-01-22 10:00:00,2026-01-22,16714,Ｅ－シンプレクス,上場ＥＴＦ(管理会社：シンプレクス・アセット・マネジメント)に関する日々の開示事項,https://www.release.tdnet.info/inbs/140120260122536841.pdf,False,,japanese,,東,
2026-01-22 10:00:00,2026-01-22,16724,Ｅ－ＷｉｓｄｏｍＴｒ,上場ETF（管理会社：WisdomTree、外国投資法人：MSL）に関する日々の開示事項,https://www.release.tdnet.info/inbs/140120260122536846.pdf,False,,japanese,,東,
2026-01-22 10:00:00,2026-01-22,16724,Ｅ－ＷｉｓｄｏｍＴｒ,上場ETF（管理会社：WisdomTree、外国投資法人：CSL）に関する日々の開示事項,https://www.release.tdnet.info/inbs/140120260122536851.pdf,False,,japanese,,東,
2026-01-22 10:00:00,2026-01-22,33700,フジタコーポ,（訂正）「株主優待制度の変更（拡充）に関するお知らせ」の一部訂正について,https://www.release.tdnet.info/inbs/140120260122536847.pdf,False,,japanese,,東,
2026-01-22 10:00:00,2026-01-22,48880,Ｇ－ステラファーマ,当社製品の新製造委託先への生産移管に向けた技術移管及び製造所変更の進捗について,https://www.release.tdnet.info/inbs/140120260121536677.pdf,False,,japanese,,東,
2026-01-22 09:40:00,2026-01-22,13294,Ｅ－ブラックロック,上場ETF（管理会社：ブラックロック・ジャパン）に関する日々の開示事項,https://www.release.tdnet.info/inbs/140120260122536829.pdf,False,,japanese,,東,
2026-01-22 09:40:00,2026-01-22,85080,Ｊトラスト,（開示事項の経過）当社のGroup Lease PCLに対する現状の認識について,https://www.release.tdnet.info/inbs/140120260121536502.pdf,False,,japanese,,東,
2026-01-22 09:30:00,2026-01-22,43970,Ｇ－チームスピリット,自己株式立会外買付取引(ToSTNeT-3)による自己株式の取得結果及び取得終了に関するお知らせ,https://www.release.tdnet.info/inbs/140120260120535971.pdf,False,,japanese,,東,
2026-01-22 08:50:00,2026-01-22,25230,ＭＸＳトピ除く金融,「ＭＡＸＩＳトピックス（除く金融）上場投信」の基準価額と市場価格の重要な乖離に関するお知らせ,https://www.release.tdnet.info/inbs/140120260121536801.pdf,False,,japanese,,東,
2026-01-22 08:30:00,2026-01-22,44640,ソフト９９,ECM マスター ファンド SPV ３による当社株式に対する公開買付けの開始に関するお知らせ,https://www.release.tdnet.info/inbs/140120260122536810.pdf,False,,japanese,,東,
2026-01-23 23:50:00,2026-01-23,58420,Ｇ－インテグラル,株式会社M&Iの株式譲渡契約締結のお知らせ,https://www.release.tdnet.info/inbs/140120260123537951.pdf,False,,japanese,,東,
2026-01-23 23:50:00,2026-01-23,58420,Ｇ－インテグラル,３号ファンドシリーズからのキャリードインタレスト受領に係るお知らせ,https://www.release.tdnet.info/inbs/140120260123537954.pdf,False,,japanese,,東,
2026-01-23 18:00:00,2026-01-23,21600,Ｇ－ＧＮＩ,通期業績予想の修正及び損失計上（見込み）に関するお知らせ,https://www.release.tdnet.info/inbs/140120260123537557.pdf,True,,japanese,,東,https://www.release.tdnet.info/inbs/091220260123537557.zip
2026-01-23 17:45:00,2026-01-23,37440,サイオス,株式会社SYNCの株式取得（子会社化）に関するお知らせ,https://www.release.tdnet.info/inbs/140120260123537764.pdf,False,,japanese,,東,
2026-01-23 17:30:00,2026-01-23,42220,児玉化,自己株式の取得状況及び取得終了に関するお知らせ,https://www.release.tdnet.info/inbs/140120260123537585.pdf,False,,japanese,,東,
2026-01-23 17:15:00,2026-01-23,25880,プレミアムウォーター,臨時株主総会兼普通株主による種類株主総会における議決権行使結果に関するお知らせ,https://www.release.tdnet.info/inbs/140120260122537317.pdf,False,,japanese,,東,
2026-01-23 17:15:00,2026-01-23,25880,プレミアムウォーター,（経過開示）特定の株主からの自己株式の取得及び自己株式の消却に関するお知らせ,https://www.release.tdnet.info/inbs/140120260122537319.pdf,False,,japanese,,東,
2026-01-23 17:15:00,2026-01-23,94440,トーシンＨＤ,子会社監査役による子会社取締役の行為の差止仮処分命令申立てに関するお知らせ,https://www.release.tdnet.info/inbs/140120260123537894.pdf,False,,japanese,,東,
2026-01-23 17:00:00,2026-01-23,34680,Ｒ－スターアジア,ホテル運営状況に関するお知らせ（2025年12月度）,https://www.release.tdnet.info/inbs/140120260123537867.pdf,False,,japanese,,東,
2026-01-23 17:00:00,2026-01-23,44640,ソフト９９,その他の関係会社であるECM マスター ファンド SPV ３による当社株式に対する 公開買付けに関する意見表明（留保）のお知らせ,https://www.release.tdnet.info/inbs/140120260123537893.pdf,False,,japanese,,東,
2026-01-23 17:00:00,2026-01-23,54490,大阪製鉄,連結子会社の事業停止に関するお知らせ,https://www.release.tdnet.info/inbs/140120260121536750.pdf,False,,japanese,,東福,
2026-01-23 17:00:00,2026-01-23,71610,じもとＨＤ,株式給付信託（BBT）への追加拠出に関するお知らせ,https://www.release.tdnet.info/inbs/140120260122536907.pdf,False,,japanese,,東,
2026-01-23 17:00:00,2026-01-23,79150,ＮＩＳＳＨＡ,ベトナムの医療機器メーカーUSM HEALTHCARE MEDICAL DEVICES FACTORY JOINT STOCK COMPANY の 株式取得（子会社化）に関するお知らせ,https://www.release.tdnet.info/inbs/140120260120536245.pdf,False,,japanese,,東,
2026-01-23 17:00:00,2026-01-23,81290,東邦ＨＤ,当社株券等の大規模買付行為等に係る情報提供の要請に関するお知らせ,https://www.release.tdnet.info/inbs/140120260123537888.pdf,False,,japanese,,東,
2026-01-23 17:00:00,2026-01-23,91300,共栄タンカー,固定資産の譲渡および特別利益発生に関するお知らせ,https://www.release.tdnet.info/inbs/140120260123537527.pdf,False,,japanese,,東,
2026-01-23 17:00:00,2026-01-23,94380,エムティーアイ,連結子会社の異動（株式譲渡）に関するお知らせ,https://www.release.tdnet.info/inbs/140120260123537545.pdf,False,,japanese,,東,
2026-01-23 16:45:00,2026-01-23,71140,Ｇ－フーディソン,（開示事項の一部変更）業績目標付税制適格新株予約権（無償ストック・オプション）の発行に関するお知らせ,https://www.release.tdnet.info/inbs/140120260123537718.pdf,False,,japanese,,東,
2026-01-23 16:45:00,2026-01-23,75020,プラザＨＤ,株式の立会外分売実施に関するお知らせ,https://www.release.tdnet.info/inbs/140120260123537558.pdf,False,,japanese,,東,
2026-01-23 16:30:00,2026-01-23,21620,ｎｍｓ　ＨＤ,（開示事項の経過）特別調査委員会設置に関するお知らせ,https://www.release.tdnet.info/inbs/140120260123537771.pdf,False,,japanese,,東,
2026-01-23 16:30:00,2026-01-23,23530,日駐,株主優待制度変更に関するお知らせ,https://www.release.tdnet.info/inbs/140120260123537419.pdf,False,,japanese,,東,
2026-01-23 16:30:00,2026-01-23,23530,日駐,ストック・オプション(新株予約権)の発行に関するお知らせ,https://www.release.tdnet.info/inbs/140120260123537447.pdf,False,,japanese,,東,
2026-01-23 16:30:00,2026-01-23,24710,エスプール,連結子会社への会社分割（簡易吸収分割）に関するお知らせ,https://www.release.tdnet.info/inbs/140120260123537809.pdf,False,,japanese,,東,
2026-01-23 16:30:00,2026-01-23,34760,Ｒ－投資法人みらい,資金の借入に関するお知らせ,https://www.release.tdnet.info/inbs/140120260123537361.pdf,False,,japanese,,東,
2026-01-23 16:30:00,2026-01-23,34760,Ｒ－投資法人みらい,変動賃料物件（ホテル）の運用状況についてのお知らせ（2025年12月）,https://www.release.tdnet.info/inbs/140120260123537364.pdf,False,,japanese,,東,
2026-01-23 16:30:00,2026-01-23,35470,串カツ田中ＨＤ,商号の変更及び定款の一部変更に関するお知らせ,https://www.release.tdnet.info/inbs/140120260123537833.pdf,False,,japanese,,東,
2026-01-23 16:30:00,2026-01-23,39130,Ｇ－ＧｒｅｅｎＢｅｅ,東京証券取引所スタンダード市場への市場区分変更承認に関するお知らせ,https://www.release.tdnet.info/inbs/140120260122537259.pdf,False,,japanese,,東,
2026-01-23 16:30:00,2026-01-23,45970,Ｇ－ソレイジア,Sancuso中国地域権利のMAAB社とのライセンス契約締結のお知らせ,https://www.release.tdnet.info/inbs/140120260123537803.pdf,False,,japanese,,東,
2026-01-23 16:30:00,2026-01-23,57210,エス・サイエンス,第10回新株予約権（株主割当）の割当総数等の確定に関するお知らせ,https://www.release.tdnet.info/inbs/140120260123537592.pdf,False,,japanese,,東,
2026-01-23 16:30:00,2026-01-23,72010,日産自,連結子会社の固定資産の譲渡に関するお知らせ,https://www.release.tdnet.info/inbs/140120260123537525.pdf,False,,japanese,,東,
2026-01-23 16:30:00,2026-01-23,72150,ファルテック,一時監査役選任に関するお知らせ,https://www.release.tdnet.info/inbs/140120260123537846.pdf,False,,japanese,,東,
2026-01-23 16:30:00,2026-01-23,72150,ファルテック,社外取締役辞任に関するお知らせ,https://www.release.tdnet.info/inbs/140120260123537850.pdf,False,,japanese,,東,
2026-01-23 16:30:00,2026-01-23,87070,岩井コスモ,2026年3月期第3四半期 連結決算速報値に関するお知らせ,https://www.release.tdnet.info/inbs/140120260122536835.pdf,True,,japanese,,東,https://www.release.tdnet.info/inbs/091220260122536835.zip
2026-01-23 16:30:00,2026-01-23,88640,空港施設,東京証券取引所スタンダード市場への市場区分変更承認に関するお知らせ,https://www.release.tdnet.info/inbs/140120260123537819.pdf,False,,japanese,,東,
2026-01-23 16:30:00,2026-01-23,93050,ヤマタネ,2026年３月期配当予想の修正に関するお知らせ,https://www.release.tdnet.info/inbs/140120260123537658.pdf,True,,japanese,,東,https://www.release.tdnet.info/inbs/091220260123537658.zip
2026-01-23 16:30:00,2026-01-23,93050,ヤマタネ,自己株式取得及び自己株式立会外買付取引（ToSTNeT-3）による自己株式の買付けに関するお知らせ,https://www.release.tdnet.info/inbs/140120260123537852.pdf,False,,japanese,,東,
2026-01-23 16:00:00,2026-01-23,23260,デジアーツ,自己株式の取得状況及び取得終了に関するお知らせ,https://www.release.tdnet.info/inbs/140120260123537721.pdf,False,,japanese,,東,
2026-01-23 16:00:00,2026-01-23,29740,大英産業,譲渡制限付株式報酬としての新株式発行の払込完了に関するお知らせ,https://www.release.tdnet.info/inbs/140120260123537421.pdf,False,,japanese,,福,
2026-01-23 16:00:00,2026-01-23,30800,ジェーソン,2026年２月期　第３四半期決算に関する質疑応答集,https://www.release.tdnet.info/inbs/140120260121536754.pdf,False,,japanese,,東,
2026-01-23 16:00:00,2026-01-23,36760,デジハＨＤ,"GTL Media, Inc.との資本業務提携契約締結及び将来的な連結子会社化の可能性に関するお知らせ",https://www.release.tdnet.info/inbs/140120260123537613.pdf,False,,japanese,,東,
2026-01-23 16:00:00,2026-01-23,39070,シリコンスタジオ,剰余金の処分に関するお知らせ,https://www.release.tdnet.info/inbs/140120260123537488.pdf,False,,japanese,,東,
2026-01-23 16:00:00,2026-01-23,39680,セグエ,新株式発行及び株式売出しに関するお知らせ,https://www.release.tdnet.info/inbs/140120260122537308.pdf,False,,japanese,,東,
2026-01-23 16:00:00,2026-01-23,39680,セグエ,2025年12月期の連結業績予想の修正(上方修正) および 中期経営計画(2026年12月期)の数値目標変更（上方修正）に関するお知らせ,https://www.release.tdnet.info/inbs/140120260122537302.pdf,True,,japanese,,東,https://www.release.tdnet.info/inbs/091220260122537302.zip
2026-01-23 16:00:00,2026-01-23,39680,セグエ,株主優待制度の変更に関するお知らせ（2026年12月期以降）,https://www.release.tdnet.info/inbs/140120260122537311.pdf,False,,japanese,,東,
2026-01-23 16:00:00,2026-01-23,41960,ネオマーケ,譲渡制限付株式としての自己株式の処分の払込完了に関するお知らせ,https://www.release.tdnet.info/inbs/140120260107530346.pdf,False,,japanese,,東名,
2026-01-23 16:00:00,2026-01-23,52400,Ｇ－ｍｏｎｏＡＩ,代表取締役の異動に関するお知らせ,https://www.release.tdnet.info/inbs/140120260123537439.pdf,False,,japanese,,東,
2026-01-23 16:00:00,2026-01-23,55760,オービーシステム,2026年３月期 第３四半期決算短信〔日本基準〕（連結）,https://www.release.tdnet.info/inbs/140120260122536938.pdf,True,,japanese,,東,https://www.release.tdnet.info/inbs/081220260122536938.zip
2026-01-23 16:00:00,2026-01-23,55760,オービーシステム,2026年３月期 第３四半期決算補足説明資料,https://www.release.tdnet.info/inbs/140120260122536962.pdf,False,,japanese,,東,
2026-01-23 16:00:00,2026-01-23,59850,サンコール,人事異動に関するお知らせ,https://www.release.tdnet.info/inbs/140120260123537362.pdf,False,,japanese,,東,
2026-01-23 16:00:00,2026-01-23,62380,フリュー,2025年12月度 月次概況（速報）のお知らせ,https://www.release.tdnet.info/inbs/140120260122537103.pdf,False,,japanese,,東,
2026-01-23 16:00:00,2026-01-23,65570,Ｇ－ＡＩＡＩ,当社子会社による株式会社きららグループホールディングス株式等取得（孫会社化）に関するお知らせ,https://www.release.tdnet.info/inbs/140120260123537640.pdf,False,,japanese,,東,
2026-01-23 16:00:00,2026-01-23,66290,テクノホライゾン,2026年３月期　第３四半期決算短信〔日本基準〕（連結）,https://www.release.tdnet.info/inbs/140120260119535393.pdf,True,,japanese,,東,https://www.release.tdnet.info/inbs/081220260119535393.zip
2026-01-23 16:00:00,2026-01-23,66290,テクノホライゾン,2026年３月期　第３四半期決算説明資料,https://www.release.tdnet.info/inbs/140120260120535966.pdf,False,,japanese,,東,
2026-01-23 16:00:00,2026-01-23,66290,テクノホライゾン,業績予想及び配当予想の修正に関するお知らせ,https://www.release.tdnet.info/inbs/140120260108530542.pdf,False,,japanese,,東,
2026-01-23 16:00:00,2026-01-23,66290,テクノホライゾン,営業外収益（為替差益）の計上に関するお知らせ,https://www.release.tdnet.info/inbs/140120260120535967.pdf,False,,japanese,,東,
2026-01-23 16:00:00,2026-01-23,68000,ヨコオ,代表取締役及び取締役の異動に関するお知らせ,https://www.release.tdnet.info/inbs/140120260122537241.pdf,False,,japanese,,東,
2026-01-23 16:00:00,2026-01-23,71380,Ｇ－ＴＯＲＩＣＯ,イーサリアム（ETH）の追加取得に関するお知らせ,https://www.release.tdnet.info/inbs/140120260123537745.pdf,False,,japanese,,東,
2026-01-23 16:00:00,2026-01-23,77600,ＩＭＶ,株式報酬支給に伴う自己株式の処分に関するお知らせ,https://www.release.tdnet.info/inbs/140120260122537269.pdf,False,,japanese,,東,
2026-01-23 16:00:00,2026-01-23,79620,キングジム,業績予想の修正に関するお知らせ,https://www.release.tdnet.info/inbs/140120260122537333.pdf,True,,japanese,,東,https://www.release.tdnet.info/inbs/091220260122537333.zip
2026-01-23 16:00:00,2026-01-23,81250,ワキタ,業績予想に関するお知らせ,https://www.release.tdnet.info/inbs/140120260121536627.pdf,True,,japanese,,東,https://www.release.tdnet.info/inbs/091220260121536627.zip
2026-01-23 16:00:00,2026-01-23,81250,ワキタ,当社子会社の従業員に対する譲渡制限付株式としての自己株式の処分に関するお知らせ,https://www.release.tdnet.info/inbs/140120260123537386.pdf,False,,japanese,,東,
2026-01-23 16:00:00,2026-01-23,89510,Ｒ－ビルＦ,資金の借入に関するお知らせ,https://www.release.tdnet.info/inbs/140120260123537683.pdf,False,,japanese,,東,
2026-01-23 16:00:00,2026-01-23,90670,丸運,センコーグループホールディングス株式会社による当社株式に対する公開買付けの開始に関する賛同の意見表明及び応募推奨のお知らせ,https://www.release.tdnet.info/inbs/140120260123537627.pdf,False,,japanese,,東,
2026-01-23 16:00:00,2026-01-23,90690,センコーグループＨＤ,株式会社丸運（証券コード：9067）に対する公開買付けの開始に関するお知らせ,https://www.release.tdnet.info/inbs/140120260122536889.pdf,False,,japanese,,東,
2026-01-23 16:00:00,2026-01-23,94250,ＲｅＹｕｕＪａｐａｎ,（開示事項の経過）合弁会社（子会社）の設立完了に関するお知らせ,https://www.release.tdnet.info/inbs/140120260123537786.pdf,False,,japanese,,東,
2026-01-23 16:00:00,2026-01-23,96790,ホウライ,取締役に対する譲渡制限付株式としての自己株式処分の割当完了に関するお知らせ,https://www.release.tdnet.info/inbs/140120260115534477.pdf,False,,japanese,,東,
2026-01-23 16:00:00,2026-01-23,97650,オオバ,(訂正・数値データ訂正)「2026年5月期 第2四半期決算短信〔日本基準〕（連結）」  の一部訂正について,https://www.release.tdnet.info/inbs/140120260123537648.pdf,True,,japanese,,東,https://www.release.tdnet.info/inbs/081220260123537648.zip
2026-01-23 15:45:00,2026-01-23,37330,ソフトウェアＳ,譲渡制限付株式報酬としての自己株式の処分に関するお知らせ,https://www.release.tdnet.info/inbs/140120260122537247.pdf,False,,japanese,,東,
2026-01-23 15:40:00,2026-01-23,43450,シーティーエス,社長人事、代表取締役の異動（内定）及び業務執行体制の変更に関するお知らせ,https://www.release.tdnet.info/inbs/140120260123537381.pdf,False,,japanese,,東,
2026-01-23 15:40:00,2026-01-23,51870,クリエート,配当予想の修正に関するお知らせ,https://www.release.tdnet.info/inbs/140120260123537801.pdf,True,,japanese,,東,https://www.release.tdnet.info/inbs/091220260123537801.zip
2026-01-23 15:30:00,2026-01-23,13770,サカタのタネ,2026年５月期 中間決算説明資料,https://www.release.tdnet.info/inbs/140120260119535600.pdf,False,,japanese,,東,
2026-01-23 15:30:00,2026-01-23,21540,オープンアップＧ,2025年12月度 国内技術社員在籍数・稼働率の月次開示に関するお知らせ,https://www.release.tdnet.info/inbs/140120251226527591.pdf,False,,japanese,,東,
2026-01-23 15:30:00,2026-01-23,23010,学情,役員人事に関するお知らせ,https://www.release.tdnet.info/inbs/140120260122537198.pdf,False,,japanese,,東,
2026-01-23 15:30:00,2026-01-23,23010,学情,譲渡制限付株式報酬としての自己株式の処分に関するお知らせ,https://www.release.tdnet.info/inbs/140120260122537196.pdf,False,,japanese,,東,
2026-01-23 15:30:00,2026-01-23,23070,クロスキャット,当社および連結子会社間の事業譲受に関するお知らせ,https://www.release.tdnet.info/inbs/140120260123537576.pdf,False,,japanese,,東,
2026-01-23 15:30:00,2026-01-23,23340,Ｇ－イオレ,（開示事項の経過）「Neo Crypto Bank構想」におけるビットコイン（BTC）追加取得のお知らせ,https://www.release.tdnet.info/inbs/140120260123537736.pdf,False,,japanese,,東,
2026-01-23 15:30:00,2026-01-23,23710,カカクコム,（開示事項の経過）連結子会社の異動（株式取得）に関するお知らせ,https://www.release.tdnet.info/inbs/140120260120536247.pdf,False,,japanese,,東,
2026-01-23 15:30:00,2026-01-23,24110,ゲンダイＡＧ,2026年３月期 第３四半期決算短信〔日本基準〕（連結）,https://www.release.tdnet.info/inbs/140120260123537551.pdf,True,,japanese,,東,https://www.release.tdnet.info/inbs/081220260123537551.zip
2026-01-23 15:30:00,2026-01-23,24110,ゲンダイＡＧ,2026年３月期 第３四半期決算説明資料,https://www.release.tdnet.info/inbs/140120260123537555.pdf,False,,japanese,,東,
2026-01-23 15:30:00,2026-01-23,26070,不二製油,役員人事に関するお知らせ,https://www.release.tdnet.info/inbs/140120260122537237.pdf,False,,japanese,,東,
2026-01-23 15:30:00,2026-01-23,26070,不二製油,執行役員人事に関するお知らせ,https://www.release.tdnet.info/inbs/140120260123537374.pdf,False,,japanese,,東,
2026-01-23 15:30:00,2026-01-23,29040,一正蒲鉾,持株会社体制への移行に関する検討開始のお知らせ,https://www.release.tdnet.info/inbs/140120260123537491.pdf,False,,japanese,,東,
2026-01-23 15:30:00,2026-01-23,30210,ＰＣＮＥＴ,2026年５月期 第２四半期アナリスト向け決算説明会資料,https://www.release.tdnet.info/inbs/140120260120536126.pdf,False,,japanese,,東,
2026-01-23 15:30:00,2026-01-23,31380,Ｇ－富士山マガジン,代表取締役の異動及び社長交代に関するお知らせ 組織変更および人事異動についてのお知らせ,https://www.release.tdnet.info/inbs/140120260122537065.pdf,False,,japanese,,東名,
2026-01-23 15:30:00,2026-01-23,31390,ラクト・ジャパン,執行役員制度の変更に関するお知らせ,https://www.release.tdnet.info/inbs/140120260119535517.pdf,False,,japanese,,東,
2026-01-23 15:30:00,2026-01-23,31390,ラクト・ジャパン,役員人事および人事異動に関するお知らせ,https://www.release.tdnet.info/inbs/140120260119535522.pdf,False,,japanese,,東,
2026-01-23 15:30:00,2026-01-23,32670,フィル・カンパニー,取締役候補者及び監査等委員である取締役候補者の選任に関するお知らせ,https://www.release.tdnet.info/inbs/140120260122537297.pdf,False,,japanese,,東,
2026-01-23 15:30:00,2026-01-23,32670,フィル・カンパニー,定款一部変更に関するお知らせ,https://www.release.tdnet.info/inbs/140120260122537295.pdf,False,,japanese,,東,
2026-01-23 15:30:00,2026-01-23,33200,クロスプラス,2026年１月期通期連結業績予想及び 配当予想の修正（増配）に関するお知らせ,https://www.release.tdnet.info/inbs/140120260123537581.pdf,True,,japanese,,東名,https://www.release.tdnet.info/inbs/091220260123537581.zip
2026-01-23 15:30:00,2026-01-23,33770,バイク王,剰余金の配当に関するお知らせ,https://www.release.tdnet.info/inbs/140120260123537428.pdf,False,,japanese,,東,
2026-01-23 15:30:00,2026-01-23,34860,グローバルリンクＭ,プライム市場上場維持基準への適合に関するお知らせ,https://www.release.tdnet.info/inbs/140120260123537759.pdf,False,,japanese,,東,
2026-01-23 15:30:00,2026-01-23,38100,サイバーステップＨＤ,第三者割当による第42回新株予約権の行使状況に関するお知らせ,https://www.release.tdnet.info/inbs/140120260123537430.pdf,False,,japanese,,東,
2026-01-23 15:30:00,2026-01-23,38100,サイバーステップＨＤ,連結子会社による新たな事業の開始に関するお知らせ,https://www.release.tdnet.info/inbs/140120260123537467.pdf,False,,japanese,,東,
2026-01-23 15:30:00,2026-01-23,45710,Ｇ－ＮＡＮＯ,取締役の役職変更に関するお知らせ,https://www.release.tdnet.info/inbs/140120260123537761.pdf,False,,japanese,,東,
2026-01-23 15:30:00,2026-01-23,45790,Ｇ－ラクオリア創薬,TRPV4拮抗薬（ピリミジン-4(3H)-オン誘導体）の米国における特許査定のお知らせ,https://www.release.tdnet.info/inbs/140120260123537586.pdf,False,,japanese,,東,
2026-01-23 15:30:00,2026-01-23,48400,トライアイズ,特別損失の計上に関するお知らせ,https://www.release.tdnet.info/inbs/140120260123537569.pdf,False,,japanese,,東,
2026-01-23 15:30:00,2026-01-23,48400,トライアイズ,2025年12月期通期業績予想の修正に関するお知らせ,https://www.release.tdnet.info/inbs/140120260123537533.pdf,True,,japanese,,東,https://www.release.tdnet.info/inbs/091220260123537533.zip
2026-01-23 15:30:00,2026-01-23,48400,トライアイズ,2025年12月期個別業績予想の修正に関するお知らせ,https://www.release.tdnet.info/inbs/140120260123537539.pdf,True,,japanese,,東,https://www.release.tdnet.info/inbs/091220260123537539.zip
2026-01-23 15:30:00,2026-01-23,48490,エン,（開示事項の経過）吸収分割及び株式譲渡（子会社の異動）に関するお知らせ,https://www.release.tdnet.info/inbs/140120260123537494.pdf,False,,japanese,,東,
2026-01-23 15:30:00,2026-01-23,48490,エン,取締役の辞任に関するお知らせ,https://www.release.tdnet.info/inbs/140120260123537496.pdf,False,,japanese,,東,
2026-01-23 15:30:00,2026-01-23,48810,Ｇ－ファンペップ,特別損失の計上及び業績予想の公表に関するお知らせ,https://www.release.tdnet.info/inbs/140120260123537590.pdf,True,,japanese,,東,https://www.release.tdnet.info/inbs/091220260123537590.zip
2026-01-23 15:30:00,2026-01-23,51080,ブリヂス,（開示事項の経過）自己株式の消却完了に関するお知らせ,https://www.release.tdnet.info/inbs/140120260123537674.pdf,False,,japanese,,東福,
2026-01-23 15:30:00,2026-01-23,55320,Ｇ－リアルゲイト,譲渡制限付株式としての新株式発行の払込完了に関するお知らせ,https://www.release.tdnet.info/inbs/140120260123537457.pdf,False,,japanese,,東,
2026-01-23 15:30:00,2026-01-23,56090,日鋳造,2026年３月期　第３四半期決算短信〔日本基準〕(非連結),https://www.release.tdnet.info/inbs/140120251223524643.pdf,True,,japanese,,東,https://www.release.tdnet.info/inbs/081220251223524643.zip
2026-01-23 15:30:00,2026-01-23,57240,アサカ理研,譲渡制限付株式報酬としての自己株式の処分の払込完了に関するお知らせ,https://www.release.tdnet.info/inbs/140120260123537583.pdf,False,,japanese,,東,
2026-01-23 15:30:00,2026-01-23,60450,Ｇ－レントラックス,2026年３月期12月度の月次売上高等のお知らせ,https://www.release.tdnet.info/inbs/140120260120536199.pdf,False,,japanese,,東,
2026-01-23 15:30:00,2026-01-23,62550,Ｇ－ＮＰＣ,譲渡制限付株式報酬としての自己株式の処分の払込完了に関するお知らせ,https://www.release.tdnet.info/inbs/140120260123537507.pdf,False,,japanese,,東,
2026-01-23 15:30:00,2026-01-23,68660,日置電,2025年12月期 決算短信〔日本基準〕（連結）,https://www.release.tdnet.info/inbs/140120260123537476.pdf,True,,japanese,,東,https://www.release.tdnet.info/inbs/081220260123537476.zip
2026-01-23 15:30:00,2026-01-23,69710,京セラ,（開示事項の経過）連結子会社等の異動（株式譲渡）完了に関するお知らせ,https://www.release.tdnet.info/inbs/140120260123537567.pdf,False,,japanese,,東,
2026-01-23 15:30:00,2026-01-23,69860,双葉電子,韓国子会社の解散に関するお知らせ,https://www.release.tdnet.info/inbs/140120260122537326.pdf,False,,japanese,,東,
2026-01-23 15:30:00,2026-01-23,69860,双葉電子,コミットメントライン契約の期間延長に関するお知らせ,https://www.release.tdnet.info/inbs/140120260122537324.pdf,False,,japanese,,東,
2026-01-23 15:30:00,2026-01-23,71330,Ｇ－ヒュウガプライマ,リースによる固定資産の貸借に関するお知らせ,https://www.release.tdnet.info/inbs/140120260114533104.pdf,False,,japanese,,東,
2026-01-23 15:30:00,2026-01-23,71750,今村証券,2026年３月期 第３四半期決算速報値に関するお知らせ,https://www.release.tdnet.info/inbs/140120260123537383.pdf,True,,japanese,,東,https://www.release.tdnet.info/inbs/091220260123537383.zip
2026-01-23 15:30:00,2026-01-23,71990,プレミアグループ,当社グループの組織再編（連結子会社間の吸収合併）に関するお知らせ,https://www.release.tdnet.info/inbs/140120260123537566.pdf,False,,japanese,,東,
2026-01-23 15:30:00,2026-01-23,71990,プレミアグループ,連結子会社からの配当金受領に関するお知らせ,https://www.release.tdnet.info/inbs/140120260123537532.pdf,False,,japanese,,東,
2026-01-23 15:30:00,2026-01-23,74670,萩原電気ＨＤ,当社グループ会社における資金流出事案に関するお知らせ,https://www.release.tdnet.info/inbs/140120260123537371.pdf,False,,japanese,,東名,
2026-01-23 15:30:00,2026-01-23,75990,ＩＤＯＭ,株主優待制度の導入に関するお知らせ,https://www.release.tdnet.info/inbs/140120260120535875.pdf,False,,japanese,,東,
2026-01-23 15:30:00,2026-01-23,80400,東ソワール,上場維持基準への適合に関するお知らせ,https://www.release.tdnet.info/inbs/140120260123537469.pdf,False,,japanese,,東,
2026-01-23 15:30:00,2026-01-23,83580,スルガ銀,自己株式の取得状況及び取得終了に関するお知らせ,https://www.release.tdnet.info/inbs/140120260122537341.pdf,False,,japanese,,東,
2026-01-23 15:30:00,2026-01-23,84250,みずほリース,ＭＭパワー合同会社によるジャパン・インフラファンド投資法人投資口に対する公開買付けの結果及び子会社の異動（特定子会社の異動）に関するお知らせ,https://www.release.tdnet.info/inbs/140120251217521671.pdf,False,,japanese,,東,
2026-01-23 15:30:00,2026-01-23,89530,Ｒ－都市ファンド,資金の借入（借換）に関するお知らせ,https://www.release.tdnet.info/inbs/140120260123537617.pdf,False,,japanese,,東,
2026-01-23 15:30:00,2026-01-23,89770,Ｒ－阪急阪神,2025年11月期　決算短信(REIT),https://www.release.tdnet.info/inbs/140120260123537642.pdf,True,,japanese,,東,https://www.release.tdnet.info/inbs/081220260123537642.zip
2026-01-23 15:30:00,2026-01-23,89770,Ｒ－阪急阪神,2025年11月期　決算説明会資料,https://www.release.tdnet.info/inbs/140120260123537645.pdf,False,,japanese,,東,
2026-01-23 15:30:00,2026-01-23,90290,ヒガシＨＤ,2026年３月期　第３四半期決算短信〔日本基準〕（連結）,https://www.release.tdnet.info/inbs/140120260122536859.pdf,True,,japanese,,東,https://www.release.tdnet.info/inbs/081220260122536859.zip
2026-01-23 15:30:00,2026-01-23,91660,Ｇ－ＧＥＮＤＡ,GENDA 売上進捗レポート発行に関するお知らせ【2026年１月】,https://www.release.tdnet.info/inbs/140120260123537686.pdf,False,,japanese,,東,
2026-01-23 15:30:00,2026-01-23,92180,Ｇ－メンタルヘルスＴ,募集新株予約権（有償ストック・オプション）の発行内容確定に関するお知らせ,https://www.release.tdnet.info/inbs/140120260122537012.pdf,False,,japanese,,東,
2026-01-23 15:30:00,2026-01-23,92520,Ｇ－ラストワンマイル,2025年12月度月次主要KPIに関するお知らせ,https://www.release.tdnet.info/inbs/140120260123537435.pdf,False,,japanese,,東,
2026-01-23 15:30:00,2026-01-23,92870,Ｉ－ＪＩＦ,MMパワー合同会社によるジャパン・インフラファンド投資法人（証券コード9287）投資口に対する公開買付けの結果に関するお知らせ,https://www.release.tdnet.info/inbs/140120260123537584.pdf,False,,japanese,,東,
2026-01-23 15:30:00,2026-01-23,95580,Ｇ－ジャパニアス,剰余金の配当に関するお知らせ,https://www.release.tdnet.info/inbs/140120260123537610.pdf,False,,japanese,,東,
2026-01-23 15:30:00,2026-01-23,95580,Ｇ－ジャパニアス,定款の一部変更に関するお知らせ,https://www.release.tdnet.info/inbs/140120260123537612.pdf,False,,japanese,,東,
2026-01-23 15:30:00,2026-01-23,95580,Ｇ－ジャパニアス,監査等委員会設置会社への移行に伴う取締役候補者の選任に関するお知らせ,https://www.release.tdnet.info/inbs/140120260123537619.pdf,False,,japanese,,東,
2026-01-23 15:30:00,2026-01-23,95580,Ｇ－ジャパニアス,中期経営計画策定に関するお知らせ,https://www.release.tdnet.info/inbs/140120260123537623.pdf,False,,japanese,,東,
2026-01-23 15:30:00,2026-01-23,95580,Ｇ－ジャパニアス,事業計画及び成長可能性に関する事項 2025年11月期決算説明会資料,https://www.release.tdnet.info/inbs/140120260123537625.pdf,False,,japanese,,東,
2026-01-23 15:30:00,2026-01-23,99900,サックスバーＨＤ,譲渡制限付株式としての自己株式処分に関するお知らせ,https://www.release.tdnet.info/inbs/140120260123537638.pdf,False,,japanese,,東,
2026-01-23 15:00:00,2026-01-23,25530,Ｏｎｅ・ＣＳＩ５００,「Ｏｎｅ　ＥＴＦ　南方　中国Ａ株　ＣＳＩ５００」債務引受申込受付開始に向けた投資信託約款変更に関するお知らせ,https://www.release.tdnet.info/inbs/140120260123537680.pdf,False,,japanese,,東,
2026-01-23 15:00:00,2026-01-23,27630,エフティグループ,子会社における会社分割（吸収分割）による事業の譲渡に関するお知らせ,https://www.release.tdnet.info/inbs/140120260123537605.pdf,False,,japanese,,東,
2026-01-23 15:00:00,2026-01-23,28040,ブルドックソース,2026年３月期第３四半期決算短信〔日本基準〕(連結),https://www.release.tdnet.info/inbs/140120260122537170.pdf,True,,japanese,,東,https://www.release.tdnet.info/inbs/081220260122537170.zip
2026-01-23 15:00:00,2026-01-23,28040,ブルドックソース,株主優待制度の拡充に関するお知らせ,https://www.release.tdnet.info/inbs/140120260122537206.pdf,False,,japanese,,東,
2026-01-23 15:00:00,2026-01-23,28140,佐藤食品,株式無償割当てによる１株に満たない端数の処理に伴う自己株式の買取に関するお知らせ,https://www.release.tdnet.info/inbs/140120260123537703.pdf,False,,japanese,,東,
2026-01-23 15:00:00,2026-01-23,39880,ＳＹＳＨＤ,株式会社サンライジングコーポレーションの株式取得（子会社化）に関するお知らせ,https://www.release.tdnet.info/inbs/140120260123537408.pdf,False,,japanese,,東,
2026-01-23 15:00:00,2026-01-23,40910,日本酸素ＨＤ,連結子会社からの配当金受領に関するお知らせ,https://www.release.tdnet.info/inbs/140120260123537483.pdf,False,,japanese,,東,
2026-01-23 15:00:00,2026-01-23,49940,大成ラミックＧ,自己株式の取得状況及び取得終了に関するお知らせ,https://www.release.tdnet.info/inbs/140120260123537639.pdf,False,,japanese,,東,
2026-01-23 15:00:00,2026-01-23,81190,三栄コーポ,人事異動に関するお知らせ,https://www.release.tdnet.info/inbs/140120260121536783.pdf,False,,japanese,,東,
2026-01-23 15:00:00,2026-01-23,81190,三栄コーポ,2026年3月期 株主優待商品の内容決定に関するお知らせ,https://www.release.tdnet.info/inbs/140120260121536779.pdf,False,,japanese,,東,
2026-01-23 15:00:00,2026-01-23,93530,桜島埠頭,2026年3月期 第3四半期決算短信〔日本基準〕（連結）,https://www.release.tdnet.info/inbs/140120260123537493.pdf,True,,japanese,,東,https://www.release.tdnet.info/inbs/081220260123537493.zip
2026-01-23 15:00:00,2026-01-23,98370,モリト,剰余金の配当及び別途積立金の取り崩しに関するお知らせ,https://www.release.tdnet.info/inbs/140120260123537630.pdf,False,,japanese,,東,
2026-01-23 15:00:00,2026-01-23,98370,モリト,定款一部変更に関するお知らせ,https://www.release.tdnet.info/inbs/140120260123537634.pdf,False,,japanese,,東,
2026-01-23 14:30:00,2026-01-23,45520,ＪＣＲファーマ,Italfarmaco社との契約に関する説明会 プレゼンテーション資料,https://www.release.tdnet.info/inbs/140120260123537563.pdf,False,,japanese,,東,
2026-01-23 14:30:00,2026-01-23,80020,丸紅,指名委員会等設置会社への移行に関するお知らせ,https://www.release.tdnet.info/inbs/140120260123537598.pdf,False,,japanese,,東,
2026-01-23 14:30:00,2026-01-23,80020,丸紅,取締役・監査役人事について,https://www.release.tdnet.info/inbs/140120260123537599.pdf,False,,japanese,,東,
2026-01-23 14:30:00,2026-01-23,80020,丸紅,機構改革および役員人事について,https://www.release.tdnet.info/inbs/140120260123537600.pdf,False,,japanese,,東,
2026-01-23 14:30:00,2026-01-23,89230,トーセイ,取締役候補者の選任に関するお知らせ,https://www.release.tdnet.info/inbs/140120260122537296.pdf,False,,japanese,,東,
2026-01-23 14:00:00,2026-01-23,37080,特種東海,絶縁紙の製造・販売ノウハウのライセンス契約および棚卸資産譲受に関するお知らせ,https://www.release.tdnet.info/inbs/140120260122537249.pdf,False,,japanese,,東,
2026-01-23 14:00:00,2026-01-23,38780,巴川コーポ,絶縁紙に係る製造・販売ノウハウのライセンス契約締結および棚卸資産譲渡に関するお知らせ,https://www.release.tdnet.info/inbs/140120260122537061.pdf,False,,japanese,,東,
2026-01-23 14:00:00,2026-01-23,54230,東製鉄,2026年3月期 第3四半期決算短信(日本基準)(非連結),https://www.release.tdnet.info/inbs/140120260122537351.pdf,True,,japanese,,東,https://www.release.tdnet.info/inbs/081220260122537351.zip
2026-01-23 14:00:00,2026-01-23,97010,東京会館,2026年3月期 第3四半期決算短信〔日本基準〕(非連結),https://www.release.tdnet.info/inbs/140120251226527729.pdf,True,,japanese,,東,https://www.release.tdnet.info/inbs/081220251226527729.zip
2026-01-23 14:00:00,2026-01-23,97010,東京会館,配当予想の修正に関するお知らせ,https://www.release.tdnet.info/inbs/140120260115534703.pdf,False,,japanese,,東,
2026-01-23 13:00:00,2026-01-23,18700,矢作建,当社子会社の会社分割（吸収分割）による分譲マンション事業の譲渡に関するお知らせ,https://www.release.tdnet.info/inbs/140120260122536979.pdf,False,,japanese,,東名,
2026-01-23 13:00:00,2026-01-23,18700,矢作建,株式の取得（子会社化）に関するお知らせ,https://www.release.tdnet.info/inbs/140120260122537004.pdf,False,,japanese,,東名,
2026-01-23 13:00:00,2026-01-23,73810,ＣＣＩグループ,2026年３月期第３四半期末の有価証券含み損に関するお知らせ,https://www.release.tdnet.info/inbs/140120260121536535.pdf,False,,japanese,,東,
2026-01-23 12:30:00,2026-01-23,40430,トクヤマ,代表取締役の異動に関するお知らせ,https://www.release.tdnet.info/inbs/140120260116534988.pdf,False,,japanese,,東,
2026-01-23 12:30:00,2026-01-23,60850,Ｇ－アーキテクツＳＪ,連結子会社の異動および特別損失の発生に関するお知らせ,https://www.release.tdnet.info/inbs/140120260123537582.pdf,False,,japanese,,東,
2026-01-23 12:20:00,2026-01-23,15574,Ｅ－ＳＳＧＡＴＣ,SPDR S&P500 ETFに関する日々の開示事項,https://www.release.tdnet.info/inbs/140120260123537574.pdf,False,,japanese,,東,
2026-01-23 12:15:00,2026-01-23,13264,Ｅ－ワールド,SPDRゴールド・シェアに関する日々の開示事項,https://www.release.tdnet.info/inbs/140120260123537538.pdf,False,,japanese,,東,
2026-01-23 12:10:00,2026-01-23,13494,Ｅ－ＳＳＧＡ－ＳＩＮ,アジア国債・公債ＥＴＦ（正式名称：ＡＢＦ汎アジア債券インデックス・ファンド）に関する日々の開示事項,https://www.release.tdnet.info/inbs/140120260123537550.pdf,False,,japanese,,東,
2026-01-23 12:00:00,2026-01-23,23450,クシム,株式会社ナナメウエとトレジャリー事業推進及びWeb3社会実装に向けた基本合意書締結のお知らせ,https://www.release.tdnet.info/inbs/140120260123537548.pdf,False,,japanese,,東,
2026-01-23 12:00:00,2026-01-23,27500,石光商事,株主優待制度の一部変更に関するお知らせ,https://www.release.tdnet.info/inbs/140120260115534518.pdf,False,,japanese,,東,
2026-01-23 12:00:00,2026-01-23,27500,石光商事,2025年12月度　月次売上高（速報）に関するお知らせ,https://www.release.tdnet.info/inbs/140120260115534515.pdf,False,,japanese,,東,
2026-01-23 12:00:00,2026-01-23,29710,Ｒ－エスコンジャパン,資金の借入れ（借換え）に関するお知らせ,https://www.release.tdnet.info/inbs/140120260123537404.pdf,False,,japanese,,東,
2026-01-23 12:00:00,2026-01-23,39070,シリコンスタジオ,2025年11月期　決算説明資料,https://www.release.tdnet.info/inbs/140120260123537407.pdf,False,,japanese,,東,
2026-01-23 12:00:00,2026-01-23,78050,プリントネット,2026年8月期第１四半期　決算補足説明資料,https://www.release.tdnet.info/inbs/140120260123537412.pdf,False,,japanese,,東名,
2026-01-23 12:00:00,2026-01-23,80230,ＤＡＩＫＯＸＴ,連結子会社間の合併及び存続会社の商号変更に関するお知らせ,https://www.release.tdnet.info/inbs/140120260121536568.pdf,False,,japanese,,東,
2026-01-23 11:30:00,2026-01-23,20704,Ｎ－三菱ＵＦＪ証ＨＤ,上場ETN（発行者：三菱UFJ証券ホールディングス株式会社）に関する日々の開示事項,https://www.release.tdnet.info/inbs/140120260123537453.pdf,False,,japanese,,東,
2026-01-23 11:30:00,2026-01-23,44340,サーバーワークス,自己株式の取得状況及び取得終了に関するお知らせ （会社法第 165 条第２項の規定による定款の定めに基づく自己株式の取得）,https://www.release.tdnet.info/inbs/140120260122537303.pdf,False,,japanese,,東,
2026-01-23 11:30:00,2026-01-23,67210,ウインテスト,公益財団法人 財務会計基準機構への加入状況等について,https://www.release.tdnet.info/inbs/140120260122536890.pdf,False,,japanese,,東,
2026-01-23 11:00:00,2026-01-23,30700,Ｇ－ジェリービーンズ,株式会社NTTSportictとの業務提携に関するお知らせ,https://www.release.tdnet.info/inbs/140120260123537403.pdf,False,,japanese,,東,
2026-01-23 10:50:00,2026-01-23,15624,Ｅ－三井住友ＤＳＡＭ,上場ＥＴＦ（管理会社：三井住友DSアセットマネジメント）に関する日々の開示事項,https://www.release.tdnet.info/inbs/140120260123537427.pdf,False,,japanese,,東,
2026-01-23 10:30:00,2026-01-23,47720,Ｇ－ＳＭ　ＥＮＴＥＲ,上場維持基準への適合に関するお知らせ,https://www.release.tdnet.info/inbs/140120260122537330.pdf,False,,japanese,,東,
2026-01-23 10:00:00,2026-01-23,16714,Ｅ－シンプレクス,上場ＥＴＦ(管理会社：シンプレクス・アセット・マネジメント)に関する日々の開示事項,https://www.release.tdnet.info/inbs/140120260123537398.pdf,False,,japanese,,東,
2026-01-23 10:00:00,2026-01-23,16724,Ｅ－ＷｉｓｄｏｍＴｒ,上場ETF（管理会社：WisdomTree、外国投資法人：CSL）に関する日々の開示事項(遅延のお詫び）,https://www.release.tdnet.info/inbs/140120260123537369.pdf,False,,japanese,,東,
2026-01-23 09:40:00,2026-01-23,13294,Ｅ－ブラックロック,上場ETF（管理会社：ブラックロック・ジャパン）に関する日々の開示事項,https://www.release.tdnet.info/inbs/140120260123537401.pdf,False,,japanese,,東,
2026-01-23 09:30:00,2026-01-23,16724,Ｅ－ＷｉｓｄｏｍＴｒ,上場ETF（管理会社：WisdomTree、外国投資法人：MSL）に関する日々の開示事項,https://www.release.tdnet.info/inbs/140120260123537368.pdf,False,,japanese,,東,
2026-01-23 09:00:00,2026-01-23,38030,Ｇ－イメージ情,（開示事項の経過）臨時株主総会の開催中止及び基準日の取消しに関するお知らせ,https://www.release.tdnet.info/inbs/140120260123537385.pdf,False,,japanese,,東,
2026-01-26 19:30:00,2026-01-26,76490,スギＨＤ,（訂正）役員人事に関するお知らせ,https://www.release.tdnet.info/inbs/140120260126538676.pdf,False,,japanese,,東名,
2026-01-26 19:00:00,2026-01-26,39930,ＰＫＳＨＡ,（訂正）「株式会社 X Capital の株式の取得（子会社化）に関するお知らせ」の一部訂正について,https://www.release.tdnet.info/inbs/140120260126538771.pdf,False,,japanese,,東,
2026-01-26 18:55:00,2026-01-26,44750,Ｇ－ＨＥＮＮＧＥ,譲渡制限付株式報酬としての自己株式処分の払込完了に関するお知らせ,https://www.release.tdnet.info/inbs/140120260126538717.pdf,False,,japanese,,東,
2026-01-26 18:30:00,2026-01-26,80770,トルク,当社連結子会社に対する訴訟の提起（訴状受領）に関するお知らせ,https://www.release.tdnet.info/inbs/140120260123537880.pdf,False,,japanese,,東,
2026-01-26 18:30:00,2026-01-26,80770,トルク,ストック・オプションの発行内容確定に関するお知らせ,https://www.release.tdnet.info/inbs/140120260126538222.pdf,False,,japanese,,東,
2026-01-26 18:00:00,2026-01-26,67530,シャープ,（開示事項の経過）控訴の判決（勝訴）に関するお知らせ,https://www.release.tdnet.info/inbs/140120260126538144.pdf,False,,japanese,,東,
2026-01-26 18:00:00,2026-01-26,92370,Ｇ－笑美面,連結子会社による固定資産の取得および譲渡に関するお知らせ,https://www.release.tdnet.info/inbs/140120260126538738.pdf,False,,japanese,,東,
2026-01-26 18:00:00,2026-01-26,92710,Ｇ－和心,エス・ティー・エヌ伊豆株式会社の株式の取得（子会社）に関するお知らせ,https://www.release.tdnet.info/inbs/140120260126538350.pdf,False,,japanese,,東,
2026-01-26 17:30:00,2026-01-26,33910,ツルハＨＤ,（開示事項の経過）株主からの株式買取請求に係る合意の成立に関するお知らせ,https://www.release.tdnet.info/inbs/140120260126538095.pdf,False,,japanese,,東,
2026-01-26 17:00:00,2026-01-26,24910,Ｖコマース,特別損失及び営業外費用の計上、繰延税金資産の取り崩し並びに通期業績予想の修正に関するお知らせ,https://www.release.tdnet.info/inbs/140120260126538612.pdf,True,,japanese,,東,https://www.release.tdnet.info/inbs/091220260126538612.zip
2026-01-26 17:00:00,2026-01-26,27490,ＪＰＨＤ,第三者割当による自己株式の処分に関するお知らせ,https://www.release.tdnet.info/inbs/140120260126538641.pdf,False,,japanese,,東,
2026-01-26 17:00:00,2026-01-26,39930,ＰＫＳＨＡ,株式会社 X Capital の株式の取得（子会社化）に関するお知らせ,https://www.release.tdnet.info/inbs/140120260126538630.pdf,False,,japanese,,東,
2026-01-26 17:00:00,2026-01-26,62000,インソース,2026年９月期第１四半期決算短信〔日本基準〕(連結),https://www.release.tdnet.info/inbs/140120260126538098.pdf,True,,japanese,,東,https://www.release.tdnet.info/inbs/081220260126538098.zip
2026-01-26 17:00:00,2026-01-26,62000,インソース,株式会社インソース 26年9月期第1四半期 連結業績説明資料,https://www.release.tdnet.info/inbs/140120260126538258.pdf,False,,japanese,,東,
2026-01-26 17:00:00,2026-01-26,71380,Ｇ－ＴＯＲＩＣＯ,子会社「株式会社TORICO Ethereum」の設立完了に関するお知らせ,https://www.release.tdnet.info/inbs/140120260126538627.pdf,False,,japanese,,東,
2026-01-26 17:00:00,2026-01-26,78330,アイフィスジャパン,完全子会社の吸収合併（簡易合併・略式合併）に関するお知らせ,https://www.release.tdnet.info/inbs/140120260119535337.pdf,False,,japanese,,東,
2026-01-26 16:30:00,2026-01-26,18320,北海電工,業績予想の修正に関するお知らせ,https://www.release.tdnet.info/inbs/140120260115534532.pdf,True,,japanese,,札,https://www.release.tdnet.info/inbs/091220260115534532.zip
2026-01-26 16:30:00,2026-01-26,20190,ＧＸ優先証券隔月,ETFの収益分配のお知らせ,https://www.release.tdnet.info/inbs/140120260126538555.pdf,False,,japanese,,東,
2026-01-26 16:30:00,2026-01-26,20950,ＧＸＵＳ配当貴族ヘ,ETFの収益分配のお知らせ,https://www.release.tdnet.info/inbs/140120260126538556.pdf,False,,japanese,,東,
2026-01-26 16:30:00,2026-01-26,22360,ＧＸＵＳ配当貴族,ETFの収益分配のお知らせ,https://www.release.tdnet.info/inbs/140120260126538557.pdf,False,,japanese,,東,
2026-01-26 16:30:00,2026-01-26,22530,ＧＸＵＳスーパーＤ,ETFの収益分配のお知らせ,https://www.release.tdnet.info/inbs/140120260126538560.pdf,False,,japanese,,東,
2026-01-26 16:30:00,2026-01-26,25640,ＧＸスーパーディビ,ETFの収益分配のお知らせ,https://www.release.tdnet.info/inbs/140120260126538565.pdf,False,,japanese,,東,
2026-01-26 16:30:00,2026-01-26,26260,ＧＸデジタル日株,ETFの収益分配のお知らせ,https://www.release.tdnet.info/inbs/140120260126538561.pdf,False,,japanese,,東,
2026-01-26 16:30:00,2026-01-26,26270,ＧＸｅコマース日株,ETFの収益分配のお知らせ,https://www.release.tdnet.info/inbs/140120260126538567.pdf,False,,japanese,,東,
2026-01-26 16:30:00,2026-01-26,28490,ＧＸ高配当ＥＳＧ日株,ETFの収益分配のお知らせ,https://www.release.tdnet.info/inbs/140120260126538562.pdf,False,,japanese,,東,
2026-01-26 16:30:00,2026-01-26,30830,スターシーズ,販売用不動産（系統用蓄電所の土地及び設備）並びに電力接続権の売却に関するお知らせ,https://www.release.tdnet.info/inbs/140120260126538595.pdf,False,,japanese,,東,
2026-01-26 16:30:00,2026-01-26,32690,Ｒ－ＡＤＲ,金利スワップ契約締結に関するお知らせ,https://www.release.tdnet.info/inbs/140120260126538489.pdf,False,,japanese,,東,
2026-01-26 16:30:00,2026-01-26,33500,メタプラネット,2025年12月期通期業績予想の修正及びビットコイン評価損の計上及び2026 年12月期通期業績予想の公表に関するお知らせ,https://www.release.tdnet.info/inbs/140120260126538539.pdf,True,,japanese,,東,https://www.release.tdnet.info/inbs/091220260126538539.zip
2026-01-26 16:30:00,2026-01-26,58380,楽天銀行,当行従業員に対するストック・オプション（新株予約権）の発行に関するお知らせ,https://www.release.tdnet.info/inbs/140120260123537777.pdf,False,,japanese,,東,
2026-01-26 16:30:00,2026-01-26,62450,ヒラノテクシード,代表取締役の異動（追加選定）に関するお知らせ,https://www.release.tdnet.info/inbs/140120260126538588.pdf,False,,japanese,,東,
2026-01-26 16:30:00,2026-01-26,69600,フクダ電子,2026年３月期 第３四半期決算短信〔日本基準〕（連結）,https://www.release.tdnet.info/inbs/140120260126538031.pdf,True,,japanese,,東,https://www.release.tdnet.info/inbs/081220260126538031.zip
2026-01-26 16:30:00,2026-01-26,69600,フクダ電子,自己株式の取得及び自己株式の公開買付けに関するお知らせ,https://www.release.tdnet.info/inbs/140120260126538273.pdf,False,,japanese,,東,
2026-01-26 16:30:00,2026-01-26,69600,フクダ電子,完全子会社の吸収合併（簡易合併）に関するお知らせ,https://www.release.tdnet.info/inbs/140120260126538231.pdf,False,,japanese,,東,
2026-01-26 16:30:00,2026-01-26,82270,しまむら,自己株式立会外買付取引（ToSTNeT-3）による自己株式の買付けに関するお知らせ,https://www.release.tdnet.info/inbs/140120260126538594.pdf,False,,japanese,,東,
2026-01-26 16:30:00,2026-01-26,95090,北海電力,子会社の業績予想の修正に関するお知らせ,https://www.release.tdnet.info/inbs/140120260123537653.pdf,False,,japanese,,東札,
2026-01-26 16:00:00,2026-01-26,30100,ポラリスＨＤ,ホテル運営状況に関するお知らせ（2025年12月度）,https://www.release.tdnet.info/inbs/140120260126538527.pdf,False,,japanese,,東,
2026-01-26 16:00:00,2026-01-26,31210,マーチャント,（開示事項の経過）Life Innovation Holdings株式会社の株式の取得（持分法適用関連会社化）に関するお知らせ,https://www.release.tdnet.info/inbs/140120260126538318.pdf,False,,japanese,,東,
2026-01-26 16:00:00,2026-01-26,35770,東海染工,特別利益（投資有価証券売却益）の発生および業績予想の修正に関するお知らせ,https://www.release.tdnet.info/inbs/140120260122537156.pdf,True,,japanese,,東名,https://www.release.tdnet.info/inbs/091220260122537156.zip
2026-01-26 16:00:00,2026-01-26,36350,コーエーテクモ,令和８年３月期 第３四半期決算短信〔日本基準〕（連結）,https://www.release.tdnet.info/inbs/140120260123537762.pdf,True,,japanese,,東,https://www.release.tdnet.info/inbs/081220260123537762.zip
2026-01-26 16:00:00,2026-01-26,49730,高純度化,投資有価証券売却益（特別利益）の計上見込みに関するお知らせ,https://www.release.tdnet.info/inbs/140120260126538265.pdf,False,,japanese,,東,
2026-01-26 16:00:00,2026-01-26,49730,高純度化,配当予想の修正（増配）に関するお知らせ,https://www.release.tdnet.info/inbs/140120260126538213.pdf,False,,japanese,,東,
2026-01-26 16:00:00,2026-01-26,49730,高純度化,通期業績予想の修正に関するお知らせ,https://www.release.tdnet.info/inbs/140120260123537874.pdf,True,,japanese,,東,https://www.release.tdnet.info/inbs/091220260123537874.zip
2026-01-26 16:00:00,2026-01-26,49730,高純度化,2026年３月期　第３四半期決算短信〔日本基準〕（非連結）,https://www.release.tdnet.info/inbs/140120260123537873.pdf,True,,japanese,,東,https://www.release.tdnet.info/inbs/081220260123537873.zip
2026-01-26 16:00:00,2026-01-26,49730,高純度化,2026年３月期　第３四半期決算説明資料,https://www.release.tdnet.info/inbs/140120260126538201.pdf,False,,japanese,,東,
2026-01-26 16:00:00,2026-01-26,53410,ＡＳＡＨＩ　ＥＩＴＯ,資本金及び資本準備金の額の減少並びに剰余金の処分に関するお知らせ,https://www.release.tdnet.info/inbs/140120260116534998.pdf,False,,japanese,,東,
2026-01-26 16:00:00,2026-01-26,53410,ＡＳＡＨＩ　ＥＩＴＯ,当社の大規模買付ルール（買収防衛策）の継続に関するお知らせ,https://www.release.tdnet.info/inbs/140120260122537091.pdf,False,,japanese,,東,
2026-01-26 16:00:00,2026-01-26,55270,Ｇ－ｐｒｏｐｅｔｅｃ,剰余金の配当に関するお知らせ,https://www.release.tdnet.info/inbs/140120260126538261.pdf,False,,japanese,,東,
2026-01-26 16:00:00,2026-01-26,55270,Ｇ－ｐｒｏｐｅｔｅｃ,第６回定時株主総会の開催及び付議議案決定に関するお知らせ,https://www.release.tdnet.info/inbs/140120260126538275.pdf,False,,japanese,,東,
2026-01-26 16:00:00,2026-01-26,63020,住友重,住友重機械搬送システム株式会社の機械式駐車場事業の承継に関するお知らせ,https://www.release.tdnet.info/inbs/140120260126538041.pdf,False,,japanese,,東,
2026-01-26 16:00:00,2026-01-26,63490,小森,主要株主の異動に関するお知らせ,https://www.release.tdnet.info/inbs/140120260126538316.pdf,False,,japanese,,東,
2026-01-26 16:00:00,2026-01-26,69880,日東電,2026年３月期 第３四半期決算短信〔IFRS〕（連結）,https://www.release.tdnet.info/inbs/140120260123537848.pdf,True,,japanese,,東,https://www.release.tdnet.info/inbs/081220260123537848.zip
2026-01-26 16:00:00,2026-01-26,69880,日東電,2026年３月期 第３四半期決算短信〔IFRS〕（連結）補足資料,https://www.release.tdnet.info/inbs/140120260123537937.pdf,False,,japanese,,東,
2026-01-26 16:00:00,2026-01-26,69880,日東電,2026年３月期 第３四半期決算短信〔IFRS〕（連結）決算説明資料,https://www.release.tdnet.info/inbs/140120260123537939.pdf,False,,japanese,,東,
2026-01-26 16:00:00,2026-01-26,70130,ＩＨＩ,連結子会社による住友重機械搬送システム株式会社からの事業承継に関するお知らせ,https://www.release.tdnet.info/inbs/140120260126538105.pdf,False,,japanese,,東,
2026-01-26 16:00:00,2026-01-26,70640,Ｇ－ハウテレビジョン,東京証券取引所スタンダード市場への市場区分変更承認に関するお知らせ,https://www.release.tdnet.info/inbs/140120260120535870.pdf,False,,japanese,,東,
2026-01-26 16:00:00,2026-01-26,79720,イトーキ,連結子会社の吸収合併（簡易合併）に関するお知らせ,https://www.release.tdnet.info/inbs/140120260126538232.pdf,False,,japanese,,東,
2026-01-26 16:00:00,2026-01-26,83490,東北銀,2026年3月期第3四半期末の有価証券含み損に関するお知らせ,https://www.release.tdnet.info/inbs/140120260126538034.pdf,False,,japanese,,東,
2026-01-26 16:00:00,2026-01-26,83610,大垣銀,子会社の解散に関するお知らせ,https://www.release.tdnet.info/inbs/140120260122537050.pdf,False,,japanese,,東名,
2026-01-26 16:00:00,2026-01-26,86160,東海東京,東海東京証券　東海地域活性化ファンド「Next Tokai Innovation Fund 1号投資事業有限責任組合」設立のお知らせ,https://www.release.tdnet.info/inbs/140120260126538051.pdf,False,,japanese,,東名,
2026-01-26 15:45:00,2026-01-26,27780,パレモ・ＨＤ,(株)パレモの月次売上高前年比情報に関するお知らせ,https://www.release.tdnet.info/inbs/140120260126538413.pdf,False,,japanese,,東名,
2026-01-26 15:30:00,2026-01-26,23110,エプコ,2025年12月度 月次業績に関するお知らせ,https://www.release.tdnet.info/inbs/140120260126538058.pdf,False,,japanese,,東,
2026-01-26 15:30:00,2026-01-26,23340,Ｇ－イオレ,（開示事項の経過）レンディング事業における法人顧客からのレンディング申し込み金額30億円の突破及び法人向けプランの本格展開に関するお知らせ,https://www.release.tdnet.info/inbs/140120260126538391.pdf,False,,japanese,,東,
2026-01-26 15:30:00,2026-01-26,23890,デジタルＨＤ,株式併合、単元株式数の定めの廃止及び定款の一部変更に関するお知らせ,https://www.release.tdnet.info/inbs/140120260126538301.pdf,False,,japanese,,東,
2026-01-26 15:30:00,2026-01-26,24080,ＫＧ情報,2025年12月期 決算短信〔日本基準〕(連結),https://www.release.tdnet.info/inbs/140120260126538132.pdf,True,,japanese,,東,https://www.release.tdnet.info/inbs/081220260126538132.zip
2026-01-26 15:30:00,2026-01-26,24080,ＫＧ情報,2025年12月期 決算説明資料,https://www.release.tdnet.info/inbs/140120260126538160.pdf,False,,japanese,,東,
2026-01-26 15:30:00,2026-01-26,24080,ＫＧ情報,株式会社ＫＧ情報 中期経営計画（2026年度～2028年度）,https://www.release.tdnet.info/inbs/140120260126538176.pdf,False,,japanese,,東,
2026-01-26 15:30:00,2026-01-26,24080,ＫＧ情報,役員の異動に関するお知らせ,https://www.release.tdnet.info/inbs/140120260126538189.pdf,False,,japanese,,東,
2026-01-26 15:30:00,2026-01-26,24080,ＫＧ情報,執行役員選任のお知らせ,https://www.release.tdnet.info/inbs/140120260126538193.pdf,False,,japanese,,東,
2026-01-26 15:30:00,2026-01-26,26120,かどや製油,組織変更および執行役員等の人事異動に関するお知らせ,https://www.release.tdnet.info/inbs/140120260126538312.pdf,False,,japanese,,東,
2026-01-26 15:30:00,2026-01-26,26130,Ｊオイル,完全子会社の吸収合併（簡易合併・略式合併）に関するお知らせ,https://www.release.tdnet.info/inbs/140120260121536593.pdf,False,,japanese,,東,
2026-01-26 15:30:00,2026-01-26,26780,アスクル,2026年5月期第2四半期決算発表日に関するお知らせ,https://www.release.tdnet.info/inbs/140120260126538297.pdf,False,,japanese,,東,
2026-01-26 15:30:00,2026-01-26,34260,アトムリビン,業績予想の修正に関するお知らせ,https://www.release.tdnet.info/inbs/140120260121536532.pdf,True,,japanese,,東,https://www.release.tdnet.info/inbs/091220260121536532.zip
2026-01-26 15:30:00,2026-01-26,34550,Ｒ－ＨＣＭ,資金の借入れに関するお知らせ（既存借入金の借換え）,https://www.release.tdnet.info/inbs/140120260123537661.pdf,False,,japanese,,東,
2026-01-26 15:30:00,2026-01-26,34630,Ｒ－いちごホテル,ホテル運営状況のお知らせ（2025年12月度）,https://www.release.tdnet.info/inbs/140120260126538229.pdf,False,,japanese,,東,
2026-01-26 15:30:00,2026-01-26,37960,いい生活,2025年12月度　月次概況（速報）に関するお知らせ,https://www.release.tdnet.info/inbs/140120260126538380.pdf,False,,japanese,,東,
2026-01-26 15:30:00,2026-01-26,40820,稀元素,組織変更及び人事異動に関するお知らせ,https://www.release.tdnet.info/inbs/140120260126538257.pdf,False,,japanese,,東,
2026-01-26 15:30:00,2026-01-26,45790,Ｇ－ラクオリア創薬,ファイメクス株式会社のIRAK-Mタンパク質分解誘導剤（複素環化合物）の日本における特許査定のお知らせ,https://www.release.tdnet.info/inbs/140120260126538036.pdf,False,,japanese,,東,
2026-01-26 15:30:00,2026-01-26,45940,Ｇ－ブライトパス,第三者割当による第20回新株予約権（行使価額修正条項付）の大量行使に関するお知らせ,https://www.release.tdnet.info/inbs/140120260126538504.pdf,False,,japanese,,東,
2026-01-26 15:30:00,2026-01-26,45960,Ｇ－窪田製薬ＨＤ,（開示事項の経過）連結子会社におけるスターガルト病治療候補薬「エミクススタト塩酸塩」に関するKOLとのライセンス契約締結に向けた協議の状況について,https://www.release.tdnet.info/inbs/140120260126538129.pdf,False,,japanese,,東,
2026-01-26 15:30:00,2026-01-26,46840,オービック,2026年３月期 第３四半期決算短信〔日本基準〕（連結）,https://www.release.tdnet.info/inbs/140120260123537679.pdf,True,,japanese,,東,https://www.release.tdnet.info/inbs/081220260123537679.zip
2026-01-26 15:30:00,2026-01-26,46840,オービック,2026年３月期の期末配当予想の修正(増配)に関するお知らせ,https://www.release.tdnet.info/inbs/140120260123537549.pdf,False,,japanese,,東,
2026-01-26 15:30:00,2026-01-26,51320,Ｇ－ｐｌｕｓｚｅｒｏ,成長可能性に関する説明資料,https://www.release.tdnet.info/inbs/140120260126538476.pdf,False,,japanese,,東,
2026-01-26 15:30:00,2026-01-26,58310,しずおかＦＧ,自己株式の取得状況および取得終了に関するお知らせ,https://www.release.tdnet.info/inbs/140120260122537017.pdf,False,,japanese,,東,
2026-01-26 15:30:00,2026-01-26,62300,ＳＡＮＥＩ,2026年３月期 第３四半期決算短信〔日本基準〕(連結),https://www.release.tdnet.info/inbs/140120260122537230.pdf,True,,japanese,,東,https://www.release.tdnet.info/inbs/081220260122537230.zip
2026-01-26 15:30:00,2026-01-26,68230,リオン,従業員持株会制度の拡充に関するお知らせ,https://www.release.tdnet.info/inbs/140120260126538090.pdf,False,,japanese,,東,
2026-01-26 15:30:00,2026-01-26,68530,共和電,当社及び当社子会社の従業員に対する譲渡制限付株式としての自己株式処分に関するお知らせ,https://www.release.tdnet.info/inbs/140120260126538038.pdf,False,,japanese,,東,
2026-01-26 15:30:00,2026-01-26,69540,ファナック,2026年3月期 第3四半期決算短信〔日本基準〕(連結),https://www.release.tdnet.info/inbs/140120260123537752.pdf,True,,japanese,,東,https://www.release.tdnet.info/inbs/081220260123537752.zip
2026-01-26 15:30:00,2026-01-26,69540,ファナック,2025年度第3四半期 決算説明会資料,https://www.release.tdnet.info/inbs/140120260123537912.pdf,False,,japanese,,東,
2026-01-26 15:30:00,2026-01-26,70880,フォーラムエンジニア,定款の一部変更、第三者割当による種類株式の発行、資本金及び資本準備金の額の減少、株式併合並びに単元株式数の定めの廃止に関する臨時株主総会開催のお知らせ,https://www.release.tdnet.info/inbs/140120260126538236.pdf,False,,japanese,,東,
2026-01-26 15:30:00,2026-01-26,70880,フォーラムエンジニア,自己株式の消却に関するお知らせ,https://www.release.tdnet.info/inbs/140120260126538252.pdf,False,,japanese,,東,
2026-01-26 15:30:00,2026-01-26,73660,ＬＩＴＡＬＩＣＯ,自己株式取得に係る事項の決定に関するお知らせ,https://www.release.tdnet.info/inbs/140120260126538270.pdf,False,,japanese,,東,
2026-01-26 15:30:00,2026-01-26,73660,ＬＩＴＡＬＩＣＯ,2026年３月期第３四半期決算短信〔ＩＦＲＳ〕（連結）,https://www.release.tdnet.info/inbs/140120260126538259.pdf,True,,japanese,,東,https://www.release.tdnet.info/inbs/081220260126538259.zip
2026-01-26 15:30:00,2026-01-26,73660,ＬＩＴＡＬＩＣＯ,2026年３月期第３四半期決算説明資料,https://www.release.tdnet.info/inbs/140120260126538267.pdf,False,,japanese,,東,
2026-01-26 15:30:00,2026-01-26,73880,ＦＰパートナー,2025年11月期決算に関する質疑応答集,https://www.release.tdnet.info/inbs/140120260126538238.pdf,False,,japanese,,東,
2026-01-26 15:30:00,2026-01-26,75080,ＧセブンＨＤ,従業員持株会に対する譲渡制限付株式としての自己株式処分に関するお知らせ,https://www.release.tdnet.info/inbs/140120260126538330.pdf,False,,japanese,,東,
2026-01-26 15:30:00,2026-01-26,76490,スギＨＤ,役員人事に関するお知らせ,https://www.release.tdnet.info/inbs/140120260126538358.pdf,False,,japanese,,東名,
2026-01-26 15:30:00,2026-01-26,76490,スギＨＤ,執行役員に関するお知らせ,https://www.release.tdnet.info/inbs/140120260126538364.pdf,False,,japanese,,東名,
2026-01-26 15:30:00,2026-01-26,79010,マツモト,（開示事項の経過）固定資産の譲渡及び特別利益の計上に関するお知らせ,https://www.release.tdnet.info/inbs/140120260126538452.pdf,False,,japanese,,東,
2026-01-26 15:30:00,2026-01-26,79700,信越ポリマ,2026年３月期第３四半期決算短信〔日本基準〕(連結),https://www.release.tdnet.info/inbs/140120260126538122.pdf,True,,japanese,,東,https://www.release.tdnet.info/inbs/081220260126538122.zip
2026-01-26 15:30:00,2026-01-26,81420,トーホー,2025年12月度 月次売上高のお知らせ,https://www.release.tdnet.info/inbs/140120260126538445.pdf,False,,japanese,,東,
2026-01-26 15:30:00,2026-01-26,81530,モスフード,完全子会社の吸収合併（簡易合併・略式合併）に関するお知らせ,https://www.release.tdnet.info/inbs/140120260126538152.pdf,False,,japanese,,東,
2026-01-26 15:30:00,2026-01-26,82180,コメリ,自己株式の取得状況および取得終了に関するお知らせ,https://www.release.tdnet.info/inbs/140120260126538390.pdf,False,,japanese,,東,
2026-01-26 15:30:00,2026-01-26,82270,しまむら,執行役員の異動に関するお知らせ,https://www.release.tdnet.info/inbs/140120260126538136.pdf,False,,japanese,,東,
2026-01-26 15:30:00,2026-01-26,84730,ＳＢＩ,（開示事項の経過）新株予約権（税制適格ストック・オプション）の発行内容確定に関するお知らせ,https://www.release.tdnet.info/inbs/140120260126538479.pdf,False,,japanese,,東,
2026-01-26 15:30:00,2026-01-26,87050,日産証券グループ,自己株式の取得状況及び取得終了に関するお知らせ,https://www.release.tdnet.info/inbs/140120260123537901.pdf,False,,japanese,,東,
2026-01-26 15:30:00,2026-01-26,87980,アドバンスクリエイト,2025年12月度 当社の業績概要について,https://www.release.tdnet.info/inbs/140120260121536608.pdf,False,,japanese,,東札福,
2026-01-26 15:30:00,2026-01-26,89630,Ｒ－ＩＮＶ,ポートフォリオの運用実績（2025年12月）に関するお知らせ,https://www.release.tdnet.info/inbs/140120260126538262.pdf,False,,japanese,,東,
2026-01-26 15:30:00,2026-01-26,89670,Ｒ－ニホンロジ,自己の投資口の取得状況及び消却に関するお知らせ,https://www.release.tdnet.info/inbs/140120260126538118.pdf,False,,japanese,,東,
2026-01-26 15:30:00,2026-01-26,92060,ＳＦＪ,2025年12月度 旅客輸送実績・運航実績,https://www.release.tdnet.info/inbs/140120260126538045.pdf,False,,japanese,,東,
2026-01-26 15:30:00,2026-01-26,93020,三井倉ＨＤ,取締役候補者の決定ならびにグループ新経営体制に関するお知らせ,https://www.release.tdnet.info/inbs/140120260126538115.pdf,False,,japanese,,東,
2026-01-26 15:00:00,2026-01-26,40110,Ｇ－ヘッドウォーター,株式会社ヘッドウォータースとＢＢＤイニシアティブ株式会社の合併契約締結に関するお知らせ,https://www.release.tdnet.info/inbs/140120260126538488.pdf,False,,japanese,,東,
2026-01-26 15:00:00,2026-01-26,40110,Ｇ－ヘッドウォーター,ＢＢＤイニシアティブ株式会社との吸収合併に伴う子会社の異動に関するお知らせ,https://www.release.tdnet.info/inbs/140120260126538482.pdf,False,,japanese,,東,
2026-01-26 15:00:00,2026-01-26,47330,ＯＢＣ,配当予想の修正（増配）に関するお知らせ,https://www.release.tdnet.info/inbs/140120260121536735.pdf,False,,japanese,,東,
2026-01-26 15:00:00,2026-01-26,47330,ＯＢＣ,2026年３月期 第３四半期決算短信〔日本基準〕（非連結）,https://www.release.tdnet.info/inbs/140120260121536734.pdf,True,,japanese,,東,https://www.release.tdnet.info/inbs/081220260121536734.zip
2026-01-26 15:00:00,2026-01-26,52590,Ｇ－ＢＢＤＩ,株式会社ヘッドウォータースとＢＢＤイニシアティブ株式会社の合併契約締結に関するお知らせ,https://www.release.tdnet.info/inbs/140120260114534069.pdf,False,,japanese,,東,
2026-01-26 15:00:00,2026-01-26,52590,Ｇ－ＢＢＤＩ,臨時株主総会招集のための基準日設定及び臨時株主総会の開催並びに付議議案の決定に関するお知らせ,https://www.release.tdnet.info/inbs/140120260122537292.pdf,False,,japanese,,東,
2026-01-26 15:00:00,2026-01-26,52590,Ｇ－ＢＢＤＩ,株主優待制度の廃止に関するお知らせ,https://www.release.tdnet.info/inbs/140120260115534248.pdf,False,,japanese,,東,
2026-01-26 15:00:00,2026-01-26,65180,三相電機,事業譲受および新会社設立に関するお知らせ,https://www.release.tdnet.info/inbs/140120260126538294.pdf,False,,japanese,,東,
2026-01-26 15:00:00,2026-01-26,80950,アステナＨＤ,取締役向け株式報酬制度の継続に関するお知らせ,https://www.release.tdnet.info/inbs/140120260126538233.pdf,False,,japanese,,東,
2026-01-26 15:00:00,2026-01-26,83920,大分銀,2026年３月期第３四半期末の有価証券含み損に関するお知らせ,https://www.release.tdnet.info/inbs/140120260123537805.pdf,False,,japanese,,東福,
2026-01-26 15:00:00,2026-01-26,87470,豊トラスティ証券,連結総資産の増加に関するお知らせ,https://www.release.tdnet.info/inbs/140120260126538091.pdf,False,,japanese,,東,
2026-01-26 15:00:00,2026-01-26,95010,東電力ＨＤ,通期連結業績予想の修正に関するお知らせ,https://www.release.tdnet.info/inbs/140120260124537970.pdf,True,,japanese,,東,https://www.release.tdnet.info/inbs/091220260124537970.zip
2026-01-26 14:00:00,2026-01-26,46940,ＢＭＬ,株主優待制度の変更に関するお知らせ,https://www.release.tdnet.info/inbs/140120260126538194.pdf,False,,japanese,,東,
2026-01-26 14:00:00,2026-01-26,48260,ＣＩＪ,剰余金の配当（中間配当）および配当予想の修正（創立50周年記念配当）に関するお知らせ,https://www.release.tdnet.info/inbs/140120260126538135.pdf,True,,japanese,,東,https://www.release.tdnet.info/inbs/091220260126538135.zip
2026-01-26 14:00:00,2026-01-26,63260,クボタ,監査役の異動に関するお知らせ,https://www.release.tdnet.info/inbs/140120260123537857.pdf,False,,japanese,,東,
2026-01-26 13:00:00,2026-01-26,81900,ヤマナカ,業績予想の修正に関するお知らせ,https://www.release.tdnet.info/inbs/140120260124537958.pdf,True,,japanese,,名,https://www.release.tdnet.info/inbs/091220260124537958.zip
2026-01-26 13:00:00,2026-01-26,81900,ヤマナカ,2026年３月期第３四半期決算短信〔日本基準〕(連結),https://www.release.tdnet.info/inbs/140120260124537971.pdf,True,,japanese,,名,https://www.release.tdnet.info/inbs/081220260124537971.zip
2026-01-26 13:00:00,2026-01-26,96630,ナガワ,2026年３月期第３四半期決算短信〔日本基準〕（非連結）,https://www.release.tdnet.info/inbs/140120260123537843.pdf,True,,japanese,,東,https://www.release.tdnet.info/inbs/081220260123537843.zip
2026-01-26 13:00:00,2026-01-26,96630,ナガワ,代表取締役の異動および取締役・監査役ならびに執行役員の人事に関するお知らせ,https://www.release.tdnet.info/inbs/140120260126538055.pdf,False,,japanese,,東,
2026-01-26 13:00:00,2026-01-26,96630,ナガワ,当社の従業員に対する譲渡制限付株式報酬としての自己株式の処分に関するお知らせ,https://www.release.tdnet.info/inbs/140120260126538042.pdf,False,,japanese,,東,
2026-01-26 12:30:00,2026-01-26,32450,ディア・ライフ,収益不動産の取得に関するお知らせ,https://www.release.tdnet.info/inbs/140120260126538112.pdf,False,,japanese,,東,
2026-01-26 12:30:00,2026-01-26,83920,大分銀,株式分割および株式分割に伴う定款の一部変更ならびに株主優待制度の導入に関するお知らせ,https://www.release.tdnet.info/inbs/140120260123537813.pdf,False,,japanese,,東福,
2026-01-26 12:30:00,2026-01-26,83920,大分銀,政策保有株式縮減目標の見直しについて,https://www.release.tdnet.info/inbs/140120260123537817.pdf,False,,japanese,,東福,
2026-01-26 12:00:00,2026-01-26,13320,ニッスイ,弓ヶ浜水産株式会社との会社分割（簡易吸収分割）契約締結に関するお知らせ,https://www.release.tdnet.info/inbs/140120260123537484.pdf,False,,japanese,,東,
2026-01-26 12:00:00,2026-01-26,75020,プラザＨＤ,当社取締役及び重要な当社子会社の代表取締役の異動について,https://www.release.tdnet.info/inbs/140120260126538199.pdf,False,,japanese,,東,
2026-01-26 11:40:00,2026-01-26,13264,Ｅ－ワールド,SPDRゴールド・シェアに関する日々の開示事項,https://www.release.tdnet.info/inbs/140120260126538187.pdf,False,,japanese,,東,
2026-01-26 11:40:00,2026-01-26,15624,Ｅ－三井住友ＤＳＡＭ,上場ＥＴＦ（管理会社：三井住友DSアセットマネジメント）に関する日々の開示事項,https://www.release.tdnet.info/inbs/140120260126538240.pdf,False,,japanese,,東,
2026-01-26 11:35:00,2026-01-26,13494,Ｅ－ＳＳＧＡ－ＳＩＮ,アジア国債・公債ＥＴＦ（正式名称：ＡＢＦ汎アジア債券インデックス・ファンド）に関する日々の開示事項,https://www.release.tdnet.info/inbs/140120260126538175.pdf,False,,japanese,,東,
2026-01-26 11:30:00,2026-01-26,15574,Ｅ－ＳＳＧＡＴＣ,State Street SPDR S&P500 ETFに関する日々の開示事項,https://www.release.tdnet.info/inbs/140120260126538154.pdf,False,,japanese,,東,
2026-01-26 11:30:00,2026-01-26,20704,Ｎ－三菱ＵＦＪ証ＨＤ,上場ETN（発行者：三菱UFJ証券ホールディングス株式会社）に関する日々の開示事項,https://www.release.tdnet.info/inbs/140120260126538097.pdf,False,,japanese,,東,
2026-01-26 10:45:00,2026-01-26,75020,プラザＨＤ,株式の立会外分売終了及び主要株主の異動に関するお知らせ,https://www.release.tdnet.info/inbs/140120260126538128.pdf,False,,japanese,,東,
2026-01-26 10:45:00,2026-01-26,93050,ヤマタネ,自己株式立会外買付取引（ToSTNeT-3）による自己株式の取得結果及び自己株式取得終了のお知らせ,https://www.release.tdnet.info/inbs/140120260126538133.pdf,False,,japanese,,東,
2026-01-26 10:00:00,2026-01-26,16714,Ｅ－シンプレクス,上場ＥＴＦ(管理会社：シンプレクス・アセット・マネジメント)に関する日々の開示事項,https://www.release.tdnet.info/inbs/140120260126538057.pdf,False,,japanese,,東,
2026-01-26 09:50:00,2026-01-26,70970,Ｇ－さくらさく,代表取締役の異動（辞任）及び役員の異動に関するお知らせ,https://www.release.tdnet.info/inbs/140120260125538012.pdf,False,,japanese,,東,
2026-01-26 09:45:00,2026-01-26,13294,Ｅ－ブラックロック,上場ETF（管理会社：ブラックロック・ジャパン）に関する日々の開示事項,https://www.release.tdnet.info/inbs/140120260126538067.pdf,False,,japanese,,東,
2026-01-26 09:30:00,2026-01-26,21800,サニーサイドアップ,ビルコム株式会社の株式の取得（子会社化）に関するお知らせ,https://www.release.tdnet.info/inbs/140120260123537915.pdf,False,,japanese,,東,
2026-01-26 09:30:00,2026-01-26,21800,サニーサイドアップ,第三者割当による自己株式の処分に関するお知らせ,https://www.release.tdnet.info/inbs/140120260123537917.pdf,False,,japanese,,東,
2026-01-26 09:00:00,2026-01-26,16724,Ｅ－ＷｉｓｄｏｍＴｒ,上場ETF（管理会社：WisdomTree、外国投資法人：MSL）に関する日々の開示事項,https://www.release.tdnet.info/inbs/140120251219522580.pdf,False,,japanese,,東,
2026-01-26 09:00:00,2026-01-26,16724,Ｅ－ＷｉｓｄｏｍＴｒ,上場ETF（管理会社：WisdomTree、外国投資法人：CSL）に関する日々の開示事項,https://www.release.tdnet.info/inbs/140120251219522582.pdf,False,,japanese,,東,
2026-01-26 08:50:00,2026-01-26,30700,Ｇ－ジェリービーンズ,通期業績予想の修正に関するお知らせ,https://www.release.tdnet.info/inbs/140120260126537977.pdf,True,,japanese,,東,https://www.release.tdnet.info/inbs/091220260126537977.zip
2026-01-26 08:50:00,2026-01-26,30700,Ｇ－ジェリービーンズ,補足資料　通期業績予想の修正に関するお知らせ,https://www.release.tdnet.info/inbs/140120260126537978.pdf,False,,japanese,,東,
2026-01-26 08:30:00,2026-01-26,16724,Ｅ－ＷｉｓｄｏｍＴｒ,上場ETF（管理会社：WisdomTree、外国投資法人：CSL）に関する日々の開示事項（令和８年１月２３日分）,https://www.release.tdnet.info/inbs/140120260123537965.pdf,False,,japanese,,東,
2026-01-26 08:30:00,2026-01-26,95010,東電力ＨＤ,特別事業計画の変更の認定について,https://www.release.tdnet.info/inbs/140120260123537927.pdf,False,,japanese,,東,
2026-01-27 19:00:00,2026-01-27,37760,ＢＢタワー,（開示事項の訂正）剰余金の配当（増配）に関するお知らせ,https://www.release.tdnet.info/inbs/140120260127539586.pdf,False,,japanese,,東,
2026-01-27 18:50:00,2026-01-27,33500,メタプラネット,B種優先株式に係る剰余金の配当に関するお知らせ,https://www.release.tdnet.info/inbs/140120260127539280.pdf,False,,japanese,,東,
2026-01-27 18:50:00,2026-01-27,33500,メタプラネット,定時株主総会の開催日時の決定に関するお知らせ,https://www.release.tdnet.info/inbs/140120260127539328.pdf,False,,japanese,,東,
2026-01-27 18:00:00,2026-01-27,70370,テノ．,当社取締役会の実効性に関する評価結果の概要について,https://www.release.tdnet.info/inbs/140120260127538892.pdf,False,,japanese,,東福,
2026-01-27 17:30:00,2026-01-27,66270,テラプローブ,当社の台湾子会社における固定資産（土地及び建物）取得に関するお知らせ,https://www.release.tdnet.info/inbs/140120260127539236.pdf,False,,japanese,,東,
2026-01-27 17:30:00,2026-01-27,73780,Ｇ－アシロ,主要株主である筆頭株主及びその他関係会社の異動に関するお知らせ,https://www.release.tdnet.info/inbs/140120260127539550.pdf,False,,japanese,,東,
2026-01-27 17:30:00,2026-01-27,74140,小野建,自己株式の取得状況及び取得完了に関するお知らせ,https://www.release.tdnet.info/inbs/140120260127539094.pdf,False,,japanese,,東福,
2026-01-27 17:00:00,2026-01-27,18120,鹿島,代表取締役の逝去及び異動に関するお知らせ,https://www.release.tdnet.info/inbs/140120260127539400.pdf,False,,japanese,,東名,
2026-01-27 17:00:00,2026-01-27,34760,Ｒ－投資法人みらい,金利スワップ契約の締結に関するお知らせ,https://www.release.tdnet.info/inbs/140120260127539485.pdf,False,,japanese,,東,
2026-01-27 17:00:00,2026-01-27,39080,Ｇ－コラボス,株主優待制度の導入に関するお知らせ,https://www.release.tdnet.info/inbs/140120260127539011.pdf,False,,japanese,,東,
2026-01-27 17:00:00,2026-01-27,70340,プロレドパートナーズ,上場維持基準への適合に向けた計画に基づく進捗状況（改善期間入り）,https://www.release.tdnet.info/inbs/140120260121536427.pdf,False,,japanese,,東,
2026-01-27 17:00:00,2026-01-27,70340,プロレドパートナーズ,中期経営計画の策定に関するお知らせ,https://www.release.tdnet.info/inbs/140120260121536430.pdf,False,,japanese,,東,
2026-01-27 16:40:00,2026-01-27,59050,日缶,投資有価証券売却益（特別利益）の追加計上に関するお知らせ,https://www.release.tdnet.info/inbs/140120260126538372.pdf,False,,japanese,,東,
2026-01-27 16:30:00,2026-01-27,45920,Ｇ－サンバイオ,ストック・オプション（新株予約権）の発行内容確定に関するお知らせ,https://www.release.tdnet.info/inbs/140120260127539493.pdf,False,,japanese,,東,
2026-01-27 16:30:00,2026-01-27,80770,トルク,スタンダード市場の上場維持基準の適合に向けた計画（改善期間入り）について,https://www.release.tdnet.info/inbs/140120260127538944.pdf,False,,japanese,,東,
2026-01-27 16:30:00,2026-01-27,99720,アルテック,「中長期ビジョンならびに中期経営計画 2026-2028」策定に関するお知らせ,https://www.release.tdnet.info/inbs/140120260127539309.pdf,False,,japanese,,東,
2026-01-27 16:30:00,2026-01-27,99720,アルテック,取締役の異動（退任）に関するお知らせ,https://www.release.tdnet.info/inbs/140120260127539320.pdf,False,,japanese,,東,
2026-01-27 16:00:00,2026-01-27,14180,インターライフ,株式の売出しに関するお知らせ,https://www.release.tdnet.info/inbs/140120260126538655.pdf,False,,japanese,,東,
2026-01-27 16:00:00,2026-01-27,14180,インターライフ,2026年2月期第3四半期決算短信〔日本基準〕（連結）（監査法人による期中レビューの完了）,https://www.release.tdnet.info/inbs/140120260127539141.pdf,True,,japanese,,東,https://www.release.tdnet.info/inbs/081220260127539141.zip
2026-01-27 16:00:00,2026-01-27,21580,Ｇ－ＦＲＯＮＴＥＯ,ライフサイエンスAI事業の成長加速を目的とした、財務上の特約が付された金銭消費貸借契約締結に関するお知らせ,https://www.release.tdnet.info/inbs/140120260126538331.pdf,False,,japanese,,東,
2026-01-27 16:00:00,2026-01-27,25930,伊藤園,連結子会社との会社分割（簡易吸収分割）に関するお知らせ,https://www.release.tdnet.info/inbs/140120260122536911.pdf,False,,japanese,,東,
2026-01-27 16:00:00,2026-01-27,25930,伊藤園,減損損失の計上及び業績予想（連結・個別）の修正に関するお知らせ,https://www.release.tdnet.info/inbs/140120260122536919.pdf,True,,japanese,,東,https://www.release.tdnet.info/inbs/091220260122536919.zip
2026-01-27 16:00:00,2026-01-27,25930,伊藤園,海外子会社設立に関するお知らせ,https://www.release.tdnet.info/inbs/140120260122536950.pdf,False,,japanese,,東,
2026-01-27 16:00:00,2026-01-27,33960,フェリシモ,代表取締役の追加選定に関するお知らせ,https://www.release.tdnet.info/inbs/140120260127538839.pdf,False,,japanese,,東,
2026-01-27 16:00:00,2026-01-27,34920,Ｒ－ＭＩＲＡＲＴＨ,資金の借入れに関するお知らせ,https://www.release.tdnet.info/inbs/140120260127538907.pdf,False,,japanese,,東,
2026-01-27 16:00:00,2026-01-27,35260,芦森工,株式併合並びに単元株式数の定めの廃止及び定款の一部変更に係る承認決議に関するお知らせ,https://www.release.tdnet.info/inbs/140120260127538916.pdf,False,,japanese,,東,
2026-01-27 16:00:00,2026-01-27,36550,ブレインパッド,株式併合、単元株式数の定めの廃止および定款の一部変更に関するお知らせ,https://www.release.tdnet.info/inbs/140120260127539268.pdf,False,,japanese,,東,
2026-01-27 16:00:00,2026-01-27,36550,ブレインパッド,自己株式の消却に関するお知らせ,https://www.release.tdnet.info/inbs/140120260127539271.pdf,False,,japanese,,東,
2026-01-27 16:00:00,2026-01-27,36550,ブレインパッド,取締役候補者の内定に関するお知らせ,https://www.release.tdnet.info/inbs/140120260127539270.pdf,False,,japanese,,東,
2026-01-27 16:00:00,2026-01-27,36550,ブレインパッド,特別損失の計上に伴う通期連結業績予想の修正に関するお知らせ,https://www.release.tdnet.info/inbs/140120260126538421.pdf,True,,japanese,,東,https://www.release.tdnet.info/inbs/091220260126538421.zip
2026-01-27 16:00:00,2026-01-27,36570,ポールＨＤ,当社連結子会社の現物配当による子会社の異動（組織再編）に関するお知らせ,https://www.release.tdnet.info/inbs/140120260120536213.pdf,False,,japanese,,東,
2026-01-27 16:00:00,2026-01-27,47550,楽天グループ,連結子会社（楽天証券株式会社）の決算について,https://www.release.tdnet.info/inbs/140120260127539089.pdf,False,,japanese,,東,
2026-01-27 16:00:00,2026-01-27,54840,東北鋼,2026年３月期 第３四半期決算短信〔日本基準〕(連結),https://www.release.tdnet.info/inbs/140120260127538881.pdf,True,,japanese,,東,https://www.release.tdnet.info/inbs/081220260127538881.zip
2026-01-27 16:00:00,2026-01-27,60440,三機サービス,2026年５月期第２四半期決算説明会 書き起こし記事,https://www.release.tdnet.info/inbs/140120260127539136.pdf,False,,japanese,,東,
2026-01-27 16:00:00,2026-01-27,60910,ウエスコＨＤ,自己株式の取得期間の延長に関するお知らせ,https://www.release.tdnet.info/inbs/140120260115534617.pdf,False,,japanese,,東,
2026-01-27 16:00:00,2026-01-27,62100,ＴＯＹＯイノベックス,当社に対する訴訟の判決に関するお知らせ,https://www.release.tdnet.info/inbs/140120260127539196.pdf,False,,japanese,,東,
2026-01-27 16:00:00,2026-01-27,63420,太平製作所,監査等委員である取締役（社外取締役）の逝去に関するお知らせ,https://www.release.tdnet.info/inbs/140120260127539298.pdf,False,,japanese,,東名,
2026-01-27 16:00:00,2026-01-27,71380,Ｇ－ＴＯＲＩＣＯ,第三者割当による第11回新株予約権（行使価額修正条項及び行使停止条項付）の発行及び新株予約権の買取契約の締結に関するお知らせ,https://www.release.tdnet.info/inbs/140120260127539391.pdf,False,,japanese,,東,
2026-01-27 16:00:00,2026-01-27,78080,ＣＳランバー,2026年５月期第２四半期決算説明会資料,https://www.release.tdnet.info/inbs/140120260127539397.pdf,False,,japanese,,東,
2026-01-27 16:00:00,2026-01-27,80250,ツカモト,投資有価証券売却益（特別利益）の計上に関するお知らせ,https://www.release.tdnet.info/inbs/140120260126538325.pdf,False,,japanese,,東,
2026-01-27 16:00:00,2026-01-27,80250,ツカモト,（開示事項の経過）ホーム・ファッション事業部BIYOMA福岡店および大阪店閉鎖に伴う特別損失計上に関するお知らせ,https://www.release.tdnet.info/inbs/140120260126538327.pdf,False,,japanese,,東,
2026-01-27 16:00:00,2026-01-27,89520,Ｒ－ジャパン,資金の借入（利率決定）に関するお知らせ,https://www.release.tdnet.info/inbs/140120260127539343.pdf,False,,japanese,,東,
2026-01-27 16:00:00,2026-01-27,89860,Ｒ－大和証券リビング,資金の借換えに関するお知らせ,https://www.release.tdnet.info/inbs/140120260126538039.pdf,False,,japanese,,東,
2026-01-27 15:45:00,2026-01-27,37330,ソフトウェアＳ,投資単位の引下げに関する考え方及び方針等について,https://www.release.tdnet.info/inbs/140120260123537930.pdf,False,,japanese,,東,
2026-01-27 15:45:00,2026-01-27,37330,ソフトウェアＳ,公益財団法人財務会計基準機構への加入状況及び加入に関する考え方等に関するお知らせ,https://www.release.tdnet.info/inbs/140120260123537931.pdf,False,,japanese,,東,
2026-01-27 15:40:00,2026-01-27,96970,カプコン,2026年3月期 第3四半期決算短信〔日本基準〕(連結),https://www.release.tdnet.info/inbs/140120260127539114.pdf,True,,japanese,,東,https://www.release.tdnet.info/inbs/081220260127539114.zip
2026-01-27 15:35:00,2026-01-27,66440,大崎電,特別損失（事業撤退損）の計上に関するお知らせ,https://www.release.tdnet.info/inbs/140120260127539138.pdf,False,,japanese,,東,
2026-01-27 15:35:00,2026-01-27,92510,Ｇ－ＡＢ＆Ｃ,事業計画及び成長可能性に関する説明資料,https://www.release.tdnet.info/inbs/140120260127539224.pdf,False,,japanese,,東,
2026-01-27 15:31:00,2026-01-27,52500,プライムストラテジー,商号の変更、決算期（事業年度の末日）の変更及び定款の一部変更に関するお知らせ,https://www.release.tdnet.info/inbs/140120260127538887.pdf,False,,japanese,,東,
2026-01-27 15:30:00,2026-01-27,20930,上場Ｔｒ米債０２ラダ,投資信託約款の一部変更に関するお知らせ,https://www.release.tdnet.info/inbs/140120260127539339.pdf,False,,japanese,,東,
2026-01-27 15:30:00,2026-01-27,24710,エスプール,剰余金の配当に関するお知らせ,https://www.release.tdnet.info/inbs/140120260127539030.pdf,False,,japanese,,東,
2026-01-27 15:30:00,2026-01-27,26640,カワチ薬品,2026年３月期　第３四半期決算短信〔日本基準〕（連結）,https://www.release.tdnet.info/inbs/140120260126538474.pdf,True,,japanese,,東,https://www.release.tdnet.info/inbs/081220260126538474.zip
2026-01-27 15:30:00,2026-01-27,29790,Ｒ－ＳＯＳｉＬＡ物流,一般社団法人不動産証券化協会による資産運用会社に対する処分に関するお知らせ,https://www.release.tdnet.info/inbs/140120260127539008.pdf,False,,japanese,,東,
2026-01-27 15:30:00,2026-01-27,32040,トーア紡,特別利益の計上、並びに通期連結業績予想の修正及び個別業績見込みと前期実績値との差異に関するお知らせ,https://www.release.tdnet.info/inbs/140120260126538773.pdf,True,,japanese,,東,https://www.release.tdnet.info/inbs/091220260126538773.zip
2026-01-27 15:30:00,2026-01-27,32670,フィル・カンパニー,当社取締役会の実効性評価の概要に関するお知らせ,https://www.release.tdnet.info/inbs/140120260126538743.pdf,False,,japanese,,東,
2026-01-27 15:30:00,2026-01-27,33090,Ｒ－積水ハウスリート,国内不動産信託受益権の取得に係る取得予定日、信託契約期間及びマスターリース契約期間の変更に関するお知らせ,https://www.release.tdnet.info/inbs/140120260127539253.pdf,False,,japanese,,東,
2026-01-27 15:30:00,2026-01-27,33090,Ｒ－積水ハウスリート,資金の借入れ（グリーンローン）に関するお知らせ,https://www.release.tdnet.info/inbs/140120260127539251.pdf,False,,japanese,,東,
2026-01-27 15:30:00,2026-01-27,34790,Ｇ－ＴＫＰ,株主優待制度の一部変更に関するお知らせ,https://www.release.tdnet.info/inbs/140120260126538751.pdf,False,,japanese,,東,
2026-01-27 15:30:00,2026-01-27,36590,ネクソン,自己株式の取得状況および取得終了に関するお知らせ(会社法第165条第2項の規定による定款の定めに基づく自己株式の取得),https://www.release.tdnet.info/inbs/140120260127539122.pdf,False,,japanese,,東,
2026-01-27 15:30:00,2026-01-27,36810,ブイキューブ,連結子会社の異動（解散及び清算）に関するお知らせ,https://www.release.tdnet.info/inbs/140120260127538992.pdf,False,,japanese,,東,
2026-01-27 15:30:00,2026-01-27,38650,北越コーポレーション,代表取締役の異動に関するお知らせ,https://www.release.tdnet.info/inbs/140120260127539284.pdf,False,,japanese,,東,
2026-01-27 15:30:00,2026-01-27,38650,北越コーポレーション,組織体制の変更及び役員等人事異動のお知らせ,https://www.release.tdnet.info/inbs/140120260127539292.pdf,False,,japanese,,東,
2026-01-27 15:30:00,2026-01-27,39940,マネーフォワード,特別利益（投資有価証券売却益）の計上見込みに関する知らせ,https://www.release.tdnet.info/inbs/140120260127539056.pdf,False,,japanese,,東,
2026-01-27 15:30:00,2026-01-27,39940,マネーフォワード,（開示事項の変更）第15期経営体制の内定に関する再変更のお知らせ,https://www.release.tdnet.info/inbs/140120260127539082.pdf,False,,japanese,,東,
2026-01-27 15:30:00,2026-01-27,40630,信越化,2026年３月期 第３四半期決算短信〔日本基準〕（連結）,https://www.release.tdnet.info/inbs/140120260127538857.pdf,True,,japanese,,東名,https://www.release.tdnet.info/inbs/081220260127538857.zip
2026-01-27 15:30:00,2026-01-27,40630,信越化,株式の売出しに関するお知らせ,https://www.release.tdnet.info/inbs/140120260127538928.pdf,False,,japanese,,東名,
2026-01-27 15:30:00,2026-01-27,44790,Ｇ－マクアケ,2026年９月期 第１四半期決算短信〔日本基準〕（非連結）,https://www.release.tdnet.info/inbs/140120260116534875.pdf,True,,japanese,,東,https://www.release.tdnet.info/inbs/081220260116534875.zip
2026-01-27 15:30:00,2026-01-27,44790,Ｇ－マクアケ,2026年９月期 第１四半期 決算説明会資料,https://www.release.tdnet.info/inbs/140120260116534890.pdf,False,,japanese,,東,
2026-01-27 15:30:00,2026-01-27,44980,Ｇ－サイバートラスト,2026年３月期 第３四半期決算短信〔日本基準〕（連結）,https://www.release.tdnet.info/inbs/140120260126538757.pdf,True,,japanese,,東,https://www.release.tdnet.info/inbs/081220260126538757.zip
2026-01-27 15:30:00,2026-01-27,44980,Ｇ－サイバートラスト,2026年３月期 第３四半期 決算説明資料,https://www.release.tdnet.info/inbs/140120260126538758.pdf,False,,japanese,,東,
2026-01-27 15:30:00,2026-01-27,46270,ナトコ,当社の従業員に対する譲渡制限付株式としての自己株式処分に関するお知らせ,https://www.release.tdnet.info/inbs/140120260127539359.pdf,False,,japanese,,東,
2026-01-27 15:30:00,2026-01-27,50270,Ｇ－ＡｎｙＭｉｎｄ,当社連結子会社による株式会社MISMの全株式の取得（連結子会社化）に関するお知らせ,https://www.release.tdnet.info/inbs/140120260127539405.pdf,False,,japanese,,東,
2026-01-27 15:30:00,2026-01-27,55320,Ｇ－リアルゲイト,2026年9月期 第1四半期決算短信〔日本基準〕（非連結）,https://www.release.tdnet.info/inbs/140120260127539012.pdf,True,,japanese,,東,https://www.release.tdnet.info/inbs/081220260127539012.zip
2026-01-27 15:30:00,2026-01-27,55320,Ｇ－リアルゲイト,2026年9月期 第1四半期決算説明資料,https://www.release.tdnet.info/inbs/140120260127539007.pdf,False,,japanese,,東,
2026-01-27 15:30:00,2026-01-27,57040,Ｇ－ＪＭＣ,特別損失（減損損失）の計上および業績予想の修正に関するお知らせ,https://www.release.tdnet.info/inbs/140120260120536307.pdf,True,,japanese,,東,https://www.release.tdnet.info/inbs/091220260120536307.zip
2026-01-27 15:30:00,2026-01-27,63370,テセック,2026年3月期 第3四半期決算短信〔日本基準〕(連結),https://www.release.tdnet.info/inbs/140120260127539293.pdf,True,,japanese,,東,https://www.release.tdnet.info/inbs/081220260127539293.zip
2026-01-27 15:30:00,2026-01-27,63370,テセック,投資有価証券売却益（特別利益）の計上および業績予想の修正に関するお知らせ,https://www.release.tdnet.info/inbs/140120260127539188.pdf,False,,japanese,,東,
2026-01-27 15:30:00,2026-01-27,63370,テセック,自己株式取得に係る事項の決定に関するお知らせ （会社法第459条第１項の規定による定款の定めに基づく自己株式の取得）,https://www.release.tdnet.info/inbs/140120260127539043.pdf,False,,japanese,,東,
2026-01-27 15:30:00,2026-01-27,67700,アルプスアルパイン,資本業務提携解消・業務提携へ移行のお知らせ,https://www.release.tdnet.info/inbs/140120260120536301.pdf,False,,japanese,,東,
2026-01-27 15:30:00,2026-01-27,67850,鈴木,2026年６月期通期連結業績予想および配当予想の修正に関するお知らせ,https://www.release.tdnet.info/inbs/140120260126538186.pdf,True,,japanese,,東,https://www.release.tdnet.info/inbs/091220260126538186.zip
2026-01-27 15:30:00,2026-01-27,68440,新電元,キャリアデザインサポートの実施について,https://www.release.tdnet.info/inbs/140120260126538430.pdf,False,,japanese,,東,
2026-01-27 15:30:00,2026-01-27,68440,新電元,役員の異動に関するお知らせ,https://www.release.tdnet.info/inbs/140120260126538419.pdf,False,,japanese,,東,
2026-01-27 15:30:00,2026-01-27,70560,Ｐ－マルク,臨時株主総会招集のための基準日設定及びTOKYO PRO Marketにおける当社株式の上場廃止申請に関するお知らせ,https://www.release.tdnet.info/inbs/140120260126538075.pdf,False,,japanese,,東,
2026-01-27 15:30:00,2026-01-27,72770,ＴＢＫ,役員人事に関するお知らせ,https://www.release.tdnet.info/inbs/140120260127538851.pdf,False,,japanese,,東,
2026-01-27 15:30:00,2026-01-27,72870,日本精機,資本業務提携解消・業務提携への移行のお知らせ,https://www.release.tdnet.info/inbs/140120260126538089.pdf,False,,japanese,,東,
2026-01-27 15:30:00,2026-01-27,78040,ビーアンドピー,支配株主等に関する事項について,https://www.release.tdnet.info/inbs/140120260119535661.pdf,False,,japanese,,東,
2026-01-27 15:30:00,2026-01-27,78040,ビーアンドピー,取締役会の実効性に関する評価結果の概要について,https://www.release.tdnet.info/inbs/140120260119535665.pdf,False,,japanese,,東,
2026-01-27 15:30:00,2026-01-27,78940,丸東産,久光製薬株式会社 株式公開買付けへの応募及び特別利益の計上（見込）に関するお知らせ,https://www.release.tdnet.info/inbs/140120260127539247.pdf,False,,japanese,,福,
2026-01-27 15:30:00,2026-01-27,82180,コメリ,2026年３月期 第３四半期決算短信〔日本基準〕(連結),https://www.release.tdnet.info/inbs/140120260127539294.pdf,True,,japanese,,東,https://www.release.tdnet.info/inbs/081220260127539294.zip
2026-01-27 15:30:00,2026-01-27,82180,コメリ,2026年３月期 第３四半期決算補足資料,https://www.release.tdnet.info/inbs/140120260127539300.pdf,False,,japanese,,東,
2026-01-27 15:30:00,2026-01-27,82180,コメリ,2026年３月期 第３四半期決算説明資料,https://www.release.tdnet.info/inbs/140120260127539305.pdf,False,,japanese,,東,
2026-01-27 15:30:00,2026-01-27,89670,Ｒ－ニホンロジ,資金の借入に関するお知らせ,https://www.release.tdnet.info/inbs/140120260127539067.pdf,False,,japanese,,東,
2026-01-27 15:30:00,2026-01-27,89720,Ｒ－ＫＤＸ不動産,資金の借入れに関するお知らせ（シリーズ0043、0044、0045）,https://www.release.tdnet.info/inbs/140120260127539140.pdf,False,,japanese,,東,
2026-01-27 15:30:00,2026-01-27,92670,ゲンキードラッグ,2026年6月期 1月度月次営業速報,https://www.release.tdnet.info/inbs/140120260123537363.pdf,False,,japanese,,東,
2026-01-27 15:30:00,2026-01-27,92670,ゲンキードラッグ,2026年6月期 第2四半期（中間期）決算短信〔日本基準〕（連結）,https://www.release.tdnet.info/inbs/140120260126538360.pdf,True,,japanese,,東,https://www.release.tdnet.info/inbs/081220260126538360.zip
2026-01-27 15:30:00,2026-01-27,92670,ゲンキードラッグ,2026年6月期 第2四半期(中間期)決算説明資料,https://www.release.tdnet.info/inbs/140120260126538408.pdf,False,,japanese,,東,
2026-01-27 15:30:00,2026-01-27,92670,ゲンキードラッグ,2026年6月期 第2四半期(中間期)説明補足資料,https://www.release.tdnet.info/inbs/140120260126538411.pdf,False,,japanese,,東,
2026-01-27 15:30:00,2026-01-27,93340,Ｐ－アイビスＨＤ,（訂正）「2025年10月期 決算短信〔日本基準〕（連結）」の一部訂正について,https://www.release.tdnet.info/inbs/140120260127539143.pdf,False,,japanese,,東福,
2026-01-27 15:30:00,2026-01-27,94680,ＫＡＤＯＫＡＷＡ,学校法人設立に向けた営業外費用（寄付金）の計上（予定）に関するお知らせ,https://www.release.tdnet.info/inbs/140120260120536174.pdf,False,,japanese,,東,
2026-01-27 15:30:00,2026-01-27,94780,ＳＥ　Ｈ＆Ｉ,2026年３月期第３四半期決算短信〔日本基準〕(連結),https://www.release.tdnet.info/inbs/140120260126538291.pdf,True,,japanese,,東,https://www.release.tdnet.info/inbs/081220260126538291.zip
2026-01-27 15:30:00,2026-01-27,94780,ＳＥ　Ｈ＆Ｉ,配当予想の修正（増配）に関するお知らせ,https://www.release.tdnet.info/inbs/140120260126538313.pdf,False,,japanese,,東,
2026-01-27 15:30:00,2026-01-27,94780,ＳＥ　Ｈ＆Ｉ,自己株式取得に係る事項の決定及び自己株式の消却に関するお知らせ,https://www.release.tdnet.info/inbs/140120260126538303.pdf,False,,japanese,,東,
2026-01-27 15:30:00,2026-01-27,95540,Ｇ－ＡＶｉＣ,株式会社Spicaの株式の取得（子会社化）に関するお知らせ,https://www.release.tdnet.info/inbs/140120260126538069.pdf,False,,japanese,,東,
2026-01-27 15:30:00,2026-01-27,95540,Ｇ－ＡＶｉＣ,財務上の特約が付された金銭消費貸借契約の締結について,https://www.release.tdnet.info/inbs/140120260127538972.pdf,False,,japanese,,東,
2026-01-27 15:30:00,2026-01-27,97820,ディーエムエス,2026年3月期第3四半期決算短信〔日本基準〕（非連結）,https://www.release.tdnet.info/inbs/140120260116535157.pdf,True,,japanese,,東,https://www.release.tdnet.info/inbs/081220260116535157.zip
2026-01-27 15:30:00,2026-01-27,97820,ディーエムエス,2026年3月期第3四半期決算説明資料,https://www.release.tdnet.info/inbs/140120260121536549.pdf,False,,japanese,,東,
2026-01-27 15:00:00,2026-01-27,14470,Ｇ－ＳＡＡＦＨＤ,連結子会社における一部事業譲渡に関するお知らせ,https://www.release.tdnet.info/inbs/140120260127539098.pdf,False,,japanese,,東,
2026-01-27 15:00:00,2026-01-27,15420,純銀信託,「純銀上場信託（現物国内保管型）」の信託契約変更のお知らせ,https://www.release.tdnet.info/inbs/140120260127539208.pdf,False,,japanese,,東,
2026-01-27 15:00:00,2026-01-27,39470,ダイナパック,従業員持株会を通じた譲渡制限付株式付与のための第三者割当による自己株式の処分の払込完了及び一部失権に関するお知らせ,https://www.release.tdnet.info/inbs/140120260126538802.pdf,False,,japanese,,東名,
2026-01-27 15:00:00,2026-01-27,59790,カネソウ,業績予想の修正に関するお知らせ,https://www.release.tdnet.info/inbs/140120260127539072.pdf,True,,japanese,,名,https://www.release.tdnet.info/inbs/091220260127539072.zip
2026-01-27 15:00:00,2026-01-27,79500,デコラックス,2026年３月期　第３四半期決算短信〔日本基準〕（非連結）,https://www.release.tdnet.info/inbs/140120260116534919.pdf,True,,japanese,,名,https://www.release.tdnet.info/inbs/081220260116534919.zip
2026-01-27 15:00:00,2026-01-27,80780,阪和興,代表取締役の異動に関するお知らせ,https://www.release.tdnet.info/inbs/140120260126538600.pdf,False,,japanese,,東,
2026-01-27 15:00:00,2026-01-27,87470,豊トラスティ証券,連結総資産の増加に関するお知らせ,https://www.release.tdnet.info/inbs/140120260127538939.pdf,False,,japanese,,東,
2026-01-27 14:30:00,2026-01-27,49730,高純度化,（訂正・数値データ訂正）「2026年３月期　第３四半期決算短信〔日本基準〕（非連結）」の一部訂正について,https://www.release.tdnet.info/inbs/140120260127539281.pdf,True,,japanese,,東,https://www.release.tdnet.info/inbs/081220260127539281.zip
2026-01-27 14:30:00,2026-01-27,52320,住友大阪,特別損失の計上に関するお知らせ,https://www.release.tdnet.info/inbs/140120260127538962.pdf,False,,japanese,,東,
2026-01-27 14:00:00,2026-01-27,83880,阿波銀,配当予想の修正（創業１３０周年記念配当）に関するお知らせ,https://www.release.tdnet.info/inbs/140120260123537415.pdf,True,,japanese,,東,https://www.release.tdnet.info/inbs/091220260123537415.zip
2026-01-27 14:00:00,2026-01-27,83880,阿波銀,自己株式取得に係る事項の決定に関するお知らせ,https://www.release.tdnet.info/inbs/140120260123537499.pdf,False,,japanese,,東,
2026-01-27 14:00:00,2026-01-27,85220,名古屋銀,2026年3月期第3四半期末の有価証券含み損に関するお知らせ,https://www.release.tdnet.info/inbs/140120260126538147.pdf,False,,japanese,,東名,
2026-01-27 14:00:00,2026-01-27,87140,池田泉州,2026年３月期　第３四半期決算短信[日本基準](連結),https://www.release.tdnet.info/inbs/140120260126538532.pdf,True,,japanese,,東,https://www.release.tdnet.info/inbs/081220260126538532.zip
2026-01-27 14:00:00,2026-01-27,87140,池田泉州,2026年３月期第３四半期末の有価証券含み損に関するお知らせ,https://www.release.tdnet.info/inbs/140120260126538540.pdf,False,,japanese,,東,
2026-01-27 14:00:00,2026-01-27,92410,Ｇ－ＦＬＮ,2026年8月期第1四半期決算説明会　書き起こし,https://www.release.tdnet.info/inbs/140120260127539219.pdf,False,,japanese,,東,
2026-01-27 13:30:00,2026-01-27,67980,ＳＭＫ,2026年３月期第３四半期決算短信〔日本基準〕(連結),https://www.release.tdnet.info/inbs/140120260126538375.pdf,True,,japanese,,東,https://www.release.tdnet.info/inbs/081220260126538375.zip
2026-01-27 13:30:00,2026-01-27,67980,ＳＭＫ,営業外収益（為替差益）の計上に関するお知らせ,https://www.release.tdnet.info/inbs/140120260126538158.pdf,False,,japanese,,東,
2026-01-27 13:30:00,2026-01-27,67980,ＳＭＫ,2026年３月期 第３四半期 決算説明資料,https://www.release.tdnet.info/inbs/140120260126538376.pdf,False,,japanese,,東,
2026-01-27 13:30:00,2026-01-27,91930,東汽船,（開示事項の経過）固定資産の譲渡及び特別利益の計上に関するお知らせ,https://www.release.tdnet.info/inbs/140120260126538730.pdf,False,,japanese,,東,
2026-01-27 13:30:00,2026-01-27,96430,中日興,代表取締役の異動（社長交代）に関するお知らせ,https://www.release.tdnet.info/inbs/140120260127539233.pdf,False,,japanese,,名,
2026-01-27 13:00:00,2026-01-27,19510,エクシオグループ,自己株式の取得状況及び取得終了に関するお知らせ,https://www.release.tdnet.info/inbs/140120260127539052.pdf,False,,japanese,,東,
2026-01-27 13:00:00,2026-01-27,57210,エス・サイエンス,株主優待制度の導入についてのお知らせ,https://www.release.tdnet.info/inbs/140120260127539069.pdf,False,,japanese,,東,
2026-01-27 13:00:00,2026-01-27,73800,十六ＦＧ,特定子会社の異動に関するお知らせ,https://www.release.tdnet.info/inbs/140120260126538572.pdf,False,,japanese,,東名,
2026-01-27 13:00:00,2026-01-27,76460,ＰＬＡＮＴ,2026年９月期 第１四半期決算短信〔日本基準〕（非連結）,https://www.release.tdnet.info/inbs/140120260112532010.pdf,True,,japanese,,東,https://www.release.tdnet.info/inbs/081220260112532010.zip
2026-01-27 13:00:00,2026-01-27,96910,両毛システム,2026年３月期第３四半期決算短信〔日本基準〕(連結),https://www.release.tdnet.info/inbs/140120260127538853.pdf,True,,japanese,,東,https://www.release.tdnet.info/inbs/081220260127538853.zip
2026-01-27 13:00:00,2026-01-27,96910,両毛システム,2026年３月期通期連結業績予想の修正に関するお知らせ,https://www.release.tdnet.info/inbs/140120260127538854.pdf,True,,japanese,,東,https://www.release.tdnet.info/inbs/091220260127538854.zip
2026-01-27 12:40:00,2026-01-27,45560,カイノス,2026年３月期　第３四半期決算短信〔日本基準〕（非連結）,https://www.release.tdnet.info/inbs/140120260123537561.pdf,True,,japanese,,東,https://www.release.tdnet.info/inbs/081220260123537561.zip
2026-01-27 12:30:00,2026-01-27,32450,ディア・ライフ,収益不動産の取得に関するお知らせ,https://www.release.tdnet.info/inbs/140120260127539036.pdf,False,,japanese,,東,
2026-01-27 12:30:00,2026-01-27,37760,ＢＢタワー,剰余金の配当（増配）に関するお知らせ,https://www.release.tdnet.info/inbs/140120260127539107.pdf,False,,japanese,,東,
2026-01-27 12:30:00,2026-01-27,65740,Ｇ－コンヴァノ,自己株式の取得状況及び取得終了に関するお知らせ,https://www.release.tdnet.info/inbs/140120260127539010.pdf,False,,japanese,,東,
2026-01-27 11:45:00,2026-01-27,13264,Ｅ－ワールド,SPDRゴールド・シェアに関する日々の開示事項,https://www.release.tdnet.info/inbs/140120260127539078.pdf,False,,japanese,,東,
2026-01-27 11:40:00,2026-01-27,13494,Ｅ－ＳＳＧＡ－ＳＩＮ,アジア国債・公債ＥＴＦ（正式名称：ＡＢＦ汎アジア債券インデックス・ファンド）に関する日々の開示事項,https://www.release.tdnet.info/inbs/140120260127539083.pdf,False,,japanese,,東,
2026-01-27 11:35:00,2026-01-27,15574,Ｅ－ＳＳＧＡＴＣ,State Street SPDR S&P500 ETFに関する日々の開示事項,https://www.release.tdnet.info/inbs/140120260127539068.pdf,False,,japanese,,東,
2026-01-27 11:30:00,2026-01-27,20704,Ｎ－三菱ＵＦＪ証ＨＤ,上場ETN（発行者：三菱UFJ証券ホールディングス株式会社）に関する日々の開示事項,https://www.release.tdnet.info/inbs/140120260127539022.pdf,False,,japanese,,東,
2026-01-27 11:30:00,2026-01-27,24990,日本和装,株主提案に関する書面受領のお知らせ,https://www.release.tdnet.info/inbs/140120260127539034.pdf,False,,japanese,,東,
2026-01-27 11:30:00,2026-01-27,63120,フロイント,当社株式の上場廃止のお知らせ,https://www.release.tdnet.info/inbs/140120260127538935.pdf,False,,japanese,,,
2026-01-27 11:15:00,2026-01-27,30830,スターシーズ,（訂正）販売用不動産（系統用蓄電所の土地及び設備）並びに電力接続権の売却に関するお知らせ,https://www.release.tdnet.info/inbs/140120260127539066.pdf,False,,japanese,,東,
2026-01-27 11:00:00,2026-01-27,23450,クシム,調査者からの調査報告書（最終報告）の受領について,https://www.release.tdnet.info/inbs/140120260127539025.pdf,False,,japanese,,東,
2026-01-27 11:00:00,2026-01-27,23450,クシム,調査者からの調査報告書（最終報告）を受けた当社の方針について,https://www.release.tdnet.info/inbs/140120260127539027.pdf,False,,japanese,,東,
2026-01-27 11:00:00,2026-01-27,72500,太平洋工,株式会社ＣＯＲＥによる太平洋工業株式会社（証券コード：7250）の株券等に対する公開買付けの結果に関するお知らせ,https://www.release.tdnet.info/inbs/140120260126538832.pdf,False,,japanese,,東名,
2026-01-27 11:00:00,2026-01-27,72500,太平洋工,株式会社ＣＯＲＥによる当社株券等に対する公開買付けの結果並びに親会社及び主要株主である筆頭株主の異動に関するお知らせ,https://www.release.tdnet.info/inbs/140120260126538831.pdf,False,,japanese,,東名,
2026-01-27 10:40:00,2026-01-27,15624,Ｅ－三井住友ＤＳＡＭ,上場ＥＴＦ（管理会社：三井住友DSアセットマネジメント）に関する日々の開示事項,https://www.release.tdnet.info/inbs/140120260127538976.pdf,False,,japanese,,東,
2026-01-27 10:10:00,2026-01-27,82270,しまむら,自己株式立会外買付取引（ToSTNeT-3）による 自己株式の取得結果及び取得終了に関するお知らせ,https://www.release.tdnet.info/inbs/140120260127538945.pdf,False,,japanese,,東,
2026-01-27 10:00:00,2026-01-27,16714,Ｅ－シンプレクス,上場ＥＴＦ(管理会社：シンプレクス・アセット・マネジメント)に関する日々の開示事項,https://www.release.tdnet.info/inbs/140120260127538898.pdf,False,,japanese,,東,
2026-01-27 09:40:00,2026-01-27,13294,Ｅ－ブラックロック,上場ETF（管理会社：ブラックロック・ジャパン）に関する日々の開示事項,https://www.release.tdnet.info/inbs/140120260127538896.pdf,False,,japanese,,東,
2026-01-27 09:30:00,2026-01-27,16724,Ｅ－ＷｉｓｄｏｍＴｒ,上場ETF（管理会社：WisdomTree、外国投資法人：MSL）に関する日々の開示事項,https://www.release.tdnet.info/inbs/140120260127538877.pdf,False,,japanese,,東,
2026-01-27 09:30:00,2026-01-27,16724,Ｅ－ＷｉｓｄｏｍＴｒ,上場ETF（管理会社：WisdomTree、外国投資法人：CSL）に関する日々の開示事項,https://www.release.tdnet.info/inbs/140120260127538879.pdf,False,,japanese,,東,
2026-01-27 09:20:00,2026-01-27,81900,ヤマナカ,（訂正・数値データ訂正）「2026年3月期 第3四半期決算短信〔日本基準〕（連結）」 の一部訂正について,https://www.release.tdnet.info/inbs/140120260127538909.pdf,True,,japanese,,名,https://www.release.tdnet.info/inbs/081220260127538909.zip
2026-01-27 09:00:00,2026-01-27,76990,Ｇ－ＯＰＳ,半期報告書の提出期限延長に関する書面の提出のお知らせ,https://www.release.tdnet.info/inbs/140120260127538837.pdf,False,,japanese,,東,
2026-01-27 08:50:00,2026-01-27,13190,ＮＦ日経３００,「NEXT FUNDS 日経300株価指数連動型上場投信」基準価額と市場価格の重要な乖離に関するお知らせ,https://www.release.tdnet.info/inbs/140120260127538863.pdf,False,,japanese,,東名札福,
2026-01-27 08:50:00,2026-01-27,30700,Ｇ－ジェリービーンズ,新たな事業の開始に関するお知らせ,https://www.release.tdnet.info/inbs/140120260126538466.pdf,False,,japanese,,東,
2026-01-27 08:50:00,2026-01-27,30700,Ｇ－ジェリービーンズ,補足資料  新たな事業の開始に関するお知らせ,https://www.release.tdnet.info/inbs/140120260126538473.pdf,False,,japanese,,東,
2026-01-27 08:30:00,2026-01-27,23340,Ｇ－イオレ,（開示事項の経過）レンディングサービス「らくらくちょコイン」個人向け事前登録における運用資産希望額20億円突破及びサービス提供開始に関するお知らせ,https://www.release.tdnet.info/inbs/140120260126538642.pdf,False,,japanese,,東,
2026-01-28 18:30:00,2026-01-28,66540,不二電機工業,取締役の辞任に関するお知らせ,https://www.release.tdnet.info/inbs/140120260128540161.pdf,False,,japanese,,東,
2026-01-28 18:00:00,2026-01-28,23910,プラネット,自己株式の取得及び自己株式立会外買付取引（ToSTNeT-3）による自己株式の買付けに関するお知らせ,https://www.release.tdnet.info/inbs/140120260128540471.pdf,False,,japanese,,東,
2026-01-28 18:00:00,2026-01-28,31890,ＡＮＡＰ,（訂正）「財務報告に係る内部統制の開示すべき重要な不備及び第三者的調査の実施に関するお知らせ」の一部訂正について,https://www.release.tdnet.info/inbs/140120260122537282.pdf,False,,japanese,,東,
2026-01-28 18:00:00,2026-01-28,32820,Ｒ－コンフォリア,金利スワップ契約締結に関するお知らせ,https://www.release.tdnet.info/inbs/140120260128539935.pdf,False,,japanese,,東,
2026-01-28 18:00:00,2026-01-28,32820,Ｒ－コンフォリア,資金の借入れ(金利決定)に関するお知らせ,https://www.release.tdnet.info/inbs/140120260128539927.pdf,False,,japanese,,東,
2026-01-28 18:00:00,2026-01-28,61810,Ｇ－タメニー,代表取締役の異動及び取締役の異動（辞任）に関するお知らせ,https://www.release.tdnet.info/inbs/140120260128539960.pdf,False,,japanese,,東,
2026-01-28 18:00:00,2026-01-28,76460,ＰＬＡＮＴ,株式会社ＰＬＡＮＴ（証券コード7646）に対する公開買付けに準ずる行為として政令で定める買集め行為に関するお知らせ,https://www.release.tdnet.info/inbs/140120260122537158.pdf,False,,japanese,,東,
2026-01-28 17:30:00,2026-01-28,55960,Ｇ－アウトルック,マネーフォワードコンサルティング株式会社による当社株券等に係る株式等売渡請求を行うことの決定、承認及び当社株式の上場廃止に関するお知らせ,https://www.release.tdnet.info/inbs/140120260126538214.pdf,False,,japanese,,東,
2026-01-28 17:30:00,2026-01-28,65210,Ｇ－オキサイド,通期連結業績予想の修正に関するお知らせ,https://www.release.tdnet.info/inbs/140120260127539628.pdf,True,,japanese,,東,https://www.release.tdnet.info/inbs/091220260127539628.zip
2026-01-28 17:30:00,2026-01-28,65210,Ｇ－オキサイド,連結子会社の異動（株式譲渡）及び特別損失の計上に関するお知らせ,https://www.release.tdnet.info/inbs/140120260128539752.pdf,False,,japanese,,東,
2026-01-28 17:30:00,2026-01-28,65210,Ｇ－オキサイド,通期業績予想の修正及び連結子会社の異動（株式譲渡）に関する補足説明について,https://www.release.tdnet.info/inbs/140120260128539795.pdf,False,,japanese,,東,
2026-01-28 17:30:00,2026-01-28,89850,Ｒ－ＪＨＲ,金利スワップ契約締結に関するお知らせ,https://www.release.tdnet.info/inbs/140120260127539169.pdf,False,,japanese,,東,
2026-01-28 17:20:00,2026-01-28,67750,ＴＢグループ,当社連結子会社事業の一部譲渡及び特別利益の計上に関するお知らせ,https://www.release.tdnet.info/inbs/140120260128540594.pdf,False,,japanese,,東,
2026-01-28 17:00:00,2026-01-28,25850,ライフドリンクＣ,新会社設立のお知らせ,https://www.release.tdnet.info/inbs/140120260128540027.pdf,False,,japanese,,東,
2026-01-28 17:00:00,2026-01-28,31950,Ｇ－ジェネパ,事業計画及び成長可能性に関する事項（中期経営計画の進捗）,https://www.release.tdnet.info/inbs/140120260128540351.pdf,False,,japanese,,東,
2026-01-28 17:00:00,2026-01-28,40150,Ｇ－ペイクラウドＨＤ,2025年12月 月次業績報告,https://www.release.tdnet.info/inbs/140120260128539764.pdf,False,,japanese,,東,
2026-01-28 17:00:00,2026-01-28,45520,ＪＣＲファーマ,2026年3月期  第3四半期決算短信〔日本基準〕（連結）,https://www.release.tdnet.info/inbs/140120260128540006.pdf,True,,japanese,,東,https://www.release.tdnet.info/inbs/081220260128540006.zip
2026-01-28 17:00:00,2026-01-28,45520,ＪＣＲファーマ,通期連結業績予想の修正に関するお知らせ,https://www.release.tdnet.info/inbs/140120260128539999.pdf,False,,japanese,,東,
2026-01-28 17:00:00,2026-01-28,45520,ＪＣＲファーマ,2026年3月期 第3四半期 決算説明会 プレゼンテーション資料,https://www.release.tdnet.info/inbs/140120260128540272.pdf,False,,japanese,,東,
2026-01-28 17:00:00,2026-01-28,45520,ＪＣＲファーマ,特別利益（助成金収入）計上のお知らせ,https://www.release.tdnet.info/inbs/140120260128540262.pdf,False,,japanese,,東,
2026-01-28 17:00:00,2026-01-28,73880,ＦＰパートナー,取締役候補者及び監査役候補者の選任に関するお知らせ,https://www.release.tdnet.info/inbs/140120260128540134.pdf,False,,japanese,,東,
2026-01-28 17:00:00,2026-01-28,73880,ＦＰパートナー,剰余金の配当に関するお知らせ,https://www.release.tdnet.info/inbs/140120260128539979.pdf,False,,japanese,,東,
2026-01-28 17:00:00,2026-01-28,76800,Ｐ－軽自動車館,支配株主等に関する事項について,https://www.release.tdnet.info/inbs/140120260128539776.pdf,False,,japanese,,東,
2026-01-28 17:00:00,2026-01-28,92790,ギフトＨＤ,譲渡制限付株式報酬としての新株式の発行に関するお知らせ,https://www.release.tdnet.info/inbs/140120260128540172.pdf,False,,japanese,,東,
2026-01-28 17:00:00,2026-01-28,93260,Ｇ－関通,吸収分割の効力発生日変更に関するお知らせ,https://www.release.tdnet.info/inbs/140120260128540376.pdf,False,,japanese,,東,
2026-01-28 16:46:00,2026-01-28,47770,ガーラ,公認会計士等の異動に関するお知らせ,https://www.release.tdnet.info/inbs/140120260127539396.pdf,False,,japanese,,東,
2026-01-28 16:30:00,2026-01-28,32690,Ｒ－ＡＤＲ,資金の借入れ（金利決定）及び金利スワップ契約締結に関するお知らせ,https://www.release.tdnet.info/inbs/140120260128540345.pdf,False,,japanese,,東,
2026-01-28 16:30:00,2026-01-28,43620,日本精化,2026年３月期 第３四半期決算短信〔日本基準〕（連結）,https://www.release.tdnet.info/inbs/140120260128539945.pdf,True,,japanese,,東,https://www.release.tdnet.info/inbs/081220260128539945.zip
2026-01-28 16:30:00,2026-01-28,52790,日本興業,2026年3月期　第3四半期決算短信[日本基準]（連結）,https://www.release.tdnet.info/inbs/140120260115534714.pdf,True,,japanese,,東,https://www.release.tdnet.info/inbs/081220260115534714.zip
2026-01-28 16:30:00,2026-01-28,54510,ヨドコウ,連結子会社の持分譲渡に向けた基本合意書締結に関するお知らせ,https://www.release.tdnet.info/inbs/140120260127539552.pdf,False,,japanese,,東,
2026-01-28 16:30:00,2026-01-28,62350,オプトラン,役員の異動に関するお知らせ,https://www.release.tdnet.info/inbs/140120260128540485.pdf,False,,japanese,,東,
2026-01-28 16:30:00,2026-01-28,65630,Ｇ－みらいワークス,業績連動型株式報酬としての自己株式の処分に関するお知らせ,https://www.release.tdnet.info/inbs/140120260123537932.pdf,False,,japanese,,東,
2026-01-28 16:30:00,2026-01-28,71820,ゆうちょ銀行,ゆうちょアセットマネジメント株式会社の発足に関するお知らせ,https://www.release.tdnet.info/inbs/140120260123537838.pdf,False,,japanese,,東,
2026-01-28 16:30:00,2026-01-28,72730,イクヨ,譲渡制限付株式報酬としての自己株式の処分に関するお知らせ,https://www.release.tdnet.info/inbs/140120260128540450.pdf,False,,japanese,,東,
2026-01-28 16:30:00,2026-01-28,72730,イクヨ,サステナブル・ラボ株式会社の第三者割当増資引受に関するお知らせ,https://www.release.tdnet.info/inbs/140120260128540454.pdf,False,,japanese,,東,
2026-01-28 16:30:00,2026-01-28,72990,フジオーゼ,連結子会社間の吸収合併（簡易合併）に関するお知らせ,https://www.release.tdnet.info/inbs/140120260128540029.pdf,False,,japanese,,東,
2026-01-28 16:30:00,2026-01-28,72990,フジオーゼ,2026年３月期第３四半期決算短信〔日本基準〕(連結),https://www.release.tdnet.info/inbs/140120260128540402.pdf,True,,japanese,,東,https://www.release.tdnet.info/inbs/081220260128540402.zip
2026-01-28 16:30:00,2026-01-28,72990,フジオーゼ,連結子会社の吸収合併（簡易合併・略式合併）に関するお知らせ,https://www.release.tdnet.info/inbs/140120260128540035.pdf,False,,japanese,,東,
2026-01-28 16:30:00,2026-01-28,72990,フジオーゼ,業績予想の修正に関するお知らせ,https://www.release.tdnet.info/inbs/140120260128540409.pdf,False,,japanese,,東,
2026-01-28 16:30:00,2026-01-28,72990,フジオーゼ,自己株式の取得および自己株式立会外買付取引（ToSTNeT-3）による自己株式の買付けに関するお知らせ,https://www.release.tdnet.info/inbs/140120260128540499.pdf,False,,japanese,,東,
2026-01-28 16:30:00,2026-01-28,79230,トーイン,（訂正）「ＣＳＲＩ５号株式会社による当社普通株式に対する公開買付けに係る賛同の意見表明及び応募の推奨に関するお知らせ」の一部訂正に関するお知らせ,https://www.release.tdnet.info/inbs/140120260128540079.pdf,False,,japanese,,東,
2026-01-28 16:30:00,2026-01-28,79230,トーイン,（訂正）「ＣＳＲＩ５号株式会社によるトーイン株式会社(証券コード:7923)の普通株式に対する公開買付けの開始に関するお知らせ」の訂正に関するお知らせ,https://www.release.tdnet.info/inbs/140120260128540088.pdf,False,,japanese,,東,
2026-01-28 16:15:00,2026-01-28,27210,ＪＨＤ,第三者割当による第10回新株予約権（行使価額修正条項付）、第11回新株予約権の発行並びに新株予約権の買取契約の締結に関するお知らせ,https://www.release.tdnet.info/inbs/140120260128539939.pdf,False,,japanese,,東,
2026-01-28 16:15:00,2026-01-28,27210,ＪＨＤ,資本業務提携に関するお知らせ,https://www.release.tdnet.info/inbs/140120260128539920.pdf,False,,japanese,,東,
2026-01-28 16:15:00,2026-01-28,65730,Ｇ－ＣＲＡＶＩＡ,営業外費用（暗号資産評価損）の計上に関するお知らせ,https://www.release.tdnet.info/inbs/140120260128540492.pdf,False,,japanese,,東,
2026-01-28 16:00:00,2026-01-28,18470,イチケン,代表取締役の異動に関するお知らせ,https://www.release.tdnet.info/inbs/140120260127539231.pdf,False,,japanese,,東,
2026-01-28 16:00:00,2026-01-28,18470,イチケン,株式分割及び株式分割に伴う定款の一部変更に関するお知らせ,https://www.release.tdnet.info/inbs/140120260127539235.pdf,False,,japanese,,東,
2026-01-28 16:00:00,2026-01-28,30770,ホリイフード,剰余金の処分及び定款一部変更に関するお知らせ,https://www.release.tdnet.info/inbs/140120260128540352.pdf,False,,japanese,,東,
2026-01-28 16:00:00,2026-01-28,30770,ホリイフード,監査役の異動に関するお知らせ,https://www.release.tdnet.info/inbs/140120260128540361.pdf,False,,japanese,,東,
2026-01-28 16:00:00,2026-01-28,36530,Ｇ－モルフォ,事業計画及び成長可能性に関する事項,https://www.release.tdnet.info/inbs/140120260128540463.pdf,False,,japanese,,東,
2026-01-28 16:00:00,2026-01-28,39670,Ｇ－エルテス,2026年２月期 第３四半期 決算FAQ,https://www.release.tdnet.info/inbs/140120260128540095.pdf,False,,japanese,,東,
2026-01-28 16:00:00,2026-01-28,43660,ダイトーケミックス,2026年３月期　第３四半期決算短信〔日本基準〕（連結）,https://www.release.tdnet.info/inbs/140120260109531544.pdf,True,,japanese,,東,https://www.release.tdnet.info/inbs/081220260109531544.zip
2026-01-28 16:00:00,2026-01-28,43660,ダイトーケミックス,2026年３月期　第３四半期決算説明資料,https://www.release.tdnet.info/inbs/140120260109531557.pdf,False,,japanese,,東,
2026-01-28 16:00:00,2026-01-28,44410,トビラシステムズ,取締役等に対する譲渡制限付株式としての自己株式処分に関するお知らせ,https://www.release.tdnet.info/inbs/140120260128540342.pdf,False,,japanese,,東,
2026-01-28 16:00:00,2026-01-28,50180,ＭＯＲＥＳＣＯ,業績予想および配当予想の修正（増配）に関するお知らせ,https://www.release.tdnet.info/inbs/140120260128539814.pdf,True,,japanese,,東,https://www.release.tdnet.info/inbs/091220260128539814.zip
2026-01-28 16:00:00,2026-01-28,58560,エルアイイーエイチ,連結子会社の異動（株式譲渡）及び旅行事業廃止に関するお知らせ,https://www.release.tdnet.info/inbs/140120260127539210.pdf,False,,japanese,,東,
2026-01-28 16:00:00,2026-01-28,60130,タクマ,連結子会社間の吸収合併に関するお知らせ,https://www.release.tdnet.info/inbs/140120260127539584.pdf,False,,japanese,,東,
2026-01-28 16:00:00,2026-01-28,60600,こころネット,2026年３月期 第３四半期決算短信〔日本基準〕（連結）,https://www.release.tdnet.info/inbs/140120260128539738.pdf,True,,japanese,,東,https://www.release.tdnet.info/inbs/081220260128539738.zip
2026-01-28 16:00:00,2026-01-28,60600,こころネット,当社株式の上場廃止に関するお知らせ,https://www.release.tdnet.info/inbs/140120260128539781.pdf,False,,japanese,,東,
2026-01-28 16:00:00,2026-01-28,65250,ＫＯＫＵＳＡＩ,2026年４月１日付執行役員体制について,https://www.release.tdnet.info/inbs/140120260128540199.pdf,False,,japanese,,東,
2026-01-28 16:00:00,2026-01-28,69420,ソフィアＨＤ,（開示事項の変更）当社連結孫会社による事業譲受に関するお知らせ,https://www.release.tdnet.info/inbs/140120260128539671.pdf,False,,japanese,,東,
2026-01-28 16:00:00,2026-01-28,72780,エクセディ,2026年３月期 第３四半期決算短信〔ＩＦＲＳ〕（連結）,https://www.release.tdnet.info/inbs/140120260123537387.pdf,True,,japanese,,東,https://www.release.tdnet.info/inbs/081220260123537387.zip
2026-01-28 16:00:00,2026-01-28,72780,エクセディ,通期連結業績予想の修正に関するお知らせ,https://www.release.tdnet.info/inbs/140120260123537749.pdf,True,,japanese,,東,https://www.release.tdnet.info/inbs/091220260123537749.zip
2026-01-28 16:00:00,2026-01-28,72780,エクセディ,2026年３月期　第３四半期決算 補足資料,https://www.release.tdnet.info/inbs/140120260126538365.pdf,False,,japanese,,東,
2026-01-28 16:00:00,2026-01-28,72780,エクセディ,指名委員会等設置会社への移行および役員の異動に関するお知らせ,https://www.release.tdnet.info/inbs/140120260123537758.pdf,False,,japanese,,東,
2026-01-28 16:00:00,2026-01-28,74770,ムラキ,2026年３月期　第３四半期決算短信〔日本基準〕（連結）,https://www.release.tdnet.info/inbs/140120260128540215.pdf,True,,japanese,,東,https://www.release.tdnet.info/inbs/081220260128540215.zip
2026-01-28 16:00:00,2026-01-28,77690,リズム,連結子会社間の合併に関するお知らせ,https://www.release.tdnet.info/inbs/140120260128539867.pdf,False,,japanese,,東,
2026-01-28 16:00:00,2026-01-28,89210,Ｐ－シーズクリエイト,販売用不動産仕入に伴う資金の借入に関するお知らせ,https://www.release.tdnet.info/inbs/140120260128539881.pdf,False,,japanese,,東,
2026-01-28 16:00:00,2026-01-28,89610,Ｒ－森トラスト,資金の借入れに関するお知らせ,https://www.release.tdnet.info/inbs/140120260128540281.pdf,False,,japanese,,東,
2026-01-28 16:00:00,2026-01-28,97150,トランスコスモス,当社子会社（応用技術株式会社）の通期業績予想および配当予想の修正に関するお知らせ,https://www.release.tdnet.info/inbs/140120260127539388.pdf,False,,japanese,,東,
2026-01-28 15:40:00,2026-01-28,53330,日本ガイシ,従業員持株会向け譲渡制限付株式インセンティブとしての自己株式の処分の払込完了及び一部失権に関するお知らせ,https://www.release.tdnet.info/inbs/140120260107530352.pdf,False,,japanese,,東名,
2026-01-28 15:31:00,2026-01-28,71770,ＧＭＯＦＨＤ,2025年12月期連結決算速報に関するお知らせ,https://www.release.tdnet.info/inbs/140120260128540337.pdf,True,,japanese,,東,https://www.release.tdnet.info/inbs/091220260128540337.zip
2026-01-28 15:31:00,2026-01-28,71770,ＧＭＯＦＨＤ,2025年12月の月次業績（速報）に関するお知らせ,https://www.release.tdnet.info/inbs/140120260128540324.pdf,False,,japanese,,東,
2026-01-28 15:30:00,2026-01-28,23710,カカクコム,取締役の逝去及び退任に関するお知らせ,https://www.release.tdnet.info/inbs/140120260128540167.pdf,False,,japanese,,東,
2026-01-28 15:30:00,2026-01-28,24990,日本和装,通期連結業績予想の修正に関するお知らせ,https://www.release.tdnet.info/inbs/140120260127539574.pdf,True,,japanese,,東,https://www.release.tdnet.info/inbs/091220260127539574.zip
2026-01-28 15:30:00,2026-01-28,26780,アスクル,2026年5月期第2四半期（中間期）決算短信〔日本基準〕(連結),https://www.release.tdnet.info/inbs/140120260128540237.pdf,True,,japanese,,東,https://www.release.tdnet.info/inbs/081220260128540237.zip
2026-01-28 15:30:00,2026-01-28,26780,アスクル,「2026年5月期 第2四半期決算概要」のお知らせ,https://www.release.tdnet.info/inbs/140120260128540255.pdf,False,,japanese,,東,
2026-01-28 15:30:00,2026-01-28,26780,アスクル,ランサムウェア攻撃によるシステム障害に伴う特別損失の計上、通期連結業績予想の取り下げ、中間配当・期末配当予想の修正および役員報酬の減額に関するお知らせ,https://www.release.tdnet.info/inbs/140120260128540267.pdf,False,,japanese,,東,
2026-01-28 15:30:00,2026-01-28,26780,アスクル,2026年5月期_1月度月次業績のお知らせ,https://www.release.tdnet.info/inbs/140120260128540335.pdf,False,,japanese,,東,
2026-01-28 15:30:00,2026-01-28,29300,北の達人,株式会社Live Commerce Japanへの出資に関するお知らせ,https://www.release.tdnet.info/inbs/140120260128539732.pdf,False,,japanese,,東札,
2026-01-28 15:30:00,2026-01-28,32310,野村不ＨＤ,2026年３月期 第３四半期決算短信〔日本基準〕（連結）,https://www.release.tdnet.info/inbs/140120260128539825.pdf,True,,japanese,,東,https://www.release.tdnet.info/inbs/081220260128539825.zip
2026-01-28 15:30:00,2026-01-28,32310,野村不ＨＤ,配当予想の修正に関するお知らせ,https://www.release.tdnet.info/inbs/140120260128539833.pdf,False,,japanese,,東,
2026-01-28 15:30:00,2026-01-28,32490,Ｒ－産業ファ,資金の借入（借換）に関するお知らせ,https://www.release.tdnet.info/inbs/140120260128540373.pdf,False,,japanese,,東,
2026-01-28 15:30:00,2026-01-28,34650,ケイアイスター不動産,財務上の特約が付されたシンジケートローン契約締結に関するお知らせ,https://www.release.tdnet.info/inbs/140120260128539886.pdf,False,,japanese,,東,
2026-01-28 15:30:00,2026-01-28,34880,Ｒ－セントラル,資金の借入れに関するお知らせ,https://www.release.tdnet.info/inbs/140120260128539990.pdf,False,,japanese,,東,
2026-01-28 15:30:00,2026-01-28,36490,ファインデックス,新任取締役候補者の選任に関するお知らせ,https://www.release.tdnet.info/inbs/140120260128540427.pdf,False,,japanese,,東,
2026-01-28 15:30:00,2026-01-28,36970,ＳＨＩＦＴ,自己株式の取得結果および取得終了に関するお知らせ（会社法第165条第２項の規定による定款の定めに基づく自己株式の取得）,https://www.release.tdnet.info/inbs/140120260128540132.pdf,False,,japanese,,東,
2026-01-28 15:30:00,2026-01-28,38500,ＮＴＴＤＩＭ,業績予想の修正に関するお知らせ,https://www.release.tdnet.info/inbs/140120260127539121.pdf,True,,japanese,,東,https://www.release.tdnet.info/inbs/091220260127539121.zip
2026-01-28 15:30:00,2026-01-28,38500,ＮＴＴＤＩＭ,2026年3月期第3四半期決算短信〔日本基準〕（連結）,https://www.release.tdnet.info/inbs/140120260126538082.pdf,True,,japanese,,東,https://www.release.tdnet.info/inbs/081220260126538082.zip
2026-01-28 15:30:00,2026-01-28,39690,エイトレッド,2026年３月期  第３四半期決算短信〔日本基準〕（非連結）,https://www.release.tdnet.info/inbs/140120260121536719.pdf,True,,japanese,,東,https://www.release.tdnet.info/inbs/081220260121536719.zip
2026-01-28 15:30:00,2026-01-28,43560,応用技術,通期業績予想および配当予想の修正に関するお知らせ,https://www.release.tdnet.info/inbs/140120260115534675.pdf,True,,japanese,,東,https://www.release.tdnet.info/inbs/091220260115534675.zip
2026-01-28 15:30:00,2026-01-28,44340,サーバーワークス,自己株式取得に係る事項の一部変更に関するお知らせ,https://www.release.tdnet.info/inbs/140120260128540187.pdf,False,,japanese,,東,
2026-01-28 15:30:00,2026-01-28,45880,Ｇ－オンコリスバイオ,腫瘍溶解ウイルスOBP-301に関する先駆け総合評価相談の終了のお知らせ,https://www.release.tdnet.info/inbs/140120260128539908.pdf,False,,japanese,,東,
2026-01-28 15:30:00,2026-01-28,46230,アサヒペン,保土ヶ谷電子販売株式会社ならびに同社グループ3社株式の取得（子会社化）に関するお知らせ,https://www.release.tdnet.info/inbs/140120260120536182.pdf,False,,japanese,,東,
2026-01-28 15:30:00,2026-01-28,47760,ＣＹＢＯＺＵ,2025年12月度　月次売上高推移のお知らせ,https://www.release.tdnet.info/inbs/140120260126538404.pdf,False,,japanese,,東,
2026-01-28 15:30:00,2026-01-28,48320,ＪＦＥ－ＳＩ,2026年３月期　第３四半期決算短信〔日本基準〕(連結),https://www.release.tdnet.info/inbs/140120260126538647.pdf,True,,japanese,,東,https://www.release.tdnet.info/inbs/081220260126538647.zip
2026-01-28 15:30:00,2026-01-28,48320,ＪＦＥ－ＳＩ,2026年3月期 第3四半期決算概況,https://www.release.tdnet.info/inbs/140120260128540067.pdf,False,,japanese,,東,
2026-01-28 15:30:00,2026-01-28,48400,トライアイズ,（開示事項の経過）控訴の提起に関するお知らせ,https://www.release.tdnet.info/inbs/140120260128540025.pdf,False,,japanese,,東,
2026-01-28 15:30:00,2026-01-28,48800,セルソース,東京証券取引所スタンダード市場への市場区分変更申請に関するお知らせ,https://www.release.tdnet.info/inbs/140120260127539652.pdf,False,,japanese,,東,
2026-01-28 15:30:00,2026-01-28,48800,セルソース,上場維持基準への適合に向けた計画（改善期間入り）について,https://www.release.tdnet.info/inbs/140120260127539655.pdf,False,,japanese,,東,
2026-01-28 15:30:00,2026-01-28,49170,マンダム,業績予想の修正に関するお知らせ,https://www.release.tdnet.info/inbs/140120260127539430.pdf,True,,japanese,,東,https://www.release.tdnet.info/inbs/091220260127539430.zip
2026-01-28 15:30:00,2026-01-28,49170,マンダム,（変更）カロンHDによる公開買付届出書の訂正届出書の提出に伴う「カロンHDによるマンダムの株券等に対する公開買付けの開始に関するお知らせ」の変更のお知らせ,https://www.release.tdnet.info/inbs/140120260127539306.pdf,False,,japanese,,東,
2026-01-28 15:30:00,2026-01-28,51910,住友理工,当社株式の上場廃止のお知らせ,https://www.release.tdnet.info/inbs/140120260127539529.pdf,False,,japanese,,東名,
2026-01-28 15:30:00,2026-01-28,53930,ニチアス,自己株式の取得状況および取得終了に関するお知らせ,https://www.release.tdnet.info/inbs/140120260128539974.pdf,False,,japanese,,東,
2026-01-28 15:30:00,2026-01-28,54760,高周波,当社株式の上場廃止に関するお知らせ,https://www.release.tdnet.info/inbs/140120260126538591.pdf,False,,japanese,,東,
2026-01-28 15:30:00,2026-01-28,55740,Ｇ－ＡＢＥＪＡ,アンリアレイジと共同開発推進に関する契約締結のお知らせ,https://www.release.tdnet.info/inbs/140120260128540331.pdf,False,,japanese,,東,
2026-01-28 15:30:00,2026-01-28,59110,横河ブＨＤ,自己株式の取得状況および取得終了に関するお知らせ,https://www.release.tdnet.info/inbs/140120260128540328.pdf,False,,japanese,,東,
2026-01-28 15:30:00,2026-01-28,60420,ニッキ,業績予想の修正に関するお知らせ,https://www.release.tdnet.info/inbs/140120260123537945.pdf,True,,japanese,,東,https://www.release.tdnet.info/inbs/091220260123537945.zip
2026-01-28 15:30:00,2026-01-28,62000,インソース,当社代表取締役執行役員社長 舟橋 孝之 による当社株式取得に関するお知らせ,https://www.release.tdnet.info/inbs/140120260128540265.pdf,False,,japanese,,東,
2026-01-28 15:30:00,2026-01-28,63710,椿本チエイン,株式交換による１株に満たない端数の処理に伴う自己株式の買取りに関するお知らせ,https://www.release.tdnet.info/inbs/140120260127539142.pdf,False,,japanese,,東,
2026-01-28 15:30:00,2026-01-28,65940,ニデック,「改善計画・状況報告書」の公表に関するお知らせ,https://www.release.tdnet.info/inbs/140120260128540347.pdf,False,,japanese,,東,
2026-01-28 15:30:00,2026-01-28,65940,ニデック,2026年３月期第３四半期決算短信の開示が四半期末後45日を超えることに関するお知らせ,https://www.release.tdnet.info/inbs/140120260128540350.pdf,False,,japanese,,東,
2026-01-28 15:30:00,2026-01-28,65940,ニデック,新組織「Culture Transformation Lab」設立のお知らせ,https://www.release.tdnet.info/inbs/140120260128540353.pdf,False,,japanese,,東,
2026-01-28 15:30:00,2026-01-28,65940,ニデック,機構改革および役員等の異動に関するお知らせ,https://www.release.tdnet.info/inbs/140120260128540357.pdf,False,,japanese,,東,
2026-01-28 15:30:00,2026-01-28,68070,航空電子,2026年３月期第３四半期決算短信〔日本基準〕(連結),https://www.release.tdnet.info/inbs/140120260128540078.pdf,True,,japanese,,東,https://www.release.tdnet.info/inbs/081220260128540078.zip
2026-01-28 15:30:00,2026-01-28,68570,アドバンテス,2026年3月期 第3四半期決算短信〔IFRS〕(連結),https://www.release.tdnet.info/inbs/140120260128539835.pdf,True,,japanese,,東,https://www.release.tdnet.info/inbs/081220260128539835.zip
2026-01-28 15:30:00,2026-01-28,68570,アドバンテス,通期連結業績予想の修正に関するお知らせ,https://www.release.tdnet.info/inbs/140120260126538787.pdf,False,,japanese,,東,
2026-01-28 15:30:00,2026-01-28,68570,アドバンテス,事後交付型譲渡制限付株式ユニット制度に基づく自己株式の処分に関するお知らせ,https://www.release.tdnet.info/inbs/140120260126538791.pdf,False,,japanese,,東,
2026-01-28 15:30:00,2026-01-28,68570,アドバンテス,自己株式の消却に関するお知らせ,https://www.release.tdnet.info/inbs/140120260126538795.pdf,False,,japanese,,東,
2026-01-28 15:30:00,2026-01-28,68570,アドバンテス,2025年度第3四半期決算説明会資料,https://www.release.tdnet.info/inbs/140120260128539844.pdf,False,,japanese,,東,
2026-01-28 15:30:00,2026-01-28,68620,ミナトＨＤ,株式会社ブレインの株式取得（子会社化）に関するお知らせ,https://www.release.tdnet.info/inbs/140120260128540121.pdf,False,,japanese,,東,
2026-01-28 15:30:00,2026-01-28,68620,ミナトＨＤ,完全子会社間の合併に関するお知らせ,https://www.release.tdnet.info/inbs/140120260128540130.pdf,False,,japanese,,東,
2026-01-28 15:30:00,2026-01-28,69550,ＦＤＫ,2026年３月期 第３四半期決算短信〔日本基準〕（連結）,https://www.release.tdnet.info/inbs/140120260123537678.pdf,True,,japanese,,東,https://www.release.tdnet.info/inbs/081220260123537678.zip
2026-01-28 15:30:00,2026-01-28,69550,ＦＤＫ,2026年３月期 第３四半期連結累計期間決算説明資料,https://www.release.tdnet.info/inbs/140120260123537753.pdf,False,,japanese,,東,
2026-01-28 15:30:00,2026-01-28,69990,ＫＯＡ,2026年３月期 第３四半期決算短信〔日本基準〕(連結),https://www.release.tdnet.info/inbs/140120260127539348.pdf,True,,japanese,,東名,https://www.release.tdnet.info/inbs/081220260127539348.zip
2026-01-28 15:30:00,2026-01-28,69990,ＫＯＡ,2026年３月期通期連結業績予想の修正に関するお知らせ,https://www.release.tdnet.info/inbs/140120260127539355.pdf,False,,japanese,,東名,
2026-01-28 15:30:00,2026-01-28,69990,ＫＯＡ,2026年３月期 第３四半期決算補足資料,https://www.release.tdnet.info/inbs/140120260121536666.pdf,False,,japanese,,東名,
2026-01-28 15:30:00,2026-01-28,73840,プロクレアＨＤ,2026年３月期第３四半期末の有価証券含み損に関するお知らせ,https://www.release.tdnet.info/inbs/140120260127539382.pdf,False,,japanese,,東,
2026-01-28 15:30:00,2026-01-28,74220,東邦レマック,特別損失の計上及び業績予想の修正に関するお知らせ,https://www.release.tdnet.info/inbs/140120260128539690.pdf,True,,japanese,,東,https://www.release.tdnet.info/inbs/091220260128539690.zip
2026-01-28 15:30:00,2026-01-28,76730,ダイコー通産,2026年5月期　第2四半期決算説明会資料,https://www.release.tdnet.info/inbs/140120260126538734.pdf,False,,japanese,,東,
2026-01-28 15:30:00,2026-01-28,77180,スター精密,株式併合並びに単元株式数の定めの廃止及び定款の一部変更に関する臨時株主総会開催のお知らせ,https://www.release.tdnet.info/inbs/140120260127539351.pdf,False,,japanese,,東,
2026-01-28 15:30:00,2026-01-28,77180,スター精密,自己株式の消却に関するお知らせ,https://www.release.tdnet.info/inbs/140120260127539357.pdf,False,,japanese,,東,
2026-01-28 15:30:00,2026-01-28,77330,オリンパス,執行役の異動に関するお知らせ,https://www.release.tdnet.info/inbs/140120260116534897.pdf,False,,japanese,,東,
2026-01-28 15:30:00,2026-01-28,77390,キヤノン電子,2025年12月期　決算短信〔日本基準〕(連結),https://www.release.tdnet.info/inbs/140120260123537950.pdf,True,,japanese,,東,https://www.release.tdnet.info/inbs/081220260123537950.zip
2026-01-28 15:30:00,2026-01-28,78310,ウイルコＨＤ,課徴金についての審判手続き開始決定に対する答弁書の提出について,https://www.release.tdnet.info/inbs/140120260128540303.pdf,False,,japanese,,東,
2026-01-28 15:30:00,2026-01-28,78560,萩原工業,（訂正・数値データ訂正）「2025年10月期 決算短信〔日本基準〕（連結）」の一部訂正に関するお知らせ,https://www.release.tdnet.info/inbs/140120260128539978.pdf,True,,japanese,,東,https://www.release.tdnet.info/inbs/081220260128539978.zip
2026-01-28 15:30:00,2026-01-28,80600,キヤノンＭＪ,2025年12月期　決算短信[日本基準]（連結）,https://www.release.tdnet.info/inbs/140120260122537344.pdf,True,,japanese,,東,https://www.release.tdnet.info/inbs/081220260122537344.zip
2026-01-28 15:30:00,2026-01-28,80600,キヤノンＭＪ,剰余金の配当に関するお知らせ,https://www.release.tdnet.info/inbs/140120260122537345.pdf,False,,japanese,,東,
2026-01-28 15:30:00,2026-01-28,80600,キヤノンＭＪ,自己株式取得に係る事項の決定に関するお知らせ,https://www.release.tdnet.info/inbs/140120260122537348.pdf,False,,japanese,,東,
2026-01-28 15:30:00,2026-01-28,80600,キヤノンＭＪ,株式分割に関するお知らせ,https://www.release.tdnet.info/inbs/140120260122537349.pdf,False,,japanese,,東,
2026-01-28 15:30:00,2026-01-28,80600,キヤノンＭＪ,2025年度決算説明資料,https://www.release.tdnet.info/inbs/140120260122537346.pdf,False,,japanese,,東,
2026-01-28 15:30:00,2026-01-28,80600,キヤノンＭＪ,2026-2030長期経営構想及び2026-2028中期経営計画資料,https://www.release.tdnet.info/inbs/140120260122537347.pdf,False,,japanese,,東,
2026-01-28 15:30:00,2026-01-28,81520,ソマール,非上場の親会社等の決算情報について,https://www.release.tdnet.info/inbs/140120260128539802.pdf,False,,japanese,,東,
2026-01-28 15:30:00,2026-01-28,89530,Ｒ－都市ファンド,資金の借入（金利決定）に関するお知らせ,https://www.release.tdnet.info/inbs/140120260128540397.pdf,False,,japanese,,東,
2026-01-28 15:30:00,2026-01-28,89570,Ｒ－東急ＲＥ,長期借入金の借入れ（グリーンローン）及び返済に関するお知らせ,https://www.release.tdnet.info/inbs/140120260128539796.pdf,False,,japanese,,東,
2026-01-28 15:30:00,2026-01-28,89720,Ｒ－ＫＤＸ不動産,資金の借入れ（金利決定）に関するお知らせ（シリーズ0044）,https://www.release.tdnet.info/inbs/140120260128540396.pdf,False,,japanese,,東,
2026-01-28 15:30:00,2026-01-28,89840,Ｒ－ハウスリート,自己投資口の消却に係る事項の決定に関するお知らせ,https://www.release.tdnet.info/inbs/140120260128539868.pdf,False,,japanese,,東,
2026-01-28 15:30:00,2026-01-28,89870,Ｒ－エクセレント,コミットメントラインの設定に関するお知らせ,https://www.release.tdnet.info/inbs/140120260128539780.pdf,False,,japanese,,東,
2026-01-28 15:30:00,2026-01-28,90050,東急,「株主優待制度」の拡充に関するお知らせ,https://www.release.tdnet.info/inbs/140120260127539495.pdf,False,,japanese,,東,
2026-01-28 15:30:00,2026-01-28,95010,東電力ＨＤ,会社分割（簡易吸収分割）に関するお知らせ,https://www.release.tdnet.info/inbs/140120260128539706.pdf,False,,japanese,,東,
2026-01-28 15:30:00,2026-01-28,95510,メタウォーター,2026年3月期第3四半期決算短信〔日本基準〕（連結）,https://www.release.tdnet.info/inbs/140120260127539366.pdf,True,,japanese,,東,https://www.release.tdnet.info/inbs/081220260127539366.zip
2026-01-28 15:30:00,2026-01-28,95510,メタウォーター,2026年3月期第3四半期決算説明資料,https://www.release.tdnet.info/inbs/140120260127539458.pdf,False,,japanese,,東,
2026-01-28 15:30:00,2026-01-28,96030,Ｈ．Ｉ．Ｓ．,新任執行役員および執行役員の委嘱変更のお知らせ,https://www.release.tdnet.info/inbs/140120260128540286.pdf,False,,japanese,,東,
2026-01-28 15:30:00,2026-01-28,96030,Ｈ．Ｉ．Ｓ．,譲渡制限付株式報酬としての自己株式の処分に関するお知らせ,https://www.release.tdnet.info/inbs/140120260128539989.pdf,False,,japanese,,東,
2026-01-28 15:30:00,2026-01-28,96980,クレオ,2026年３月期 第３四半期決算補足説明資料,https://www.release.tdnet.info/inbs/140120260128540136.pdf,False,,japanese,,東,
2026-01-28 15:30:00,2026-01-28,96980,クレオ,2026年３月期 第３四半期決算短信〔日本基準〕（連結）,https://www.release.tdnet.info/inbs/140120260128540117.pdf,True,,japanese,,東,https://www.release.tdnet.info/inbs/081220260128540117.zip
2026-01-28 15:30:00,2026-01-28,97330,ナガセ,2026年３月期 第３四半期決算短信〔日本基準〕（連結）,https://www.release.tdnet.info/inbs/140120260126538574.pdf,True,,japanese,,東,https://www.release.tdnet.info/inbs/081220260126538574.zip
2026-01-28 15:30:00,2026-01-28,98780,セキド,第三者割当により発行された第18回新株予約権（行使価額修正条項及び行使停止条項付）の停止指定の決定に関するお知らせ,https://www.release.tdnet.info/inbs/140120260128540068.pdf,False,,japanese,,東,
2026-01-28 15:00:00,2026-01-28,17230,日本電技,2026年３月期 第３四半期決算短信〔日本基準〕（連結）,https://www.release.tdnet.info/inbs/140120260127539496.pdf,True,,japanese,,東,https://www.release.tdnet.info/inbs/081220260127539496.zip
2026-01-28 15:00:00,2026-01-28,17230,日本電技,業績予想及び配当予想の修正（増配）に関するお知らせ,https://www.release.tdnet.info/inbs/140120260126538724.pdf,False,,japanese,,東,
2026-01-28 15:00:00,2026-01-28,17230,日本電技,株式分割及び定款の一部変更に関するお知らせ,https://www.release.tdnet.info/inbs/140120260126538800.pdf,False,,japanese,,東,
2026-01-28 15:00:00,2026-01-28,17230,日本電技,組織改正および取締役等の異動に関するお知らせ,https://www.release.tdnet.info/inbs/140120260126538746.pdf,False,,japanese,,東,
2026-01-28 15:00:00,2026-01-28,18130,不動テトラ,役員の処分に関するお知らせ,https://www.release.tdnet.info/inbs/140120260128540330.pdf,False,,japanese,,東,
2026-01-28 15:00:00,2026-01-28,18500,南海辰村建設,役員の業務分担変更に関するお知らせ,https://www.release.tdnet.info/inbs/140120260116534793.pdf,False,,japanese,,東,
2026-01-28 15:00:00,2026-01-28,18500,南海辰村建設,2026年３月期 第３四半期　決算短信〔日本基準〕（連結）,https://www.release.tdnet.info/inbs/140120260123537831.pdf,True,,japanese,,東,https://www.release.tdnet.info/inbs/081220260123537831.zip
2026-01-28 15:00:00,2026-01-28,41130,田岡化学工業,2026年３月期第３四半期決算短信〔日本基準〕(連結),https://www.release.tdnet.info/inbs/140120260127538985.pdf,True,,japanese,,東,https://www.release.tdnet.info/inbs/081220260127538985.zip
2026-01-28 15:00:00,2026-01-28,41130,田岡化学工業,通期業績予想の修正に関するお知らせ,https://www.release.tdnet.info/inbs/140120260127538991.pdf,False,,japanese,,東,
2026-01-28 15:00:00,2026-01-28,44610,第一工業,2026年３月期 第３四半期決算短信〔日本基準〕（連結）,https://www.release.tdnet.info/inbs/140120260127538964.pdf,True,,japanese,,東,https://www.release.tdnet.info/inbs/081220260127538964.zip
2026-01-28 15:00:00,2026-01-28,44610,第一工業,2026年３月期通期連結業績予想の修正及び配当予想の修正に関するお知らせ,https://www.release.tdnet.info/inbs/140120260127539084.pdf,True,,japanese,,東,https://www.release.tdnet.info/inbs/091220260127539084.zip
2026-01-28 15:00:00,2026-01-28,46110,大日塗料,本店（本社）移転に関するお知らせ,https://www.release.tdnet.info/inbs/140120260128539879.pdf,False,,japanese,,東,
2026-01-28 15:00:00,2026-01-28,49960,クミアイ化,支配株主等に関する事項について,https://www.release.tdnet.info/inbs/140120260127538923.pdf,False,,japanese,,東,
2026-01-28 15:00:00,2026-01-28,83990,琉球銀,2026年３月期第３四半期末の有価証券含み損に関するお知らせ,https://www.release.tdnet.info/inbs/140120260128540061.pdf,False,,japanese,,東福,
2026-01-28 15:00:00,2026-01-28,87470,豊トラスティ証券,連結総資産の増加に関するお知らせ,https://www.release.tdnet.info/inbs/140120260128539676.pdf,False,,japanese,,東,
2026-01-28 15:00:00,2026-01-28,99140,植松商会,2026年３月期　第３四半期決算短信〔日本基準〕（非連結）,https://www.release.tdnet.info/inbs/140120260127539333.pdf,True,,japanese,,東名,https://www.release.tdnet.info/inbs/081220260127539333.zip
2026-01-28 15:00:00,2026-01-28,99140,植松商会,横浜営業所東京オフィス閉鎖に関するお知らせ,https://www.release.tdnet.info/inbs/140120260127539361.pdf,False,,japanese,,東名,
2026-01-28 14:30:00,2026-01-28,21200,ＬＩＦＵＬＬ,譲渡制限付株式報酬としての新株式の発行に関するお知らせ,https://www.release.tdnet.info/inbs/140120260128540209.pdf,False,,japanese,,東,
2026-01-28 14:30:00,2026-01-28,56590,日精線,2026年3月期 第3四半期決算短信[日本基準](連結),https://www.release.tdnet.info/inbs/140120260120536127.pdf,True,,japanese,,東,https://www.release.tdnet.info/inbs/081220260120536127.zip
2026-01-28 14:00:00,2026-01-28,32990,ムゲンエステート,業績予想及び配当予想の修正(増配)に関するお知らせ,https://www.release.tdnet.info/inbs/140120260126538324.pdf,True,,japanese,,東,https://www.release.tdnet.info/inbs/091220260126538324.zip
2026-01-28 14:00:00,2026-01-28,41020,丸尾カルシウム,設備投資に関するお知らせ,https://www.release.tdnet.info/inbs/140120260128539723.pdf,False,,japanese,,東,
2026-01-28 14:00:00,2026-01-28,41750,Ｇ－ｃｏｌｙ,非上場の親会社等の決算に関するお知らせ,https://www.release.tdnet.info/inbs/140120260128540104.pdf,False,,japanese,,東,
2026-01-28 14:00:00,2026-01-28,48320,ＪＦＥ－ＳＩ,代表取締役の異動に関するお知らせ,https://www.release.tdnet.info/inbs/140120260128540089.pdf,False,,japanese,,東,
2026-01-28 14:00:00,2026-01-28,54110,ＪＦＥ,代表取締役の異動について,https://www.release.tdnet.info/inbs/140120260128539772.pdf,False,,japanese,,東,
2026-01-28 14:00:00,2026-01-28,72650,エイケン工業,公益財団法人財務会計基準機構への加入状況及び加入に関する考え方等に関するお知らせ,https://www.release.tdnet.info/inbs/140120260128540110.pdf,False,,japanese,,東,
2026-01-28 14:00:00,2026-01-28,83430,秋田銀,2026年３月期　第３四半期決算短信〔日本基準〕（連結）,https://www.release.tdnet.info/inbs/140120260126538141.pdf,True,,japanese,,東,https://www.release.tdnet.info/inbs/081220260126538141.zip
2026-01-28 14:00:00,2026-01-28,83430,秋田銀,株主優待制度の導入に関するお知らせ,https://www.release.tdnet.info/inbs/140120260126538107.pdf,False,,japanese,,東,
2026-01-28 14:00:00,2026-01-28,86300,ＳＯＭＰＯＨＤ,（変更・訂正）ＳＯＭＰＯ　Ｌｉｇｈｔ　Ｖｏｒｔｅｘ株式会社による「株式会社農業総合研究所株券等に対する公開買付けの開始に関するお知らせ」の変更,https://www.release.tdnet.info/inbs/140120260127539631.pdf,False,,japanese,,東,
2026-01-28 14:00:00,2026-01-28,87080,アイザワ証Ｇ,2026年３月期　第３四半期決算短信〔日本基準〕（連結）,https://www.release.tdnet.info/inbs/140120260127539506.pdf,True,,japanese,,東,https://www.release.tdnet.info/inbs/081220260127539506.zip
2026-01-28 14:00:00,2026-01-28,87080,アイザワ証Ｇ,2026年３月期第３四半期　決算説明資料,https://www.release.tdnet.info/inbs/140120260127539469.pdf,False,,japanese,,東,
2026-01-28 14:00:00,2026-01-28,98180,大丸エナ,2026年３月期　第３四半期決算短信[日本基準]（連結）,https://www.release.tdnet.info/inbs/140120260127539488.pdf,True,,japanese,,東,https://www.release.tdnet.info/inbs/081220260127539488.zip
2026-01-28 13:00:00,2026-01-28,19300,北陸電工,2026年3月期 第3四半期決算短信〔日本基準〕(連結),https://www.release.tdnet.info/inbs/140120260119535675.pdf,True,,japanese,,東,https://www.release.tdnet.info/inbs/081220260119535675.zip
2026-01-28 13:00:00,2026-01-28,34590,Ｒ－サムティレジ,金利スワップ契約締結に関するお知らせ,https://www.release.tdnet.info/inbs/140120260128539703.pdf,False,,japanese,,東,
2026-01-28 13:00:00,2026-01-28,36490,ファインデックス,配当予想の修正（増配）関するお知らせ,https://www.release.tdnet.info/inbs/140120260128540143.pdf,True,,japanese,,東,https://www.release.tdnet.info/inbs/091220260128540143.zip
2026-01-28 13:00:00,2026-01-28,39740,ＳＣＡＴ,第58回定時株主総会決議に関するお知らせ,https://www.release.tdnet.info/inbs/140120260126538431.pdf,False,,japanese,,東名,
2026-01-28 13:00:00,2026-01-28,39740,ＳＣＡＴ,取締役選任及び役付取締役選定、並びに執行役員体制のお知らせ,https://www.release.tdnet.info/inbs/140120260126538464.pdf,False,,japanese,,東名,
2026-01-28 13:00:00,2026-01-28,43670,広栄化学,2026年３月期第３四半期決算短信〔日本基準〕(非連結),https://www.release.tdnet.info/inbs/140120260128539839.pdf,True,,japanese,,東,https://www.release.tdnet.info/inbs/081220260128539839.zip
2026-01-28 13:00:00,2026-01-28,80320,紙パル商,ニュージーランドにおける子会社増資（特定子会社化）に関するお知らせ,https://www.release.tdnet.info/inbs/140120260123537530.pdf,False,,japanese,,東,
2026-01-28 12:30:00,2026-01-28,32450,ディア・ライフ,収益不動産の取得に関するお知らせ,https://www.release.tdnet.info/inbs/140120260128539904.pdf,False,,japanese,,東,
2026-01-28 12:30:00,2026-01-28,35500,Ｇ－スタジオアタオ,株主優待制度の変更（拡充）に関するお知らせ,https://www.release.tdnet.info/inbs/140120260123537899.pdf,False,,japanese,,東,
2026-01-28 12:30:00,2026-01-28,39940,マネーフォワード,（訂正）特別利益（投資有価証券売却益）の計上見込みに関する知らせ,https://www.release.tdnet.info/inbs/140120260128540090.pdf,False,,japanese,,東,
2026-01-28 12:00:00,2026-01-28,63660,千代化建,業績予想および配当予想の修正に関するお知らせ,https://www.release.tdnet.info/inbs/140120260127539225.pdf,True,,japanese,,東,https://www.release.tdnet.info/inbs/091220260127539225.zip
2026-01-28 12:00:00,2026-01-28,63660,千代化建,Ａ種優先株式の償還方針に関する合意及び定款の一部変更に関するお知らせ,https://www.release.tdnet.info/inbs/140120260127539286.pdf,False,,japanese,,東,
2026-01-28 12:00:00,2026-01-28,80580,三菱商事,子会社の異動（特定子会社の除外）に関するお知らせ,https://www.release.tdnet.info/inbs/140120260128539856.pdf,False,,japanese,,東,
2026-01-28 12:00:00,2026-01-28,85950,ジャフコ　グループ,2026年３月期  第３四半期決算短信〔日本基準〕（非連結）,https://www.release.tdnet.info/inbs/140120260128539937.pdf,True,,japanese,,東,https://www.release.tdnet.info/inbs/081220260128539937.zip
2026-01-28 11:55:00,2026-01-28,13264,Ｅ－ワールド,SPDRゴールド・シェアに関する日々の開示事項,https://www.release.tdnet.info/inbs/140120260128540014.pdf,False,,japanese,,東,
2026-01-28 11:50:00,2026-01-28,13494,Ｅ－ＳＳＧＡ－ＳＩＮ,アジア国債・公債ＥＴＦ（正式名称：ＡＢＦ汎アジア債券インデックス・ファンド）に関する日々の開示事項,https://www.release.tdnet.info/inbs/140120260128540005.pdf,False,,japanese,,東,
2026-01-28 11:45:00,2026-01-28,15574,Ｅ－ＳＳＧＡＴＣ,State Street SPDR S&P500 ETFに関する日々の開示事項,https://www.release.tdnet.info/inbs/140120260128539997.pdf,False,,japanese,,東,
2026-01-28 11:40:00,2026-01-28,15624,Ｅ－三井住友ＤＳＡＭ,上場ＥＴＦ（管理会社：三井住友DSアセットマネジメント）に関する日々の開示事項,https://www.release.tdnet.info/inbs/140120260128539994.pdf,False,,japanese,,東,
2026-01-28 11:30:00,2026-01-28,20704,Ｎ－三菱ＵＦＪ証ＨＤ,上場ETN（発行者：三菱UFJ証券ホールディングス株式会社）に関する日々の開示事項,https://www.release.tdnet.info/inbs/140120260128539892.pdf,False,,japanese,,東,
2026-01-28 11:30:00,2026-01-28,71810,かんぽ生命保険,2026年3月期第3四半期末の有価証券含み損に関するお知らせ,https://www.release.tdnet.info/inbs/140120260127539058.pdf,False,,japanese,,東,
2026-01-28 11:30:00,2026-01-28,86280,松井証,2026年3月期第3四半期　決算短信〔日本基準〕（非連結）,https://www.release.tdnet.info/inbs/140120260127539291.pdf,True,,japanese,,東,https://www.release.tdnet.info/inbs/081220260127539291.zip
2026-01-28 11:30:00,2026-01-28,86280,松井証,2026年3月期第3四半期 決算報告資料,https://www.release.tdnet.info/inbs/140120260127539492.pdf,False,,japanese,,東,
2026-01-28 11:25:00,2026-01-28,87060,極東証券,2026年３月期 第３四半期決算短信〔日本基準〕（連結）,https://www.release.tdnet.info/inbs/140120260122537160.pdf,True,,japanese,,東,https://www.release.tdnet.info/inbs/081220260122537160.zip
2026-01-28 11:00:00,2026-01-28,55310,Ｐ－中山不動産,販売用不動産取得のお知らせ,https://www.release.tdnet.info/inbs/140120260128539820.pdf,False,,japanese,,東,
2026-01-28 11:00:00,2026-01-28,99320,杉本商事,2026年３月期第３四半期決算短信〔日本基準〕(連結),https://www.release.tdnet.info/inbs/140120260127539524.pdf,True,,japanese,,東,https://www.release.tdnet.info/inbs/081220260127539524.zip
2026-01-28 10:40:00,2026-01-28,61730,Ｇ－アクアライン,第三者割当により発行された第２回新株予約権（行使価額修正条項付） の大量行使に関するお知らせ,https://www.release.tdnet.info/inbs/140120260128539899.pdf,False,,japanese,,東,
2026-01-28 10:30:00,2026-01-28,72270,アスカ,定款一部変更に関するお知らせ,https://www.release.tdnet.info/inbs/140120260128539749.pdf,False,,japanese,,名,
2026-01-28 10:00:00,2026-01-28,16714,Ｅ－シンプレクス,上場ＥＴＦ(管理会社：シンプレクス・アセット・マネジメント)に関する日々の開示事項,https://www.release.tdnet.info/inbs/140120260128539765.pdf,False,,japanese,,東,
2026-01-28 10:00:00,2026-01-28,16724,Ｅ－ＷｉｓｄｏｍＴｒ,上場 ETF（管理会社：WisdomTree、外国投資法 人：CSL）に関する日々の開示事項,https://www.release.tdnet.info/inbs/140120260128539687.pdf,False,,japanese,,東,
2026-01-28 10:00:00,2026-01-28,16724,Ｅ－ＷｉｓｄｏｍＴｒ,上場 ETF（管理会社：WisdomTree、外国投資法 人：MSL）に関する日々の開示事項,https://www.release.tdnet.info/inbs/140120260128539689.pdf,False,,japanese,,東,
2026-01-28 10:00:00,2026-01-28,40190,Ｇ－スタメン,配当予想の修正に関するお知らせ,https://www.release.tdnet.info/inbs/140120260128539712.pdf,True,,japanese,,東,https://www.release.tdnet.info/inbs/091220260128539712.zip
2026-01-28 09:40:00,2026-01-28,13294,Ｅ－ブラックロック,上場ETF（管理会社：ブラックロック・ジャパン）に関する日々の開示事項,https://www.release.tdnet.info/inbs/140120260128539750.pdf,False,,japanese,,東,
2026-01-28 08:45:00,2026-01-28,80310,三井物産,オマーン国陸上油・ガス田事業権益の一部売却,https://www.release.tdnet.info/inbs/140120260127539565.pdf,False,,japanese,,東名札福,
2026-01-29 18:30:00,2026-01-29,96160,共立メンテ,組織改編および人事異動に関するお知らせ,https://www.release.tdnet.info/inbs/140120260129540871.pdf,False,,japanese,,東,
2026-01-29 18:00:00,2026-01-29,42860,ＣＬホールディングス,訴訟の判決に関するお知らせ,https://www.release.tdnet.info/inbs/140120260128540797.pdf,False,,japanese,,東,
2026-01-29 18:00:00,2026-01-29,63760,日機装,（経過事項の開示） タックス・ヘイブン対策税制に基づく更正処分に対する 東京高等裁判所の控訴審判決について,https://www.release.tdnet.info/inbs/140120260129541741.pdf,False,,japanese,,東,
2026-01-29 18:00:00,2026-01-29,88940,ＲＥＶＯＬＵＴＩＯＮ,財務報告に係る内部統制の開示すべき重要な不備に関するお知らせ,https://www.release.tdnet.info/inbs/140120260129541941.pdf,False,,japanese,,東,
2026-01-29 17:45:00,2026-01-29,33500,メタプラネット,第三者割当による新株式及び第 25 回新株予約権の発行に関するお知らせ,https://www.release.tdnet.info/inbs/140120260129542031.pdf,False,,japanese,,東,
2026-01-29 17:40:00,2026-01-29,61730,Ｇ－アクアライン,内部管理体制の整備及び運用状況等に関するお知らせ,https://www.release.tdnet.info/inbs/140120260129541962.pdf,False,,japanese,,東,
2026-01-29 17:35:00,2026-01-29,38030,Ｇ－イメージ情,資本業務提携契約の締結、第三者割当による新株式の発行、並びに主要株主、主要株主である筆頭株主及びその他の関係会社の異動に関するお知らせ,https://www.release.tdnet.info/inbs/140120260129542159.pdf,False,,japanese,,東,
2026-01-29 17:30:00,2026-01-29,36470,ジー・スリーＨＤ,連結子会社の商号変更に関するお知らせ,https://www.release.tdnet.info/inbs/140120260129542175.pdf,False,,japanese,,東,
2026-01-29 17:30:00,2026-01-29,39940,マネーフォワード,通期業績予想の修正に関するお知らせ,https://www.release.tdnet.info/inbs/140120260129542035.pdf,True,,japanese,,東,https://www.release.tdnet.info/inbs/091220260129542035.zip
2026-01-29 17:00:00,2026-01-29,21480,ＩＴＭ,マジセミ株式会社の株式の取得（子会社化）に関するお知らせ,https://www.release.tdnet.info/inbs/140120260129541193.pdf,False,,japanese,,東,
2026-01-29 17:00:00,2026-01-29,21480,ＩＴＭ,マジセミ株式会社の株式の取得（子会社化）に関するお知らせ 補足説明資料,https://www.release.tdnet.info/inbs/140120260129541228.pdf,False,,japanese,,東,
2026-01-29 17:00:00,2026-01-29,23450,クシム,（経過開示）金融庁による過年度のフィスココイン評価損失過少計上等に対する課徴金納付命令の決定にかかるお知らせ,https://www.release.tdnet.info/inbs/140120260129542049.pdf,False,,japanese,,東,
2026-01-29 17:00:00,2026-01-29,34190,アートグリーン,公益財団法人財務会計基準機構への加入状況及び加入に関する考え方等に関するお知らせ,https://www.release.tdnet.info/inbs/140120260128540565.pdf,False,,japanese,,名,
2026-01-29 17:00:00,2026-01-29,34190,アートグリーン,支配株主等に関する事項について,https://www.release.tdnet.info/inbs/140120260128540590.pdf,False,,japanese,,名,
2026-01-29 17:00:00,2026-01-29,41880,三菱ケミカルグループ,会社分割（簡易吸収分割）による事業等の承継に関するお知らせ,https://www.release.tdnet.info/inbs/140120260129540979.pdf,False,,japanese,,東,
2026-01-29 17:00:00,2026-01-29,45190,中外薬,2025年12月期決算短信〔ＩＦＲＳ〕（連結）,https://www.release.tdnet.info/inbs/140120260129540977.pdf,True,,japanese,,東,https://www.release.tdnet.info/inbs/081220260129540977.zip
2026-01-29 17:00:00,2026-01-29,45190,中外薬,2025年12月期連結決算〔IFRS〕補足資料,https://www.release.tdnet.info/inbs/140120260129541035.pdf,False,,japanese,,東,
2026-01-29 17:00:00,2026-01-29,45190,中外薬,剰余金の配当に関するお知らせ,https://www.release.tdnet.info/inbs/140120260129541047.pdf,False,,japanese,,東,
2026-01-29 17:00:00,2026-01-29,45190,中外薬,株式報酬制度の改定に関するお知らせ,https://www.release.tdnet.info/inbs/140120260129540982.pdf,False,,japanese,,東,
2026-01-29 17:00:00,2026-01-29,62090,リケンＮＰＲ,連結子会社の商号変更及び本店所在地変更に関するお知らせ,https://www.release.tdnet.info/inbs/140120260129542063.pdf,False,,japanese,,東,
2026-01-29 17:00:00,2026-01-29,63490,小森,人事異動に関するお知らせ,https://www.release.tdnet.info/inbs/140120260129541922.pdf,False,,japanese,,東,
2026-01-29 17:00:00,2026-01-29,79080,ＫＩＭＯＴＯ,2026年３月期第３四半期決算短信〔日本基準〕(連結),https://www.release.tdnet.info/inbs/140120260129541079.pdf,True,,japanese,,東,https://www.release.tdnet.info/inbs/081220260129541079.zip
2026-01-29 17:00:00,2026-01-29,79080,ＫＩＭＯＴＯ,2026年３月期 第３四半期 決算補足資料,https://www.release.tdnet.info/inbs/140120260129541103.pdf,False,,japanese,,東,
2026-01-29 17:00:00,2026-01-29,79080,ＫＩＭＯＴＯ,自己株式立会外買付取引（ToSTNeT-3）による自己株式の買付けに関するお知らせ,https://www.release.tdnet.info/inbs/140120260129541112.pdf,False,,japanese,,東,
2026-01-29 17:00:00,2026-01-29,92870,Ｉ－ＪＩＦ,資産運用会社における主要株主の異動の完了及び役員の異動に関するお知らせ,https://www.release.tdnet.info/inbs/140120260129541479.pdf,False,,japanese,,東,
2026-01-29 17:00:00,2026-01-29,95010,東電力ＨＤ,2025年度第3四半期決算説明資料,https://www.release.tdnet.info/inbs/140120260129541101.pdf,False,,japanese,,東,
2026-01-29 17:00:00,2026-01-29,95010,東電力ＨＤ,2026年３月期 第３四半期決算短信〔日本基準〕(連結),https://www.release.tdnet.info/inbs/140120260124537996.pdf,True,,japanese,,東,https://www.release.tdnet.info/inbs/081220260124537996.zip
2026-01-29 17:00:00,2026-01-29,95010,東電力ＨＤ,特別損失の計上に関するお知らせ,https://www.release.tdnet.info/inbs/140120260124537995.pdf,False,,japanese,,東,
2026-01-29 16:45:00,2026-01-29,61610,エスティック,主要株主である筆頭株主の異動に関するお知らせ,https://www.release.tdnet.info/inbs/140120260129541984.pdf,False,,japanese,,東,
2026-01-29 16:40:00,2026-01-29,80460,丸藤パイル,組織変更ならびに執行役員人事・主要人事に関するお知らせ,https://www.release.tdnet.info/inbs/140120260127539501.pdf,False,,japanese,,東,
2026-01-29 16:30:00,2026-01-29,18320,北海電工,2026年3月期　第3四半期決算短信〔日本基準〕（連結）,https://www.release.tdnet.info/inbs/140120260126538552.pdf,True,,japanese,,札,https://www.release.tdnet.info/inbs/081220260126538552.zip
2026-01-29 16:30:00,2026-01-29,18320,北海電工,「北海電工VISION100」及び「中期経営計画(2026-2030)」策定に関するお知らせ,https://www.release.tdnet.info/inbs/140120260129540981.pdf,False,,japanese,,札,
2026-01-29 16:30:00,2026-01-29,18320,北海電工,執行役員の委嘱業務の変更及び関連人事に関するお知らせ,https://www.release.tdnet.info/inbs/140120260129540958.pdf,False,,japanese,,札,
2026-01-29 16:30:00,2026-01-29,19340,ユアテック,2026年３月期 第３四半期決算短信〔日本基準〕（連結）,https://www.release.tdnet.info/inbs/140120260126538159.pdf,True,,japanese,,東,https://www.release.tdnet.info/inbs/081220260126538159.zip
2026-01-29 16:30:00,2026-01-29,19420,関電工,2026年3月期 第3四半期決算短信〔日本基準〕（連結）（公認会計士等による期中レビューの完了）,https://www.release.tdnet.info/inbs/140120260127539538.pdf,True,,japanese,,東,https://www.release.tdnet.info/inbs/081220260127539538.zip
2026-01-29 16:30:00,2026-01-29,19420,関電工,株式の売出しに関するお知らせ,https://www.release.tdnet.info/inbs/140120260129541243.pdf,False,,japanese,,東,
2026-01-29 16:30:00,2026-01-29,19420,関電工,自己株式取得に係る事項の決定に関するお知らせ（会社法第165条第２項の規定による定款の定めに基づく自己株式の取得）,https://www.release.tdnet.info/inbs/140120260129541253.pdf,False,,japanese,,東,
2026-01-29 16:30:00,2026-01-29,34700,Ｒ－マリモリート,資金の借入れに関するお知らせ,https://www.release.tdnet.info/inbs/140120260129541351.pdf,False,,japanese,,東,
2026-01-29 16:30:00,2026-01-29,34700,Ｒ－マリモリート,国内不動産信託受益権の取得に関するお知らせ,https://www.release.tdnet.info/inbs/140120260129541467.pdf,False,,japanese,,東,
2026-01-29 16:30:00,2026-01-29,38070,Ｇ－フィスコ,金融庁による課徴金納付命令の決定についてのお知らせ,https://www.release.tdnet.info/inbs/140120260129541929.pdf,False,,japanese,,東,
2026-01-29 16:30:00,2026-01-29,43470,ブロードメディア,エーブイアイ・ジャパン・オポチュニティ・トラスト・ピーエルシーによる当社株券に対する公開買付けの結果に関するお知らせ,https://www.release.tdnet.info/inbs/140120260129541627.pdf,False,,japanese,,東,
2026-01-29 16:30:00,2026-01-29,43730,シンプレクスＨＤ,自己株式立会外買付取引（ToSTNeT-3）による自己株式の買付に関するお知らせ,https://www.release.tdnet.info/inbs/140120260129541068.pdf,False,,japanese,,東,
2026-01-29 16:30:00,2026-01-29,45960,Ｇ－窪田製薬ＨＤ,上場維持基準への適合に関するお知らせ,https://www.release.tdnet.info/inbs/140120260129541482.pdf,False,,japanese,,東,
2026-01-29 16:30:00,2026-01-29,46610,ＯＬＣ,第三者割当による自己株式処分に係る引受けの一部取消しに関するお知らせ,https://www.release.tdnet.info/inbs/140120260129541350.pdf,False,,japanese,,東,
2026-01-29 16:30:00,2026-01-29,60230,ダイハツインフィ,2026年3月期 第3四半期決算短信〔日本基準〕（連結）,https://www.release.tdnet.info/inbs/140120260128540662.pdf,True,,japanese,,東,https://www.release.tdnet.info/inbs/081220260128540662.zip
2026-01-29 16:30:00,2026-01-29,60230,ダイハツインフィ,2026年3月期 第3四半期決算補足資料,https://www.release.tdnet.info/inbs/140120260128540690.pdf,False,,japanese,,東,
2026-01-29 16:30:00,2026-01-29,71480,ＦＰＧ,2026年9月期 第1四半期決算短信〔日本基準〕（連結）,https://www.release.tdnet.info/inbs/140120260128540284.pdf,True,,japanese,,東,https://www.release.tdnet.info/inbs/081220260128540284.zip
2026-01-29 16:30:00,2026-01-29,71480,ＦＰＧ,2026年9月期 第1四半期連結決算説明資料,https://www.release.tdnet.info/inbs/140120260129541060.pdf,False,,japanese,,東,
2026-01-29 16:30:00,2026-01-29,71850,ヒロセ通商,2026年３月期　第３四半期決算短信〔日本基準〕（連結）,https://www.release.tdnet.info/inbs/140120260128540486.pdf,True,,japanese,,東,https://www.release.tdnet.info/inbs/081220260128540486.zip
2026-01-29 16:30:00,2026-01-29,75810,サイゼリヤ,当社従業員に対するストックオプション(新株予約権)の発行内容確定に関するお知らせ,https://www.release.tdnet.info/inbs/140120260128539819.pdf,False,,japanese,,東,
2026-01-29 16:30:00,2026-01-29,83660,滋賀銀,自己株式立会外買付取引（ToSTNeT-3）による自己株式の買付に関するお知らせ,https://www.release.tdnet.info/inbs/140120260129541957.pdf,False,,japanese,,東,
2026-01-29 16:30:00,2026-01-29,92700,Ｇ－バリュエンスＨＤ,自己株式の取得及び自己株式立会外買付取引（ToSTNeT-３）による自己株式の買付けに関するお知らせ,https://www.release.tdnet.info/inbs/140120260129541398.pdf,False,,japanese,,東,
2026-01-29 16:30:00,2026-01-29,93070,杉村倉庫,2026年3月期　第3四半期決算短信〔日本基準〕（連結）,https://www.release.tdnet.info/inbs/140120260123537675.pdf,True,,japanese,,東,https://www.release.tdnet.info/inbs/081220260123537675.zip
2026-01-29 16:30:00,2026-01-29,94340,ソフトバンク,代表取締役の異動および重要な人事に関するお知らせ,https://www.release.tdnet.info/inbs/140120260129541635.pdf,False,,japanese,,東,
2026-01-29 16:30:00,2026-01-29,94680,ＫＡＤＯＫＡＷＡ,業績連動型株式報酬制度における株式取得に係る事項の決定に関するお知らせ,https://www.release.tdnet.info/inbs/140120260120536178.pdf,False,,japanese,,東,
2026-01-29 16:30:00,2026-01-29,94680,ＫＡＤＯＫＡＷＡ,業績連動型株式報酬制度に係る自己株式の処分に関するお知らせ,https://www.release.tdnet.info/inbs/140120260120536180.pdf,False,,japanese,,東,
2026-01-29 16:30:00,2026-01-29,95010,東電力ＨＤ,連結子会社の保有株式の一部売却及び利益の計上見込みに関するお知らせ,https://www.release.tdnet.info/inbs/140120260129540954.pdf,False,,japanese,,東,
2026-01-29 16:20:00,2026-01-29,61110,旭精機,2026年３月期 第３四半期決算短信〔日本基準〕（非連結）,https://www.release.tdnet.info/inbs/140120260127539507.pdf,True,,japanese,,名,https://www.release.tdnet.info/inbs/081220260127539507.zip
2026-01-29 16:15:00,2026-01-29,45720,Ｇ－カルナバイオ,第１回無担保転換社債型新株予約権付社債の買入消却並びに第三者割当による無担保社債、新株予約権（行使価額修正条項付）及び新株式の発行に関するお知らせ,https://www.release.tdnet.info/inbs/140120260122536881.pdf,False,,japanese,,東,
2026-01-29 16:15:00,2026-01-29,45720,Ｇ－カルナバイオ,資金調達に関する補足説明資料,https://www.release.tdnet.info/inbs/140120260128540038.pdf,False,,japanese,,東,
2026-01-29 16:05:00,2026-01-29,23150,ＣＡＩＣＡ　Ｄ,第37期定時株主総会の議案の承認に関するお知らせ,https://www.release.tdnet.info/inbs/140120260128540645.pdf,False,,japanese,,東,
2026-01-29 16:00:00,2026-01-29,38400,ＰＡＴＨ,当社連結子会社における株式会社ベルテクスコーポレーション、ベルテクス株式会社及び株式会社ユニ・ロットとの機能性コンクリートに関する共同開発契約締結,https://www.release.tdnet.info/inbs/140120260129541102.pdf,False,,japanese,,東,
2026-01-29 16:00:00,2026-01-29,39370,Ｕｂｉｃｏｍ,スタンダード市場への市場区分の変更承認及びプライム市場上場維持基準の適合に向けた計画の撤回に関するお知らせ,https://www.release.tdnet.info/inbs/140120260129540998.pdf,False,,japanese,,東,
2026-01-29 16:00:00,2026-01-29,39610,Ｇ－シルバーエッグ,株式併合、単元株式数の定めの廃止及び定款の一部変更に関する臨時株主総会開催のお知らせ,https://www.release.tdnet.info/inbs/140120260125538011.pdf,False,,japanese,,東,
2026-01-29 16:00:00,2026-01-29,42650,Ｇ－ＩＧＳ,営業外収益（補助金収入）の計上に関するお知らせ,https://www.release.tdnet.info/inbs/140120260129541897.pdf,False,,japanese,,東,
2026-01-29 16:00:00,2026-01-29,42900,ＰＩ,2026年３月期 第３四半期決算短信〔日本基準〕（連結）,https://www.release.tdnet.info/inbs/140120260126538450.pdf,True,,japanese,,東,https://www.release.tdnet.info/inbs/081220260126538450.zip
2026-01-29 16:00:00,2026-01-29,43780,Ｇ－ＣＩＮＣ,事業計画及び成長可能性に関する事項,https://www.release.tdnet.info/inbs/140120260127539276.pdf,False,,japanese,,東,
2026-01-29 16:00:00,2026-01-29,43780,Ｇ－ＣＩＮＣ,支配株主等に関する事項について,https://www.release.tdnet.info/inbs/140120260127539336.pdf,False,,japanese,,東,
2026-01-29 16:00:00,2026-01-29,46610,ＯＬＣ,2026年３月期 第３四半期決算短信〔日本基準〕(連結),https://www.release.tdnet.info/inbs/140120260128540077.pdf,True,,japanese,,東,https://www.release.tdnet.info/inbs/081220260128540077.zip
2026-01-29 16:00:00,2026-01-29,46610,ＯＬＣ,2026年3月期 第3四半期決算 補足資料,https://www.release.tdnet.info/inbs/140120260129541182.pdf,False,,japanese,,東,
2026-01-29 16:00:00,2026-01-29,46610,ＯＬＣ,2026年3月期 第3四半期決算 説明会資料,https://www.release.tdnet.info/inbs/140120260129541225.pdf,False,,japanese,,東,
2026-01-29 16:00:00,2026-01-29,46660,パーク２４,役員体制ならびに主要子会社の役員体制について,https://www.release.tdnet.info/inbs/140120260128540055.pdf,False,,japanese,,東,
2026-01-29 16:00:00,2026-01-29,46660,パーク２４,2028年満期ユーロ円建取得条項付転換社債型新株予約権付社債の転換価額の調整に関するお知らせ,https://www.release.tdnet.info/inbs/140120260128540044.pdf,False,,japanese,,東,
2026-01-29 16:00:00,2026-01-29,46660,パーク２４,譲渡制限付株式報酬としての自己株式の処分に関するお知らせ,https://www.release.tdnet.info/inbs/140120260128540049.pdf,False,,japanese,,東,
2026-01-29 16:00:00,2026-01-29,51370,Ｇ－スマートドライブ,株式会社インターゾーンの株式追加取得による完全子会社化に関するお知らせ,https://www.release.tdnet.info/inbs/140120260129540901.pdf,False,,japanese,,東,
2026-01-29 16:00:00,2026-01-29,58190,カナレ電気,2025年12月期 決算短信〔日本基準〕(連結),https://www.release.tdnet.info/inbs/140120260122537310.pdf,True,,japanese,,東,https://www.release.tdnet.info/inbs/081220260122537310.zip
2026-01-29 16:00:00,2026-01-29,58190,カナレ電気,剰余金の配当に関するお知らせ,https://www.release.tdnet.info/inbs/140120260129540908.pdf,False,,japanese,,東,
2026-01-29 16:00:00,2026-01-29,58190,カナレ電気,個別業績実績値と前期実績値との差異に関するお知らせ,https://www.release.tdnet.info/inbs/140120260129540912.pdf,False,,japanese,,東,
2026-01-29 16:00:00,2026-01-29,58190,カナレ電気,役員人事に関するお知らせ,https://www.release.tdnet.info/inbs/140120260129540904.pdf,False,,japanese,,東,
2026-01-29 16:00:00,2026-01-29,63090,巴工業,当社株式等の大規模買付行為等への対応方針（買収への対応方針）の継続承認および独立委員会委員に関するお知らせ,https://www.release.tdnet.info/inbs/140120260129541608.pdf,False,,japanese,,東,
2026-01-29 16:00:00,2026-01-29,65010,日立,役員(代表執行役および執行役)人事について,https://www.release.tdnet.info/inbs/140120260129541743.pdf,False,,japanese,,東名,
2026-01-29 16:00:00,2026-01-29,68380,多摩川ＨＤ,新経営体制に関するお知らせ,https://www.release.tdnet.info/inbs/140120260127539316.pdf,False,,japanese,,東,
2026-01-29 16:00:00,2026-01-29,68610,キーエンス,2026年3月期 第3四半期決算短信〔日本基準〕(連結),https://www.release.tdnet.info/inbs/140120260123537908.pdf,True,,japanese,,東,https://www.release.tdnet.info/inbs/081220260123537908.zip
2026-01-29 16:00:00,2026-01-29,69120,菊水ＨＤ,2026年３月期　第３四半期決算短信〔日本基準〕(連結),https://www.release.tdnet.info/inbs/140120260128540715.pdf,True,,japanese,,東,https://www.release.tdnet.info/inbs/081220260128540715.zip
2026-01-29 16:00:00,2026-01-29,70740,Ｇ－２４７ＨＤ,取締役及び補欠監査役候補者の選任に関するお知らせ,https://www.release.tdnet.info/inbs/140120260128540792.pdf,False,,japanese,,東,
2026-01-29 16:00:00,2026-01-29,70740,Ｇ－２４７ＨＤ,公認会計士等の異動に関するお知らせ,https://www.release.tdnet.info/inbs/140120260128540793.pdf,False,,japanese,,東,
2026-01-29 16:00:00,2026-01-29,71350,ジャパンクラフトＨＤ,資金使途変更に関するお知らせ,https://www.release.tdnet.info/inbs/140120260127538994.pdf,False,,japanese,,東名,
2026-01-29 16:00:00,2026-01-29,71620,アストマックス,2026年3月期第3四半期連結業績速報値と2025年3月期第3四半期連結業績との差異見込みに関するお知らせ,https://www.release.tdnet.info/inbs/140120260129540866.pdf,True,,japanese,,東,https://www.release.tdnet.info/inbs/091220260129540866.zip
2026-01-29 16:00:00,2026-01-29,74250,初穂商事,配当予想の修正（創業80周年記念配当）に関するお知らせ,https://www.release.tdnet.info/inbs/140120251204514776.pdf,True,,japanese,,東,https://www.release.tdnet.info/inbs/091220251204514776.zip
2026-01-29 16:00:00,2026-01-29,76870,Ｇ－ミクリード,2026年３月期第３四半期決算短信〔日本基準〕(非連結),https://www.release.tdnet.info/inbs/140120260128539919.pdf,True,,japanese,,東,https://www.release.tdnet.info/inbs/081220260128539919.zip
2026-01-29 16:00:00,2026-01-29,76870,Ｇ－ミクリード,2026年３月期 第３四半期決算補足説明資料,https://www.release.tdnet.info/inbs/140120260128539934.pdf,False,,japanese,,東,
2026-01-29 16:00:00,2026-01-29,77940,Ｇ－イーディーピー,行使価額修正条項付新株予約権の大量行使に関するお知らせ,https://www.release.tdnet.info/inbs/140120260129541765.pdf,False,,japanese,,東,
2026-01-29 16:00:00,2026-01-29,79620,キングジム,2026年６月期　第２四半期（中間期）決算短信〔日本基準〕(連結),https://www.release.tdnet.info/inbs/140120260128540741.pdf,True,,japanese,,東,https://www.release.tdnet.info/inbs/081220260128540741.zip
2026-01-29 16:00:00,2026-01-29,84210,Ｙ－信中金,2026年３月期 第３四半期決算短信〔日本基準〕（連結）,https://www.release.tdnet.info/inbs/140120260129541198.pdf,True,,japanese,,東,https://www.release.tdnet.info/inbs/081220260129541198.zip
2026-01-29 16:00:00,2026-01-29,84210,Ｙ－信中金,2026年３月期 第３四半期決算の概況,https://www.release.tdnet.info/inbs/140120260129541264.pdf,False,,japanese,,東,
2026-01-29 16:00:00,2026-01-29,84210,Ｙ－信中金,2026年３月期 第３四半期末の有価証券含み損に関するお知らせ,https://www.release.tdnet.info/inbs/140120260129541311.pdf,False,,japanese,,東,
2026-01-29 16:00:00,2026-01-29,86140,東洋証,2026年３月期第３四半期決算短信〔日本基準〕（連結）,https://www.release.tdnet.info/inbs/140120260129541582.pdf,True,,japanese,,東,https://www.release.tdnet.info/inbs/081220260129541582.zip
2026-01-29 16:00:00,2026-01-29,86990,ＨＳＨＤ,2026年3月期 第3四半期決算短信〔日本基準〕（連結）,https://www.release.tdnet.info/inbs/140120260129541797.pdf,True,,japanese,,東,https://www.release.tdnet.info/inbs/081220260129541797.zip
2026-01-29 16:00:00,2026-01-29,86990,ＨＳＨＤ,持分法による投資利益の計上に関するお知らせ,https://www.release.tdnet.info/inbs/140120260129541826.pdf,False,,japanese,,東,
2026-01-29 16:00:00,2026-01-29,93620,兵機海運,2026年３月期　第３四半期決算短信[日本基準]（非連結）,https://www.release.tdnet.info/inbs/140120260129541533.pdf,True,,japanese,,東,https://www.release.tdnet.info/inbs/081220260129541533.zip
2026-01-29 16:00:00,2026-01-29,95360,西部ガスＨＤ,2026年3月期　第3四半期決算短信〔日本基準〕（連結）,https://www.release.tdnet.info/inbs/140120260128540295.pdf,True,,japanese,,東福,https://www.release.tdnet.info/inbs/081220260128540295.zip
2026-01-29 16:00:00,2026-01-29,96320,スバル興,役員の処分に関するお知らせ,https://www.release.tdnet.info/inbs/140120260129540900.pdf,False,,japanese,,東,
2026-01-29 16:00:00,2026-01-29,96790,ホウライ,2026年9月期 第1四半期決算短信〔日本基準〕（非連結）,https://www.release.tdnet.info/inbs/140120260129541146.pdf,True,,japanese,,東,https://www.release.tdnet.info/inbs/081220260129541146.zip
2026-01-29 16:00:00,2026-01-29,97090,ＮＣＳ＆Ａ,2026年３月期　第３四半期決算短信〔日本基準〕（連結）,https://www.release.tdnet.info/inbs/140120260127539556.pdf,True,,japanese,,東,https://www.release.tdnet.info/inbs/081220260127539556.zip
2026-01-29 15:55:00,2026-01-29,45930,Ｇ－ヘリオス,第三者割当による新株式及び第27回新株予約権の発行に関するお知らせ,https://www.release.tdnet.info/inbs/140120260128540539.pdf,False,,japanese,,東,
2026-01-29 15:45:00,2026-01-29,30860,Ｊフロント,株式会社パルコ 福岡ＰＡＲＣＯの営業終了に関するお知らせ,https://www.release.tdnet.info/inbs/140120260129541166.pdf,False,,japanese,,東名,
2026-01-29 15:40:00,2026-01-29,38390,ＯＤＫ,2026年3月期　第３四半期決算短信〔日本基準〕（連結）,https://www.release.tdnet.info/inbs/140120260128540057.pdf,True,,japanese,,東,https://www.release.tdnet.info/inbs/081220260128540057.zip
2026-01-29 15:40:00,2026-01-29,53330,日本ガイシ,2026年３月期 第３四半期決算短信〔日本基準〕（連結）,https://www.release.tdnet.info/inbs/140120260128540156.pdf,True,,japanese,,東名,https://www.release.tdnet.info/inbs/081220260128540156.zip
2026-01-29 15:40:00,2026-01-29,53330,日本ガイシ,（開示事項の中止）ドイツDeutsche KNM GmbHの株式取得に係る契約の解除に関するお知らせ,https://www.release.tdnet.info/inbs/140120260128540292.pdf,False,,japanese,,東名,
2026-01-29 15:40:00,2026-01-29,63450,アイチ,2026年３月期 第３四半期決算短信〔日本基準〕(連結),https://www.release.tdnet.info/inbs/140120260128539915.pdf,True,,japanese,,東名,https://www.release.tdnet.info/inbs/081220260128539915.zip
2026-01-29 15:40:00,2026-01-29,63450,アイチ,自己株式消却に関するお知らせ,https://www.release.tdnet.info/inbs/140120260128539692.pdf,False,,japanese,,東名,
2026-01-29 15:31:00,2026-01-29,29010,ウェルディッシュ,本社移転に関するお知らせ,https://www.release.tdnet.info/inbs/140120260128540768.pdf,False,,japanese,,東,
2026-01-29 15:31:00,2026-01-29,29010,ウェルディッシュ,子会社の商号の変更に関するお知らせ,https://www.release.tdnet.info/inbs/140120260128540789.pdf,False,,japanese,,東,
2026-01-29 15:30:00,2026-01-29,18030,清水建,あおみ建設株式会社の第三者割当増資引受による連結子会社化に関するお知らせ,https://www.release.tdnet.info/inbs/140120260128540753.pdf,False,,japanese,,東名,
2026-01-29 15:30:00,2026-01-29,19440,きんでん,2026年３月期　第３四半期決算短信〔日本基準〕（連結）,https://www.release.tdnet.info/inbs/140120260122536831.pdf,True,,japanese,,東,https://www.release.tdnet.info/inbs/081220260122536831.zip
2026-01-29 15:30:00,2026-01-29,19440,きんでん,2026年３月期　通期業績予想の修正及び配当予想の修正（増配）に関するお知らせ,https://www.release.tdnet.info/inbs/140120260122536832.pdf,True,,japanese,,東,https://www.release.tdnet.info/inbs/091220260122536832.zip
2026-01-29 15:30:00,2026-01-29,19440,きんでん,中期経営計画における資本政策について,https://www.release.tdnet.info/inbs/140120260129540877.pdf,False,,japanese,,東,
2026-01-29 15:30:00,2026-01-29,22180,日糧パン,2026年３月期 第３四半期決算短信〔日本基準〕(非連結),https://www.release.tdnet.info/inbs/140120260129540888.pdf,True,,japanese,,札,https://www.release.tdnet.info/inbs/081220260129540888.zip
2026-01-29 15:30:00,2026-01-29,22180,日糧パン,業績予想の修正に関するお知らせ,https://www.release.tdnet.info/inbs/140120260129541362.pdf,True,,japanese,,札,https://www.release.tdnet.info/inbs/091220260129541362.zip
2026-01-29 15:30:00,2026-01-29,23590,コア,2026年３月期　第３四半期決算短信[日本基準]（連結）,https://www.release.tdnet.info/inbs/140120260129541513.pdf,True,,japanese,,東,https://www.release.tdnet.info/inbs/081220260129541513.zip
2026-01-29 15:30:00,2026-01-29,23590,コア,2026年３月期　第３四半期決算補足説明資料,https://www.release.tdnet.info/inbs/140120260129541320.pdf,False,,japanese,,東,
2026-01-29 15:30:00,2026-01-29,23730,ケア２１,支配株主等に関する事項について,https://www.release.tdnet.info/inbs/140120260128540840.pdf,False,,japanese,,東,
2026-01-29 15:30:00,2026-01-29,25400,養命酒,2026年３月期　第３四半期決算短信〔日本基準〕(非連結),https://www.release.tdnet.info/inbs/140120260127539002.pdf,True,,japanese,,東,https://www.release.tdnet.info/inbs/081220260127539002.zip
2026-01-29 15:30:00,2026-01-29,26690,カネ美食品,組織変更および人事異動に関するお知らせ,https://www.release.tdnet.info/inbs/140120260129541832.pdf,False,,japanese,,東,
2026-01-29 15:30:00,2026-01-29,28020,味の素,代表執行役の異動および役員新体制（取締役・執行役）に関するお知らせ,https://www.release.tdnet.info/inbs/140120260127539459.pdf,False,,japanese,,東,
2026-01-29 15:30:00,2026-01-29,32480,アールエイジ,支配株主等に関する事項について,https://www.release.tdnet.info/inbs/140120260129541509.pdf,False,,japanese,,東,
2026-01-29 15:30:00,2026-01-29,34260,アトムリビン,令和8年6月期 第2四半期（中間期）決算短信〔日本基準〕（非連結）,https://www.release.tdnet.info/inbs/140120260128540341.pdf,True,,japanese,,東,https://www.release.tdnet.info/inbs/081220260128540341.zip
2026-01-29 15:30:00,2026-01-29,34260,アトムリビン,剰余金の配当（中間配当）に関するお知らせ,https://www.release.tdnet.info/inbs/140120260128540302.pdf,False,,japanese,,東,
2026-01-29 15:30:00,2026-01-29,34260,アトムリビン,親会社等の決算に関するお知らせ,https://www.release.tdnet.info/inbs/140120260128540364.pdf,False,,japanese,,東,
2026-01-29 15:30:00,2026-01-29,34710,Ｒ－三井不ロジパーク,資金の借入れ（グリーンローンを含む）及び返済に関するお知らせ,https://www.release.tdnet.info/inbs/140120260129541543.pdf,False,,japanese,,東,
2026-01-29 15:30:00,2026-01-29,35930,ホギメディ,2026年3月期第3四半期決算短信〔日本基準〕（連結）,https://www.release.tdnet.info/inbs/140120260106529364.pdf,True,,japanese,,東,https://www.release.tdnet.info/inbs/081220260106529364.zip
2026-01-29 15:30:00,2026-01-29,35930,ホギメディ,2026年３月期第３四半期決算説明,https://www.release.tdnet.info/inbs/140120260129541307.pdf,False,,japanese,,東,
2026-01-29 15:30:00,2026-01-29,37930,Ｇ－ドリコム,2026年３月期　第３四半期決算短信〔日本基準〕（連結）,https://www.release.tdnet.info/inbs/140120260129541104.pdf,True,,japanese,,東,https://www.release.tdnet.info/inbs/081220260129541104.zip
2026-01-29 15:30:00,2026-01-29,37930,Ｇ－ドリコム,配当予想の修正（無配）に関するお知らせ,https://www.release.tdnet.info/inbs/140120260129541278.pdf,False,,japanese,,東,
2026-01-29 15:30:00,2026-01-29,37930,Ｇ－ドリコム,2026年３月期　第３四半期決算説明資料,https://www.release.tdnet.info/inbs/140120260129541305.pdf,False,,japanese,,東,
2026-01-29 15:30:00,2026-01-29,37930,Ｇ－ドリコム,役員人事及び執行役員体制に関するお知らせ,https://www.release.tdnet.info/inbs/140120260129541341.pdf,False,,japanese,,東,
2026-01-29 15:30:00,2026-01-29,40530,サンアスタリスク,募集新株予約権（有償ストック・オプション）の発行に関するお知らせ,https://www.release.tdnet.info/inbs/140120260129541473.pdf,False,,japanese,,東,
2026-01-29 15:30:00,2026-01-29,42040,積水化,2026年３月期  第３四半期決算短信〔日本基準〕（連結）,https://www.release.tdnet.info/inbs/140120260128540707.pdf,True,,japanese,,東,https://www.release.tdnet.info/inbs/081220260128540707.zip
2026-01-29 15:30:00,2026-01-29,42750,カーリット,連結子会社間における吸収合併に関するお知らせ,https://www.release.tdnet.info/inbs/140120260129540990.pdf,False,,japanese,,東,
2026-01-29 15:30:00,2026-01-29,43070,ＮＲＩ,2026年3月期 第3四半期決算短信〔ＩＦＲＳ〕(連結),https://www.release.tdnet.info/inbs/140120260126538339.pdf,True,,japanese,,東,https://www.release.tdnet.info/inbs/081220260126538339.zip
2026-01-29 15:30:00,2026-01-29,43080,Ｇ－Ｊストリーム,2026年３月期 第３四半期決算短信〔日本基準〕（連結）,https://www.release.tdnet.info/inbs/140120260129540946.pdf,True,,japanese,,東,https://www.release.tdnet.info/inbs/081220260129540946.zip
2026-01-29 15:30:00,2026-01-29,43730,シンプレクスＨＤ,自己株式取得に係る事項の決定に関するお知らせ,https://www.release.tdnet.info/inbs/140120260129541012.pdf,False,,japanese,,東,
2026-01-29 15:30:00,2026-01-29,43730,シンプレクスＨＤ,連結業績予想の修正に関するお知らせ,https://www.release.tdnet.info/inbs/140120260129540999.pdf,False,,japanese,,東,
2026-01-29 15:30:00,2026-01-29,43730,シンプレクスＨＤ,2026年３月期 第３四半期決算短信〔ＩＦＲＳ〕（連結）,https://www.release.tdnet.info/inbs/140120260129540987.pdf,True,,japanese,,東,https://www.release.tdnet.info/inbs/081220260129540987.zip
2026-01-29 15:30:00,2026-01-29,43740,Ｇ－ロボペイ,2025年12月度 月次リカーリング収益のお知らせ,https://www.release.tdnet.info/inbs/140120260129540920.pdf,False,,japanese,,東,
2026-01-29 15:30:00,2026-01-29,45020,武田薬,2026年3月期　第3四半期決算短信〔IFRS〕（連結）,https://www.release.tdnet.info/inbs/140120260128539926.pdf,True,,japanese,,東名札福,https://www.release.tdnet.info/inbs/081220260128539926.zip
2026-01-29 15:30:00,2026-01-29,45790,Ｇ－ラクオリア創薬,第三者割当による新株式の発行に係る払込完了に関するお知らせ,https://www.release.tdnet.info/inbs/140120260128540239.pdf,False,,japanese,,東,
2026-01-29 15:30:00,2026-01-29,45930,Ｇ－ヘリオス,業績予想の公表に関するお知らせ,https://www.release.tdnet.info/inbs/140120260128540547.pdf,True,,japanese,,東,https://www.release.tdnet.info/inbs/091220260128540547.zip
2026-01-29 15:30:00,2026-01-29,46650,ダスキン,ミスタードーナツ事業の中国（華東地区）展開における マスターフランチャイズ契約締結に関するお知らせ,https://www.release.tdnet.info/inbs/140120260129541162.pdf,False,,japanese,,東,
2026-01-29 15:30:00,2026-01-29,46650,ダスキン,執行役員人事及び担当変更、その他人事異動に関するお知らせ,https://www.release.tdnet.info/inbs/140120260129541149.pdf,False,,japanese,,東,
2026-01-29 15:30:00,2026-01-29,47610,さくらＫＣＳ,2026年３月期 第３四半期決算短信〔日本基準〕（連結）,https://www.release.tdnet.info/inbs/140120260129541157.pdf,True,,japanese,,東,https://www.release.tdnet.info/inbs/081220260129541157.zip
2026-01-29 15:30:00,2026-01-29,47650,ＳＢＩＧアセットＭ,2026年３月期 第３四半期決算短信〔日本基準〕（連結）,https://www.release.tdnet.info/inbs/140120260119535401.pdf,True,,japanese,,東,https://www.release.tdnet.info/inbs/081220260119535401.zip
2026-01-29 15:30:00,2026-01-29,49560,コニシ,2026年３月期 第３四半期 決算短信〔日本基準〕（連結）,https://www.release.tdnet.info/inbs/140120260129541585.pdf,True,,japanese,,東,https://www.release.tdnet.info/inbs/081220260129541585.zip
2026-01-29 15:30:00,2026-01-29,50100,日精蝋,取締役の異動に関するお知らせ,https://www.release.tdnet.info/inbs/140120260108531098.pdf,False,,japanese,,東,
2026-01-29 15:30:00,2026-01-29,51340,Ｇ－ＰＯＰＥＲ,事業計画及び成長可能性に関する事項,https://www.release.tdnet.info/inbs/140120260127538833.pdf,False,,japanese,,東,
2026-01-29 15:30:00,2026-01-29,54710,大同特鋼,2026年３月期 第３四半期決算短信〔ＩＦＲＳ〕（連結）,https://www.release.tdnet.info/inbs/140120260129541116.pdf,True,,japanese,,東名,https://www.release.tdnet.info/inbs/081220260129541116.zip
2026-01-29 15:30:00,2026-01-29,54710,大同特鋼,２０２６年３月期 第３四半期決算説明会,https://www.release.tdnet.info/inbs/140120260129541185.pdf,False,,japanese,,東名,
2026-01-29 15:30:00,2026-01-29,54710,大同特鋼,業績予想の修正に関するお知らせ,https://www.release.tdnet.info/inbs/140120260129541222.pdf,False,,japanese,,東名,
2026-01-29 15:30:00,2026-01-29,55630,新日本電工,当社株式の大規模買付行為に関する対応策（買収防衛策）の非継続（廃止）について,https://www.release.tdnet.info/inbs/140120260128539809.pdf,False,,japanese,,東,
2026-01-29 15:30:00,2026-01-29,55740,Ｇ－ＡＢＥＪＡ,防衛装備庁が公募した「視覚言語行動モデルの検証役務」に採択,https://www.release.tdnet.info/inbs/140120260129541321.pdf,False,,japanese,,東,
2026-01-29 15:30:00,2026-01-29,62640,マルマエ,特別利益（補助金収入）の計上に関するお知らせ,https://www.release.tdnet.info/inbs/140120260129541557.pdf,False,,japanese,,東,
2026-01-29 15:30:00,2026-01-29,63050,日立建機,2026年３月期 第３四半期決算短信〔ＩＦＲＳ〕（連結）,https://www.release.tdnet.info/inbs/140120260129541530.pdf,True,,japanese,,東,https://www.release.tdnet.info/inbs/081220260129541530.zip
2026-01-29 15:30:00,2026-01-29,63490,小森,2026年３月期　第３四半期決算短信〔日本基準〕（連結）,https://www.release.tdnet.info/inbs/140120260128540744.pdf,True,,japanese,,東,https://www.release.tdnet.info/inbs/081220260128540744.zip
2026-01-29 15:30:00,2026-01-29,65010,日立,2026年3月期 第3四半期決算短信〔IFRS〕(連結),https://www.release.tdnet.info/inbs/140120260129541628.pdf,True,,japanese,,東名,https://www.release.tdnet.info/inbs/081220260129541628.zip
2026-01-29 15:30:00,2026-01-29,65010,日立,2026年3月期 第3四半期連結決算の概要 [FY2025],https://www.release.tdnet.info/inbs/140120260129541633.pdf,False,,japanese,,東名,
2026-01-29 15:30:00,2026-01-29,65010,日立,自己の株式の取得に関するお知らせ(会社法第459条第1項の規定による定款の定めに基づく自己株式の取得),https://www.release.tdnet.info/inbs/140120260129541637.pdf,False,,japanese,,東名,
2026-01-29 15:30:00,2026-01-29,65030,三菱電,"米国Nozomi Networks,Inc.の完全子会社化完了に関するお知らせ",https://www.release.tdnet.info/inbs/140120260128540282.pdf,False,,japanese,,東,
2026-01-29 15:30:00,2026-01-29,65040,富士電機,2026年３月期 第３四半期決算短信〔日本基準〕（連結）,https://www.release.tdnet.info/inbs/140120260117534177.pdf,True,,japanese,,東名福,https://www.release.tdnet.info/inbs/081220260117534177.zip
2026-01-29 15:30:00,2026-01-29,65860,マキタ,2026年3月期　第3四半期決算短信〔ＩＦＲＳ〕(連結),https://www.release.tdnet.info/inbs/140120260123537724.pdf,True,,japanese,,東名,https://www.release.tdnet.info/inbs/081220260123537724.zip
2026-01-29 15:30:00,2026-01-29,65860,マキタ,自己株式取得に係る事項の決定に関するお知らせ,https://www.release.tdnet.info/inbs/140120260123537789.pdf,False,,japanese,,東名,
2026-01-29 15:30:00,2026-01-29,65860,マキタ,業績予想の修正に関するお知らせ,https://www.release.tdnet.info/inbs/140120260123537731.pdf,False,,japanese,,東名,
2026-01-29 15:30:00,2026-01-29,65970,Ｇ－ＨＰＣシステムズ,（開示事項の経過）当社の取締役等に対する業績連動型株式報酬制度の詳細決定及び第三者割当による自己株式処分に関するお知らせ,https://www.release.tdnet.info/inbs/140120260129541006.pdf,False,,japanese,,東,
2026-01-29 15:30:00,2026-01-29,65970,Ｇ－ＨＰＣシステムズ,（開示事項の経過）当社の従業員等に対する従業員向け株式給付信託の導入、詳細決定及び第三者割当による自己株式処分に関するお知らせ,https://www.release.tdnet.info/inbs/140120260129541018.pdf,False,,japanese,,東,
2026-01-29 15:30:00,2026-01-29,66340,ネクスＧ,資本準備金の額の減少及び剰余金の処分に関するお知らせ,https://www.release.tdnet.info/inbs/140120260129541155.pdf,False,,japanese,,東,
2026-01-29 15:30:00,2026-01-29,66340,ネクスＧ,商号の変更及び定款の一部変更に関するお知らせ,https://www.release.tdnet.info/inbs/140120260129541158.pdf,False,,japanese,,東,
2026-01-29 15:30:00,2026-01-29,66340,ネクスＧ,報酬型ストック・オプション（新株予約権）の付与に関するお知らせ,https://www.release.tdnet.info/inbs/140120260129541208.pdf,False,,japanese,,東,
2026-01-29 15:30:00,2026-01-29,66590,メディアリンクス,2026年３月期 第３四半期決算短信〔日本基準〕（連結）,https://www.release.tdnet.info/inbs/140120260129541298.pdf,True,,japanese,,東,https://www.release.tdnet.info/inbs/081220260129541298.zip
2026-01-29 15:30:00,2026-01-29,66590,メディアリンクス,営業外費用（為替差損）の計上に関するお知らせ,https://www.release.tdnet.info/inbs/140120260129541325.pdf,False,,japanese,,東,
2026-01-29 15:30:00,2026-01-29,66590,メディアリンクス,2026年3月期  第3四半期決算説明資料,https://www.release.tdnet.info/inbs/140120260129540875.pdf,False,,japanese,,東,
2026-01-29 15:30:00,2026-01-29,66630,太洋テクノレックス,通期業績予想の修正に関するお知らせ,https://www.release.tdnet.info/inbs/140120260122537214.pdf,True,,japanese,,東,https://www.release.tdnet.info/inbs/091220260122537214.zip
2026-01-29 15:30:00,2026-01-29,67010,ＮＥＣ,2026年3月期 第3四半期決算短信〔IFRS〕（連結）,https://www.release.tdnet.info/inbs/140120260127539212.pdf,True,,japanese,,東,https://www.release.tdnet.info/inbs/081220260127539212.zip
2026-01-29 15:30:00,2026-01-29,67010,ＮＥＣ,2025年度（26年3月期）第3四半期 決算概要,https://www.release.tdnet.info/inbs/140120260127539241.pdf,False,,japanese,,東,
2026-01-29 15:30:00,2026-01-29,67010,ＮＥＣ,取締役、代表執行役、執行役の異動について,https://www.release.tdnet.info/inbs/140120260127539246.pdf,False,,japanese,,東,
2026-01-29 15:30:00,2026-01-29,67020,富士通,2026年3月期 第3四半期決算短信〔ＩＦＲＳ〕（連結）,https://www.release.tdnet.info/inbs/140120260129541209.pdf,True,,japanese,,東名,https://www.release.tdnet.info/inbs/081220260129541209.zip
2026-01-29 15:30:00,2026-01-29,67020,富士通,2025年度第3四半期決算概要,https://www.release.tdnet.info/inbs/140120260129541292.pdf,False,,japanese,,東名,
2026-01-29 15:30:00,2026-01-29,67020,富士通,2026年3月期 配当予想の修正に関するお知らせ,https://www.release.tdnet.info/inbs/140120260129541283.pdf,False,,japanese,,東名,
2026-01-29 15:30:00,2026-01-29,67020,富士通,連結子会社（富士通Japan株式会社）との会社分割（簡易吸収分割）契約締結のお知らせ,https://www.release.tdnet.info/inbs/140120260129541577.pdf,False,,japanese,,東名,
2026-01-29 15:30:00,2026-01-29,67540,アンリツ,2026年3月期第3四半期決算短信〔ＩＦＲＳ〕（連結）,https://www.release.tdnet.info/inbs/140120260128540712.pdf,True,,japanese,,東,https://www.release.tdnet.info/inbs/081220260128540712.zip
2026-01-29 15:30:00,2026-01-29,67540,アンリツ,2026年3月期第3四半期業績概要（決算説明会資料）,https://www.release.tdnet.info/inbs/140120260129541451.pdf,False,,japanese,,東,
2026-01-29 15:30:00,2026-01-29,68230,リオン,配当予想の修正(増配)に関するお知らせ,https://www.release.tdnet.info/inbs/140120260128540629.pdf,False,,japanese,,東,
2026-01-29 15:30:00,2026-01-29,68230,リオン,2026年３月期　第３四半期決算短信〔日本基準〕（連結）,https://www.release.tdnet.info/inbs/140120260128540644.pdf,True,,japanese,,東,https://www.release.tdnet.info/inbs/081220260128540644.zip
2026-01-29 15:30:00,2026-01-29,68640,エヌエフＨＤ,2026年３月期第３四半期決算短信〔日本基準〕(連結),https://www.release.tdnet.info/inbs/140120260128540488.pdf,True,,japanese,,東,https://www.release.tdnet.info/inbs/081220260128540488.zip
2026-01-29 15:30:00,2026-01-29,69520,カシオ計,2026年3月期第3四半期決算短信〔日本基準〕(連結),https://www.release.tdnet.info/inbs/140120260128540458.pdf,True,,japanese,,東,https://www.release.tdnet.info/inbs/081220260128540458.zip
2026-01-29 15:30:00,2026-01-29,69520,カシオ計,2026年3月期第3四半期決算説明会資料,https://www.release.tdnet.info/inbs/140120260128540467.pdf,False,,japanese,,東,
2026-01-29 15:30:00,2026-01-29,69520,カシオ計,自己株式取得に係る事項の決定及び自己株式の消却に関するお知らせ,https://www.release.tdnet.info/inbs/140120260128540468.pdf,False,,japanese,,東,
2026-01-29 15:30:00,2026-01-29,70220,サノヤスＨＤ,2026年３月期 第３四半期決算短信〔日本基準〕(連結),https://www.release.tdnet.info/inbs/140120260127539539.pdf,True,,japanese,,東,https://www.release.tdnet.info/inbs/081220260127539539.zip
2026-01-29 15:30:00,2026-01-29,70220,サノヤスＨＤ,2026年３月期 第３四半期決算説明資料,https://www.release.tdnet.info/inbs/140120260127539562.pdf,False,,japanese,,東,
2026-01-29 15:30:00,2026-01-29,71810,かんぽ生命保険,株式分割および株式分割に伴う定款の一部変更に関するお知らせ,https://www.release.tdnet.info/inbs/140120260126538768.pdf,False,,japanese,,東,
2026-01-29 15:30:00,2026-01-29,71910,イントラスト,2026年３月期　第３四半期決算短信〔日本基準〕（連結）,https://www.release.tdnet.info/inbs/140120260128540188.pdf,True,,japanese,,東,https://www.release.tdnet.info/inbs/081220260128540188.zip
2026-01-29 15:30:00,2026-01-29,71910,イントラスト,2026年３月期　第３四半期決算説明資料,https://www.release.tdnet.info/inbs/140120260128540202.pdf,False,,japanese,,東,
2026-01-29 15:30:00,2026-01-29,72120,エフテック,取締役候補者及び監査役候補者の選定に関するお知らせ,https://www.release.tdnet.info/inbs/140120260129541358.pdf,False,,japanese,,東,
2026-01-29 15:30:00,2026-01-29,72120,エフテック,執行役員の異動及び委嘱事項の変更に関するお知らせ,https://www.release.tdnet.info/inbs/140120260129541389.pdf,False,,japanese,,東,
2026-01-29 15:30:00,2026-01-29,73880,ＦＰパートナー,自己株式の取得状況及び取得終了に関するお知らせ,https://www.release.tdnet.info/inbs/140120260129541304.pdf,False,,japanese,,東,
2026-01-29 15:30:00,2026-01-29,74330,伯東,2026年３月期　第３四半期決算短信〔日本基準〕（連結）,https://www.release.tdnet.info/inbs/140120260128540782.pdf,True,,japanese,,東,https://www.release.tdnet.info/inbs/081220260128540782.zip
2026-01-29 15:30:00,2026-01-29,74330,伯東,2026年3月期 第3四半期決算補足説明資料,https://www.release.tdnet.info/inbs/140120260129541369.pdf,False,,japanese,,東,
2026-01-29 15:30:00,2026-01-29,76400,トップカルチャ,上場維持基準への適合に向けた計画に基づく進捗状況（改善期間入り）について,https://www.release.tdnet.info/inbs/140120260129541266.pdf,False,,japanese,,東,
2026-01-29 15:30:00,2026-01-29,77510,キヤノン,2025年12月期 決算短信〔米国基準〕（連結）,https://www.release.tdnet.info/inbs/140120260129541497.pdf,True,,japanese,,東名札福,https://www.release.tdnet.info/inbs/081220260129541497.zip
2026-01-29 15:30:00,2026-01-29,77510,キヤノン,自己株式取得に係る事項の決定に関するお知らせ,https://www.release.tdnet.info/inbs/140120260129541145.pdf,False,,japanese,,東名札福,
2026-01-29 15:30:00,2026-01-29,79490,小松ウオール,2026年3月期 第3四半期決算短信〔日本基準〕(非連結),https://www.release.tdnet.info/inbs/140120260128540497.pdf,True,,japanese,,東,https://www.release.tdnet.info/inbs/081220260128540497.zip
2026-01-29 15:30:00,2026-01-29,79490,小松ウオール,2026年3月期第3四半期　決算補足資料,https://www.release.tdnet.info/inbs/140120260128540510.pdf,False,,japanese,,東,
2026-01-29 15:30:00,2026-01-29,79490,小松ウオール,組織変更及び役員の異動に関するお知らせ,https://www.release.tdnet.info/inbs/140120260128540517.pdf,False,,japanese,,東,
2026-01-29 15:30:00,2026-01-29,80120,長瀬産,役員および執行役員の人事に関するお知らせ,https://www.release.tdnet.info/inbs/140120260129541094.pdf,False,,japanese,,東,
2026-01-29 15:30:00,2026-01-29,80770,トルク,譲渡制限付株式報酬としての自己株式の処分及びストック・オプション（新株予約権）の発行に関するお知らせ,https://www.release.tdnet.info/inbs/140120260128540051.pdf,False,,japanese,,東,
2026-01-29 15:30:00,2026-01-29,81050,ＢｉｔｃｏｉｎＪＰＮ,海外子会社設立に関するお知らせ,https://www.release.tdnet.info/inbs/140120260129540953.pdf,False,,japanese,,東,
2026-01-29 15:30:00,2026-01-29,83080,りそなＨＤ,株式給付信託受託に伴う株式取得について,https://www.release.tdnet.info/inbs/140120260128540562.pdf,False,,japanese,,東,
2026-01-29 15:30:00,2026-01-29,87000,丸八証券,2026年３月期 第３四半期決算短信〔日本基準〕(非連結),https://www.release.tdnet.info/inbs/140120260128540422.pdf,True,,japanese,,東,https://www.release.tdnet.info/inbs/081220260128540422.zip
2026-01-29 15:30:00,2026-01-29,87420,小林洋行,2026年３月期第３四半期　連結業績速報値に関するお知らせ,https://www.release.tdnet.info/inbs/140120260128539875.pdf,True,,japanese,,東,https://www.release.tdnet.info/inbs/091220260128539875.zip
2026-01-29 15:30:00,2026-01-29,87930,ＮＥＣキャピ,2026年３月期　第３四半期決算短信[日本基準](連結）,https://www.release.tdnet.info/inbs/140120260128540664.pdf,True,,japanese,,東,https://www.release.tdnet.info/inbs/081220260128540664.zip
2026-01-29 15:30:00,2026-01-29,87930,ＮＥＣキャピ,2026年３月期第３四半期決算説明資料,https://www.release.tdnet.info/inbs/140120260128540694.pdf,False,,japanese,,東,
2026-01-29 15:30:00,2026-01-29,87950,Ｔ＆ＤＨＤ,2026年３月期第３四半期末の有価証券含み損に関するお知らせ,https://www.release.tdnet.info/inbs/140120260128540802.pdf,False,,japanese,,東,
2026-01-29 15:30:00,2026-01-29,89720,Ｒ－ＫＤＸ不動産,資金の借入れ（金利決定）に関するお知らせ（シリーズ0045）,https://www.release.tdnet.info/inbs/140120260129541721.pdf,False,,japanese,,東,
2026-01-29 15:30:00,2026-01-29,89720,Ｒ－ＫＤＸ不動産,プレスリリースの一部訂正について,https://www.release.tdnet.info/inbs/140120260129541730.pdf,False,,japanese,,東,
2026-01-29 15:30:00,2026-01-29,90460,神戸電鉄,2026年3月期　第3四半期決算短信［日本基準］（連結）,https://www.release.tdnet.info/inbs/140120260129540934.pdf,True,,japanese,,東,https://www.release.tdnet.info/inbs/081220260129540934.zip
2026-01-29 15:30:00,2026-01-29,90460,神戸電鉄,2026年3月期　第3四半期決算補足説明資料,https://www.release.tdnet.info/inbs/140120260129541034.pdf,False,,japanese,,東,
2026-01-29 15:30:00,2026-01-29,90460,神戸電鉄,2026年3月期　期末配当予想の修正（増配）に関するお知らせ,https://www.release.tdnet.info/inbs/140120260129541056.pdf,False,,japanese,,東,
2026-01-29 15:30:00,2026-01-29,90460,神戸電鉄,東京証券取引所スタンダード市場への市場区分変更申請に関するお知らせ,https://www.release.tdnet.info/inbs/140120260129541552.pdf,False,,japanese,,東,
2026-01-29 15:30:00,2026-01-29,91630,Ｇ－ナレルグループ,業績連動型株式報酬としてのユニットの付与に関するお知らせ,https://www.release.tdnet.info/inbs/140120260129541039.pdf,False,,japanese,,東,
2026-01-29 15:30:00,2026-01-29,92540,Ｇ－ラバブルマーケ,支配株主等に関する事項について,https://www.release.tdnet.info/inbs/140120260129541774.pdf,False,,japanese,,東,
2026-01-29 15:30:00,2026-01-29,94360,沖縄セルラー,2026年３月期 第３四半期決算短信〔日本基準〕（連結）,https://www.release.tdnet.info/inbs/140120260129540933.pdf,True,,japanese,,東,https://www.release.tdnet.info/inbs/081220260129540933.zip
2026-01-29 15:30:00,2026-01-29,94360,沖縄セルラー,2026年３月期 第３四半期決算資料,https://www.release.tdnet.info/inbs/140120260129540939.pdf,False,,japanese,,東,
2026-01-29 15:30:00,2026-01-29,95050,北陸電力,2026年３月期 第３四半期決算短信〔日本基準〕(連結),https://www.release.tdnet.info/inbs/140120260127539315.pdf,True,,japanese,,東,https://www.release.tdnet.info/inbs/081220260127539315.zip
2026-01-29 15:30:00,2026-01-29,96270,アインＨＤ,人事異動に関するお知らせ,https://www.release.tdnet.info/inbs/140120260129541418.pdf,False,,japanese,,東札,
2026-01-29 15:30:00,2026-01-29,96290,ピーシーエー,2026年3月期第3四半期決算短信〔日本基準〕(連結),https://www.release.tdnet.info/inbs/140120260129541322.pdf,True,,japanese,,東,https://www.release.tdnet.info/inbs/081220260129541322.zip
2026-01-29 15:30:00,2026-01-29,96400,セゾンテクノロジー,2026年3月期 第3四半期決算短信〔日本基準〕（連結）,https://www.release.tdnet.info/inbs/140120260129541118.pdf,True,,japanese,,東,https://www.release.tdnet.info/inbs/081220260129541118.zip
2026-01-29 15:30:00,2026-01-29,96400,セゾンテクノロジー,受注損失引当金の計上及び通期連結業績予想の修正に関するお知らせ,https://www.release.tdnet.info/inbs/140120260129541164.pdf,False,,japanese,,東,
2026-01-29 15:30:00,2026-01-29,97660,コナミグループ,2026年３月期 第３四半期決算短信〔ＩＦＲＳ〕（連結）,https://www.release.tdnet.info/inbs/140120260129541271.pdf,True,,japanese,,東,https://www.release.tdnet.info/inbs/081220260129541271.zip
2026-01-29 15:30:00,2026-01-29,97660,コナミグループ,業績予想及び配当予想の修正に関するお知らせ,https://www.release.tdnet.info/inbs/140120260129541270.pdf,False,,japanese,,東,
2026-01-29 15:30:00,2026-01-29,97950,ステップ,2026年９月期第１四半期決算短信〔日本基準〕(非連結),https://www.release.tdnet.info/inbs/140120260127539000.pdf,True,,japanese,,東,https://www.release.tdnet.info/inbs/081220260127539000.zip
2026-01-29 15:30:00,2026-01-29,98850,シャルレ,特別損失（減損損失、倉庫閉鎖損失）の計上、業績予想及び配当予想の修正に関するお知らせ,https://www.release.tdnet.info/inbs/140120260127539307.pdf,True,,japanese,,東,https://www.release.tdnet.info/inbs/091220260127539307.zip
2026-01-29 15:30:00,2026-01-29,99690,ショクブン,2026年３月期第３四半期決算短信〔日本基準〕(非連結),https://www.release.tdnet.info/inbs/140120260129541442.pdf,True,,japanese,,東名,https://www.release.tdnet.info/inbs/081220260129541442.zip
2026-01-29 15:20:00,2026-01-29,80710,東海エレ,2026年３月期 第３四半期決算短信〔日本基準〕(連結),https://www.release.tdnet.info/inbs/140120260119535778.pdf,True,,japanese,,名,https://www.release.tdnet.info/inbs/081220260119535778.zip
2026-01-29 15:10:00,2026-01-29,66230,愛知電,2026年3月期 第3四半期決算短信〔日本基準〕（連結）,https://www.release.tdnet.info/inbs/140120260126538470.pdf,True,,japanese,,名,https://www.release.tdnet.info/inbs/081220260126538470.zip
2026-01-29 15:10:00,2026-01-29,66230,愛知電,通期連結業績予想の修正及び配当予想の修正に関するお知らせ,https://www.release.tdnet.info/inbs/140120260127538984.pdf,False,,japanese,,名,
2026-01-29 15:00:00,2026-01-29,45190,中外薬,エフ・ホフマン・ラ・ロシュの2025年度決算発表について,https://www.release.tdnet.info/inbs/140120260128540819.pdf,False,,japanese,,東,
2026-01-29 15:00:00,2026-01-29,50760,インフロニアＨＤ,会社分割（簡易吸収分割・略式吸収分割）による完全子会社（三井住友建設株式会社）の社債管理事業の承継に関するお知らせ,https://www.release.tdnet.info/inbs/140120260126538499.pdf,False,,japanese,,東,
2026-01-29 15:00:00,2026-01-29,61610,エスティック,2026年３月期 第３四半期決算短信〔日本基準〕（連結）,https://www.release.tdnet.info/inbs/140120260126538671.pdf,True,,japanese,,東,https://www.release.tdnet.info/inbs/081220260126538671.zip
2026-01-29 15:00:00,2026-01-29,63820,トリニ工,2026年３月期　第３四半期決算短信〔日本基準〕（連結）,https://www.release.tdnet.info/inbs/140120260116535095.pdf,True,,japanese,,東,https://www.release.tdnet.info/inbs/081220260116535095.zip
2026-01-29 15:00:00,2026-01-29,63820,トリニ工,業績予想及び配当予想の修正に関するお知らせ,https://www.release.tdnet.info/inbs/140120260127538926.pdf,False,,japanese,,東,
2026-01-29 15:00:00,2026-01-29,64670,ニチダイ,インドにおける合弁会社設立に関するお知らせ,https://www.release.tdnet.info/inbs/140120260129541751.pdf,False,,japanese,,東,
2026-01-29 15:00:00,2026-01-29,69230,スタンレー電,2026年３月期 第３四半期決算短信〔日本基準〕（連結）,https://www.release.tdnet.info/inbs/140120260127539527.pdf,True,,japanese,,東,https://www.release.tdnet.info/inbs/081220260127539527.zip
2026-01-29 15:00:00,2026-01-29,69230,スタンレー電,2026年3月期 第3四半期 決算補足説明資料,https://www.release.tdnet.info/inbs/140120260128539851.pdf,False,,japanese,,東,
2026-01-29 15:00:00,2026-01-29,69230,スタンレー電,岩崎電気株式会社の株式取得（子会社化）に関するお知らせ,https://www.release.tdnet.info/inbs/140120260129541623.pdf,False,,japanese,,東,
2026-01-29 15:00:00,2026-01-29,69230,スタンレー電,自己株式の取得状況および取得完了並びに自己株式の消却に関するお知らせ,https://www.release.tdnet.info/inbs/140120260123537339.pdf,False,,japanese,,東,
2026-01-29 15:00:00,2026-01-29,72050,日野自,2026年3月期第3四半期決算短信（日本基準）（連結）,https://www.release.tdnet.info/inbs/140120260129541025.pdf,True,,japanese,,東名,https://www.release.tdnet.info/inbs/081220260129541025.zip
2026-01-29 15:00:00,2026-01-29,72050,日野自,業績予想の修正に関するお知らせ,https://www.release.tdnet.info/inbs/140120260128540826.pdf,False,,japanese,,東名,
2026-01-29 15:00:00,2026-01-29,72050,日野自,代表取締役の異動に関するお知らせ,https://www.release.tdnet.info/inbs/140120260129540883.pdf,False,,japanese,,東名,
2026-01-29 15:00:00,2026-01-29,73800,十六ＦＧ,2026年3月期第3四半期決算短信〔日本基準〕(連結),https://www.release.tdnet.info/inbs/140120260129540911.pdf,True,,japanese,,東名,https://www.release.tdnet.info/inbs/081220260129540911.zip
2026-01-29 15:00:00,2026-01-29,73800,十六ＦＧ,株式分割および株式分割に伴う定款の一部変更ならびに株主優待制度の改定に関するお知らせ,https://www.release.tdnet.info/inbs/140120260126538668.pdf,False,,japanese,,東名,
2026-01-29 15:00:00,2026-01-29,79310,未来工業,2026年３月期 第３四半期決算短信〔日本基準〕（連結）,https://www.release.tdnet.info/inbs/140120260128540246.pdf,True,,japanese,,東名,https://www.release.tdnet.info/inbs/081220260128540246.zip
2026-01-29 15:00:00,2026-01-29,79470,エフピコ,2026年３月期 第３四半期決算短信〔日本基準〕（連結）,https://www.release.tdnet.info/inbs/140120260128540734.pdf,True,,japanese,,東,https://www.release.tdnet.info/inbs/081220260128540734.zip
2026-01-29 15:00:00,2026-01-29,83380,筑波銀行,2026年３月期第３四半期末の有価証券含み損に関するお知らせ,https://www.release.tdnet.info/inbs/140120260119535477.pdf,False,,japanese,,東,
2026-01-29 15:00:00,2026-01-29,83660,滋賀銀,2026年3月期 第3四半期決算短信〔日本基準〕（連結）,https://www.release.tdnet.info/inbs/140120260128540141.pdf,True,,japanese,,東,https://www.release.tdnet.info/inbs/081220260128540141.zip
2026-01-29 15:00:00,2026-01-29,83660,滋賀銀,自己株式取得に係る事項の決定に関するお知らせ,https://www.release.tdnet.info/inbs/140120260128540173.pdf,False,,japanese,,東,
2026-01-29 15:00:00,2026-01-29,83660,滋賀銀,自己株式の消却に関するお知らせ,https://www.release.tdnet.info/inbs/140120260128540219.pdf,False,,japanese,,東,
2026-01-29 15:00:00,2026-01-29,83660,滋賀銀,(開示事項の変更)「株式分割および株式分割に伴う定款の一部変更ならびに株主優待制度の変更に関するお知らせ」の一部変更に関するお知らせ,https://www.release.tdnet.info/inbs/140120260128540233.pdf,False,,japanese,,東,
2026-01-29 15:00:00,2026-01-29,87470,豊トラスティ証券,連結総資産の増加に関するお知らせ,https://www.release.tdnet.info/inbs/140120260129541326.pdf,False,,japanese,,東,
2026-01-29 15:00:00,2026-01-29,88640,空港施設,2026年3月期 第3四半期決算短信〔日本基準〕(連結),https://www.release.tdnet.info/inbs/140120260129541384.pdf,True,,japanese,,東,https://www.release.tdnet.info/inbs/081220260129541384.zip
2026-01-29 15:00:00,2026-01-29,95390,京葉瓦斯,業績予想の修正に関するお知らせ,https://www.release.tdnet.info/inbs/140120260123537540.pdf,True,,japanese,,東,https://www.release.tdnet.info/inbs/091220260123537540.zip
2026-01-29 15:00:00,2026-01-29,99910,ジェコス,2026年3月期 第3四半期決算短信〔日本基準〕(連結),https://www.release.tdnet.info/inbs/140120260128540837.pdf,True,,japanese,,東,https://www.release.tdnet.info/inbs/081220260128540837.zip
2026-01-29 15:00:00,2026-01-29,99910,ジェコス,2026年3月期通期連結業績予想の修正及び期末配当予想の修正（増配）に関するお知らせ,https://www.release.tdnet.info/inbs/140120260128540838.pdf,False,,japanese,,東,
2026-01-29 14:30:00,2026-01-29,28100,ハウス食Ｇ,自己株式の取得状況および取得終了に関するお知らせ,https://www.release.tdnet.info/inbs/140120260129541309.pdf,False,,japanese,,東,
2026-01-29 14:30:00,2026-01-29,35290,アツギ,2026年３月期 第３四半期決算短信〔日本基準〕（連結）,https://www.release.tdnet.info/inbs/140120260128540243.pdf,True,,japanese,,東,https://www.release.tdnet.info/inbs/081220260128540243.zip
2026-01-29 14:30:00,2026-01-29,35290,アツギ,通期連結業績予想の修正及び役員報酬減額の継続に関するお知らせ,https://www.release.tdnet.info/inbs/140120260128540254.pdf,False,,japanese,,東,
2026-01-29 14:30:00,2026-01-29,46230,アサヒペン,（訂正）「保土ヶ谷電子販売株式会社ならびに同社グループ３社株式の取得（子会社化）にむけた株式譲渡契約書の締結に関するお知らせ」の一部訂正について,https://www.release.tdnet.info/inbs/140120260129541549.pdf,False,,japanese,,東,
2026-01-29 14:00:00,2026-01-29,19610,三機工,代表取締役の異動に関するお知らせ,https://www.release.tdnet.info/inbs/140120260129541040.pdf,False,,japanese,,東,
2026-01-29 14:00:00,2026-01-29,19610,三機工,株式取得（持分法適用関連会社化）に関するお知らせ,https://www.release.tdnet.info/inbs/140120260129541140.pdf,False,,japanese,,東,
2026-01-29 14:00:00,2026-01-29,29980,Ｇ－クリアル,資金の借入に関するお知らせ,https://www.release.tdnet.info/inbs/140120260129541352.pdf,False,,japanese,,東,
2026-01-29 14:00:00,2026-01-29,34750,グッドコムアセット,当社グループの役員体制に関するお知らせ,https://www.release.tdnet.info/inbs/140120260129541517.pdf,False,,japanese,,東福,
2026-01-29 14:00:00,2026-01-29,34750,グッドコムアセット,譲渡制限付株式報酬としての自己株式の処分に関するお知らせ,https://www.release.tdnet.info/inbs/140120260129541519.pdf,False,,japanese,,東福,
2026-01-29 14:00:00,2026-01-29,38910,高度紙,2026年3月期 第3四半期決算短信〔日本基準〕（連結）,https://www.release.tdnet.info/inbs/140120260129540994.pdf,True,,japanese,,東,https://www.release.tdnet.info/inbs/081220260129540994.zip
2026-01-29 14:00:00,2026-01-29,38910,高度紙,監査役の辞任に関するお知らせ,https://www.release.tdnet.info/inbs/140120260129541433.pdf,False,,japanese,,東,
2026-01-29 14:00:00,2026-01-29,59420,日フイルコン,会計監査人の異動に関するお知らせ,https://www.release.tdnet.info/inbs/140120260129541180.pdf,False,,japanese,,東,
2026-01-29 14:00:00,2026-01-29,68880,アクモス,（開示事項の経過）株式会社システムズサービスの株式取得（子会社化）完了に関するお知らせ,https://www.release.tdnet.info/inbs/140120260129541260.pdf,False,,japanese,,東,
2026-01-29 14:00:00,2026-01-29,80530,住友商,代表取締役等の人事および機構改正に関するお知らせ,https://www.release.tdnet.info/inbs/140120260129541459.pdf,False,,japanese,,東,
2026-01-29 14:00:00,2026-01-29,85240,北洋銀行,業績予想の修正に関するお知らせ,https://www.release.tdnet.info/inbs/140120260126538049.pdf,True,,japanese,,東札,https://www.release.tdnet.info/inbs/091220260126538049.zip
2026-01-29 14:00:00,2026-01-29,85240,北洋銀行,自己株式取得に係る事項の決定に関するお知らせ,https://www.release.tdnet.info/inbs/140120260126538063.pdf,False,,japanese,,東札,
2026-01-29 14:00:00,2026-01-29,90440,南海電鉄,2026年3月期 第3四半期決算短信〔日本基準〕(連結),https://www.release.tdnet.info/inbs/140120260109531732.pdf,True,,japanese,,東,https://www.release.tdnet.info/inbs/081220260109531732.zip
2026-01-29 14:00:00,2026-01-29,90440,南海電鉄,2025年度 第3四半期 決算補足説明資料,https://www.release.tdnet.info/inbs/140120260127538996.pdf,False,,japanese,,東,
2026-01-29 14:00:00,2026-01-29,95340,北海瓦斯,2026年３月期　業績予想の修正に関するお知らせ,https://www.release.tdnet.info/inbs/140120260128540504.pdf,True,,japanese,,東札,https://www.release.tdnet.info/inbs/091220260128540504.zip
2026-01-29 14:00:00,2026-01-29,95340,北海瓦斯,2026年3月期　第3四半期決算短信〔日本基準〕（連結）,https://www.release.tdnet.info/inbs/140120260128540529.pdf,True,,japanese,,東札,https://www.release.tdnet.info/inbs/081220260128540529.zip
2026-01-29 13:45:00,2026-01-29,68580,小野測器,貸倒引当金繰入額計上に関するお知らせ,https://www.release.tdnet.info/inbs/140120260129541206.pdf,False,,japanese,,東,
2026-01-29 13:45:00,2026-01-29,68580,小野測器,自己株式取得（取得枠の設定）に係る事項の決定に関するお知らせ,https://www.release.tdnet.info/inbs/140120260129541367.pdf,False,,japanese,,東,
2026-01-29 13:45:00,2026-01-29,68580,小野測器,剰余金の配当（増配）に関するお知らせ,https://www.release.tdnet.info/inbs/140120260129541159.pdf,False,,japanese,,東,
2026-01-29 13:45:00,2026-01-29,68580,小野測器,2025年12月期決算短信〔日本基準〕(連結),https://www.release.tdnet.info/inbs/140120260129541413.pdf,True,,japanese,,東,https://www.release.tdnet.info/inbs/081220260129541413.zip
2026-01-29 13:30:00,2026-01-29,40230,クレハ,代表取締役の異動に関するお知らせ,https://www.release.tdnet.info/inbs/140120260129541357.pdf,False,,japanese,,東,
2026-01-29 13:30:00,2026-01-29,74630,アドヴァングループ,自己株式の市場買付及び取得終了に関するお知らせ,https://www.release.tdnet.info/inbs/140120260129541436.pdf,False,,japanese,,東,
2026-01-29 13:20:00,2026-01-29,86220,水戸証,2026年３月期第３四半期決算短信〔日本基準〕(非連結),https://www.release.tdnet.info/inbs/140120260128540388.pdf,True,,japanese,,東,https://www.release.tdnet.info/inbs/081220260128540388.zip
2026-01-29 13:00:00,2026-01-29,17770,川崎設備,2026年３月期 第３四半期決算短信〔日本基準〕(非連結),https://www.release.tdnet.info/inbs/140120260128540248.pdf,True,,japanese,,名,https://www.release.tdnet.info/inbs/081220260128540248.zip
2026-01-29 13:00:00,2026-01-29,17770,川崎設備,2026年３月期 第３四半期決算参考資料,https://www.release.tdnet.info/inbs/140120260128540354.pdf,False,,japanese,,名,
2026-01-29 13:00:00,2026-01-29,17770,川崎設備,2026年３月期通期業績予想の修正に関するお知らせ,https://www.release.tdnet.info/inbs/140120260128540383.pdf,False,,japanese,,名,
2026-01-29 13:00:00,2026-01-29,19420,関電工,2026年3月期 第3四半期決算短信〔日本基準〕（連結）,https://www.release.tdnet.info/inbs/140120260115534527.pdf,True,,japanese,,東,https://www.release.tdnet.info/inbs/081220260115534527.zip
2026-01-29 13:00:00,2026-01-29,19420,関電工,業績予想及び配当予想の修正に関するお知らせ,https://www.release.tdnet.info/inbs/140120260128540577.pdf,True,,japanese,,東,https://www.release.tdnet.info/inbs/091220260128540577.zip
2026-01-29 13:00:00,2026-01-29,19420,関電工,当社子会社（川崎設備工業株式会社）の2026年3月期業績予想の修正に関するお知らせ,https://www.release.tdnet.info/inbs/140120260127539537.pdf,False,,japanese,,東,
2026-01-29 13:00:00,2026-01-29,27370,トーメンデバ,2026年３月期 第３四半期決算短信〔日本基準〕（連結）,https://www.release.tdnet.info/inbs/140120260129540882.pdf,True,,japanese,,東,https://www.release.tdnet.info/inbs/081220260129540882.zip
2026-01-29 13:00:00,2026-01-29,27370,トーメンデバ,業績予想および配当予想の修正（増配）に関するお知らせ,https://www.release.tdnet.info/inbs/140120260129540885.pdf,False,,japanese,,東,
2026-01-29 13:00:00,2026-01-29,39120,モバファク,2025年12月期決算短信〔日本基準〕(連結),https://www.release.tdnet.info/inbs/140120260128540426.pdf,True,,japanese,,東,https://www.release.tdnet.info/inbs/081220260128540426.zip
2026-01-29 13:00:00,2026-01-29,39120,モバファク,2025年12月期　通期決算説明資料,https://www.release.tdnet.info/inbs/140120260128540436.pdf,False,,japanese,,東,
2026-01-29 13:00:00,2026-01-29,39120,モバファク,個別業績の前期実績との差異及び配当予想の修正（増配）に関するお知らせ,https://www.release.tdnet.info/inbs/140120260128540442.pdf,False,,japanese,,東,
2026-01-29 13:00:00,2026-01-29,39120,モバファク,自己株式取得に係る事項の決定及び自己株式の消却に関するお知らせ,https://www.release.tdnet.info/inbs/140120260128540440.pdf,False,,japanese,,東,
2026-01-29 13:00:00,2026-01-29,43450,シーティーエス,2026年３月期  第３四半期決算短信〔日本基準〕（連結）,https://www.release.tdnet.info/inbs/140120260128539726.pdf,True,,japanese,,東,https://www.release.tdnet.info/inbs/081220260128539726.zip
2026-01-29 13:00:00,2026-01-29,43450,シーティーエス,2026年３月期 第３四半期決算説明資料,https://www.release.tdnet.info/inbs/140120260128539778.pdf,False,,japanese,,東,
2026-01-29 13:00:00,2026-01-29,46250,アトミクス,本社移転に関するお知らせ,https://www.release.tdnet.info/inbs/140120260128540298.pdf,False,,japanese,,東,
2026-01-29 13:00:00,2026-01-29,63560,日ギア,2026年３月期　第３四半期決算短信〔日本基準〕（非連結）,https://www.release.tdnet.info/inbs/140120260129540878.pdf,True,,japanese,,東,https://www.release.tdnet.info/inbs/081220260129540878.zip
2026-01-29 13:00:00,2026-01-29,91150,明海グループ,2026年３月期　第３四半期決算短信〔日本基準〕（連結）,https://www.release.tdnet.info/inbs/140120260128540114.pdf,True,,japanese,,東,https://www.release.tdnet.info/inbs/081220260128540114.zip
2026-01-29 13:00:00,2026-01-29,99140,植松商会,役員の異動に関するお知らせ,https://www.release.tdnet.info/inbs/140120260129541023.pdf,False,,japanese,,東名,
2026-01-29 12:45:00,2026-01-29,86240,いちよし,2026年３月期　第３四半期決算短信[日本基準]（連結）,https://www.release.tdnet.info/inbs/140120260127539530.pdf,True,,japanese,,東,https://www.release.tdnet.info/inbs/081220260127539530.zip
2026-01-29 12:45:00,2026-01-29,86240,いちよし,2026年３月期第３四半期決算説明資料,https://www.release.tdnet.info/inbs/140120260128540075.pdf,False,,japanese,,東,
2026-01-29 12:30:00,2026-01-29,75700,橋本総業ＨＤ,2026年３月期 第３四半期決算短信〔日本基準〕（連結）,https://www.release.tdnet.info/inbs/140120260129540902.pdf,True,,japanese,,東,https://www.release.tdnet.info/inbs/081220260129540902.zip
2026-01-29 12:30:00,2026-01-29,75700,橋本総業ＨＤ,完全子会社間の会社分割（簡易吸収分割）に関するお知らせ,https://www.release.tdnet.info/inbs/140120260127539076.pdf,False,,japanese,,東,
2026-01-29 12:30:00,2026-01-29,76030,ジーイエット,株式会社コーエンの株式の取得（子会社化）に関するお知らせ,https://www.release.tdnet.info/inbs/140120260129541111.pdf,False,,japanese,,東,
2026-01-29 12:30:00,2026-01-29,76060,Ｕアローズ,連結子会社の異動（株式譲渡）に関する株式譲渡契約締結のお知らせ,https://www.release.tdnet.info/inbs/140120260128540322.pdf,False,,japanese,,東,
2026-01-29 12:30:00,2026-01-29,87050,日産証券グループ,法人税等調整額の計上及び2026年３月期第３四半期の連結業績見通しに関するお知らせ,https://www.release.tdnet.info/inbs/140120260115534506.pdf,True,,japanese,,東,https://www.release.tdnet.info/inbs/091220260115534506.zip
2026-01-29 12:20:00,2026-01-29,30700,Ｇ－ジェリービーンズ,系統蓄電所向けの蓄電池の受注契約締結に関するお知らせ,https://www.release.tdnet.info/inbs/140120260129541365.pdf,False,,japanese,,東,
2026-01-29 12:00:00,2026-01-29,13264,Ｅ－ワールド,SPDRゴールド・シェアに関する日々の開示事項,https://www.release.tdnet.info/inbs/140120260129541293.pdf,False,,japanese,,東,
2026-01-29 12:00:00,2026-01-29,29970,Ｇ－ストレージ王,販売用不動産の売却並びに借入金の返済に関するお知らせ,https://www.release.tdnet.info/inbs/140120260129541240.pdf,False,,japanese,,東,
2026-01-29 12:00:00,2026-01-29,40990,四国化成ＨＤ,2025年12月期　決算短信［日本基準］(連結),https://www.release.tdnet.info/inbs/140120260128539715.pdf,True,,japanese,,東,https://www.release.tdnet.info/inbs/081220260128539715.zip
2026-01-29 12:00:00,2026-01-29,40990,四国化成ＨＤ,2025年12月期　決算補足説明資料,https://www.release.tdnet.info/inbs/140120260128539731.pdf,False,,japanese,,東,
2026-01-29 12:00:00,2026-01-29,40990,四国化成ＨＤ,当社株式の大量買付行為への対応策（買収防衛策）の非継続（廃止）および定款一部変更に関するお知らせ,https://www.release.tdnet.info/inbs/140120260128539734.pdf,False,,japanese,,東,
2026-01-29 12:00:00,2026-01-29,66780,テクノメディカ,主要株主の異動に関するお知らせ,https://www.release.tdnet.info/inbs/140120260129541046.pdf,False,,japanese,,東,
2026-01-29 12:00:00,2026-01-29,86130,丸三証,2026年3月期 第3四半期決算短信〔日本基準〕（非連結）,https://www.release.tdnet.info/inbs/140120260127539287.pdf,True,,japanese,,東,https://www.release.tdnet.info/inbs/081220260127539287.zip
2026-01-29 12:00:00,2026-01-29,86970,ＪＰＸ,2026年３月期 第３四半期決算短信〔ＩＦＲＳ〕（連結）,https://www.release.tdnet.info/inbs/140120260128540835.pdf,True,,japanese,,東,https://www.release.tdnet.info/inbs/081220260128540835.zip
2026-01-29 12:00:00,2026-01-29,86970,ＪＰＸ,2025年度 第３四半期決算の概要,https://www.release.tdnet.info/inbs/140120260128540842.pdf,False,,japanese,,東,
2026-01-29 11:58:00,2026-01-29,77510,キヤノン,代表取締役の異動に関するお知らせ,https://www.release.tdnet.info/inbs/140120260129541057.pdf,False,,japanese,,東名札福,
2026-01-29 11:55:00,2026-01-29,13494,Ｅ－ＳＳＧＡ－ＳＩＮ,アジア国債・公債ＥＴＦ（正式名称：ＡＢＦ汎アジア債券インデックス・ファンド）に関する日々の開示事項,https://www.release.tdnet.info/inbs/140120260129541272.pdf,False,,japanese,,東,
2026-01-29 11:50:00,2026-01-29,15574,Ｅ－ＳＳＧＡＴＣ,State Street SPDR S&P500 ETFに関する日々の開示事項,https://www.release.tdnet.info/inbs/140120260129541284.pdf,False,,japanese,,東,
2026-01-29 11:30:00,2026-01-29,20704,Ｎ－三菱ＵＦＪ証ＨＤ,上場ETN（発行者：三菱UFJ証券ホールディングス株式会社）に関する日々の開示事項,https://www.release.tdnet.info/inbs/140120260129541043.pdf,False,,japanese,,東,
2026-01-29 11:30:00,2026-01-29,30030,ヒューリック,2025年12月期決算短信〔日本基準〕(連結),https://www.release.tdnet.info/inbs/140120260128539955.pdf,True,,japanese,,東,https://www.release.tdnet.info/inbs/081220260128539955.zip
2026-01-29 11:30:00,2026-01-29,30030,ヒューリック,剰余金の期末配当に関するお知らせ,https://www.release.tdnet.info/inbs/140120260128540799.pdf,False,,japanese,,東,
2026-01-29 11:30:00,2026-01-29,30030,ヒューリック,新中長期経営計画（2026-2036)の策定と公表予定に関するお知らせ,https://www.release.tdnet.info/inbs/140120260128540810.pdf,False,,japanese,,東,
2026-01-29 11:30:00,2026-01-29,30030,ヒューリック,人事異動に関するお知らせ,https://www.release.tdnet.info/inbs/140120260128540813.pdf,False,,japanese,,東,
2026-01-29 11:30:00,2026-01-29,30030,ヒューリック,財務上の特約が付された金銭消費貸借契約の締結について,https://www.release.tdnet.info/inbs/140120260128540815.pdf,False,,japanese,,東,
2026-01-29 11:30:00,2026-01-29,58340,Ｇ－ＳＢＩリーシング,2026年３月期通期連結業績予想の修正に関するお知らせ,https://www.release.tdnet.info/inbs/140120260128540693.pdf,False,,japanese,,東,
2026-01-29 11:30:00,2026-01-29,58340,Ｇ－ＳＢＩリーシング,期末配当予想の決定に関するお知らせ,https://www.release.tdnet.info/inbs/140120260128540709.pdf,False,,japanese,,東,
2026-01-29 11:30:00,2026-01-29,58340,Ｇ－ＳＢＩリーシング,株式分割及び株式分割に伴う定款の一部変更に関するお知らせ,https://www.release.tdnet.info/inbs/140120260128540717.pdf,False,,japanese,,東,
2026-01-29 11:30:00,2026-01-29,58340,Ｇ－ＳＢＩリーシング,販売用航空機購入のお知らせ,https://www.release.tdnet.info/inbs/140120260128540318.pdf,False,,japanese,,東,
2026-01-29 11:30:00,2026-01-29,58340,Ｇ－ＳＢＩリーシング,2026年３月期　第３四半期決算短信〔日本基準〕（連結）,https://www.release.tdnet.info/inbs/140120260128540560.pdf,True,,japanese,,東,https://www.release.tdnet.info/inbs/081220260128540560.zip
2026-01-29 11:30:00,2026-01-29,58340,Ｇ－ＳＢＩリーシング,2026年３月期　第３四半期決算説明資料,https://www.release.tdnet.info/inbs/140120260129541133.pdf,False,,japanese,,東,
2026-01-29 11:30:00,2026-01-29,69470,図研,自己株式の取得状況及び取得終了に関するお知らせ,https://www.release.tdnet.info/inbs/140120260128540334.pdf,False,,japanese,,東,
2026-01-29 11:30:00,2026-01-29,73260,Ｇ－ＳＢＩインシュ,2026年３月期第３四半期連結累計期間の決算速報のお知らせ,https://www.release.tdnet.info/inbs/140120260128540238.pdf,True,,japanese,,東,https://www.release.tdnet.info/inbs/091220260128540238.zip
2026-01-29 11:30:00,2026-01-29,73260,Ｇ－ＳＢＩインシュ,2026年３月期 通期連結業績予想の修正（上方修正）および期末配当予想の修正（増配）に関するお知らせ,https://www.release.tdnet.info/inbs/140120260128540261.pdf,True,,japanese,,東,https://www.release.tdnet.info/inbs/091220260128540261.zip
2026-01-29 11:30:00,2026-01-29,86090,岡三,2026年3月期 第3四半期決算短信〔日本基準〕（連結）,https://www.release.tdnet.info/inbs/140120260126538747.pdf,True,,japanese,,東名,https://www.release.tdnet.info/inbs/081220260126538747.zip
2026-01-29 11:30:00,2026-01-29,93680,キムラユニティー,2026年3月期 第3四半期決算短信〔日本基準〕（連結）,https://www.release.tdnet.info/inbs/140120260122537155.pdf,True,,japanese,,東名,https://www.release.tdnet.info/inbs/081220260122537155.zip
2026-01-29 11:30:00,2026-01-29,93680,キムラユニティー,代表取締役の異動（社長交代）及び監査等委員会設置会社への移行に伴う役員異動に関するお知らせ,https://www.release.tdnet.info/inbs/140120260129541001.pdf,False,,japanese,,東名,
2026-01-29 11:30:00,2026-01-29,94440,トーシンＨＤ,（経過開示）子会社監査役による子会社取締役の行為の差止仮処分命令申立ての取下げに関するお知らせ,https://www.release.tdnet.info/inbs/140120260129541287.pdf,False,,japanese,,東,
2026-01-29 11:30:00,2026-01-29,97440,メイテックＧＨＤ,2026年３月期 第３四半期決算短信〔日本基準〕（連結）,https://www.release.tdnet.info/inbs/140120260128540109.pdf,True,,japanese,,東,https://www.release.tdnet.info/inbs/081220260128540109.zip
2026-01-29 11:30:00,2026-01-29,97440,メイテックＧＨＤ,2026年3月期第3四半期 決算説明資料,https://www.release.tdnet.info/inbs/140120260128540128.pdf,False,,japanese,,東,
2026-01-29 11:10:00,2026-01-29,15624,Ｅ－三井住友ＤＳＡＭ,上場ＥＴＦ（管理会社：三井住友DSアセットマネジメント）に関する日々の開示事項,https://www.release.tdnet.info/inbs/140120260129541183.pdf,False,,japanese,,東,
2026-01-29 11:00:00,2026-01-29,65160,山洋電気,2026年3月期 第3四半期決算短信〔IFRS〕(連結),https://www.release.tdnet.info/inbs/140120260128539930.pdf,True,,japanese,,東,https://www.release.tdnet.info/inbs/081220260128539930.zip
2026-01-29 11:00:00,2026-01-29,79880,ニフコ,自己株式の取得状況および取得終了に関するお知らせ（会社法第165条第２項の規定による定款の定めに基づく自己株式の取得）,https://www.release.tdnet.info/inbs/140120260129541171.pdf,False,,japanese,,東,
2026-01-29 10:00:00,2026-01-29,16714,Ｅ－シンプレクス,上場ＥＴＦ(管理会社：シンプレクス・アセット・マネジメント)に関する日々の開示事項,https://www.release.tdnet.info/inbs/140120260129540951.pdf,False,,japanese,,東,
2026-01-29 10:00:00,2026-01-29,23910,プラネット,自己株式立会外買付取引（ToSTNeT-3）による自己株式の取得結果及び取得終了に関するお知らせ,https://www.release.tdnet.info/inbs/140120260129540937.pdf,False,,japanese,,東,
2026-01-29 10:00:00,2026-01-29,48880,Ｇ－ステラファーマ,学校法人大阪医科薬科大学、住友重機械工業株式会社とのBNCTの治験に係る契約締結に関するお知らせ,https://www.release.tdnet.info/inbs/140120260129540894.pdf,False,,japanese,,東,
2026-01-29 10:00:00,2026-01-29,72990,フジオーゼ,自己株式立会外買付取引（ToSTNeT-3）による自己株式の取得結果および取得終了に関するお知らせ,https://www.release.tdnet.info/inbs/140120260129540959.pdf,False,,japanese,,東,
2026-01-29 10:00:00,2026-01-29,75850,かんなん,上場維持基準への適合に関するお知らせ,https://www.release.tdnet.info/inbs/140120260129540957.pdf,False,,japanese,,東,
2026-01-29 09:45:00,2026-01-29,13294,Ｅ－ブラックロック,上場ETF（管理会社：ブラックロック・ジャパン）に関する日々の開示事項,https://www.release.tdnet.info/inbs/140120260129540964.pdf,False,,japanese,,東,
2026-01-29 09:30:00,2026-01-29,16724,Ｅ－ＷｉｓｄｏｍＴｒ,上場ETF（管理会社：WisdomTree、外国投資法人：CSL）に関する日々の開示事項,https://www.release.tdnet.info/inbs/140120260127538915.pdf,False,,japanese,,東,
2026-01-29 09:00:00,2026-01-29,16724,Ｅ－ＷｉｓｄｏｍＴｒ,上場ETF（管理会社：WisdomTree、外国投資法人：MSL）に関する日々の開示事項,https://www.release.tdnet.info/inbs/140120260127538917.pdf,False,,japanese,,東,
2026-01-29 09:00:00,2026-01-29,29820,ＡＤワークスグループ,プライム市場上場維持基準への適合に関するお知らせ,https://www.release.tdnet.info/inbs/140120260128540706.pdf,False,,japanese,,東,
2026-01-29 09:00:00,2026-01-29,49170,マンダム,（変更）「ＭＢＯの実施に関する賛同の意見表明及び応募の推奨に関するお知らせ」の一部変更に関するお知らせ,https://www.release.tdnet.info/inbs/140120260129540862.pdf,False,,japanese,,東,
2026-01-29 08:30:00,2026-01-29,42620,Ｇ－ニフティライフ,2026年３月期　第３四半期決算短信〔日本基準〕（連結）,https://www.release.tdnet.info/inbs/140120260128540784.pdf,True,,japanese,,東,https://www.release.tdnet.info/inbs/081220260128540784.zip
2026-01-29 08:30:00,2026-01-29,42620,Ｇ－ニフティライフ,2026年3月期　第３四半期決算説明資料,https://www.release.tdnet.info/inbs/140120260128540822.pdf,False,,japanese,,東,
2026-01-29 08:30:00,2026-01-29,74190,ノジマ,2026年３月期第３四半期決算短信〔日本基準〕(連結),https://www.release.tdnet.info/inbs/140120260127539616.pdf,True,,japanese,,東,https://www.release.tdnet.info/inbs/081220260127539616.zip
2026-01-30 22:00:00,2026-01-30,41510,協和キリン,ロカチンリマブの開発・販売に関する権利の再取得に関するお知らせ,https://www.release.tdnet.info/inbs/140120260130542726.pdf,False,,japanese,,東,
2026-01-30 20:10:00,2026-01-30,40880,エア・ウォーター,取締役の異動に関するお知らせ,https://www.release.tdnet.info/inbs/140120260130543461.pdf,False,,japanese,,東札,
2026-01-30 19:30:00,2026-01-30,46900,日パレット,期末配当予想の修正（無配）に関するお知らせ.,https://www.release.tdnet.info/inbs/140120260130543310.pdf,False,,japanese,,東,
2026-01-30 19:30:00,2026-01-30,46900,日パレット,2026年３月期　第３四半期決算短信〔日本基準〕（非連結）,https://www.release.tdnet.info/inbs/140120260122537248.pdf,True,,japanese,,東,https://www.release.tdnet.info/inbs/081220260122537248.zip
2026-01-30 19:30:00,2026-01-30,46900,日パレット,日本パレットレンタル株式会社による日本パレットプール株式会社（証券コード：4690）株券等に対する公開買付けの開始に関するお知らせ,https://www.release.tdnet.info/inbs/140120260130543999.pdf,False,,japanese,,東,
2026-01-30 19:30:00,2026-01-30,46900,日パレット,日本パレットレンタル株式会社による当社株券等に対する公開買付けに関する賛同の意見表明及び応募推奨のお知らせ,https://www.release.tdnet.info/inbs/140120260130544018.pdf,False,,japanese,,東,
2026-01-30 18:45:00,2026-01-30,93270,イー・ロジット,「第三者割当による新株式及び第８回新株予約権（行使価額修正条項付）の発行（中略）に関するお知らせ」の一部変更（発行条件等の変更・主要株主の異動の取消）,https://www.release.tdnet.info/inbs/140120260130543956.pdf,False,,japanese,,東,
2026-01-30 18:40:00,2026-01-30,60460,Ｇ－リンクバル,譲渡制限付株式報酬としての自己株式処分の払込完了に関するお知らせ,https://www.release.tdnet.info/inbs/140120260130543993.pdf,False,,japanese,,東,
2026-01-30 18:00:00,2026-01-30,18790,新日本建,執行役員人事に関するお知らせ,https://www.release.tdnet.info/inbs/140120260129541218.pdf,False,,japanese,,東,
2026-01-30 18:00:00,2026-01-30,23340,Ｇ－イオレ,AIデータセンター事業に関する戦略的協業検討のための覚書締結についてのお知らせ,https://www.release.tdnet.info/inbs/140120260130543968.pdf,False,,japanese,,東,
2026-01-30 18:00:00,2026-01-30,78310,ウイルコＨＤ,東京証券取引所による特別注意銘柄の指定継続（経過観察）についてのお知らせ,https://www.release.tdnet.info/inbs/140120260130543928.pdf,False,,japanese,,東,
2026-01-30 17:50:00,2026-01-30,73630,Ｇ－ベビーカレンダー,前CFOによる広告収益入金に係る不正疑義及び特別調査委員会の設置に関するお知らせ,https://www.release.tdnet.info/inbs/140120260130543934.pdf,False,,japanese,,東,
2026-01-30 17:45:00,2026-01-30,20310,ハンセンブル,2026年３月期 第3四半期決算短信,https://www.release.tdnet.info/inbs/140120260130543895.pdf,False,,japanese,,東,
2026-01-30 17:45:00,2026-01-30,20320,ハンセンベア,2026年３月期 第3四半期決算短信,https://www.release.tdnet.info/inbs/140120260130543896.pdf,False,,japanese,,東,
2026-01-30 17:45:00,2026-01-30,20330,ＫＯＳＰＩブル,2026年３月期 第3四半期決算短信,https://www.release.tdnet.info/inbs/140120260130543897.pdf,False,,japanese,,東,
2026-01-30 17:45:00,2026-01-30,20340,ＫＯＳＰＩベア,2026年３月期 第3四半期決算短信,https://www.release.tdnet.info/inbs/140120260130543898.pdf,False,,japanese,,東,
2026-01-30 17:45:00,2026-01-30,20360,金先物ダブルブル,2026年３月期 第3四半期決算短信,https://www.release.tdnet.info/inbs/140120260130543899.pdf,False,,japanese,,東,
2026-01-30 17:45:00,2026-01-30,20370,金先物ベア,2026年３月期 第3四半期決算短信,https://www.release.tdnet.info/inbs/140120260130543900.pdf,False,,japanese,,東,
2026-01-30 17:45:00,2026-01-30,20380,ドバイ原油先物ブル,2026年３月期 第3四半期決算短信,https://www.release.tdnet.info/inbs/140120260130543901.pdf,False,,japanese,,東,
2026-01-30 17:45:00,2026-01-30,20390,ドバイ原油先物ベア,2026年３月期 第3四半期決算短信,https://www.release.tdnet.info/inbs/140120260130543902.pdf,False,,japanese,,東,
2026-01-30 17:45:00,2026-01-30,20400,ＮＹダウブルＥＴＮ,2026年３月期 第3四半期決算短信,https://www.release.tdnet.info/inbs/140120260130543903.pdf,False,,japanese,,東,
2026-01-30 17:45:00,2026-01-30,20410,ＮＹダウベアＥＴＮ,2026年３月期 第3四半期決算短信,https://www.release.tdnet.info/inbs/140120260130543904.pdf,False,,japanese,,東,
2026-01-30 17:45:00,2026-01-30,20420,グロース２５０ＥＴＮ,2026年３月期 第3四半期決算短信,https://www.release.tdnet.info/inbs/140120260130543905.pdf,False,,japanese,,東,
2026-01-30 17:45:00,2026-01-30,20430,アセアン５０ＥＴＮ,2026年３月期 第3四半期決算短信,https://www.release.tdnet.info/inbs/140120260130543906.pdf,False,,japanese,,東,
2026-01-30 17:45:00,2026-01-30,20440,米国配当貴族ＥＴＮ,2026年３月期 第3四半期決算短信,https://www.release.tdnet.info/inbs/140120260130543907.pdf,False,,japanese,,東,
2026-01-30 17:45:00,2026-01-30,20450,シンガポールリート,2026年３月期 第3四半期決算短信,https://www.release.tdnet.info/inbs/140120260130543908.pdf,False,,japanese,,東,
2026-01-30 17:45:00,2026-01-30,20460,インドブルＥＴＮ,2026年３月期 第3四半期決算短信,https://www.release.tdnet.info/inbs/140120260130543909.pdf,False,,japanese,,東,
2026-01-30 17:45:00,2026-01-30,20470,インドベアＥＴＮ,2026年３月期 第3四半期決算短信,https://www.release.tdnet.info/inbs/140120260130543910.pdf,False,,japanese,,東,
2026-01-30 17:45:00,2026-01-30,20480,高配株＄ヘッジＥＴＮ,2026年３月期 第3四半期決算短信,https://www.release.tdnet.info/inbs/140120260130543911.pdf,False,,japanese,,東,
2026-01-30 17:45:00,2026-01-30,20500,ニッチトップ中小型,2026年３月期 第3四半期決算短信,https://www.release.tdnet.info/inbs/140120260130543912.pdf,False,,japanese,,東,
2026-01-30 17:45:00,2026-01-30,20650,日本株配当貴族ＥＴＮ,2026年３月期 第3四半期決算短信,https://www.release.tdnet.info/inbs/140120260130543913.pdf,False,,japanese,,東,
2026-01-30 17:45:00,2026-01-30,20660,東証リートＥＴＮ,2026年３月期 第3四半期決算短信,https://www.release.tdnet.info/inbs/140120260130543914.pdf,False,,japanese,,東,
2026-01-30 17:45:00,2026-01-30,20670,野村ＡＩ７０ＥＴＮ,2026年３月期 第3四半期決算短信,https://www.release.tdnet.info/inbs/140120260130543915.pdf,False,,japanese,,東,
2026-01-30 17:45:00,2026-01-30,20680,高ベータ３０ＥＴＮ,2026年３月期 第3四半期決算短信,https://www.release.tdnet.info/inbs/140120260130543916.pdf,False,,japanese,,東,
2026-01-30 17:45:00,2026-01-30,20690,低ベータ５０ＥＴＮ,2026年３月期 第3四半期決算短信,https://www.release.tdnet.info/inbs/140120260130543917.pdf,False,,japanese,,東,
2026-01-30 17:40:00,2026-01-30,23750,ギグワークス,取締役の管掌変更に関するお知らせ,https://www.release.tdnet.info/inbs/140120260130543882.pdf,False,,japanese,,東,
2026-01-30 17:30:00,2026-01-30,33500,メタプラネット,クレジット・ファシリティ契約に基づく借入実行及び資金使途変更に関するお知らせ,https://www.release.tdnet.info/inbs/140120260130543868.pdf,False,,japanese,,東,
2026-01-30 17:30:00,2026-01-30,49310,新日本製薬,従業員に対する株式報酬としての自己株式の処分の払込完了に関するお知らせ,https://www.release.tdnet.info/inbs/140120260130543418.pdf,False,,japanese,,東,
2026-01-30 17:30:00,2026-01-30,87460,ｕｎｂａｎｋｅｄ,回収遅延取引に関する監査等委員会による外部弁護士への調査委嘱（調査委員会の設置）に関するお知らせ,https://www.release.tdnet.info/inbs/140120260130543838.pdf,False,,japanese,,東,
2026-01-30 17:30:00,2026-01-30,87460,ｕｎｂａｎｋｅｄ,株主による臨時株主総会の招集請求に関するお知らせ,https://www.release.tdnet.info/inbs/140120260130543815.pdf,False,,japanese,,東,
2026-01-30 17:15:00,2026-01-30,17730,ＹＴＬ,半期報告書の提出期限延長に関する書面の提出のお知らせ,https://www.release.tdnet.info/inbs/140120260128540253.pdf,False,,japanese,,東,
2026-01-30 17:15:00,2026-01-30,61350,牧野フライス,MMホールディングス株式会社による株式会社牧野フライス製作所株式（証券コード：6135）に対する公開買付けの実施に向けた進捗状況等のお知らせ,https://www.release.tdnet.info/inbs/140120260129542186.pdf,False,,japanese,,東,
2026-01-30 17:05:00,2026-01-30,94440,トーシンＨＤ,（経過開示）固定資産の譲渡完了に関するお知らせ,https://www.release.tdnet.info/inbs/140120260130543825.pdf,False,,japanese,,東,
2026-01-30 17:00:00,2026-01-30,24100,キャリアＤＣ,譲渡制限付株式報酬としての自己株式処分の払込完了に関するお知らせ,https://www.release.tdnet.info/inbs/140120260129542188.pdf,False,,japanese,,東,
2026-01-30 17:00:00,2026-01-30,31990,綿半ホールディングス,自己株式の取得及び自己株式立会外買付取引（ToSTNeT-3）による自己株式の買付けに関するお知らせ,https://www.release.tdnet.info/inbs/140120260130542481.pdf,False,,japanese,,東,
2026-01-30 17:00:00,2026-01-30,31990,綿半ホールディングス,2026年３月期 第３四半期 決算短信〔日本基準〕(連結),https://www.release.tdnet.info/inbs/140120260130542464.pdf,True,,japanese,,東,https://www.release.tdnet.info/inbs/081220260130542464.zip
2026-01-30 17:00:00,2026-01-30,34540,ファーストブラザーズ,連結子会社における固定資産の譲渡及び特別利益の計上に関するお知らせ,https://www.release.tdnet.info/inbs/140120260130543643.pdf,False,,japanese,,東,
2026-01-30 17:00:00,2026-01-30,39270,Ｇ－フーバーブレイン,東京証券取引所スタンダード市場への市場区分変更承認に関するお知らせ,https://www.release.tdnet.info/inbs/140120260130543807.pdf,False,,japanese,,東,
2026-01-30 17:00:00,2026-01-30,44150,Ｇ－ブロードエンター,2025年12月期 第３四半期 機関投資家QA,https://www.release.tdnet.info/inbs/140120260130543839.pdf,False,,japanese,,東,
2026-01-30 17:00:00,2026-01-30,45680,第一三共,当社と完全子会社である第一三共ビジネスアソシエの吸収合併（簡易合併・略式合併）に係る基本方針決定に関するお知らせ,https://www.release.tdnet.info/inbs/140120260130543454.pdf,False,,japanese,,東,
2026-01-30 17:00:00,2026-01-30,46840,オービック,譲渡制限付株式報酬としての自己株式の処分の払込完了に関するお知らせ,https://www.release.tdnet.info/inbs/140120260127539585.pdf,False,,japanese,,東,
2026-01-30 17:00:00,2026-01-30,48130,ＡＣＣＥＳＳ,改善計画・状況報告書の公表に関するお知らせ,https://www.release.tdnet.info/inbs/140120260130543819.pdf,False,,japanese,,東,
2026-01-30 17:00:00,2026-01-30,48130,ＡＣＣＥＳＳ,2026年１月期通期連結業績予想の修正（取り下げ）に関するお知らせ,https://www.release.tdnet.info/inbs/140120260130543700.pdf,True,,japanese,,東,https://www.release.tdnet.info/inbs/091220260130543700.zip
2026-01-30 17:00:00,2026-01-30,50310,Ｇ－モイ,（開示事項の経過）協議事項の解決とこれに伴う特別損失の計上に関するお知らせ,https://www.release.tdnet.info/inbs/140120260130543323.pdf,False,,japanese,,東,
2026-01-30 17:00:00,2026-01-30,51290,Ｇ－ＦＩＸＥＲ,（開示事項の経過）「話せるメディカル株式会社」の株式取得時期の変更に関するお知らせ,https://www.release.tdnet.info/inbs/140120260130543788.pdf,False,,japanese,,東,
2026-01-30 17:00:00,2026-01-30,67210,ウインテスト,役員人事に関するお知らせ,https://www.release.tdnet.info/inbs/140120260130543091.pdf,False,,japanese,,東,
2026-01-30 17:00:00,2026-01-30,77710,日本精密,第三者割当による新株式の発行に関するお知らせ,https://www.release.tdnet.info/inbs/140120260128539720.pdf,False,,japanese,,東,
2026-01-30 17:00:00,2026-01-30,77710,日本精密,〈補足資料〉 第三者割当による新株式の発行について,https://www.release.tdnet.info/inbs/140120260130542971.pdf,False,,japanese,,東,
2026-01-30 17:00:00,2026-01-30,77900,バルコス,マツオインターナショナル株式会社および松尾産業株式会社へのスポンサー支援に関する交渉の進捗状況のお知らせ,https://www.release.tdnet.info/inbs/140120260130543841.pdf,False,,japanese,,名,
2026-01-30 17:00:00,2026-01-30,91490,Ｐ－大友ロジスティク,支配株主等に関する事項について,https://www.release.tdnet.info/inbs/140120260130543319.pdf,False,,japanese,,東,
2026-01-30 17:00:00,2026-01-30,92710,Ｇ－和心,エス・ティー・エヌ伊豆株式会社の株式取得（子会社化）完了に関するお知らせ,https://www.release.tdnet.info/inbs/140120260130543806.pdf,False,,japanese,,東,
2026-01-30 17:00:00,2026-01-30,92710,Ｇ－和心,エス・ティー・エヌ伊豆株式会社の子会社化に関する  補足説明資料,https://www.release.tdnet.info/inbs/140120260130543832.pdf,False,,japanese,,東,
2026-01-30 17:00:00,2026-01-30,95130,Ｊパワー,2026年３月期 第３四半期決算短信〔日本基準〕(連結),https://www.release.tdnet.info/inbs/140120260129541945.pdf,True,,japanese,,東,https://www.release.tdnet.info/inbs/081220260129541945.zip
2026-01-30 17:00:00,2026-01-30,95130,Ｊパワー,社長交代に関するお知らせ,https://www.release.tdnet.info/inbs/140120260130543430.pdf,False,,japanese,,東,
2026-01-30 17:00:00,2026-01-30,96210,建設技研,従業員持株会向けインセンティブ制度（特別奨励金スキーム）の導入について,https://www.release.tdnet.info/inbs/140120260130543672.pdf,False,,japanese,,東,
2026-01-30 17:00:00,2026-01-30,96210,建設技研,第三者割当てによる自己株式の処分に関するお知らせ,https://www.release.tdnet.info/inbs/140120260130543680.pdf,False,,japanese,,東,
2026-01-30 17:00:00,2026-01-30,97310,白洋舎,2025年12月期 連結業績予想の修正に関するお知らせ,https://www.release.tdnet.info/inbs/140120260130542689.pdf,True,,japanese,,東,https://www.release.tdnet.info/inbs/091220260130542689.zip
2026-01-30 17:00:00,2026-01-30,97310,白洋舎,創業120周年記念配当を含む剰余金の配当に関するお知らせ,https://www.release.tdnet.info/inbs/140120260130542675.pdf,False,,japanese,,東,
2026-01-30 17:00:00,2026-01-30,97310,白洋舎,株式報酬制度の一部改定に関するお知らせ,https://www.release.tdnet.info/inbs/140120260130542627.pdf,False,,japanese,,東,
2026-01-30 17:00:00,2026-01-30,97310,白洋舎,株式給付信託（J-ESOP）の導入に関するお知らせ,https://www.release.tdnet.info/inbs/140120260130542658.pdf,False,,japanese,,東,
2026-01-30 16:50:00,2026-01-30,38560,Ａｂａｌａｎｃｅ,東京証券取引所による特別注意銘柄の指定及び上場契約違約金の徴求についてのお知らせ,https://www.release.tdnet.info/inbs/140120260130543808.pdf,False,,japanese,,東,
2026-01-30 16:30:00,2026-01-30,14170,ミライト・ワン,株主優待品の拡充等に関するお知らせ,https://www.release.tdnet.info/inbs/140120260130543391.pdf,False,,japanese,,東,
2026-01-30 16:30:00,2026-01-30,19390,四電工,2026年３月期 第３四半期決算短信〔日本基準〕(連結),https://www.release.tdnet.info/inbs/140120260130542542.pdf,True,,japanese,,東,https://www.release.tdnet.info/inbs/081220260130542542.zip
2026-01-30 16:30:00,2026-01-30,19390,四電工,業績予想および期末配当予想の修正（増配）に関するお知らせ,https://www.release.tdnet.info/inbs/140120260130542454.pdf,True,,japanese,,東,https://www.release.tdnet.info/inbs/091220260130542454.zip
2026-01-30 16:30:00,2026-01-30,19390,四電工,「中期経営指針2030」の策定に関するお知らせ,https://www.release.tdnet.info/inbs/140120260130542647.pdf,False,,japanese,,東,
2026-01-30 16:30:00,2026-01-30,19420,関電工,自己株式立会外買付取引（ToSTNeT-3）による自己株式の買付けに関するお知らせ,https://www.release.tdnet.info/inbs/140120260130543622.pdf,False,,japanese,,東,
2026-01-30 16:30:00,2026-01-30,27960,ファーマライズＨＤ,株式会社三幸メディカルの株式取得に関するお知らせ,https://www.release.tdnet.info/inbs/140120260128540546.pdf,False,,japanese,,東,
2026-01-30 16:30:00,2026-01-30,27960,ファーマライズＨＤ,財務上の特約が付された金銭消費貸借契約の締結に関するお知らせ,https://www.release.tdnet.info/inbs/140120260129542197.pdf,False,,japanese,,東,
2026-01-30 16:30:00,2026-01-30,36480,ＡＧＳ,2026年3月期 第3四半期決算短信〔日本基準〕（連結）,https://www.release.tdnet.info/inbs/140120260130542793.pdf,True,,japanese,,東,https://www.release.tdnet.info/inbs/081220260130542793.zip
2026-01-30 16:30:00,2026-01-30,36480,ＡＧＳ,自己株式の取得及び自己株式立会外買付取引(ToSTNeT-3)による自己株式の買付け並びに自己株式の消却に関するお知らせ,https://www.release.tdnet.info/inbs/140120260130543469.pdf,False,,japanese,,東,
2026-01-30 16:30:00,2026-01-30,36480,ＡＧＳ,役員人事に関するお知らせ,https://www.release.tdnet.info/inbs/140120260130543540.pdf,False,,japanese,,東,
2026-01-30 16:30:00,2026-01-30,36980,Ｇ－ＣＲＩ・ＭＷ,東京証券取引所スタンダード市場への上場市場区分変更承認に関するお知らせ,https://www.release.tdnet.info/inbs/140120260129542224.pdf,False,,japanese,,東,
2026-01-30 16:30:00,2026-01-30,42400,Ｇ－クラスターＴ,東京証券取引所スタンダード市場への上場市場区分変更承認及び「上場維持基準の適合に向けた計画」の撤回に関するお知らせ,https://www.release.tdnet.info/inbs/140120260130542720.pdf,False,,japanese,,東名,
2026-01-30 16:30:00,2026-01-30,53340,日特殊陶,2026年３月期 第３四半期決算短信〔ＩＦＲＳ〕（連結）,https://www.release.tdnet.info/inbs/140120260128540010.pdf,True,,japanese,,東名,https://www.release.tdnet.info/inbs/081220260128540010.zip
2026-01-30 16:30:00,2026-01-30,63910,加地テック,2026年3月期 第3四半期決算短信[日本基準](非連結),https://www.release.tdnet.info/inbs/140120260120536010.pdf,True,,japanese,,東,https://www.release.tdnet.info/inbs/081220260120536010.zip
2026-01-30 16:30:00,2026-01-30,64360,アマノ,自己株式立会外買付取引(TostNeT-3)による自己株式の買付けに関するお知らせ,https://www.release.tdnet.info/inbs/140120260130543522.pdf,False,,japanese,,東,
2026-01-30 16:30:00,2026-01-30,72290,ユタカ技研,（開示事項の経過）マザーサン グローバル インベストメンツ ビーブイによる当社株式に対する公開買付け実施に向けた進捗状況のお知らせ,https://www.release.tdnet.info/inbs/140120260129541986.pdf,False,,japanese,,東,
2026-01-30 16:30:00,2026-01-30,72290,ユタカ技研,マザーサン グローバル インベストメンツ ビーブイによる当社株式に対する公開買付け実施に向けた進捗状況のお知らせ,https://www.release.tdnet.info/inbs/140120260129542022.pdf,False,,japanese,,東,
2026-01-30 16:30:00,2026-01-30,74640,セフテック,自己株式の取得及び自己株式立会外買付取引（ToSTNeT-3）による自己株式の買付に関するお知らせ,https://www.release.tdnet.info/inbs/140120260130543796.pdf,False,,japanese,,東,
2026-01-30 16:30:00,2026-01-30,75510,ウェッズ,2026年３月期　第３四半期決算短信〔日本基準〕（連結）,https://www.release.tdnet.info/inbs/140120260128540663.pdf,True,,japanese,,東,https://www.release.tdnet.info/inbs/081220260128540663.zip
2026-01-30 16:30:00,2026-01-30,78970,ホクシン,2026年３月期第３四半期決算短信〔日本基準〕(非連結),https://www.release.tdnet.info/inbs/140120260130542997.pdf,True,,japanese,,東,https://www.release.tdnet.info/inbs/081220260130542997.zip
2026-01-30 16:30:00,2026-01-30,87070,岩井コスモ,2026年3月期 第3四半期決算短信［日本基準］（連結）,https://www.release.tdnet.info/inbs/140120260129542191.pdf,True,,japanese,,東,https://www.release.tdnet.info/inbs/081220260129542191.zip
2026-01-30 16:30:00,2026-01-30,99500,ハチバン,2026年３月期 第３四半期決算短信〔日本基準〕（連結）,https://www.release.tdnet.info/inbs/140120260130542562.pdf,True,,japanese,,東,https://www.release.tdnet.info/inbs/081220260130542562.zip
2026-01-30 16:20:00,2026-01-30,79430,ニチハ,2026年３月期　第３四半期決算短信〔日本基準〕（連結）,https://www.release.tdnet.info/inbs/140120260129542121.pdf,True,,japanese,,東名,https://www.release.tdnet.info/inbs/081220260129542121.zip
2026-01-30 16:20:00,2026-01-30,79430,ニチハ,2026年3月期第3四半期　決算説明資料,https://www.release.tdnet.info/inbs/140120260130543716.pdf,False,,japanese,,東名,
2026-01-30 16:15:00,2026-01-30,64930,ＮＩＴＴＡＮ,組織変更および人事異動に関するお知らせ,https://www.release.tdnet.info/inbs/140120260130543746.pdf,False,,japanese,,東,
2026-01-30 16:00:00,2026-01-30,18690,名工建,令和８年３月期　第３四半期決算短信〔日本基準〕（連結）,https://www.release.tdnet.info/inbs/140120260127539439.pdf,True,,japanese,,名,https://www.release.tdnet.info/inbs/081220260127539439.zip
2026-01-30 16:00:00,2026-01-30,18690,名工建,業績予想の修正に関するお知らせ,https://www.release.tdnet.info/inbs/140120260122537179.pdf,True,,japanese,,名,https://www.release.tdnet.info/inbs/091220260122537179.zip
2026-01-30 16:00:00,2026-01-30,18690,名工建,配当予想の修正（増配）および、資本コストや株価を意識した経営の実現に向けた対応の取り組み状況に関するお知らせ,https://www.release.tdnet.info/inbs/140120260122537175.pdf,True,,japanese,,名,https://www.release.tdnet.info/inbs/091220260122537175.zip
2026-01-30 16:00:00,2026-01-30,19490,住友電設,第三者割当によるＡ種優先株式の発行並びに資本金及び資本準備金の額の減少に関するお知らせ,https://www.release.tdnet.info/inbs/140120260130543315.pdf,False,,japanese,,東,
2026-01-30 16:00:00,2026-01-30,19500,日本電設,2026年３月期　第３四半期決算短信〔日本基準〕（連結）,https://www.release.tdnet.info/inbs/140120260130542431.pdf,True,,japanese,,東,https://www.release.tdnet.info/inbs/081220260130542431.zip
2026-01-30 16:00:00,2026-01-30,19500,日本電設,2026年３月期業績予想の修正及び配当予想の修正（増配）に関するお知らせ,https://www.release.tdnet.info/inbs/140120260128540667.pdf,True,,japanese,,東,https://www.release.tdnet.info/inbs/091220260128540667.zip
2026-01-30 16:00:00,2026-01-30,21520,幼児活動研究会,2026年３月期第３四半期決算短信〔日本基準〕(非連結),https://www.release.tdnet.info/inbs/140120260130542610.pdf,True,,japanese,,東,https://www.release.tdnet.info/inbs/081220260130542610.zip
2026-01-30 16:00:00,2026-01-30,23210,Ｇ－ソフトフロントＨ,（開示事項の経過）販売用「２Uラックマウント型デュアルソケットサーバー」の取得に関するお知らせ,https://www.release.tdnet.info/inbs/140120260129542309.pdf,False,,japanese,,東,
2026-01-30 16:00:00,2026-01-30,23230,ｆｏｎｆｕｎ,第9回募集新株予約権(有償ストック・オプション)の発行に関する追加事項のお知らせ,https://www.release.tdnet.info/inbs/140120260130543439.pdf,False,,japanese,,東,
2026-01-30 16:00:00,2026-01-30,23260,デジアーツ,2026年３月期　第３四半期決算短信〔日本基準〕（連結）,https://www.release.tdnet.info/inbs/140120260129542310.pdf,True,,japanese,,東,https://www.release.tdnet.info/inbs/081220260129542310.zip
2026-01-30 16:00:00,2026-01-30,23510,Ｇ－ＡＳＪ,（開示事項の経過）東京証券取引所スタンダード市場への上場市場区分変更承認及び名古屋証券取引所メイン市場への新規上場承認に関するお知らせ,https://www.release.tdnet.info/inbs/140120260130543300.pdf,False,,japanese,,東,
2026-01-30 16:00:00,2026-01-30,24100,キャリアＤＣ,2026年９月期　第１四半期決算短信［日本基準］（非連結）,https://www.release.tdnet.info/inbs/140120260130542796.pdf,True,,japanese,,東,https://www.release.tdnet.info/inbs/081220260130542796.zip
2026-01-30 16:00:00,2026-01-30,24100,キャリアＤＣ,2026年９月期　第１四半期決算補足説明資料,https://www.release.tdnet.info/inbs/140120260129542208.pdf,False,,japanese,,東,
2026-01-30 16:00:00,2026-01-30,24280,ウェルネット,2026年６月期 第２四半期（中間期）決算短信〔日本基準〕（非連結）,https://www.release.tdnet.info/inbs/140120260129542092.pdf,True,,japanese,,東札,https://www.release.tdnet.info/inbs/081220260129542092.zip
2026-01-30 16:00:00,2026-01-30,24280,ウェルネット,2026年６月期第２四半期決算説明資料,https://www.release.tdnet.info/inbs/140120260129542177.pdf,False,,japanese,,東札,
2026-01-30 16:00:00,2026-01-30,24280,ウェルネット,剰余金の配当（中間配当）に関するお知らせ,https://www.release.tdnet.info/inbs/140120260129542203.pdf,False,,japanese,,東札,
2026-01-30 16:00:00,2026-01-30,24910,Ｖコマース,2025年12月期 決算短信〔日本基準〕（連結）,https://www.release.tdnet.info/inbs/140120260130543406.pdf,True,,japanese,,東,https://www.release.tdnet.info/inbs/081220260130543406.zip
2026-01-30 16:00:00,2026-01-30,24910,Ｖコマース,剰余金の配当に関するお知らせ,https://www.release.tdnet.info/inbs/140120260130543431.pdf,False,,japanese,,東,
2026-01-30 16:00:00,2026-01-30,26920,伊藤忠食,役員の異動に関するお知らせ,https://www.release.tdnet.info/inbs/140120260130542662.pdf,False,,japanese,,東,
2026-01-30 16:00:00,2026-01-30,27640,ひらまつ,子会社設立に関するお知らせ,https://www.release.tdnet.info/inbs/140120260130543233.pdf,False,,japanese,,東,
2026-01-30 16:00:00,2026-01-30,28090,キユーピー,（訂正）「親会社等の決算に関するお知らせ」の一部訂正について,https://www.release.tdnet.info/inbs/140120260130543507.pdf,False,,japanese,,東,
2026-01-30 16:00:00,2026-01-30,30830,スターシーズ,（開示事項の中止）販売用不動産（系統用蓄電所の土地及び設備）並びに電力接続権の取得に関するお知らせ（福岡県筑紫野市）,https://www.release.tdnet.info/inbs/140120260130543482.pdf,False,,japanese,,東,
2026-01-30 16:00:00,2026-01-30,30830,スターシーズ,（開示事項の中止）販売用不動産（系統用蓄電所の土地及び設備）並びに電力接続権の取得に関するお知らせ（愛知県豊橋市）,https://www.release.tdnet.info/inbs/140120260130543498.pdf,False,,japanese,,東,
2026-01-30 16:00:00,2026-01-30,30830,スターシーズ,（開示事項の中止）販売用不動産（系統用蓄電所の土地及び設備）並びに電力接続権の売却に関するお知らせ（愛知県豊橋市）,https://www.release.tdnet.info/inbs/140120260130543505.pdf,False,,japanese,,東,
2026-01-30 16:00:00,2026-01-30,30830,スターシーズ,販売用不動産（系統用蓄電所の土地及び設備）並びに電力接続権の取得に関するお知らせ（大分県杵築市）,https://www.release.tdnet.info/inbs/140120260130543517.pdf,False,,japanese,,東,
2026-01-30 16:00:00,2026-01-30,30830,スターシーズ,販売用不動産（系統用蓄電所の土地及び設備）並びに電力接続権の売却に関するお知らせ（和歌山県紀の川市上田井）,https://www.release.tdnet.info/inbs/140120260130543520.pdf,False,,japanese,,東,
2026-01-30 16:00:00,2026-01-30,31050,日清紡ＨＤ,業績予想の修正に関するお知らせ,https://www.release.tdnet.info/inbs/140120260130542640.pdf,True,,japanese,,東,https://www.release.tdnet.info/inbs/091220260130542640.zip
2026-01-30 16:00:00,2026-01-30,31210,マーチャント,支配株主等に関する事項について,https://www.release.tdnet.info/inbs/140120260129542295.pdf,False,,japanese,,東,
2026-01-30 16:00:00,2026-01-30,32660,ファンドクリＧ,定款の一部変更に関するお知らせ,https://www.release.tdnet.info/inbs/140120260129542281.pdf,False,,japanese,,東,
2026-01-30 16:00:00,2026-01-30,36460,Ｇ－駅探,新中期経営計画の策定について（事業計画及び成長可能性に関する事項）,https://www.release.tdnet.info/inbs/140120260130543384.pdf,False,,japanese,,東,
2026-01-30 16:00:00,2026-01-30,36460,Ｇ－駅探,業績予想の開示に関するお知らせ,https://www.release.tdnet.info/inbs/140120260130543285.pdf,True,,japanese,,東,https://www.release.tdnet.info/inbs/091220260130543285.zip
2026-01-30 16:00:00,2026-01-30,36570,ポールＨＤ,投資家のみなさまからのご質問について（2026年１月期 第３四半期決算発表後）,https://www.release.tdnet.info/inbs/140120260129541703.pdf,False,,japanese,,東,
2026-01-30 16:00:00,2026-01-30,37600,ケイブ,2026年５月期第２四半期 決算説明動画と決算説明資料及び事前質問の回答についてのお知らせ,https://www.release.tdnet.info/inbs/140120260129542147.pdf,False,,japanese,,東,
2026-01-30 16:00:00,2026-01-30,38350,ｅＢＡＳＥ,2026年3月期　第３四半期決算短信〔日本基準〕（連結）,https://www.release.tdnet.info/inbs/140120260128539822.pdf,True,,japanese,,東,https://www.release.tdnet.info/inbs/081220260128539822.zip
2026-01-30 16:00:00,2026-01-30,38350,ｅＢＡＳＥ,2026年3月期3Q決算と事業報告,https://www.release.tdnet.info/inbs/140120260129541489.pdf,False,,japanese,,東,
2026-01-30 16:00:00,2026-01-30,38560,Ａｂａｌａｎｃｅ,（開示事項の経過）代表取締役及び取締役の当社グループ会社における残留状況について,https://www.release.tdnet.info/inbs/140120260130543320.pdf,False,,japanese,,東,
2026-01-30 16:00:00,2026-01-30,42120,積水樹脂,2026年３月期 第３四半期決算短信〔日本基準〕（連結）,https://www.release.tdnet.info/inbs/140120260128540501.pdf,True,,japanese,,東,https://www.release.tdnet.info/inbs/081220260128540501.zip
2026-01-30 16:00:00,2026-01-30,42120,積水樹脂,譲渡制限付株式付与のための自己株式の処分に関するお知らせ,https://www.release.tdnet.info/inbs/140120260128540308.pdf,False,,japanese,,東,
2026-01-30 16:00:00,2026-01-30,42160,旭有機材,2026年３月期 第３四半期決算短信〔日本基準〕(連結),https://www.release.tdnet.info/inbs/140120260129541882.pdf,True,,japanese,,東,https://www.release.tdnet.info/inbs/081220260129541882.zip
2026-01-30 16:00:00,2026-01-30,42160,旭有機材,2026年３月期　第３四半期決算補足資料,https://www.release.tdnet.info/inbs/140120260129541893.pdf,False,,japanese,,東,
2026-01-30 16:00:00,2026-01-30,42160,旭有機材,2026年３月期 通期連結業績予想の修正に関するお知らせ,https://www.release.tdnet.info/inbs/140120260129541889.pdf,True,,japanese,,東,https://www.release.tdnet.info/inbs/091220260129541889.zip
2026-01-30 16:00:00,2026-01-30,44170,Ｇ－グローバルセキュ,2026年３月期　第３四半期決算説明資料,https://www.release.tdnet.info/inbs/140120260130543585.pdf,False,,japanese,,東,
2026-01-30 16:00:00,2026-01-30,44170,Ｇ－グローバルセキュ,2026年３月期　第３四半期決算短信〔日本基準〕（連結）,https://www.release.tdnet.info/inbs/140120260130543494.pdf,True,,japanese,,東,https://www.release.tdnet.info/inbs/081220260130543494.zip
2026-01-30 16:00:00,2026-01-30,44380,Ｇ－Ｗｅｌｂｙ,特別損失（減損損失）の計上及び業績予想の修正に関するお知らせ,https://www.release.tdnet.info/inbs/140120260129541794.pdf,True,,japanese,,東,https://www.release.tdnet.info/inbs/091220260129541794.zip
2026-01-30 16:00:00,2026-01-30,45720,Ｇ－カルナバイオ,（訂正）第１回無担保転換社債型新株予約権付社債の買入消却並びに第三者割当による無担保社債、新株予約権及び新株式の発行に関するお知らせ,https://www.release.tdnet.info/inbs/140120260130543088.pdf,False,,japanese,,東,
2026-01-30 16:00:00,2026-01-30,46230,アサヒペン,保土ヶ谷電子販売株式会社ならびに同社グループ3社株式の株式取得完了に関するお知らせ,https://www.release.tdnet.info/inbs/140120260121536596.pdf,False,,japanese,,東,
2026-01-30 16:00:00,2026-01-30,46580,日本空調,2026年3月期 第3四半期決算短信〔日本基準〕（連結）,https://www.release.tdnet.info/inbs/140120260129542331.pdf,True,,japanese,,東名,https://www.release.tdnet.info/inbs/081220260129542331.zip
2026-01-30 16:00:00,2026-01-30,46580,日本空調,通期業績予想及び配当予想の修正に関するお知らせ,https://www.release.tdnet.info/inbs/140120260129542288.pdf,True,,japanese,,東名,https://www.release.tdnet.info/inbs/091220260129542288.zip
2026-01-30 16:00:00,2026-01-30,46850,菱友システム,2026年3月期　第3四半期決算短信[日本基準](連結),https://www.release.tdnet.info/inbs/140120260129541955.pdf,True,,japanese,,東,https://www.release.tdnet.info/inbs/081220260129541955.zip
2026-01-30 16:00:00,2026-01-30,46850,菱友システム,通期連結業績予想及び期末配当予想の修正(増配)に関するお知らせ,https://www.release.tdnet.info/inbs/140120260129541980.pdf,False,,japanese,,東,
2026-01-30 16:00:00,2026-01-30,47620,ＸＮＥＴ,配当予想の修正（増配）及び株主優待制度の継続に関するお知らせ,https://www.release.tdnet.info/inbs/140120260120535866.pdf,True,,japanese,,東,https://www.release.tdnet.info/inbs/091220260120535866.zip
2026-01-30 16:00:00,2026-01-30,47620,ＸＮＥＴ,2026年３月期　第３四半期決算短信〔日本基準〕（非連結）,https://www.release.tdnet.info/inbs/140120260127538868.pdf,True,,japanese,,東,https://www.release.tdnet.info/inbs/081220260127538868.zip
2026-01-30 16:00:00,2026-01-30,49230,ＣＯＴＡ,2026年３月期　第３四半期決算短信〔日本基準〕(非連結),https://www.release.tdnet.info/inbs/140120260128540606.pdf,True,,japanese,,東,https://www.release.tdnet.info/inbs/081220260128540606.zip
2026-01-30 16:00:00,2026-01-30,49230,ＣＯＴＡ,株式の分割及び株式分割に伴う定款の一部変更に関するお知らせ,https://www.release.tdnet.info/inbs/140120260128540595.pdf,False,,japanese,,東,
2026-01-30 16:00:00,2026-01-30,49230,ＣＯＴＡ,株主優待品の特別進呈に関するお知らせ,https://www.release.tdnet.info/inbs/140120260128540602.pdf,False,,japanese,,東,
2026-01-30 16:00:00,2026-01-30,49570,ヤスハラケミ,2026年3月期 第3四半期決算短信〔日本基準〕（非連結）,https://www.release.tdnet.info/inbs/140120260120535897.pdf,True,,japanese,,東,https://www.release.tdnet.info/inbs/081220260120535897.zip
2026-01-30 16:00:00,2026-01-30,53410,ＡＳＡＨＩ　ＥＩＴＯ,第１回無担保普通社債（少人数私募）の払込完了に関するお知らせ,https://www.release.tdnet.info/inbs/140120260129542131.pdf,False,,japanese,,東,
2026-01-30 16:00:00,2026-01-30,53860,鶴弥,2026年３月期第３四半期決算短信〔日本基準〕(非連結),https://www.release.tdnet.info/inbs/140120260128540203.pdf,True,,japanese,,東名,https://www.release.tdnet.info/inbs/081220260128540203.zip
2026-01-30 16:00:00,2026-01-30,59050,日缶,2026年3月期第3四半期決算短信〔日本基準〕（連結）,https://www.release.tdnet.info/inbs/140120260121536565.pdf,True,,japanese,,東,https://www.release.tdnet.info/inbs/081220260121536565.zip
2026-01-30 16:00:00,2026-01-30,59280,アルメタックス,2026年３月期第３四半期決算短信〔日本基準〕(非連結),https://www.release.tdnet.info/inbs/140120260129541842.pdf,True,,japanese,,東,https://www.release.tdnet.info/inbs/081220260129541842.zip
2026-01-30 16:00:00,2026-01-30,59360,洋シヤター,2026年３月期 第３四半期決算短信〔日本基準〕（連結）,https://www.release.tdnet.info/inbs/140120260129541634.pdf,True,,japanese,,東,https://www.release.tdnet.info/inbs/081220260129541634.zip
2026-01-30 16:00:00,2026-01-30,61570,日進工具,2026年３月期 第３四半期決算短信〔日本基準〕（連結）,https://www.release.tdnet.info/inbs/140120260130542849.pdf,True,,japanese,,東,https://www.release.tdnet.info/inbs/081220260130542849.zip
2026-01-30 16:00:00,2026-01-30,61570,日進工具,2026年３月期 第３四半期決算概要,https://www.release.tdnet.info/inbs/140120260130542899.pdf,False,,japanese,,東,
2026-01-30 16:00:00,2026-01-30,61730,Ｇ－アクアライン,第三者割当による新株式発行並びに主要株主である筆頭株主の異動に関するお知らせ,https://www.release.tdnet.info/inbs/140120260130543219.pdf,False,,japanese,,東,
2026-01-30 16:00:00,2026-01-30,61730,Ｇ－アクアライン,中期経営計画の計画数値取り下げに関するお知らせ,https://www.release.tdnet.info/inbs/140120260130543722.pdf,False,,japanese,,東,
2026-01-30 16:00:00,2026-01-30,63220,タクミナ,2026年３月期 第３四半期決算短信〔日本基準〕（連結）,https://www.release.tdnet.info/inbs/140120260116535130.pdf,True,,japanese,,東,https://www.release.tdnet.info/inbs/081220260116535130.zip
2026-01-30 16:00:00,2026-01-30,63310,菱化工機,2026年３月期第３四半期決算短信〔日本基準〕(連結),https://www.release.tdnet.info/inbs/140120260130543184.pdf,True,,japanese,,東,https://www.release.tdnet.info/inbs/081220260130543184.zip
2026-01-30 16:00:00,2026-01-30,63310,菱化工機,2026年3月期通期連結業績予想の修正及び期末配当予想の修正に関するお知らせ,https://www.release.tdnet.info/inbs/140120260130543217.pdf,False,,japanese,,東,
2026-01-30 16:00:00,2026-01-30,63310,菱化工機,2026年3月期第3四半期決算補足説明資料,https://www.release.tdnet.info/inbs/140120260130543730.pdf,False,,japanese,,東,
2026-01-30 16:00:00,2026-01-30,63340,明治機,「技術開発センター（M-TECH）」引き渡し完了のお知らせ,https://www.release.tdnet.info/inbs/140120260130542455.pdf,False,,japanese,,東,
2026-01-30 16:00:00,2026-01-30,64190,マースグループＨＤ,2026年３月期 第３四半期決算短信〔日本基準〕（連結）,https://www.release.tdnet.info/inbs/140120260130542702.pdf,True,,japanese,,東,https://www.release.tdnet.info/inbs/081220260130542702.zip
2026-01-30 16:00:00,2026-01-30,64640,ツバキ・ナカシマ,減損損失の計上、棚卸資産評価損の計上、繰延税金資産の取り崩し、繰延税金負債の計上及び2025年12月期通期業績予想の修正に関するお知らせ,https://www.release.tdnet.info/inbs/140120260130543457.pdf,True,,japanese,,東,https://www.release.tdnet.info/inbs/091220260130543457.zip
2026-01-30 16:00:00,2026-01-30,64930,ＮＩＴＴＡＮ,通期業績予想および期末配当予想の修正に関するお知らせ,https://www.release.tdnet.info/inbs/140120260129542013.pdf,False,,japanese,,東,
2026-01-30 16:00:00,2026-01-30,64930,ＮＩＴＴＡＮ,2026年３月期第３四半期決算短信〔日本基準〕(連結),https://www.release.tdnet.info/inbs/140120260129542045.pdf,True,,japanese,,東,https://www.release.tdnet.info/inbs/081220260129542045.zip
2026-01-30 16:00:00,2026-01-30,66950,Ｐ－キャストリコ,決算期（事業年度の末日）変更に伴う通期業績予想の修正に関するお知らせ,https://www.release.tdnet.info/inbs/140120260130543616.pdf,False,,japanese,,東,
2026-01-30 16:00:00,2026-01-30,66950,Ｐ－キャストリコ,支配株主等に関する事項について,https://www.release.tdnet.info/inbs/140120260130543618.pdf,False,,japanese,,東,
2026-01-30 16:00:00,2026-01-30,67970,名古屋電機工業,2026年３月期  第３四半期決算短信〔日本基準〕（連結）,https://www.release.tdnet.info/inbs/140120260130543609.pdf,True,,japanese,,東名,https://www.release.tdnet.info/inbs/081220260130543609.zip
2026-01-30 16:00:00,2026-01-30,67970,名古屋電機工業,中期経営計画期間の株主還元方針の変更に関するお知らせ,https://www.release.tdnet.info/inbs/140120260130543636.pdf,False,,japanese,,東名,
2026-01-30 16:00:00,2026-01-30,69320,遠藤照明,2026年３月期　第３四半期決算短信〔日本基準〕（連結）,https://www.release.tdnet.info/inbs/140120260129541853.pdf,True,,japanese,,東,https://www.release.tdnet.info/inbs/081220260129541853.zip
2026-01-30 16:00:00,2026-01-30,69320,遠藤照明,組織変更及び執行役員の異動に関するお知らせ,https://www.release.tdnet.info/inbs/140120260130543678.pdf,False,,japanese,,東,
2026-01-30 16:00:00,2026-01-30,69460,日アビオ,２０２６年３月期　第３四半期決算短信〔日本基準〕（連結）,https://www.release.tdnet.info/inbs/140120260128539785.pdf,True,,japanese,,東,https://www.release.tdnet.info/inbs/081220260128539785.zip
2026-01-30 16:00:00,2026-01-30,69460,日アビオ,２０２６年３月期通期業績予想の修正に関するお知らせ,https://www.release.tdnet.info/inbs/140120260130543614.pdf,False,,japanese,,東,
2026-01-30 16:00:00,2026-01-30,70420,アクセスグループ,第三者割当による新株式の発行及び主要株主である筆頭株主の異動に関するお知らせ,https://www.release.tdnet.info/inbs/140120260130543133.pdf,False,,japanese,,東福,
2026-01-30 16:00:00,2026-01-30,73270,第四北越ＦＧ,2026年3月期 第3四半期決算短信〔日本基準〕(連結),https://www.release.tdnet.info/inbs/140120260130542832.pdf,True,,japanese,,東,https://www.release.tdnet.info/inbs/081220260130542832.zip
2026-01-30 16:00:00,2026-01-30,74420,中山福,2026年３月期 第３四半期決算短信〔日本基準〕（連結）,https://www.release.tdnet.info/inbs/140120260130543072.pdf,True,,japanese,,東,https://www.release.tdnet.info/inbs/081220260130543072.zip
2026-01-30 16:00:00,2026-01-30,74420,中山福,業績連動型株式報酬制度への追加拠出に伴う第三者割当による自己株式の処分に関するお知らせ,https://www.release.tdnet.info/inbs/140120260130543704.pdf,False,,japanese,,東,
2026-01-30 16:00:00,2026-01-30,74600,ヤギ,組織変更、取締役及び執行役員の異動ならびに人事異動に関するお知らせ,https://www.release.tdnet.info/inbs/140120260129542266.pdf,False,,japanese,,東,
2026-01-30 16:00:00,2026-01-30,74760,アズワン,2025年12月度単体月次業績（速報）のお知らせ,https://www.release.tdnet.info/inbs/140120260127539044.pdf,False,,japanese,,東,
2026-01-30 16:00:00,2026-01-30,74760,アズワン,2026年３月期第３四半期決算短信〔日本基準〕(連結),https://www.release.tdnet.info/inbs/140120260127539048.pdf,True,,japanese,,東,https://www.release.tdnet.info/inbs/081220260127539048.zip
2026-01-30 16:00:00,2026-01-30,74760,アズワン,2026年３月期 第３四半期 決算補足資料,https://www.release.tdnet.info/inbs/140120260127539051.pdf,False,,japanese,,東,
2026-01-30 16:00:00,2026-01-30,75370,丸文,2025年3月期第3四半期 決算短信〔日本基準〕（連結）,https://www.release.tdnet.info/inbs/140120260122537289.pdf,True,,japanese,,東,https://www.release.tdnet.info/inbs/081220260122537289.zip
2026-01-30 16:00:00,2026-01-30,75370,丸文,営業外費用（為替差損）の計上に関するお知らせ,https://www.release.tdnet.info/inbs/140120260126538658.pdf,False,,japanese,,東,
2026-01-30 16:00:00,2026-01-30,75370,丸文,2026年3月期第3四半期決算補足資料,https://www.release.tdnet.info/inbs/140120260126538515.pdf,False,,japanese,,東,
2026-01-30 16:00:00,2026-01-30,75370,丸文,株主優待制度の導入に関するお知らせ,https://www.release.tdnet.info/inbs/140120260126538508.pdf,False,,japanese,,東,
2026-01-30 16:00:00,2026-01-30,77750,大研医器,2026年３月期　第３四半期決算短信〔日本基準〕（非連結）,https://www.release.tdnet.info/inbs/140120260129541645.pdf,True,,japanese,,東,https://www.release.tdnet.info/inbs/081220260129541645.zip
2026-01-30 16:00:00,2026-01-30,77750,大研医器,通期業績予想の修正に関するお知らせ,https://www.release.tdnet.info/inbs/140120260129541669.pdf,False,,japanese,,東,
2026-01-30 16:00:00,2026-01-30,80300,中央魚,2026年３月期　第３四半期決算短信[日本基準](連結),https://www.release.tdnet.info/inbs/140120260120536057.pdf,True,,japanese,,東,https://www.release.tdnet.info/inbs/081220260120536057.zip
2026-01-30 16:00:00,2026-01-30,80520,椿本興,2026年３月期　第３四半期決算短信〔日本基準〕(連結),https://www.release.tdnet.info/inbs/140120260116535140.pdf,True,,japanese,,東,https://www.release.tdnet.info/inbs/081220260116535140.zip
2026-01-30 16:00:00,2026-01-30,80520,椿本興,2026年３月期　第３四半期決算補足説明資料,https://www.release.tdnet.info/inbs/140120260129541000.pdf,False,,japanese,,東,
2026-01-30 16:00:00,2026-01-30,80840,ＲＹＯＤＥＮ,2026年3月期第3四半期決算短信〔日本基準〕（連結）,https://www.release.tdnet.info/inbs/140120260127539482.pdf,True,,japanese,,東,https://www.release.tdnet.info/inbs/081220260127539482.zip
2026-01-30 16:00:00,2026-01-30,81370,サンワテクノス,2026年３月期 第３四半期決算短信〔日本基準〕（連結）,https://www.release.tdnet.info/inbs/140120260128540433.pdf,True,,japanese,,東,https://www.release.tdnet.info/inbs/081220260128540433.zip
2026-01-30 16:00:00,2026-01-30,81370,サンワテクノス,2026年３月期第３四半期 決算発表補足資料,https://www.release.tdnet.info/inbs/140120260129541744.pdf,False,,japanese,,東,
2026-01-30 16:00:00,2026-01-30,83080,りそなＨＤ,2026年3月期 第3四半期決算短信〔日本基準〕（連結）,https://www.release.tdnet.info/inbs/140120260126538086.pdf,True,,japanese,,東,https://www.release.tdnet.info/inbs/081220260126538086.zip
2026-01-30 16:00:00,2026-01-30,83080,りそなＨＤ,2026年3月期 第3四半期 決算ハイライト,https://www.release.tdnet.info/inbs/140120260130542555.pdf,False,,japanese,,東,
2026-01-30 16:00:00,2026-01-30,83090,三井住友トラストＧ,2026年３月期　第３四半期決算短信〔日本基準〕（連結）,https://www.release.tdnet.info/inbs/140120260129541221.pdf,True,,japanese,,東名,https://www.release.tdnet.info/inbs/081220260129541221.zip
2026-01-30 16:00:00,2026-01-30,85370,大光銀,2026年3月期 第3四半期決算短信〔日本基準〕（連結）,https://www.release.tdnet.info/inbs/140120251215520032.pdf,True,,japanese,,東,https://www.release.tdnet.info/inbs/081220251215520032.zip
2026-01-30 16:00:00,2026-01-30,87080,アイザワ証Ｇ,第16回無担保社債発行に関するお知らせ,https://www.release.tdnet.info/inbs/140120260130542462.pdf,False,,japanese,,東,
2026-01-30 16:00:00,2026-01-30,87390,スパークス,2026年３月期 第３四半期決算短信〔日本基準〕（連結）,https://www.release.tdnet.info/inbs/140120260130543432.pdf,True,,japanese,,東,https://www.release.tdnet.info/inbs/081220260130543432.zip
2026-01-30 16:00:00,2026-01-30,87390,スパークス,2026年３月期 第３四半期決算説明資料,https://www.release.tdnet.info/inbs/140120260130543473.pdf,False,,japanese,,東,
2026-01-30 16:00:00,2026-01-30,87390,スパークス,2026年３月期　配当予想の修正に関するお知らせ,https://www.release.tdnet.info/inbs/140120260130543471.pdf,False,,japanese,,東,
2026-01-30 16:00:00,2026-01-30,88980,センチュリー２１,2026年3月期　第3四半期決算短信〔日本基準〕（非連結）,https://www.release.tdnet.info/inbs/140120251216520866.pdf,True,,japanese,,東,https://www.release.tdnet.info/inbs/081220251216520866.zip
2026-01-30 16:00:00,2026-01-30,89960,ハウスフリーダム,連結業績予想及び個別業績予想の修正並びに配当予想の修正（増配）に関するお知らせ,https://www.release.tdnet.info/inbs/140120260127539264.pdf,True,,japanese,,東福,https://www.release.tdnet.info/inbs/091220260127539264.zip
2026-01-30 16:00:00,2026-01-30,93440,Ｇ－アクシスＣ,株式の取得（子会社化）に関するお知らせ,https://www.release.tdnet.info/inbs/140120260130542589.pdf,False,,japanese,,東,
2026-01-30 16:00:00,2026-01-30,93440,Ｇ－アクシスＣ,株式取得に係る補足説明資料,https://www.release.tdnet.info/inbs/140120260130542606.pdf,False,,japanese,,東,
2026-01-30 16:00:00,2026-01-30,93760,ユーラシア,2026年9月期　第1四半期決算短信〔日本基準〕（連結）,https://www.release.tdnet.info/inbs/140120260120536008.pdf,True,,japanese,,東,https://www.release.tdnet.info/inbs/081220260120536008.zip
2026-01-30 16:00:00,2026-01-30,94250,ＲｅＹｕｕＪａｐａｎ,支配株主等に関する事項,https://www.release.tdnet.info/inbs/140120260129542402.pdf,False,,japanese,,東,
2026-01-30 16:00:00,2026-01-30,94740,ゼンリン,2026年3月期 第3四半期決算短信〔日本基準〕（連結）,https://www.release.tdnet.info/inbs/140120260128540830.pdf,True,,japanese,,東福,https://www.release.tdnet.info/inbs/081220260128540830.zip
2026-01-30 16:00:00,2026-01-30,95030,関西電力,2026年３月期第３四半期決算短信〔日本基準〕(連結),https://www.release.tdnet.info/inbs/140120260130542716.pdf,True,,japanese,,東,https://www.release.tdnet.info/inbs/081220260130542716.zip
2026-01-30 16:00:00,2026-01-30,95360,西部ガスＨＤ,自己株式の取得状況及び取得終了に関するお知らせ,https://www.release.tdnet.info/inbs/140120260130542745.pdf,False,,japanese,,東福,
2026-01-30 16:00:00,2026-01-30,97420,アイネス,2026年3月期 第3四半期決算短信〔日本基準〕（連結）,https://www.release.tdnet.info/inbs/140120251225526897.pdf,True,,japanese,,東,https://www.release.tdnet.info/inbs/081220251225526897.zip
2026-01-30 16:00:00,2026-01-30,97880,ナック,「資本コストや株価を意識した経営の実現に向けた対応」について（アップデート）,https://www.release.tdnet.info/inbs/140120260130543412.pdf,False,,japanese,,東,
2026-01-30 16:00:00,2026-01-30,98280,ゲンキＧＤＣ,2026年３月期第３四半期決算短信〔日本基準〕(連結),https://www.release.tdnet.info/inbs/140120260129541152.pdf,True,,japanese,,東,https://www.release.tdnet.info/inbs/081220260129541152.zip
2026-01-30 15:50:00,2026-01-30,36400,電算,2026年３月期 第３四半期決算短信〔日本基準〕（連結）,https://www.release.tdnet.info/inbs/140120260129541684.pdf,True,,japanese,,東,https://www.release.tdnet.info/inbs/081220260129541684.zip
2026-01-30 15:50:00,2026-01-30,36400,電算,業績予想の修正および期末配当予想の修正（増配）に関するお知らせ,https://www.release.tdnet.info/inbs/140120260130542458.pdf,False,,japanese,,東,
2026-01-30 15:50:00,2026-01-30,41890,ＫＨネオケム,業績予想の修正に関するお知らせ,https://www.release.tdnet.info/inbs/140120260114533826.pdf,True,,japanese,,東,https://www.release.tdnet.info/inbs/091220260114533826.zip
2026-01-30 15:45:00,2026-01-30,22080,ブルボン,2026年３月期 第３四半期決算短信〔日本基準〕（連結）,https://www.release.tdnet.info/inbs/140120260129541921.pdf,True,,japanese,,東,https://www.release.tdnet.info/inbs/081220260129541921.zip
2026-01-30 15:45:00,2026-01-30,22080,ブルボン,2026年３月期通期連結業績予想及び期末配当予想の修正に関するお知らせ,https://www.release.tdnet.info/inbs/140120260129541963.pdf,False,,japanese,,東,
2026-01-30 15:45:00,2026-01-30,26520,まんだらけ,2026年９月期売上高推移報告について,https://www.release.tdnet.info/inbs/140120260130542450.pdf,False,,japanese,,東,
2026-01-30 15:45:00,2026-01-30,37710,システムリサーチ,2026年３月期第３四半期決算短信〔日本基準〕(連結),https://www.release.tdnet.info/inbs/140120260129541900.pdf,True,,japanese,,東名,https://www.release.tdnet.info/inbs/081220260129541900.zip
2026-01-30 15:45:00,2026-01-30,37710,システムリサーチ,2026年３月期 配当予想の修正に関するお知らせ,https://www.release.tdnet.info/inbs/140120260129541968.pdf,False,,japanese,,東名,
2026-01-30 15:45:00,2026-01-30,52160,倉元,機関投資家個別ミーティング開催報告及び主な質問・回答（要旨）の開示について,https://www.release.tdnet.info/inbs/140120260130543019.pdf,False,,japanese,,東,
2026-01-30 15:45:00,2026-01-30,69200,レーザーテック,2026年6月期　第2四半期（中間期）決算短信〔日本基準〕　（連結）,https://www.release.tdnet.info/inbs/140120260130542527.pdf,True,,japanese,,東,https://www.release.tdnet.info/inbs/081220260130542527.zip
2026-01-30 15:45:00,2026-01-30,69200,レーザーテック,剰余金の配当（中間配当）に関するお知らせ,https://www.release.tdnet.info/inbs/140120260129541373.pdf,False,,japanese,,東,
2026-01-30 15:45:00,2026-01-30,69200,レーザーテック,2026年6月期通期業績予想の修正に関するお知らせ,https://www.release.tdnet.info/inbs/140120260129541419.pdf,False,,japanese,,東,
2026-01-30 15:45:00,2026-01-30,75950,アルゴグラフ,2026年３月期第３四半期決算短信〔日本基準〕(連結),https://www.release.tdnet.info/inbs/140120260128539858.pdf,True,,japanese,,東,https://www.release.tdnet.info/inbs/081220260128539858.zip
2026-01-30 15:45:00,2026-01-30,75950,アルゴグラフ,2026年3月期配当予想の修正（特別配当）に関するお知らせ,https://www.release.tdnet.info/inbs/140120260128539862.pdf,False,,japanese,,東,
2026-01-30 15:40:00,2026-01-30,31530,八洲電機,2026年3月期通期 連結業績予想の修正に関するお知らせ,https://www.release.tdnet.info/inbs/140120260129542165.pdf,True,,japanese,,東,https://www.release.tdnet.info/inbs/091220260129542165.zip
2026-01-30 15:40:00,2026-01-30,31530,八洲電機,2026年3月期　第3四半期決算短信〔日本基準〕（連結）,https://www.release.tdnet.info/inbs/140120260128540214.pdf,True,,japanese,,東,https://www.release.tdnet.info/inbs/081220260128540214.zip
2026-01-30 15:40:00,2026-01-30,38410,ジーダット,2026年３月期第３四半期決算短信〔日本基準〕(非連結),https://www.release.tdnet.info/inbs/140120260120536176.pdf,True,,japanese,,東,https://www.release.tdnet.info/inbs/081220260120536176.zip
2026-01-30 15:40:00,2026-01-30,61040,芝浦機械,2026年3月期第3四半期決算短信〔日本基準〕(連結),https://www.release.tdnet.info/inbs/140120260127538925.pdf,True,,japanese,,東,https://www.release.tdnet.info/inbs/081220260127538925.zip
2026-01-30 15:40:00,2026-01-30,67770,ｓａｎｔｅｃＨＤ,2026年３月期　第３四半期決算短信〔日本基準〕（連結）,https://www.release.tdnet.info/inbs/140120260129541603.pdf,True,,japanese,,東,https://www.release.tdnet.info/inbs/081220260129541603.zip
2026-01-30 15:40:00,2026-01-30,67770,ｓａｎｔｅｃＨＤ,2026年３月期　第３四半期決算説明資料,https://www.release.tdnet.info/inbs/140120260129541959.pdf,False,,japanese,,東,
2026-01-30 15:40:00,2026-01-30,67770,ｓａｎｔｅｃＨＤ,2026年３月期連結業績予想の修正および期末配当予想の修正に関するお知らせ,https://www.release.tdnet.info/inbs/140120260129541694.pdf,False,,japanese,,東,
2026-01-30 15:40:00,2026-01-30,67770,ｓａｎｔｅｃＨＤ,当社完全子会社との会社分割（簡易吸収分割・略式吸収分割）に関するお知らせ,https://www.release.tdnet.info/inbs/140120260129541820.pdf,False,,japanese,,東,
2026-01-30 15:40:00,2026-01-30,71020,日車輌,2026年3月期第3四半期決算短信〔日本基準〕（連結）,https://www.release.tdnet.info/inbs/140120260129541708.pdf,True,,japanese,,東名,https://www.release.tdnet.info/inbs/081220260129541708.zip
2026-01-30 15:40:00,2026-01-30,75750,日本ライフライン,2026年３月期　第３四半期決算短信〔日本基準〕（連結）,https://www.release.tdnet.info/inbs/140120260130543024.pdf,True,,japanese,,東,https://www.release.tdnet.info/inbs/081220260130543024.zip
2026-01-30 15:35:00,2026-01-30,77350,スクリン,2026年3月期 第3四半期決算短信〔日本基準〕（連結）,https://www.release.tdnet.info/inbs/140120260129542330.pdf,True,,japanese,,東,https://www.release.tdnet.info/inbs/081220260129542330.zip
2026-01-30 15:35:00,2026-01-30,77350,スクリン,株式分割および株式分割に伴う定款の一部変更に関するお知らせ,https://www.release.tdnet.info/inbs/140120260129542340.pdf,False,,japanese,,東,
2026-01-30 15:35:00,2026-01-30,81410,新光商,2026年3月期　第3四半期決算短信〔日本基準〕（連結）,https://www.release.tdnet.info/inbs/140120260129541109.pdf,True,,japanese,,東,https://www.release.tdnet.info/inbs/081220260129541109.zip
2026-01-30 15:35:00,2026-01-30,93110,アサガミ,2026年３月期第３四半期決算短信〔日本基準〕(連結),https://www.release.tdnet.info/inbs/140120260129541526.pdf,True,,japanese,,東,https://www.release.tdnet.info/inbs/081220260129541526.zip
2026-01-30 15:31:00,2026-01-30,46440,イマジニア,2026年3月期第3四半期決算短信〔日本基準〕（連結）,https://www.release.tdnet.info/inbs/140120260122536910.pdf,True,,japanese,,東,https://www.release.tdnet.info/inbs/081220260122536910.zip
2026-01-30 15:31:00,2026-01-30,46440,イマジニア,営業外収益の計上に関するお知らせ,https://www.release.tdnet.info/inbs/140120260130543402.pdf,False,,japanese,,東,
2026-01-30 15:30:00,2026-01-30,13810,アクシーズ,2026年6月期第2四半期（中間期）決算短信〔日本基準〕（連結）,https://www.release.tdnet.info/inbs/140120260130542449.pdf,True,,japanese,,東,https://www.release.tdnet.info/inbs/081220260130542449.zip
2026-01-30 15:30:00,2026-01-30,13810,アクシーズ,通期連結業績予想の修正に関するお知らせ,https://www.release.tdnet.info/inbs/140120260130542466.pdf,False,,japanese,,東,
2026-01-30 15:30:00,2026-01-30,15140,住石ＨＤ,2026年３月期 第３四半期決算短信〔日本基準〕(連結）,https://www.release.tdnet.info/inbs/140120260121536446.pdf,True,,japanese,,東,https://www.release.tdnet.info/inbs/081220260121536446.zip
2026-01-30 15:30:00,2026-01-30,19760,明星工業,2026年３月期 第３四半期決算短信〔日本基準〕（連結）,https://www.release.tdnet.info/inbs/140120260129541516.pdf,True,,japanese,,東,https://www.release.tdnet.info/inbs/081220260129541516.zip
2026-01-30 15:30:00,2026-01-30,20020,日清粉Ｇ,2026年３月期 第３四半期決算短信〔日本基準〕（連結）,https://www.release.tdnet.info/inbs/140120260129541940.pdf,True,,japanese,,東,https://www.release.tdnet.info/inbs/081220260129541940.zip
2026-01-30 15:30:00,2026-01-30,20020,日清粉Ｇ,日清製粉グループ 第３四半期連結累計期間決算、通期連結業績予想,https://www.release.tdnet.info/inbs/140120260129541969.pdf,False,,japanese,,東,
2026-01-30 15:30:00,2026-01-30,20020,日清粉Ｇ,2026年３月期 第３四半期決算 補足説明資料,https://www.release.tdnet.info/inbs/140120260129541970.pdf,False,,japanese,,東,
2026-01-30 15:30:00,2026-01-30,20600,フィード・ワン,2026年３月期 第３四半期決算短信 [日本基準]（連結）,https://www.release.tdnet.info/inbs/140120260115534196.pdf,True,,japanese,,東,https://www.release.tdnet.info/inbs/081220260115534196.zip
2026-01-30 15:30:00,2026-01-30,20600,フィード・ワン,2026年３月期 第３四半期決算補足説明資料,https://www.release.tdnet.info/inbs/140120260115534572.pdf,False,,japanese,,東,
2026-01-30 15:30:00,2026-01-30,21140,フジ日本,2026年３月期第３四半期決算短信〔日本基準〕(連結),https://www.release.tdnet.info/inbs/140120260130543228.pdf,True,,japanese,,東,https://www.release.tdnet.info/inbs/081220260130543228.zip
2026-01-30 15:30:00,2026-01-30,21140,フジ日本,業績予想の修正に関するお知らせ,https://www.release.tdnet.info/inbs/140120260130542569.pdf,False,,japanese,,東,
2026-01-30 15:30:00,2026-01-30,21210,ＭＩＸＩ,2026年３月期第３四半期決算短信〔日本基準〕（連結）,https://www.release.tdnet.info/inbs/140120260128540599.pdf,True,,japanese,,東,https://www.release.tdnet.info/inbs/081220260128540599.zip
2026-01-30 15:30:00,2026-01-30,21270,日本Ｍ＆Ａ,2026年３月期第３四半期決算短信〔日本基準〕(連結),https://www.release.tdnet.info/inbs/140120260129542105.pdf,True,,japanese,,東,https://www.release.tdnet.info/inbs/081220260129542105.zip
2026-01-30 15:30:00,2026-01-30,21750,ＳＭＳ,2026年３月期第３四半期決算説明会資料,https://www.release.tdnet.info/inbs/140120260129541917.pdf,False,,japanese,,東,
2026-01-30 15:30:00,2026-01-30,21750,ＳＭＳ,2026年３月期第３四半期決算短信〔日本基準〕（連結）,https://www.release.tdnet.info/inbs/140120260129541907.pdf,True,,japanese,,東,https://www.release.tdnet.info/inbs/081220260129541907.zip
2026-01-30 15:30:00,2026-01-30,21750,ＳＭＳ,配当予想の修正（増配）に関するお知らせ,https://www.release.tdnet.info/inbs/140120260128539865.pdf,True,,japanese,,東,https://www.release.tdnet.info/inbs/091220260128539865.zip
2026-01-30 15:30:00,2026-01-30,22120,山崎パン,2025年12月期配当予想の修正に関するお知らせ,https://www.release.tdnet.info/inbs/140120260127538835.pdf,True,,japanese,,東,https://www.release.tdnet.info/inbs/091220260127538835.zip
2026-01-30 15:30:00,2026-01-30,22170,モロゾフ,業績予想の修正に関するお知らせ,https://www.release.tdnet.info/inbs/140120260129541561.pdf,True,,japanese,,東,https://www.release.tdnet.info/inbs/091220260129541561.zip
2026-01-30 15:30:00,2026-01-30,22170,モロゾフ,自己株式の消却に関するお知らせ,https://www.release.tdnet.info/inbs/140120260129541574.pdf,False,,japanese,,東,
2026-01-30 15:30:00,2026-01-30,22660,六甲バター,2025年12月期通期連結業績予想の修正に関するお知らせ,https://www.release.tdnet.info/inbs/140120260129542010.pdf,True,,japanese,,東,https://www.release.tdnet.info/inbs/091220260129542010.zip
2026-01-30 15:30:00,2026-01-30,23270,ＮＳＳＯＬ,2026年３月期　第３四半期決算短信〔ＩＦＲＳ〕(連結),https://www.release.tdnet.info/inbs/140120260129541538.pdf,True,,japanese,,東名福,https://www.release.tdnet.info/inbs/081220260129541538.zip
2026-01-30 15:30:00,2026-01-30,23270,ＮＳＳＯＬ,FY2025/3Q決算実績,https://www.release.tdnet.info/inbs/140120260129541562.pdf,False,,japanese,,東名福,
2026-01-30 15:30:00,2026-01-30,23270,ＮＳＳＯＬ,2026年３月期　第３四半期決算　参考資料,https://www.release.tdnet.info/inbs/140120260129541569.pdf,False,,japanese,,東名福,
2026-01-30 15:30:00,2026-01-30,23270,ＮＳＳＯＬ,株主優待制度の変更に関するお知らせ,https://www.release.tdnet.info/inbs/140120260129541680.pdf,False,,japanese,,東名福,
2026-01-30 15:30:00,2026-01-30,23290,東北新社,希望退職者募集結果及び特別損失の計上に関するお知らせ,https://www.release.tdnet.info/inbs/140120260130542806.pdf,False,,japanese,,東名,
2026-01-30 15:30:00,2026-01-30,23340,Ｇ－イオレ,（開示事項の経過）「Neo Crypto Bank構想」におけるビットコイン（BTC）追加取得のお知らせ,https://www.release.tdnet.info/inbs/140120260130543555.pdf,False,,japanese,,東,
2026-01-30 15:30:00,2026-01-30,23700,Ｇ－ＭＤＮＴ,（開示事項の変更）第三者割当による新株予約権の発行に関する支出予定時期の変更について,https://www.release.tdnet.info/inbs/140120260130542719.pdf,False,,japanese,,東,
2026-01-30 15:30:00,2026-01-30,23700,Ｇ－ＭＤＮＴ,譲渡制限付株式報酬としての新株式の発行に関するお知らせ,https://www.release.tdnet.info/inbs/140120260130543538.pdf,False,,japanese,,東,
2026-01-30 15:30:00,2026-01-30,23700,Ｇ－ＭＤＮＴ,株式報酬としての新株式の発行に関するお知らせ,https://www.release.tdnet.info/inbs/140120260130543489.pdf,False,,japanese,,東,
2026-01-30 15:30:00,2026-01-30,23930,日本ケア,2026年3月期 第3四半期決算短信〔日本基準〕（連結）,https://www.release.tdnet.info/inbs/140120260129542299.pdf,True,,japanese,,東,https://www.release.tdnet.info/inbs/081220260129542299.zip
2026-01-30 15:30:00,2026-01-30,23930,日本ケア,2026年3月期 第3四半期決算補足説明資料,https://www.release.tdnet.info/inbs/140120260129542362.pdf,False,,japanese,,東,
2026-01-30 15:30:00,2026-01-30,23930,日本ケア,通期業績予想の修正に関するお知らせ,https://www.release.tdnet.info/inbs/140120260129542327.pdf,False,,japanese,,東,
2026-01-30 15:30:00,2026-01-30,24790,ジェイテック,2026年３月期　第３四半期決算短信〔日本基準〕（連結）,https://www.release.tdnet.info/inbs/140120260130542775.pdf,True,,japanese,,東名,https://www.release.tdnet.info/inbs/081220260130542775.zip
2026-01-30 15:30:00,2026-01-30,24810,タウンニュース,2026年6月期第2四半期累計期間の業績予想と実績値との差異に関するお知らせ,https://www.release.tdnet.info/inbs/140120260130543472.pdf,False,,japanese,,東,
2026-01-30 15:30:00,2026-01-30,24810,タウンニュース,2026年６月期 第２四半期（中間期）決算短信〔日本基準〕(非連結),https://www.release.tdnet.info/inbs/140120260129541201.pdf,True,,japanese,,東,https://www.release.tdnet.info/inbs/081220260129541201.zip
2026-01-30 15:30:00,2026-01-30,25900,ＤｙＤｏ,2026年1月期1月度販売状況のお知らせ,https://www.release.tdnet.info/inbs/140120260130543415.pdf,False,,japanese,,東,
2026-01-30 15:30:00,2026-01-30,26890,オルバヘルスケアＨＤ,2026年6月期　第2四半期（中間期）決算短信〔日本基準〕（連結）,https://www.release.tdnet.info/inbs/140120260130542728.pdf,True,,japanese,,東,https://www.release.tdnet.info/inbs/081220260130542728.zip
2026-01-30 15:30:00,2026-01-30,26930,ＹＫＴ,特別損失（貸倒引当金繰入額）の計上及び業績予想の修正に関するお知らせ,https://www.release.tdnet.info/inbs/140120260128540094.pdf,True,,japanese,,東,https://www.release.tdnet.info/inbs/091220260128540094.zip
2026-01-30 15:30:00,2026-01-30,27820,セリア,2026年３月期 第３四半期決算短信〔日本基準〕（非連結）,https://www.release.tdnet.info/inbs/140120260130542499.pdf,True,,japanese,,東,https://www.release.tdnet.info/inbs/081220260130542499.zip
2026-01-30 15:30:00,2026-01-30,27820,セリア,配当予想の修正に関するお知らせ,https://www.release.tdnet.info/inbs/140120260123537422.pdf,True,,japanese,,東,https://www.release.tdnet.info/inbs/091220260123537422.zip
2026-01-30 15:30:00,2026-01-30,29970,Ｇ－ストレージ王,中期経営計画についての補足（一部履行事項に係る意思決定のお知らせ）,https://www.release.tdnet.info/inbs/140120260130542652.pdf,False,,japanese,,東,
2026-01-30 15:30:00,2026-01-30,30790,ＤＶｘ,2026年３月期　第３四半期決算短信〔日本基準〕（連結）,https://www.release.tdnet.info/inbs/140120260129541130.pdf,True,,japanese,,東,https://www.release.tdnet.info/inbs/081220260129541130.zip
2026-01-30 15:30:00,2026-01-30,30920,ＺＯＺＯ,2026年3月期第3四半期 決算短信〔日本基準〕(連結),https://www.release.tdnet.info/inbs/140120260128539949.pdf,True,,japanese,,東,https://www.release.tdnet.info/inbs/081220260128539949.zip
2026-01-30 15:30:00,2026-01-30,30920,ＺＯＺＯ,2026年3月期第3四半期 決算説明会資料,https://www.release.tdnet.info/inbs/140120260128539951.pdf,False,,japanese,,東,
2026-01-30 15:30:00,2026-01-30,31090,シキボウ,コミットメントライン契約に基づく借入の実施について,https://www.release.tdnet.info/inbs/140120260128539901.pdf,False,,japanese,,東,
2026-01-30 15:30:00,2026-01-30,31370,Ｇ－ファンデリー,2026年３月期 第３四半期決算短信〔日本基準〕（非連結）,https://www.release.tdnet.info/inbs/140120260130543085.pdf,True,,japanese,,東,https://www.release.tdnet.info/inbs/081220260130543085.zip
2026-01-30 15:30:00,2026-01-30,31370,Ｇ－ファンデリー,2026年３月期 第３四半期決算説明資料,https://www.release.tdnet.info/inbs/140120260130543097.pdf,False,,japanese,,東,
2026-01-30 15:30:00,2026-01-30,32900,Ｒ－Ｏｎｅリート,資産の譲渡完了に関するお知らせ（ONEST南大塚ビル・新川一丁目ビル）,https://www.release.tdnet.info/inbs/140120260130543510.pdf,False,,japanese,,東,
2026-01-30 15:30:00,2026-01-30,32940,イーグランド,2026年３月期 第３四半期決算短信〔日本基準〕（非連結）,https://www.release.tdnet.info/inbs/140120260128540512.pdf,True,,japanese,,東,https://www.release.tdnet.info/inbs/081220260128540512.zip
2026-01-30 15:30:00,2026-01-30,32940,イーグランド,2026年３月期 第３四半期決算説明資料,https://www.release.tdnet.info/inbs/140120260128540516.pdf,False,,japanese,,東,
2026-01-30 15:30:00,2026-01-30,33520,バッファロー,2026年３月期 第３四半期決算短信〔日本基準〕（連結）,https://www.release.tdnet.info/inbs/140120260130543295.pdf,True,,japanese,,東,https://www.release.tdnet.info/inbs/081220260130543295.zip
2026-01-30 15:30:00,2026-01-30,33520,バッファロー,2026年３月期の期末配当予想の修正（増配）に関するお知らせ,https://www.release.tdnet.info/inbs/140120260129542395.pdf,False,,japanese,,東,
2026-01-30 15:30:00,2026-01-30,33880,明治電機,2026年3月期　第3四半期決算短信〔日本基準〕（連結）,https://www.release.tdnet.info/inbs/140120260130543102.pdf,True,,japanese,,東,https://www.release.tdnet.info/inbs/081220260130543102.zip
2026-01-30 15:30:00,2026-01-30,34390,三ツ知,2026年６月期第２四半期決算短信〔日本基準〕（連結）,https://www.release.tdnet.info/inbs/140120260129542084.pdf,True,,japanese,,東名,https://www.release.tdnet.info/inbs/081220260129542084.zip
2026-01-30 15:30:00,2026-01-30,34390,三ツ知,2026年６月期第２四半期の業績予想と実績値との差異に関するお知らせ,https://www.release.tdnet.info/inbs/140120260130542617.pdf,False,,japanese,,東名,
2026-01-30 15:30:00,2026-01-30,34390,三ツ知,2026年６月期の通期業績予想の修正に関するお知らせ,https://www.release.tdnet.info/inbs/140120260130542638.pdf,False,,japanese,,東名,
2026-01-30 15:30:00,2026-01-30,34520,ビーロット,2025年12月期剰余金の配当（増配）に関するお知らせ,https://www.release.tdnet.info/inbs/140120260130543324.pdf,False,,japanese,,東,
2026-01-30 15:30:00,2026-01-30,34680,Ｒ－スターアジア,保有資産（優先出資証券）の貸借の終了及び償還に関するお知らせ,https://www.release.tdnet.info/inbs/140120260130543460.pdf,False,,japanese,,東,
2026-01-30 15:30:00,2026-01-30,34710,Ｒ－三井不ロジパーク,優先情報提供対象物件に関するお知らせ,https://www.release.tdnet.info/inbs/140120260130543425.pdf,False,,japanese,,東,
2026-01-30 15:30:00,2026-01-30,34960,アズーム,2026年９月期第１四半期決算短信［日本基準］（連結）,https://www.release.tdnet.info/inbs/140120260130543266.pdf,True,,japanese,,東,https://www.release.tdnet.info/inbs/081220260130543266.zip
2026-01-30 15:30:00,2026-01-30,34960,アズーム,2026年９月期第１四半期　決算説明資料,https://www.release.tdnet.info/inbs/140120260130543272.pdf,False,,japanese,,東,
2026-01-30 15:30:00,2026-01-30,35420,Ｇ－ＶＥＧＡ,株主優待品の決定に関するお知らせ,https://www.release.tdnet.info/inbs/140120260129542073.pdf,False,,japanese,,東,
2026-01-30 15:30:00,2026-01-30,35420,Ｇ－ＶＥＧＡ,配当方針の変更及び配当予想の修正（増配）に関するお知らせ,https://www.release.tdnet.info/inbs/140120260129542071.pdf,False,,japanese,,東,
2026-01-30 15:30:00,2026-01-30,35420,Ｇ－ＶＥＧＡ,2026年３月期通期業績予想の修正に関するお知らせ,https://www.release.tdnet.info/inbs/140120260129542064.pdf,False,,japanese,,東,
2026-01-30 15:30:00,2026-01-30,35420,Ｇ－ＶＥＧＡ,2026年３月期　第３四半期決算説明資料,https://www.release.tdnet.info/inbs/140120260129542037.pdf,False,,japanese,,東,
2026-01-30 15:30:00,2026-01-30,35420,Ｇ－ＶＥＧＡ,2026年３月期　第３四半期決算短信〔日本基準〕(非連結),https://www.release.tdnet.info/inbs/140120260129542029.pdf,True,,japanese,,東,https://www.release.tdnet.info/inbs/081220260129542029.zip
2026-01-30 15:30:00,2026-01-30,36220,Ｇ－ネットイヤー,特別損失の計上及び業績予想の修正に関するお知らせ,https://www.release.tdnet.info/inbs/140120260129541791.pdf,False,,japanese,,東,
2026-01-30 15:30:00,2026-01-30,36220,Ｇ－ネットイヤー,2026年３月期 第３四半期決算短信〔日本基準〕（非連結）,https://www.release.tdnet.info/inbs/140120260129541754.pdf,True,,japanese,,東,https://www.release.tdnet.info/inbs/081220260129541754.zip
2026-01-30 15:30:00,2026-01-30,37620,テクマト,2026年３月期（第42期）第３四半期　決算補足資料,https://www.release.tdnet.info/inbs/140120260130543466.pdf,False,,japanese,,東,
2026-01-30 15:30:00,2026-01-30,37620,テクマト,2026年３月期　第３四半期決算短信〔ＩＦＲＳ〕（連結）,https://www.release.tdnet.info/inbs/140120260130543456.pdf,True,,japanese,,東,https://www.release.tdnet.info/inbs/081220260130543456.zip
2026-01-30 15:30:00,2026-01-30,38040,システム　ディ,公益財団法人財務会計基準機構への加入状況及び加入に関する考え方等に関するお知らせ,https://www.release.tdnet.info/inbs/140120260127539073.pdf,False,,japanese,,東,
2026-01-30 15:30:00,2026-01-30,38040,システム　ディ,支配株主等に関する事項について,https://www.release.tdnet.info/inbs/140120260127539075.pdf,False,,japanese,,東,
2026-01-30 15:30:00,2026-01-30,38100,サイバーステップＨＤ,第三者割当による第42回新株予約権の行使状況に関するお知らせ,https://www.release.tdnet.info/inbs/140120260130542433.pdf,False,,japanese,,東,
2026-01-30 15:30:00,2026-01-30,38360,アバントグループ,2026年6月期第2四半期（中間期）決算短信〔日本基準〕(連結),https://www.release.tdnet.info/inbs/140120260130543054.pdf,True,,japanese,,東,https://www.release.tdnet.info/inbs/081220260130543054.zip
2026-01-30 15:30:00,2026-01-30,38360,アバントグループ,2026年6月期第2四半期決算説明資料,https://www.release.tdnet.info/inbs/140120260130543104.pdf,False,,japanese,,東,
2026-01-30 15:30:00,2026-01-30,39020,ＭＤＶ,臨時株主総会招集のための基準日設定に関するお知らせ,https://www.release.tdnet.info/inbs/140120260130542459.pdf,False,,japanese,,東,
2026-01-30 15:30:00,2026-01-30,39210,ネオジャパン,当社取締役会の実効性に関する評価結果の概要について,https://www.release.tdnet.info/inbs/140120260130543143.pdf,False,,japanese,,東,
2026-01-30 15:30:00,2026-01-30,42050,日ゼオン,業績予想の修正に関するお知らせ,https://www.release.tdnet.info/inbs/140120260129542020.pdf,False,,japanese,,東,
2026-01-30 15:30:00,2026-01-30,42050,日ゼオン,2026年３月期  第３四半期決算短信〔日本基準〕（連結）,https://www.release.tdnet.info/inbs/140120260129541964.pdf,True,,japanese,,東,https://www.release.tdnet.info/inbs/081220260129541964.zip
2026-01-30 15:30:00,2026-01-30,42280,積水化成,2026年３月期第３四半期決算短信〔日本基準〕(連結),https://www.release.tdnet.info/inbs/140120260129542211.pdf,True,,japanese,,東,https://www.release.tdnet.info/inbs/081220260129542211.zip
2026-01-30 15:30:00,2026-01-30,43080,Ｇ－Ｊストリーム,2026年３月期 第３四半期決算説明会資料,https://www.release.tdnet.info/inbs/140120260130543289.pdf,False,,japanese,,東,
2026-01-30 15:30:00,2026-01-30,43180,クイック,2026年3月期第3四半期決算短信〔日本基準〕（連結）,https://www.release.tdnet.info/inbs/140120260123537692.pdf,True,,japanese,,東,https://www.release.tdnet.info/inbs/081220260123537692.zip
2026-01-30 15:30:00,2026-01-30,44980,Ｇ－サイバートラスト,2026年3月期 第3四半期決算に関する質疑応答集,https://www.release.tdnet.info/inbs/140120260129542187.pdf,False,,japanese,,東,
2026-01-30 15:30:00,2026-01-30,45060,住友ファーマ,2025年度（2026年3月期）第3四半期決算 決算説明会資料,https://www.release.tdnet.info/inbs/140120260129541691.pdf,False,,japanese,,東,
2026-01-30 15:30:00,2026-01-30,45060,住友ファーマ,2025年度（2026年3月期）第3四半期決算(IFRS)補足資料,https://www.release.tdnet.info/inbs/140120260129541687.pdf,False,,japanese,,東,
2026-01-30 15:30:00,2026-01-30,45060,住友ファーマ,2026年3月期第3四半期決算短信〔IFRS〕（連結）,https://www.release.tdnet.info/inbs/140120260129541682.pdf,True,,japanese,,東,https://www.release.tdnet.info/inbs/081220260129541682.zip
2026-01-30 15:30:00,2026-01-30,45390,日ケミファ,2026年3月期 第３四半期決算短信〔日本基準〕（連結）,https://www.release.tdnet.info/inbs/140120260130542529.pdf,True,,japanese,,東,https://www.release.tdnet.info/inbs/081220260130542529.zip
2026-01-30 15:30:00,2026-01-30,45470,キッセイ薬,2026年3月期 第3四半期決算短信〔日本基準〕（連結）,https://www.release.tdnet.info/inbs/140120260130543299.pdf,True,,japanese,,東,https://www.release.tdnet.info/inbs/081220260130543299.zip
2026-01-30 15:30:00,2026-01-30,45470,キッセイ薬,2026年3月期 第3四半期決算補足資料,https://www.release.tdnet.info/inbs/140120260129542008.pdf,False,,japanese,,東,
2026-01-30 15:30:00,2026-01-30,45470,キッセイ薬,配当予想の修正（創立80周年記念配当実施）に関するお知らせ,https://www.release.tdnet.info/inbs/140120260129542028.pdf,False,,japanese,,東,
2026-01-30 15:30:00,2026-01-30,45490,栄研化,2026年3月期第3四半期決算短信〔日本基準〕(連結),https://www.release.tdnet.info/inbs/140120260129541504.pdf,True,,japanese,,東,https://www.release.tdnet.info/inbs/081220260129541504.zip
2026-01-30 15:30:00,2026-01-30,45490,栄研化,2026年3月期第3四半期 決算補足説明資料,https://www.release.tdnet.info/inbs/140120260129541688.pdf,False,,japanese,,東,
2026-01-30 15:30:00,2026-01-30,47760,ＣＹＢＯＺＵ,公益財団法人財務会計基準機構への加入状況に関するお知らせ,https://www.release.tdnet.info/inbs/140120260126538481.pdf,False,,japanese,,東,
2026-01-30 15:30:00,2026-01-30,48160,東映アニメ,2026年３月期 第３四半期決算短信（日本基準）（連結）,https://www.release.tdnet.info/inbs/140120260129541280.pdf,True,,japanese,,東,https://www.release.tdnet.info/inbs/081220260129541280.zip
2026-01-30 15:30:00,2026-01-30,48160,東映アニメ,2026年３月期 第３四半期 決算計数資料,https://www.release.tdnet.info/inbs/140120260130543572.pdf,False,,japanese,,東,
2026-01-30 15:30:00,2026-01-30,48160,東映アニメ,2026年３月期 第３四半期 決算補足資料,https://www.release.tdnet.info/inbs/140120260130543579.pdf,False,,japanese,,東,
2026-01-30 15:30:00,2026-01-30,48190,デジタルガレージ,執行役員人事及び人事異動に関するお知らせ,https://www.release.tdnet.info/inbs/140120260130542941.pdf,False,,japanese,,東,
2026-01-30 15:30:00,2026-01-30,48380,ＳＳＳＫ　ＨＤ,代表取締役および役付取締役の異動に関するお知らせ,https://www.release.tdnet.info/inbs/140120260130543382.pdf,False,,japanese,,東,
2026-01-30 15:30:00,2026-01-30,48480,フルキャストＨＤ,株式会社エントリーの株式取得（子会社化）に関するお知らせ,https://www.release.tdnet.info/inbs/140120260127539590.pdf,False,,japanese,,東,
2026-01-30 15:30:00,2026-01-30,52180,オハラ,支配株主等に関する事項について,https://www.release.tdnet.info/inbs/140120260130542424.pdf,False,,japanese,,東,
2026-01-30 15:30:00,2026-01-30,52800,ヨシコン,2026年３月期第３四半期決算短信〔日本基準〕(連結),https://www.release.tdnet.info/inbs/140120260128540218.pdf,True,,japanese,,東,https://www.release.tdnet.info/inbs/081220260128540218.zip
2026-01-30 15:30:00,2026-01-30,53320,ＴＯＴＯ,2026年3月期 第3四半期決算短信〔日本基準〕(連結),https://www.release.tdnet.info/inbs/140120260130542790.pdf,True,,japanese,,東名福,https://www.release.tdnet.info/inbs/081220260130542790.zip
2026-01-30 15:30:00,2026-01-30,53320,ＴＯＴＯ,2026年3月期 第3四半期 決算説明資料,https://www.release.tdnet.info/inbs/140120260130542884.pdf,False,,japanese,,東名福,
2026-01-30 15:30:00,2026-01-30,53520,黒崎播磨,2026年３月期 第３四半期決算短信〔日本基準〕（連結）,https://www.release.tdnet.info/inbs/140120260128539757.pdf,True,,japanese,,東福,https://www.release.tdnet.info/inbs/081220260128539757.zip
2026-01-30 15:30:00,2026-01-30,53520,黒崎播磨,2026年３月期 第３四半期決算補足説明資料,https://www.release.tdnet.info/inbs/140120260128539774.pdf,False,,japanese,,東福,
2026-01-30 15:30:00,2026-01-30,53520,黒崎播磨,当社の親会社である日本製鉄株式会社による当社株式に対する公開買付けの開始に係る賛同の意見表明及び応募推奨に関するお知らせ,https://www.release.tdnet.info/inbs/140120260128539794.pdf,False,,japanese,,東福,
2026-01-30 15:30:00,2026-01-30,53880,クニミネ工業,2026年3月期　第3四半期決算短信〔日本基準〕（連結）,https://www.release.tdnet.info/inbs/140120260129541349.pdf,True,,japanese,,東,https://www.release.tdnet.info/inbs/081220260129541349.zip
2026-01-30 15:30:00,2026-01-30,54010,日本製鉄,黒崎播磨株式会社株式（証券コード5352）に対する公開買付けの開始に関するお知らせ,https://www.release.tdnet.info/inbs/140120260123537790.pdf,False,,japanese,,東名札福,
2026-01-30 15:30:00,2026-01-30,56030,虹技,2026年３月期　第３四半期決算短信〔日本基準〕（連結）,https://www.release.tdnet.info/inbs/140120260129541524.pdf,True,,japanese,,東,https://www.release.tdnet.info/inbs/081220260129541524.zip
2026-01-30 15:30:00,2026-01-30,56120,日鋳鉄管,2026年３月期　第３四半期決算短信〔日本基準〕（連結）,https://www.release.tdnet.info/inbs/140120260129541671.pdf,True,,japanese,,東,https://www.release.tdnet.info/inbs/081220260129541671.zip
2026-01-30 15:30:00,2026-01-30,57070,東邦鉛,財務上の特約が付された債権者間協定書に係る財務制限条項変更、貸出コミットメント契約及び当座貸越契約締結に関するお知らせ,https://www.release.tdnet.info/inbs/140120260129542133.pdf,False,,japanese,,東,
2026-01-30 15:30:00,2026-01-30,58440,京都ＦＧ,2026年３月期　第３四半期決算短信〔日本基準〕（連結）,https://www.release.tdnet.info/inbs/140120260129541337.pdf,True,,japanese,,東,https://www.release.tdnet.info/inbs/081220260129541337.zip
2026-01-30 15:30:00,2026-01-30,59060,エムケー精工,2026年３月期　第３四半期決算短信〔日本基準〕（連結）,https://www.release.tdnet.info/inbs/140120260117535312.pdf,True,,japanese,,東,https://www.release.tdnet.info/inbs/081220260117535312.zip
2026-01-30 15:30:00,2026-01-30,59060,エムケー精工,業績予想及び配当予想の修正に関するお知らせ,https://www.release.tdnet.info/inbs/140120260129541230.pdf,False,,japanese,,東,
2026-01-30 15:30:00,2026-01-30,59060,エムケー精工,株主優待制度の変更（拡充）に関するお知らせ,https://www.release.tdnet.info/inbs/140120260129541262.pdf,False,,japanese,,東,
2026-01-30 15:30:00,2026-01-30,59210,川岸工,資本コストや株価を意識した経営の実現に向けた対応について（2025年9月期までの振返り）,https://www.release.tdnet.info/inbs/140120260130542445.pdf,False,,japanese,,東,
2026-01-30 15:30:00,2026-01-30,59210,川岸工,2026年9月期第１四半期決算短信〔日本基準〕(非連結),https://www.release.tdnet.info/inbs/140120260130542440.pdf,True,,japanese,,東,https://www.release.tdnet.info/inbs/081220260130542440.zip
2026-01-30 15:30:00,2026-01-30,59510,ダイニチ工,2026年３月期 第３四半期決算短信〔日本基準〕（非連結）,https://www.release.tdnet.info/inbs/140120260129540944.pdf,True,,japanese,,東,https://www.release.tdnet.info/inbs/081220260129540944.zip
2026-01-30 15:30:00,2026-01-30,60420,ニッキ,2026年3月期　第３四半期決算短信〔日本基準〕（連結）,https://www.release.tdnet.info/inbs/140120260122537067.pdf,True,,japanese,,東,https://www.release.tdnet.info/inbs/081220260122537067.zip
2026-01-30 15:30:00,2026-01-30,60490,Ｇ－イトクロ,支配株主等に関する事項について,https://www.release.tdnet.info/inbs/140120260108530720.pdf,False,,japanese,,東,
2026-01-30 15:30:00,2026-01-30,60490,Ｇ－イトクロ,公益財団法人財務会計基準機構への加入状況及び加入に関する考え方等に関するお知らせ,https://www.release.tdnet.info/inbs/140120260108530724.pdf,False,,japanese,,東,
2026-01-30 15:30:00,2026-01-30,60800,Ｍ＆Ａキャピタル,2026年９月期　第１四半期決算短信〔ＩＦＲＳ〕(連結),https://www.release.tdnet.info/inbs/140120260129542056.pdf,True,,japanese,,東,https://www.release.tdnet.info/inbs/081220260129542056.zip
2026-01-30 15:30:00,2026-01-30,60800,Ｍ＆Ａキャピタル,2026年９月期　第１四半期決算説明資料,https://www.release.tdnet.info/inbs/140120260129542070.pdf,False,,japanese,,東,
2026-01-30 15:30:00,2026-01-30,61350,牧野フライス,2026年３月期　第３四半期決算短信〔日本基準〕（連結）,https://www.release.tdnet.info/inbs/140120260129542242.pdf,True,,japanese,,東,https://www.release.tdnet.info/inbs/081220260129542242.zip
2026-01-30 15:30:00,2026-01-30,61350,牧野フライス,業績予想の修正に関するお知らせ,https://www.release.tdnet.info/inbs/140120260130542565.pdf,False,,japanese,,東,
2026-01-30 15:30:00,2026-01-30,61850,ＳＭＮ,2026年３月期 第３四半期決算短信〔日本基準〕（連結）,https://www.release.tdnet.info/inbs/140120260130542609.pdf,True,,japanese,,東,https://www.release.tdnet.info/inbs/081220260130542609.zip
2026-01-30 15:30:00,2026-01-30,61850,ＳＭＮ,2026年3月期 第3四半期決算説明資料,https://www.release.tdnet.info/inbs/140120260130542631.pdf,False,,japanese,,東,
2026-01-30 15:30:00,2026-01-30,61960,ストライク,2026年９月期 第１四半期決算短信〔日本基準〕(非連結),https://www.release.tdnet.info/inbs/140120260129542292.pdf,True,,japanese,,東,https://www.release.tdnet.info/inbs/081220260129542292.zip
2026-01-30 15:30:00,2026-01-30,61960,ストライク,2026年９月期 第１四半期決算説明資料,https://www.release.tdnet.info/inbs/140120260129542321.pdf,False,,japanese,,東,
2026-01-30 15:30:00,2026-01-30,61960,ストライク,株式分割及び定款の一部変更、配当予想の修正に関するお知らせ,https://www.release.tdnet.info/inbs/140120260129542323.pdf,False,,japanese,,東,
2026-01-30 15:30:00,2026-01-30,62100,ＴＯＹＯイノベックス,2026年３月期 第３四半期決算短信〔日本基準〕（連結）,https://www.release.tdnet.info/inbs/140120260129540867.pdf,True,,japanese,,東,https://www.release.tdnet.info/inbs/081220260129540867.zip
2026-01-30 15:30:00,2026-01-30,62100,ＴＯＹＯイノベックス,特別損失（訴訟関連損失）の計上及び通期連結業績予想の修正に関するお知らせ,https://www.release.tdnet.info/inbs/140120260129540983.pdf,False,,japanese,,東,
2026-01-30 15:30:00,2026-01-30,62100,ＴＯＹＯイノベックス,臨時株主総会の決議結果に関するお知らせ,https://www.release.tdnet.info/inbs/140120260129541399.pdf,False,,japanese,,東,
2026-01-30 15:30:00,2026-01-30,62220,島精機,2026年３月期　第３四半期決算短信〔日本基準〕(連結),https://www.release.tdnet.info/inbs/140120260130542713.pdf,True,,japanese,,東,https://www.release.tdnet.info/inbs/081220260130542713.zip
2026-01-30 15:30:00,2026-01-30,62220,島精機,通期業績予想の修正および投資有価証券売却に伴う特別利益の計上見込みに関するお知らせ,https://www.release.tdnet.info/inbs/140120260130542887.pdf,True,,japanese,,東,https://www.release.tdnet.info/inbs/091220260130542887.zip
2026-01-30 15:30:00,2026-01-30,62280,ジェイ・イー・ティ,2025年12月期通期連結業績予想の修正に関するお知らせ,https://www.release.tdnet.info/inbs/140120260123537461.pdf,True,,japanese,,東,https://www.release.tdnet.info/inbs/091220260123537461.zip
2026-01-30 15:30:00,2026-01-30,62930,日精樹脂,臨時株主総会の決議結果に関するお知らせ,https://www.release.tdnet.info/inbs/140120260128540036.pdf,False,,japanese,,東名,
2026-01-30 15:30:00,2026-01-30,64540,マックス,株式分割及び株式分割に伴う定款の一部変更に関するお知らせ,https://www.release.tdnet.info/inbs/140120260128540671.pdf,False,,japanese,,東,
2026-01-30 15:30:00,2026-01-30,64540,マックス,2026年3月期 第3四半期決算短信〔日本基準〕（連結）,https://www.release.tdnet.info/inbs/140120260129541619.pdf,True,,japanese,,東,https://www.release.tdnet.info/inbs/081220260129541619.zip
2026-01-30 15:30:00,2026-01-30,64540,マックス,2026年3月期 第3四半期決算補足説明資料,https://www.release.tdnet.info/inbs/140120260129541646.pdf,False,,japanese,,東,
2026-01-30 15:30:00,2026-01-30,64540,マックス,2026年3月期 第3四半期決算説明会資料,https://www.release.tdnet.info/inbs/140120260129541653.pdf,False,,japanese,,東,
2026-01-30 15:30:00,2026-01-30,64550,モリタＨＤ,2026年３月期　第３四半期決算短信〔日本基準〕（連結）,https://www.release.tdnet.info/inbs/140120260128539866.pdf,True,,japanese,,東,https://www.release.tdnet.info/inbs/081220260128539866.zip
2026-01-30 15:30:00,2026-01-30,64550,モリタＨＤ,従業員持株会向け譲渡制限付株式インセンティブとしての自己株式の処分に関するお知らせ,https://www.release.tdnet.info/inbs/140120260128539691.pdf,False,,japanese,,東,
2026-01-30 15:30:00,2026-01-30,64550,モリタＨＤ,自己株式の消却に関するお知らせ,https://www.release.tdnet.info/inbs/140120260128539893.pdf,False,,japanese,,東,
2026-01-30 15:30:00,2026-01-30,65080,明電舎,2026年３月期第３四半期決算短信〔日本基準〕(連結),https://www.release.tdnet.info/inbs/140120260129542260.pdf,True,,japanese,,東名,https://www.release.tdnet.info/inbs/081220260129542260.zip
2026-01-30 15:30:00,2026-01-30,65080,明電舎,2026年３月期 第３四半期決算補足資料,https://www.release.tdnet.info/inbs/140120260129542276.pdf,False,,japanese,,東名,
2026-01-30 15:30:00,2026-01-30,65260,ソシオネクスト,2026年３月期  第３四半期決算短信〔日本基準〕（連結）,https://www.release.tdnet.info/inbs/140120260130542491.pdf,True,,japanese,,東,https://www.release.tdnet.info/inbs/081220260130542491.zip
2026-01-30 15:30:00,2026-01-30,65430,日宣,連結子会社の異動（株式譲渡）に関する基本合意書締結のお知らせ,https://www.release.tdnet.info/inbs/140120260130542888.pdf,False,,japanese,,東,
2026-01-30 15:30:00,2026-01-30,65630,Ｇ－みらいワークス,（訂正）「業績連動型株式報酬としての自己株式の処分に関するお知らせ」の一部訂正について,https://www.release.tdnet.info/inbs/140120260130543532.pdf,False,,japanese,,東,
2026-01-30 15:30:00,2026-01-30,65650,ＡＢホテル,2026年３月期 第３四半期決算短信〔日本基準〕（非連結）,https://www.release.tdnet.info/inbs/140120260127539192.pdf,True,,japanese,,東名,https://www.release.tdnet.info/inbs/081220260127539192.zip
2026-01-30 15:30:00,2026-01-30,66630,太洋テクノレックス,2025年12月期決算短信〔日本基準〕（連結）,https://www.release.tdnet.info/inbs/140120260115534361.pdf,True,,japanese,,東,https://www.release.tdnet.info/inbs/081220260115534361.zip
2026-01-30 15:30:00,2026-01-30,66630,太洋テクノレックス,上場維持基準への適合に関するお知らせ,https://www.release.tdnet.info/inbs/140120260128540679.pdf,False,,japanese,,東,
2026-01-30 15:30:00,2026-01-30,67270,ワコム,株式会社リクロスエクスパンションの株式の取得（子会社化）及びそれに伴う新たな事業の開始に関するお知らせ,https://www.release.tdnet.info/inbs/140120260116534948.pdf,False,,japanese,,東,
2026-01-30 15:30:00,2026-01-30,67270,ワコム,公認会計士等の異動に関するお知らせ,https://www.release.tdnet.info/inbs/140120251224525249.pdf,False,,japanese,,東,
2026-01-30 15:30:00,2026-01-30,67270,ワコム,2026年３月期 第３四半期決算短信〔日本基準〕（連結）,https://www.release.tdnet.info/inbs/140120260116534938.pdf,True,,japanese,,東,https://www.release.tdnet.info/inbs/081220260116534938.zip
2026-01-30 15:30:00,2026-01-30,67270,ワコム,2026年３月期通期連結業績予想の修正（利益上方修正）、及び期末配当予想の修正（増配及び記念配当）に関するお知らせ,https://www.release.tdnet.info/inbs/140120260116534856.pdf,False,,japanese,,東,
2026-01-30 15:30:00,2026-01-30,67700,アルプスアルパイン,2026年３月期第３四半期決算短信〔日本基準〕（連結）,https://www.release.tdnet.info/inbs/140120260126538538.pdf,True,,japanese,,東,https://www.release.tdnet.info/inbs/081220260126538538.zip
2026-01-30 15:30:00,2026-01-30,67700,アルプスアルパイン,2026年３月期通期連結業績予想の修正及び配当予想の修正に関するお知らせ,https://www.release.tdnet.info/inbs/140120260130543023.pdf,False,,japanese,,東,
2026-01-30 15:30:00,2026-01-30,68100,マクセル,2026年３月期第３四半期決算短信[日本基準](連結),https://www.release.tdnet.info/inbs/140120260127539164.pdf,True,,japanese,,東,https://www.release.tdnet.info/inbs/081220260127539164.zip
2026-01-30 15:30:00,2026-01-30,68100,マクセル,完全子会社への会社分割（簡易吸収分割）による事業承継に関するお知らせ,https://www.release.tdnet.info/inbs/140120260127539442.pdf,False,,japanese,,東,
2026-01-30 15:30:00,2026-01-30,68820,三社電機製作所,2026年３月期　第３四半期決算短信〔日本基準〕（連結）,https://www.release.tdnet.info/inbs/140120260129542099.pdf,True,,japanese,,東,https://www.release.tdnet.info/inbs/081220260129542099.zip
2026-01-30 15:30:00,2026-01-30,68820,三社電機製作所,2026年３月期 第３四半期 決算説明資料,https://www.release.tdnet.info/inbs/140120260130542766.pdf,False,,japanese,,東,
2026-01-30 15:30:00,2026-01-30,69610,エンプラス,2026年3月期 第3四半期決算短信〔日本基準〕(連結),https://www.release.tdnet.info/inbs/140120260130543309.pdf,True,,japanese,,東,https://www.release.tdnet.info/inbs/081220260130543309.zip
2026-01-30 15:30:00,2026-01-30,69610,エンプラス,通期業績予想の修正に関するお知らせ,https://www.release.tdnet.info/inbs/140120260130542437.pdf,False,,japanese,,東,
2026-01-30 15:30:00,2026-01-30,70460,Ｇ－ＴＤＳＥ,2026年３月期 第３四半期決算短信〔日本基準〕（非連結）,https://www.release.tdnet.info/inbs/140120260130543021.pdf,True,,japanese,,東,https://www.release.tdnet.info/inbs/081220260130543021.zip
2026-01-30 15:30:00,2026-01-30,70680,Ｇ－ＦフォースＧ,（開示事項の経過）自己株式消却完了に関するお知らせ,https://www.release.tdnet.info/inbs/140120260130542908.pdf,False,,japanese,,東,
2026-01-30 15:30:00,2026-01-30,70720,Ｇ－インテＭ,業績連動型株式報酬としての新株発行の払込完了に関するお知らせ,https://www.release.tdnet.info/inbs/140120260126538161.pdf,False,,japanese,,東,
2026-01-30 15:30:00,2026-01-30,71500,島根銀行,2026年３月期第３四半期決算短信〔日本基準〕(連結),https://www.release.tdnet.info/inbs/140120260127539438.pdf,True,,japanese,,東,https://www.release.tdnet.info/inbs/081220260127539438.zip
2026-01-30 15:30:00,2026-01-30,71730,東京きらぼしＦＧ,2026年３月期　第３四半期決算短信〔日本基準〕（連結）,https://www.release.tdnet.info/inbs/140120260129542156.pdf,True,,japanese,,東,https://www.release.tdnet.info/inbs/081220260129542156.zip
2026-01-30 15:30:00,2026-01-30,71750,今村証券,2026年３月期 第３四半期決算短信〔日本基準〕（非連結）,https://www.release.tdnet.info/inbs/140120260130542461.pdf,True,,japanese,,東,https://www.release.tdnet.info/inbs/081220260130542461.zip
2026-01-30 15:30:00,2026-01-30,71820,ゆうちょ銀行,2026年3月期第3四半期末の有価証券含み損に関するお知らせ,https://www.release.tdnet.info/inbs/140120260129541648.pdf,False,,japanese,,東,
2026-01-30 15:30:00,2026-01-30,72180,田中精密,従業員持株会向け譲渡制限付株式インセンティブとしての自己株式の処分に関するお知らせ,https://www.release.tdnet.info/inbs/140120260130543168.pdf,False,,japanese,,東,
2026-01-30 15:30:00,2026-01-30,72560,河西工,海外子会社の工場閉鎖決定に関するお知らせ,https://www.release.tdnet.info/inbs/140120260130542929.pdf,False,,japanese,,東,
2026-01-30 15:30:00,2026-01-30,73580,ポピンズ,取締役の辞任に関するお知らせ,https://www.release.tdnet.info/inbs/140120260129541719.pdf,False,,japanese,,東,
2026-01-30 15:30:00,2026-01-30,74200,佐鳥電機,MIRAINI（ミライニ）ホールディングス株式会社設立に関わる組織、役員、コーポレートロゴに関するお知らせ,https://www.release.tdnet.info/inbs/140120260130543485.pdf,False,,japanese,,東,
2026-01-30 15:30:00,2026-01-30,74200,佐鳥電機,執行役員の異動に関するお知らせ,https://www.release.tdnet.info/inbs/140120260130543516.pdf,False,,japanese,,東,
2026-01-30 15:30:00,2026-01-30,74220,東邦レマック,2025年12月期　決算短信〔日本基準〕（非連結）,https://www.release.tdnet.info/inbs/140120260130542521.pdf,True,,japanese,,東,https://www.release.tdnet.info/inbs/081220260130542521.zip
2026-01-30 15:30:00,2026-01-30,74670,萩原電気ＨＤ,MIRAINI（ミライニ）ホールディングス株式会社設立に関わる組織、役員、コーポレートロゴに関するお知らせ,https://www.release.tdnet.info/inbs/140120260129542345.pdf,False,,japanese,,東名,
2026-01-30 15:30:00,2026-01-30,74830,ドウシシャ,2026年３月期の通期業績予想の修正に関するお知らせ,https://www.release.tdnet.info/inbs/140120260129542304.pdf,True,,japanese,,東,https://www.release.tdnet.info/inbs/091220260129542304.zip
2026-01-30 15:30:00,2026-01-30,74830,ドウシシャ,2026年３月期 第３四半期決算短信〔日本基準〕（連結）,https://www.release.tdnet.info/inbs/140120260130542742.pdf,True,,japanese,,東,https://www.release.tdnet.info/inbs/081220260130542742.zip
2026-01-30 15:30:00,2026-01-30,75040,高速,2026年3月期　第3四半期決算補足説明資料,https://www.release.tdnet.info/inbs/140120260126538828.pdf,False,,japanese,,東,
2026-01-30 15:30:00,2026-01-30,75040,高速,2026年3月期　第3四半期決算短信〔日本基準〕（連結）,https://www.release.tdnet.info/inbs/140120260128540542.pdf,True,,japanese,,東,https://www.release.tdnet.info/inbs/081220260128540542.zip
2026-01-30 15:30:00,2026-01-30,75080,ＧセブンＨＤ,2026年3月期 第3四半期決算短信〔日本基準〕(連結),https://www.release.tdnet.info/inbs/140120260129541852.pdf,True,,japanese,,東,https://www.release.tdnet.info/inbs/081220260129541852.zip
2026-01-30 15:30:00,2026-01-30,75100,たけびし,2026年３月期 第３四半期決算短信〔日本基準〕(連結),https://www.release.tdnet.info/inbs/140120260130542976.pdf,True,,japanese,,東,https://www.release.tdnet.info/inbs/081220260130542976.zip
2026-01-30 15:30:00,2026-01-30,75960,魚力,機構改革並びに執行役員の異動、その他の人事異動に関するお知らせ,https://www.release.tdnet.info/inbs/140120260130543224.pdf,False,,japanese,,東,
2026-01-30 15:30:00,2026-01-30,76020,レダックス,子会社の異動を伴う連結子会社による第三者割当による新株式発行並びに役員の異動、及び業務提携に関するお知らせ,https://www.release.tdnet.info/inbs/140120260130543625.pdf,False,,japanese,,東,
2026-01-30 15:30:00,2026-01-30,76400,トップカルチャ,支配株主等に関する事項について,https://www.release.tdnet.info/inbs/140120260130542967.pdf,False,,japanese,,東,
2026-01-30 15:30:00,2026-01-30,76900,Ｐ－カレント自動車,支配株主等に関する事項について,https://www.release.tdnet.info/inbs/140120260130542721.pdf,False,,japanese,,東,
2026-01-30 15:30:00,2026-01-30,77230,愛知時,2026年３月期第３四半期決算短信補足資料,https://www.release.tdnet.info/inbs/140120260128539918.pdf,False,,japanese,,東名,
2026-01-30 15:30:00,2026-01-30,77230,愛知時,2026年３月期第３四半期決算短信〔日本基準〕(連結),https://www.release.tdnet.info/inbs/140120260128539897.pdf,True,,japanese,,東名,https://www.release.tdnet.info/inbs/081220260128539897.zip
2026-01-30 15:30:00,2026-01-30,77230,愛知時,特別利益の計上及び業績予想並びに配当予想の修正に関するお知らせ,https://www.release.tdnet.info/inbs/140120260128539724.pdf,False,,japanese,,東名,
2026-01-30 15:30:00,2026-01-30,77950,ＫＹＯＲＩＴＳＵ,2026年３月期第３四半期決算短信〔日本基準〕(連結),https://www.release.tdnet.info/inbs/140120260130542794.pdf,True,,japanese,,東,https://www.release.tdnet.info/inbs/081220260130542794.zip
2026-01-30 15:30:00,2026-01-30,78230,アートネイチャー,2026年３月期 第３四半期決算短信〔日本基準〕(連結),https://www.release.tdnet.info/inbs/140120260129542407.pdf,True,,japanese,,東,https://www.release.tdnet.info/inbs/081220260129542407.zip
2026-01-30 15:30:00,2026-01-30,78230,アートネイチャー,2026年3月期 第3四半期決算補足資料,https://www.release.tdnet.info/inbs/140120260130542818.pdf,False,,japanese,,東,
2026-01-30 15:30:00,2026-01-30,78390,ＳＨＯＥＩ,2026年９月期第１四半期決算短信〔日本基準〕（連結）,https://www.release.tdnet.info/inbs/140120260121536691.pdf,True,,japanese,,東,https://www.release.tdnet.info/inbs/081220260121536691.zip
2026-01-30 15:30:00,2026-01-30,78390,ＳＨＯＥＩ,株式会社SHOEI決算説明資料（2026年９月期第１四半期決算説明資料）,https://www.release.tdnet.info/inbs/140120260130542573.pdf,False,,japanese,,東,
2026-01-30 15:30:00,2026-01-30,78440,マーベラス,2026年３月期第３四半期決算短信〔日本基準〕(連結),https://www.release.tdnet.info/inbs/140120260130543113.pdf,True,,japanese,,東,https://www.release.tdnet.info/inbs/081220260130543113.zip
2026-01-30 15:30:00,2026-01-30,78440,マーベラス,2026年3月期第3四半期 決算説明資料,https://www.release.tdnet.info/inbs/140120260130543151.pdf,False,,japanese,,東,
2026-01-30 15:30:00,2026-01-30,78780,光・彩,配当予想の修正（増配）に関するお知らせ,https://www.release.tdnet.info/inbs/140120260130543652.pdf,True,,japanese,,東名,https://www.release.tdnet.info/inbs/091220260130543652.zip
2026-01-30 15:30:00,2026-01-30,78930,プロネクサス,2026年３月期 第３四半期決算短信〔ＩＦＲＳ〕（連結）,https://www.release.tdnet.info/inbs/140120260129541502.pdf,True,,japanese,,東,https://www.release.tdnet.info/inbs/081220260129541502.zip
2026-01-30 15:30:00,2026-01-30,79060,ヨネックス,株主優待制度の一部変更に関するお知らせ,https://www.release.tdnet.info/inbs/140120260129542110.pdf,False,,japanese,,東,
2026-01-30 15:30:00,2026-01-30,79400,ウェーブロックＨＤ,2026年３月期 第３四半期決算短信〔日本基準〕（連結）,https://www.release.tdnet.info/inbs/140120260130542664.pdf,True,,japanese,,東,https://www.release.tdnet.info/inbs/081220260130542664.zip
2026-01-30 15:30:00,2026-01-30,79400,ウェーブロックＨＤ,2026年３月期 第３四半期 決算補足説明資料,https://www.release.tdnet.info/inbs/140120260130542678.pdf,False,,japanese,,東,
2026-01-30 15:30:00,2026-01-30,79420,ＪＳＰ,2026年３月期　第３四半期決算短信〔日本基準〕（連結）,https://www.release.tdnet.info/inbs/140120260123537460.pdf,True,,japanese,,東,https://www.release.tdnet.info/inbs/081220260123537460.zip
2026-01-30 15:30:00,2026-01-30,79420,ＪＳＰ,2026年3月期　連結業績予想および期末配当予想の修正に関するお知らせ,https://www.release.tdnet.info/inbs/140120260129541758.pdf,False,,japanese,,東,
2026-01-30 15:30:00,2026-01-30,80050,スクロール,2026年３月期 第３四半期決算短信〔日本基準〕（連結）,https://www.release.tdnet.info/inbs/140120260129541425.pdf,True,,japanese,,東,https://www.release.tdnet.info/inbs/081220260129541425.zip
2026-01-30 15:30:00,2026-01-30,80050,スクロール,2026年３月期 第３四半期決算説明資料,https://www.release.tdnet.info/inbs/140120260130543438.pdf,False,,japanese,,東,
2026-01-30 15:30:00,2026-01-30,80050,スクロール,特別損失の計上及び通期連結業績予想の修正に関するお知らせ,https://www.release.tdnet.info/inbs/140120260130543443.pdf,False,,japanese,,東,
2026-01-30 15:30:00,2026-01-30,80310,三井物産,(訂正・数値データ修正）2025年3月期 第3四半期決算短信〔ＩＦＲＳ〕(連結)の一部訂正,https://www.release.tdnet.info/inbs/140120260129541709.pdf,True,,japanese,,東名札福,https://www.release.tdnet.info/inbs/081220260129541709.zip
2026-01-30 15:30:00,2026-01-30,80400,東ソワール,2025年12月期　通期業績予想の修正に関するお知らせ,https://www.release.tdnet.info/inbs/140120260128540745.pdf,True,,japanese,,東,https://www.release.tdnet.info/inbs/091220260128540745.zip
2026-01-30 15:30:00,2026-01-30,81320,シナネンＨＤ,（開示事項の経過）連結子会社の事業再編に関するお知らせ,https://www.release.tdnet.info/inbs/140120260130542730.pdf,False,,japanese,,東,
2026-01-30 15:30:00,2026-01-30,81420,トーホー,代表取締役の異動（退任）に関するお知らせ,https://www.release.tdnet.info/inbs/140120260130543571.pdf,False,,japanese,,東,
2026-01-30 15:30:00,2026-01-30,82330,高島屋,(更新)「2028年満期ユーロ円建転換社債型新株予約権付社債の買入れ及び消却に係る事項の決定並びに自己株式の消却見合わせに関するお知らせ」の一部更新について,https://www.release.tdnet.info/inbs/140120260120536279.pdf,False,,japanese,,東,
2026-01-30 15:30:00,2026-01-30,82330,高島屋,特別損失の計上及び業績予想の修正に関するお知らせ,https://www.release.tdnet.info/inbs/140120260130543662.pdf,True,,japanese,,東,https://www.release.tdnet.info/inbs/091220260130543662.zip
2026-01-30 15:30:00,2026-01-30,83160,三井住友,2026年3月期 第3四半期決算短信〔日本基準〕(連結),https://www.release.tdnet.info/inbs/140120260113532149.pdf,True,,japanese,,東名,https://www.release.tdnet.info/inbs/081220260113532149.zip
2026-01-30 15:30:00,2026-01-30,83830,鳥取銀,2026年3月期　第3四半期決算短信〔日本基準〕（連結）,https://www.release.tdnet.info/inbs/140120260128540040.pdf,True,,japanese,,東,https://www.release.tdnet.info/inbs/081220260128540040.zip
2026-01-30 15:30:00,2026-01-30,84180,山口ＦＧ,2026年３月期第３四半期末の有価証券含み損に関するお知らせ,https://www.release.tdnet.info/inbs/140120260129542109.pdf,False,,japanese,,東,
2026-01-30 15:30:00,2026-01-30,85720,アコム,2026年３月期第３四半期決算短信〔日本基準〕(連結),https://www.release.tdnet.info/inbs/140120260130543388.pdf,True,,japanese,,東,https://www.release.tdnet.info/inbs/081220260130543388.zip
2026-01-30 15:30:00,2026-01-30,85850,オリコ,2026年３月期 第３四半期決算短信〔日本基準〕（連結）,https://www.release.tdnet.info/inbs/140120260130543139.pdf,True,,japanese,,東,https://www.release.tdnet.info/inbs/081220260130543139.zip
2026-01-30 15:30:00,2026-01-30,86040,野村,奥田グループCEO決算コメントおよびハイライト（2026年3月期第3四半期 連結決算）,https://www.release.tdnet.info/inbs/140120260130543562.pdf,False,,japanese,,東名,
2026-01-30 15:30:00,2026-01-30,86040,野村,2026年3月期 第3四半期決算短信〔米国基準〕（連結）,https://www.release.tdnet.info/inbs/140120260130543573.pdf,True,,japanese,,東名,https://www.release.tdnet.info/inbs/081220260130543573.zip
2026-01-30 15:30:00,2026-01-30,86040,野村,自己株式の取得に係る事項の決定に関するお知らせ,https://www.release.tdnet.info/inbs/140120260130543641.pdf,False,,japanese,,東名,
2026-01-30 15:30:00,2026-01-30,86040,野村,自己株式の消却に係る事項の決定に関するお知らせ,https://www.release.tdnet.info/inbs/140120260130543654.pdf,False,,japanese,,東名,
2026-01-30 15:30:00,2026-01-30,86040,野村,特定子会社の異動に関するお知らせ,https://www.release.tdnet.info/inbs/140120260130543693.pdf,False,,japanese,,東名,
2026-01-30 15:30:00,2026-01-30,87040,トレイダーズＨＤ,通期連結業績予想の修正及び期末配当予想の修正（増配）に関するお知らせ,https://www.release.tdnet.info/inbs/140120260130542970.pdf,False,,japanese,,東,
2026-01-30 15:30:00,2026-01-30,87040,トレイダーズＨＤ,2026年3月期 第3四半期決算説明資料,https://www.release.tdnet.info/inbs/140120260130542957.pdf,False,,japanese,,東,
2026-01-30 15:30:00,2026-01-30,87040,トレイダーズＨＤ,2026年３月期  第３四半期決算短信〔日本基準〕（連結）,https://www.release.tdnet.info/inbs/140120260127538997.pdf,True,,japanese,,東,https://www.release.tdnet.info/inbs/081220260127538997.zip
2026-01-30 15:30:00,2026-01-30,88480,レオパレス２１,会社分割（簡易吸収分割）及び子会社の異動（特定子会社の異動）に関するお知らせ,https://www.release.tdnet.info/inbs/140120260130543002.pdf,False,,japanese,,東,
2026-01-30 15:30:00,2026-01-30,88710,ゴールドクレ,2026年3月期第3四半期決算短信〔日本基準〕（連結）,https://www.release.tdnet.info/inbs/140120260122537353.pdf,True,,japanese,,東,https://www.release.tdnet.info/inbs/081220260122537353.zip
2026-01-30 15:30:00,2026-01-30,88710,ゴールドクレ,固定資産（信託受益権）の取得に関するお知らせ,https://www.release.tdnet.info/inbs/140120260129541449.pdf,False,,japanese,,東,
2026-01-30 15:30:00,2026-01-30,88920,エスコン,2026年３月期 第３四半期決算短信〔日本基準〕（連結）,https://www.release.tdnet.info/inbs/140120260128540119.pdf,True,,japanese,,東,https://www.release.tdnet.info/inbs/081220260128540119.zip
2026-01-30 15:30:00,2026-01-30,88920,エスコン,2026年3月期第3四半期 決算説明資料,https://www.release.tdnet.info/inbs/140120260130543214.pdf,False,,japanese,,東,
2026-01-30 15:30:00,2026-01-30,89870,Ｒ－エクセレント,投資法人債発行登録書提出に関するお知らせ,https://www.release.tdnet.info/inbs/140120260128540757.pdf,False,,japanese,,東,
2026-01-30 15:30:00,2026-01-30,90090,京成,2026年３月期 第３四半期決算短信〔日本基準〕（連結）,https://www.release.tdnet.info/inbs/140120260126538803.pdf,True,,japanese,,東,https://www.release.tdnet.info/inbs/081220260126538803.zip
2026-01-30 15:30:00,2026-01-30,90230,東京メトロ,2026年３月期第３四半期決算短信〔日本基準〕(連結),https://www.release.tdnet.info/inbs/140120260130542828.pdf,True,,japanese,,東,https://www.release.tdnet.info/inbs/081220260130542828.zip
2026-01-30 15:30:00,2026-01-30,90230,東京メトロ,2026年３月期第３四半期決算説明会資料,https://www.release.tdnet.info/inbs/140120260130543337.pdf,False,,japanese,,東,
2026-01-30 15:30:00,2026-01-30,90420,阪急阪神,2026年3月期 第3四半期決算短信〔日本基準〕（連結）,https://www.release.tdnet.info/inbs/140120251204514945.pdf,True,,japanese,,東,https://www.release.tdnet.info/inbs/081220251204514945.zip
2026-01-30 15:30:00,2026-01-30,90420,阪急阪神,2026年3月期 第3四半期決算補足説明資料,https://www.release.tdnet.info/inbs/140120251204514949.pdf,False,,japanese,,東,
2026-01-30 15:30:00,2026-01-30,90650,山九,2026年３月期第３四半期決算短信〔日本基準〕(連結),https://www.release.tdnet.info/inbs/140120260129542225.pdf,True,,japanese,,東福,https://www.release.tdnet.info/inbs/081220260129542225.zip
2026-01-30 15:30:00,2026-01-30,91430,ＳＧホールディングス,孫会社の異動（孫会社等の子会社化）に関するお知らせ,https://www.release.tdnet.info/inbs/140120260130543617.pdf,False,,japanese,,東,
2026-01-30 15:30:00,2026-01-30,91470,ＮＸＨＤ,連結子会社の異動（株式譲渡）に関するお知らせ,https://www.release.tdnet.info/inbs/140120260130542581.pdf,False,,japanese,,東,
2026-01-30 15:30:00,2026-01-30,91660,Ｇ－ＧＥＮＤＡ,よくある質問と回答（2026年１月）,https://www.release.tdnet.info/inbs/140120260130543358.pdf,False,,japanese,,東,
2026-01-30 15:30:00,2026-01-30,92020,ＡＮＡ,2026年３月期 第３四半期決算短信〔日本基準〕（連結）,https://www.release.tdnet.info/inbs/140120260129542243.pdf,True,,japanese,,東,https://www.release.tdnet.info/inbs/081220260129542243.zip
2026-01-30 15:30:00,2026-01-30,92020,ＡＮＡ,「2026-2028年度 ANAグループ中期経営戦略」に関するお知らせ,https://www.release.tdnet.info/inbs/140120260129542352.pdf,False,,japanese,,東,
2026-01-30 15:30:00,2026-01-30,92020,ＡＮＡ,中間配当制度の導入に関するお知らせ,https://www.release.tdnet.info/inbs/140120260129542355.pdf,False,,japanese,,東,
2026-01-30 15:30:00,2026-01-30,92060,ＳＦＪ,2026年３月期の通期業績予想の修正に関するお知らせ,https://www.release.tdnet.info/inbs/140120260129541564.pdf,False,,japanese,,東,
2026-01-30 15:30:00,2026-01-30,92060,ＳＦＪ,営業外費用（為替差損）の計上に関するお知らせ,https://www.release.tdnet.info/inbs/140120260129541579.pdf,False,,japanese,,東,
2026-01-30 15:30:00,2026-01-30,92060,ＳＦＪ,2026年３月期 第３四半期決算短信〔日本基準〕(非連結),https://www.release.tdnet.info/inbs/140120260129541606.pdf,True,,japanese,,東,https://www.release.tdnet.info/inbs/081220260129541606.zip
2026-01-30 15:30:00,2026-01-30,92190,Ｇ－ギックス,剰余金の配当（中間配当）に関するお知らせ,https://www.release.tdnet.info/inbs/140120260130542635.pdf,False,,japanese,,東,
2026-01-30 15:30:00,2026-01-30,92190,Ｇ－ギックス,2026年６月期 第２四半期（中間期）決算短信〔日本基準〕（連結）,https://www.release.tdnet.info/inbs/140120260130542612.pdf,True,,japanese,,東,https://www.release.tdnet.info/inbs/081220260130542612.zip
2026-01-30 15:30:00,2026-01-30,92190,Ｇ－ギックス,2026年６月期 第２四半期決算説明資料,https://www.release.tdnet.info/inbs/140120260130542625.pdf,False,,japanese,,東,
2026-01-30 15:30:00,2026-01-30,92370,Ｇ－笑美面,中期経営計画（事業計画及び成長可能性に関する事項）,https://www.release.tdnet.info/inbs/140120260130543608.pdf,False,,japanese,,東,
2026-01-30 15:30:00,2026-01-30,92470,ＴＲＥＨＤ,（訂正・数値データ訂正）「2026年3月期  第2四半期(中間期)決算短信〔日本基準〕(連結)」の一部訂正に関するお知らせ,https://www.release.tdnet.info/inbs/140120260130542677.pdf,True,,japanese,,東,https://www.release.tdnet.info/inbs/081220260130542677.zip
2026-01-30 15:30:00,2026-01-30,93010,三菱倉,2026年３月期　第３四半期決算短信〔日本基準〕(連結),https://www.release.tdnet.info/inbs/140120260128540385.pdf,True,,japanese,,東,https://www.release.tdnet.info/inbs/081220260128540385.zip
2026-01-30 15:30:00,2026-01-30,93010,三菱倉,投資有価証券の売却についてのお知らせ,https://www.release.tdnet.info/inbs/140120260129542036.pdf,False,,japanese,,東,
2026-01-30 15:30:00,2026-01-30,93010,三菱倉,通期連結業績予想の修正に関するお知らせ,https://www.release.tdnet.info/inbs/140120260129542065.pdf,False,,japanese,,東,
2026-01-30 15:30:00,2026-01-30,93340,Ｐ－アイビスＨＤ,支配株主等に関する事項について,https://www.release.tdnet.info/inbs/140120260130543375.pdf,False,,japanese,,東福,
2026-01-30 15:30:00,2026-01-30,94340,ソフトバンク,会社分割(簡易吸収分割)によるソニーネットワークコミュニケーションズ株式会社との合弁会社への事業承継に関するお知らせ,https://www.release.tdnet.info/inbs/140120260130543090.pdf,False,,japanese,,東,
2026-01-30 15:30:00,2026-01-30,95040,中国電力,2026年３月期　第３四半期決算短信〔日本基準〕(連結),https://www.release.tdnet.info/inbs/140120260129541914.pdf,True,,japanese,,東,https://www.release.tdnet.info/inbs/081220260129541914.zip
2026-01-30 15:30:00,2026-01-30,95080,九州電力,2026年３月期　第３四半期決算短信〔日本基準〕（連結）,https://www.release.tdnet.info/inbs/140120260129541132.pdf,True,,japanese,,東福,https://www.release.tdnet.info/inbs/081220260129541132.zip
2026-01-30 15:30:00,2026-01-30,95090,北海電力,2026年３月期第３四半期決算短信〔日本基準〕(連結),https://www.release.tdnet.info/inbs/140120260126538081.pdf,True,,japanese,,東札,https://www.release.tdnet.info/inbs/081220260126538081.zip
2026-01-30 15:30:00,2026-01-30,95090,北海電力,2025年度第3四半期(4～12月)決算について,https://www.release.tdnet.info/inbs/140120260126538087.pdf,False,,japanese,,東札,
2026-01-30 15:30:00,2026-01-30,95600,Ｇ－プログリット,事業計画及び成長可能性に関する事項（更新）,https://www.release.tdnet.info/inbs/140120260130543596.pdf,False,,japanese,,東,
2026-01-30 15:30:00,2026-01-30,95650,Ｇ－ＧＬＯＥ,事業計画及び成長可能性に関する事項,https://www.release.tdnet.info/inbs/140120260130543165.pdf,False,,japanese,,東,
2026-01-30 15:30:00,2026-01-30,95650,Ｇ－ＧＬＯＥ,支配株主等に関する事項について,https://www.release.tdnet.info/inbs/140120260130543205.pdf,False,,japanese,,東,
2026-01-30 15:30:00,2026-01-30,96000,アイネット,2026年３月期　第３四半期決算短信［日本基準］（連結）,https://www.release.tdnet.info/inbs/140120260122536939.pdf,True,,japanese,,東,https://www.release.tdnet.info/inbs/081220260122536939.zip
2026-01-30 15:30:00,2026-01-30,96160,共立メンテ,2025年12月度　経営情報　Monthly Report,https://www.release.tdnet.info/inbs/140120260130542736.pdf,False,,japanese,,東,
2026-01-30 15:30:00,2026-01-30,96720,都競馬,自己株式の消却完了に関するお知らせ,https://www.release.tdnet.info/inbs/140120260129542363.pdf,False,,japanese,,東,
2026-01-30 15:30:00,2026-01-30,97150,トランスコスモス,人事異動に関するお知らせ,https://www.release.tdnet.info/inbs/140120260128539912.pdf,False,,japanese,,東,
2026-01-30 15:30:00,2026-01-30,97150,トランスコスモス,2026年3月期 第3四半期決算短信〔日本基準〕（連結）,https://www.release.tdnet.info/inbs/140120260128539891.pdf,True,,japanese,,東,https://www.release.tdnet.info/inbs/081220260128539891.zip
2026-01-30 15:30:00,2026-01-30,97190,ＳＣＳＫ,2026年３月期第３四半期決算短信〔ＩＦＲＳ〕（連結）,https://www.release.tdnet.info/inbs/140120260128540304.pdf,True,,japanese,,東,https://www.release.tdnet.info/inbs/081220260128540304.zip
2026-01-30 15:30:00,2026-01-30,97190,ＳＣＳＫ,2026年３月期 第３四半期決算 連結業績について,https://www.release.tdnet.info/inbs/140120260128540774.pdf,False,,japanese,,東,
2026-01-30 15:30:00,2026-01-30,97190,ＳＣＳＫ,連結子会社への会社分割（簡易吸収分割）に関するお知らせ,https://www.release.tdnet.info/inbs/140120260128540785.pdf,False,,japanese,,東,
2026-01-30 15:30:00,2026-01-30,97190,ＳＣＳＫ,（開示事項の変更）「連結子会社（孫会社）への会社分割（簡易吸収分割）に関するお知らせ」の一部変更について,https://www.release.tdnet.info/inbs/140120260128540812.pdf,False,,japanese,,東,
2026-01-30 15:30:00,2026-01-30,97590,ＮＳＤ,2026年３月期　第３四半期決算短信〔日本基準〕（連結）,https://www.release.tdnet.info/inbs/140120260129541973.pdf,True,,japanese,,東,https://www.release.tdnet.info/inbs/081220260129541973.zip
2026-01-30 15:30:00,2026-01-30,97590,ＮＳＤ,業績予想の修正に関するお知らせ,https://www.release.tdnet.info/inbs/140120260129542179.pdf,False,,japanese,,東,
2026-01-30 15:30:00,2026-01-30,97590,ＮＳＤ,2026年３月期 期末配当予想の修正（増配）に関するお知らせ,https://www.release.tdnet.info/inbs/140120260129542202.pdf,False,,japanese,,東,
2026-01-30 15:30:00,2026-01-30,97590,ＮＳＤ,代表取締役の異動（追加選定）に関するお知らせ,https://www.release.tdnet.info/inbs/140120260129542219.pdf,False,,japanese,,東,
2026-01-30 15:30:00,2026-01-30,97590,ＮＳＤ,連結子会社間の合併に関するお知らせ,https://www.release.tdnet.info/inbs/140120260129542226.pdf,False,,japanese,,東,
2026-01-30 15:30:00,2026-01-30,98310,ヤマダＨＤ,トクラス株式会社の株式の取得（子会社化）に関するお知らせ株式会社トクラスの株式の取得（子会社化）に関するお知らせ,https://www.release.tdnet.info/inbs/140120260130542571.pdf,False,2026/01/30 16:11 表題変更,japanese,,東,
2026-01-30 15:30:00,2026-01-30,98320,オートバックス,2026年３月期 第３四半期決算短信〔日本基準〕（連結）,https://www.release.tdnet.info/inbs/140120260130542952.pdf,True,,japanese,,東,https://www.release.tdnet.info/inbs/081220260130542952.zip
2026-01-30 15:30:00,2026-01-30,98820,イエローハット,2026年3月期　第3四半期決算短信〔日本基準〕（連結）,https://www.release.tdnet.info/inbs/140120260126538119.pdf,True,,japanese,,東,https://www.release.tdnet.info/inbs/081220260126538119.zip
2026-01-30 15:30:00,2026-01-30,99360,王将フード,2026年3月期 第3四半期決算短信〔日本基準〕（連結）,https://www.release.tdnet.info/inbs/140120260120536147.pdf,True,,japanese,,東,https://www.release.tdnet.info/inbs/081220260120536147.zip
2026-01-30 15:30:00,2026-01-30,99360,王将フード,2026年3月期第3四半期　決算補足説明資料,https://www.release.tdnet.info/inbs/140120260130542945.pdf,False,,japanese,,東,
2026-01-30 15:30:00,2026-01-30,99930,ヤマザワ,組織変更及び人事異動に関するお知らせ,https://www.release.tdnet.info/inbs/140120260129542289.pdf,False,,japanese,,東,
2026-01-30 15:30:00,2026-01-30,99970,ベルーナ,2026年3月期　第3四半期決算短信〔日本基準〕（連結）,https://www.release.tdnet.info/inbs/140120260130542918.pdf,True,,japanese,,東,https://www.release.tdnet.info/inbs/081220260130542918.zip
2026-01-30 15:30:00,2026-01-30,99970,ベルーナ,2026年3月期第3四半期 決算補足資料,https://www.release.tdnet.info/inbs/140120260130542985.pdf,False,,japanese,,東,
2026-01-30 15:10:00,2026-01-30,74640,セフテック,2026年３月期 第３四半期決算短信〔日本基準〕（連結）,https://www.release.tdnet.info/inbs/140120260129541587.pdf,True,,japanese,,東,https://www.release.tdnet.info/inbs/081220260129541587.zip
2026-01-30 15:00:00,2026-01-30,15150,日鉄鉱,完全子会社（四浦珪石株式会社）との会社分割（簡易吸収分割・略式吸収分割）に関するお知らせ,https://www.release.tdnet.info/inbs/140120260130542544.pdf,False,,japanese,,東,
2026-01-30 15:00:00,2026-01-30,19290,日特建,代表取締役の異動（社長交代・人数増加）及び組織変更に関するお知らせ,https://www.release.tdnet.info/inbs/140120260115534310.pdf,False,,japanese,,東,
2026-01-30 15:00:00,2026-01-30,19410,中電工,2026年3月期第3四半期決算短信〔日本基準〕（連結）,https://www.release.tdnet.info/inbs/140120260129541555.pdf,True,,japanese,,東,https://www.release.tdnet.info/inbs/081220260129541555.zip
2026-01-30 15:00:00,2026-01-30,19590,クラフティア,2026年３月期 第３四半期決算短信〔日本基準〕(連結),https://www.release.tdnet.info/inbs/140120260130543067.pdf,True,,japanese,,東福,https://www.release.tdnet.info/inbs/081220260130543067.zip
2026-01-30 15:00:00,2026-01-30,19590,クラフティア,期末配当予想の修正（増配）に関するお知らせ,https://www.release.tdnet.info/inbs/140120260130543173.pdf,False,,japanese,,東福,
2026-01-30 15:00:00,2026-01-30,19720,三晃金,2026年３月期第３四半期決算短信〔日本基準〕(非連結),https://www.release.tdnet.info/inbs/140120260128539800.pdf,True,,japanese,,東,https://www.release.tdnet.info/inbs/081220260128539800.zip
2026-01-30 15:00:00,2026-01-30,21090,ＤＭ三井製糖,2026年３月期 第３四半期決算短信〔日本基準〕（連結）,https://www.release.tdnet.info/inbs/140120260130542498.pdf,True,,japanese,,東,https://www.release.tdnet.info/inbs/081220260130542498.zip
2026-01-30 15:00:00,2026-01-30,25330,オエノンＨＤ,業績予想の修正および配当予想の修正（増配）に関するお知らせ,https://www.release.tdnet.info/inbs/140120260127538931.pdf,True,,japanese,,東,https://www.release.tdnet.info/inbs/091220260127538931.zip
2026-01-30 15:00:00,2026-01-30,25330,オエノンＨＤ,定款の一部変更（取締役の任期変更）ならびに役員の異動に関するお知らせ,https://www.release.tdnet.info/inbs/140120260127538983.pdf,False,,japanese,,東,
2026-01-30 15:00:00,2026-01-30,29920,Ｐ－アーバンライク,支配株主等に関する事項について,https://www.release.tdnet.info/inbs/140120260130543288.pdf,False,,japanese,,東,
2026-01-30 15:00:00,2026-01-30,35130,イチカワ,連結子会社との吸収合併（簡易合併）に関するお知らせ,https://www.release.tdnet.info/inbs/140120260129542183.pdf,False,,japanese,,東,
2026-01-30 15:00:00,2026-01-30,40310,片倉コープアグリ,株式給付信託（BBT）への追加拠出に伴う第三者割当による自己株式の処分に関するお知らせ,https://www.release.tdnet.info/inbs/140120260130542984.pdf,False,,japanese,,東,
2026-01-30 15:00:00,2026-01-30,42480,竹本容器,2025年12月期決算短信〔日本基準〕（連結）,https://www.release.tdnet.info/inbs/140120260130542740.pdf,True,,japanese,,東,https://www.release.tdnet.info/inbs/081220260130542740.zip
2026-01-30 15:00:00,2026-01-30,42480,竹本容器,個別決算の前年実績値との差異に関するお知らせ,https://www.release.tdnet.info/inbs/140120260130542808.pdf,False,,japanese,,東,
2026-01-30 15:00:00,2026-01-30,42480,竹本容器,2025年12月期決算説明資料,https://www.release.tdnet.info/inbs/140120260130542788.pdf,False,,japanese,,東,
2026-01-30 15:00:00,2026-01-30,43760,Ｇ－くふうカンパニー,連結子会社の旧取締役に対する損害賠償請求訴訟（控訴審）の判決に関するお知らせ,https://www.release.tdnet.info/inbs/140120260130543568.pdf,False,,japanese,,東,
2026-01-30 15:00:00,2026-01-30,45310,有機薬,2026年3月期 第3四半期決算短信〔日本基準〕（非連結）,https://www.release.tdnet.info/inbs/140120260128540242.pdf,True,,japanese,,東,https://www.release.tdnet.info/inbs/081220260128540242.zip
2026-01-30 15:00:00,2026-01-30,45310,有機薬,2026年3月期通期業績予想の修正に関するお知らせ,https://www.release.tdnet.info/inbs/140120260129541246.pdf,False,,japanese,,東,
2026-01-30 15:00:00,2026-01-30,47710,エフアンドエム,2026年３月期 第３四半期決算短信〔日本基準〕（連結）,https://www.release.tdnet.info/inbs/140120260130543261.pdf,True,,japanese,,東,https://www.release.tdnet.info/inbs/081220260130543261.zip
2026-01-30 15:00:00,2026-01-30,52480,Ｇ－テクノロジーズ,株式会社日生グリーンの株式取得（孫会社化）に関するお知らせ,https://www.release.tdnet.info/inbs/140120260130542815.pdf,False,,japanese,,東,
2026-01-30 15:00:00,2026-01-30,55310,Ｐ－中山不動産,（開示事項の中止）販売用不動産の取得中止に関するお知らせ,https://www.release.tdnet.info/inbs/140120260130542906.pdf,False,,japanese,,東,
2026-01-30 15:00:00,2026-01-30,55310,Ｐ－中山不動産,販売用不動産取得のお知らせ,https://www.release.tdnet.info/inbs/140120260130542924.pdf,False,,japanese,,東,
2026-01-30 15:00:00,2026-01-30,55310,Ｐ－中山不動産,販売用不動産取得のお知らせ,https://www.release.tdnet.info/inbs/140120260130543338.pdf,False,,japanese,,東,
2026-01-30 15:00:00,2026-01-30,55410,大平洋金,営業外収益(持分法による投資利益)の計上及び業績予想の修正に関するお知らせ,https://www.release.tdnet.info/inbs/140120260127539234.pdf,True,,japanese,,東,https://www.release.tdnet.info/inbs/091220260127539234.zip
2026-01-30 15:00:00,2026-01-30,56580,日亜鋼,2026年３月期　第３四半期決算短信〔日本基準〕（連結）,https://www.release.tdnet.info/inbs/140120260130542861.pdf,True,,japanese,,東,https://www.release.tdnet.info/inbs/081220260130542861.zip
2026-01-30 15:00:00,2026-01-30,57240,アサカ理研,2026年９月期 連結業績予想の修正に関するお知らせ,https://www.release.tdnet.info/inbs/140120260130543176.pdf,True,,japanese,,東,https://www.release.tdnet.info/inbs/091220260130543176.zip
2026-01-30 15:00:00,2026-01-30,61440,西部電機,2026年3月期　第3四半期決算短信[日本基準]（連結）,https://www.release.tdnet.info/inbs/140120260128540522.pdf,True,,japanese,,東福,https://www.release.tdnet.info/inbs/081220260128540522.zip
2026-01-30 15:00:00,2026-01-30,62450,ヒラノテクシード,（訂正）「代表取締役の異動（追加選定）に関するお知らせ」の一部訂正について,https://www.release.tdnet.info/inbs/140120260130543265.pdf,False,,japanese,,東,
2026-01-30 15:00:00,2026-01-30,62620,ＰＥＧＡＳＵＳ,資本コストや株価を意識した経営の実現に向けた対応について（アップデート）,https://www.release.tdnet.info/inbs/140120260130543394.pdf,False,,japanese,,東,
2026-01-30 15:00:00,2026-01-30,62620,ＰＥＧＡＳＵＳ,2026年３月期通期業績予想の修正、配当方針の変更及び配当予想の修正に関するお知らせ,https://www.release.tdnet.info/inbs/140120260130543363.pdf,False,,japanese,,東,
2026-01-30 15:00:00,2026-01-30,62620,ＰＥＧＡＳＵＳ,2026年３月期第３四半期決算短信〔日本基準〕(連結),https://www.release.tdnet.info/inbs/140120260130543355.pdf,True,,japanese,,東,https://www.release.tdnet.info/inbs/081220260130543355.zip
2026-01-30 15:00:00,2026-01-30,62620,ＰＥＧＡＳＵＳ,役員人事に関するお知らせ,https://www.release.tdnet.info/inbs/140120260130543404.pdf,False,,japanese,,東,
2026-01-30 15:00:00,2026-01-30,64360,アマノ,2026年3月期　第3四半期決算短信〔日本基準〕（連結）,https://www.release.tdnet.info/inbs/140120260115534370.pdf,True,,japanese,,東,https://www.release.tdnet.info/inbs/081220260115534370.zip
2026-01-30 15:00:00,2026-01-30,64360,アマノ,自己株式の取得に係る事項の決定に関するお知らせ,https://www.release.tdnet.info/inbs/140120260130542842.pdf,False,,japanese,,東,
2026-01-30 15:00:00,2026-01-30,64880,ヨシタケ,2026年3月期　第3四半期決算短信［日本基準］（連結）,https://www.release.tdnet.info/inbs/140120260120535354.pdf,True,,japanese,,東,https://www.release.tdnet.info/inbs/081220260120535354.zip
2026-01-30 15:00:00,2026-01-30,65570,Ｇ－ＡＩＡＩ,業績予想の上方修正に関するお知らせ,https://www.release.tdnet.info/inbs/140120260130542816.pdf,False,,japanese,,東,
2026-01-30 15:00:00,2026-01-30,65570,Ｇ－ＡＩＡＩ,2026年３月期 第３四半期決算短信〔日本基準〕（連結）,https://www.release.tdnet.info/inbs/140120260130542836.pdf,True,,japanese,,東,https://www.release.tdnet.info/inbs/081220260130542836.zip
2026-01-30 15:00:00,2026-01-30,65570,Ｇ－ＡＩＡＩ,2026年3月期　第3四半期決算の概要,https://www.release.tdnet.info/inbs/140120260130543303.pdf,False,,japanese,,東,
2026-01-30 15:00:00,2026-01-30,72760,小糸製,2026年3月期 第3四半期決算短信〔日本基準〕(連結),https://www.release.tdnet.info/inbs/140120260121536336.pdf,True,,japanese,,東,https://www.release.tdnet.info/inbs/081220260121536336.zip
2026-01-30 15:00:00,2026-01-30,77740,Ｇ－Ｊ・ＴＥＣ,業績予想の修正に関するお知らせ,https://www.release.tdnet.info/inbs/140120260130543317.pdf,False,,japanese,,東,
2026-01-30 15:00:00,2026-01-30,77740,Ｇ－Ｊ・ＴＥＣ,2026年３月期 第３四半期決算短信〔日本基準〕（非連結）,https://www.release.tdnet.info/inbs/140120260130543126.pdf,True,,japanese,,東,https://www.release.tdnet.info/inbs/081220260130543126.zip
2026-01-30 15:00:00,2026-01-30,77740,Ｇ－Ｊ・ＴＥＣ,2026年３月期　第３四半期決算説明資料,https://www.release.tdnet.info/inbs/140120260130543290.pdf,False,,japanese,,東,
2026-01-30 15:00:00,2026-01-30,79190,野崎印,2026年3月期　第3四半期決算短信〔日本基準〕（連結）,https://www.release.tdnet.info/inbs/140120260122537128.pdf,True,,japanese,,東,https://www.release.tdnet.info/inbs/081220260122537128.zip
2026-01-30 15:00:00,2026-01-30,79190,野崎印,2026年3月期連結業績予想の修正に関するお知らせ,https://www.release.tdnet.info/inbs/140120260130543465.pdf,False,,japanese,,東,
2026-01-30 15:00:00,2026-01-30,79630,興研,取締役の異動（退任）に関するお知らせ,https://www.release.tdnet.info/inbs/140120260130543441.pdf,False,,japanese,,東,
2026-01-30 15:00:00,2026-01-30,80140,蝶理,2026年３月期第３四半期決算短信〔日本基準〕(連結),https://www.release.tdnet.info/inbs/140120260129541110.pdf,True,,japanese,,東,https://www.release.tdnet.info/inbs/081220260129541110.zip
2026-01-30 15:00:00,2026-01-30,80140,蝶理,2026年３月期第３四半期決算説明資料（ハイライト情報）,https://www.release.tdnet.info/inbs/140120260130542756.pdf,False,,japanese,,東,
2026-01-30 15:00:00,2026-01-30,80140,蝶理,通期連結業績予想の修正に関するお知らせ,https://www.release.tdnet.info/inbs/140120260130542821.pdf,False,,japanese,,東,
2026-01-30 15:00:00,2026-01-30,83770,ほくほく,2026年3月期 第3四半期決算短信〔日本基準〕（連結）,https://www.release.tdnet.info/inbs/140120260123537477.pdf,True,,japanese,,東札,https://www.release.tdnet.info/inbs/081220260123537477.zip
2026-01-30 15:00:00,2026-01-30,85500,栃木銀,2026年３月期 第3四半期決算短信〔日本基準〕(連結),https://www.release.tdnet.info/inbs/140120260127539503.pdf,True,,japanese,,東,https://www.release.tdnet.info/inbs/081220260127539503.zip
2026-01-30 15:00:00,2026-01-30,85500,栃木銀,2026年3月期第3四半期決算説明資料,https://www.release.tdnet.info/inbs/140120260127539608.pdf,False,,japanese,,東,
2026-01-30 15:00:00,2026-01-30,85510,北日本銀,2026年３月期第３四半期決算短信〔日本基準〕(連結),https://www.release.tdnet.info/inbs/140120260129540956.pdf,True,,japanese,,東,https://www.release.tdnet.info/inbs/081220260129540956.zip
2026-01-30 15:00:00,2026-01-30,87470,豊トラスティ証券,連結総資産の増加に関するお知らせ,https://www.release.tdnet.info/inbs/140120260130543043.pdf,False,,japanese,,東,
2026-01-30 15:00:00,2026-01-30,88030,平和不,中期経営計画における計数計画の上方修正に関するお知らせ,https://www.release.tdnet.info/inbs/140120260130542951.pdf,False,,japanese,,東名札福,
2026-01-30 15:00:00,2026-01-30,88030,平和不,通期業績予想の修正及び配当予想の修正（増配）に関するお知らせ,https://www.release.tdnet.info/inbs/140120260130542992.pdf,False,,japanese,,東名札福,
2026-01-30 15:00:00,2026-01-30,88030,平和不,自己株式取得に係る事項の決定および自己株式の消却に関するお知らせ,https://www.release.tdnet.info/inbs/140120260130543017.pdf,False,,japanese,,東名札福,
2026-01-30 15:00:00,2026-01-30,88030,平和不,株主優待制度の変更（拡充）に関するお知らせ,https://www.release.tdnet.info/inbs/140120260130543037.pdf,False,,japanese,,東名札福,
2026-01-30 15:00:00,2026-01-30,88030,平和不,2026年３月期 第３四半期決算短信〔日本基準〕（連結）,https://www.release.tdnet.info/inbs/140120260130543059.pdf,True,,japanese,,東名札福,https://www.release.tdnet.info/inbs/081220260130543059.zip
2026-01-30 15:00:00,2026-01-30,88030,平和不,2026年3月期第3四半期決算補足説明資料,https://www.release.tdnet.info/inbs/140120260130543079.pdf,False,,japanese,,東名札福,
2026-01-30 15:00:00,2026-01-30,88180,京阪神ビ,2026年３月期第３四半期決算短信〔日本基準〕（連結）,https://www.release.tdnet.info/inbs/140120260129541375.pdf,True,,japanese,,東,https://www.release.tdnet.info/inbs/081220260129541375.zip
2026-01-30 15:00:00,2026-01-30,88180,京阪神ビ,2026年３月期　第3四半期　FACT BOOK,https://www.release.tdnet.info/inbs/140120260129541379.pdf,False,,japanese,,東,
2026-01-30 15:00:00,2026-01-30,91040,商船三井,代表取締役の異動に関するお知らせ,https://www.release.tdnet.info/inbs/140120260128540011.pdf,False,,japanese,,東,
2026-01-30 15:00:00,2026-01-30,95060,東北電力,2026年３月期　第３四半期決算短信〔日本基準〕（連結）,https://www.release.tdnet.info/inbs/140120260129542128.pdf,True,,japanese,,東,https://www.release.tdnet.info/inbs/081220260129542128.zip
2026-01-30 15:00:00,2026-01-30,95060,東北電力,2025年度 第3四半期決算説明資料,https://www.release.tdnet.info/inbs/140120260130543436.pdf,False,,japanese,,東,
2026-01-30 15:00:00,2026-01-30,95060,東北電力,役員人事について,https://www.release.tdnet.info/inbs/140120260130543453.pdf,False,,japanese,,東,
2026-01-30 15:00:00,2026-01-30,99620,ミスミＧ,2026年3月期第3四半期決算短信〔日本基準〕(連結),https://www.release.tdnet.info/inbs/140120260129541423.pdf,True,,japanese,,東,https://www.release.tdnet.info/inbs/081220260129541423.zip
2026-01-30 15:00:00,2026-01-30,99620,ミスミＧ,通期連結業績予想および期末配当予想の修正に関するお知らせ,https://www.release.tdnet.info/inbs/140120260129541424.pdf,False,,japanese,,東,
2026-01-30 14:40:00,2026-01-30,80760,カノークス,2026年3月期 第3四半期決算短信〔日本基準〕（連結）,https://www.release.tdnet.info/inbs/140120260121536388.pdf,True,,japanese,,東名,https://www.release.tdnet.info/inbs/081220260121536388.zip
2026-01-30 14:30:00,2026-01-30,19480,弘電社,2026年３月期　第３四半期決算短信〔日本基準〕（連結）,https://www.release.tdnet.info/inbs/140120260129541901.pdf,True,,japanese,,東,https://www.release.tdnet.info/inbs/081220260129541901.zip
2026-01-30 14:30:00,2026-01-30,29080,フジッコ,2026年３月期第３四半期決算短信〔日本基準〕（連結）,https://www.release.tdnet.info/inbs/140120260129540950.pdf,True,,japanese,,東,https://www.release.tdnet.info/inbs/081220260129540950.zip
2026-01-30 14:30:00,2026-01-30,35290,アツギ,人事異動に関するお知らせ,https://www.release.tdnet.info/inbs/140120260129541787.pdf,False,,japanese,,東,
2026-01-30 14:30:00,2026-01-30,44620,石原ケミカル,2026年３月期 第３四半期決算短信〔日本基準〕(連結),https://www.release.tdnet.info/inbs/140120260129541199.pdf,True,,japanese,,東,https://www.release.tdnet.info/inbs/081220260129541199.zip
2026-01-30 14:30:00,2026-01-30,63010,コマツ,2026年３月期 第３四半期決算短信〔米国基準〕（連結）,https://www.release.tdnet.info/inbs/140120260130543150.pdf,True,,japanese,,東,https://www.release.tdnet.info/inbs/081220260130543150.zip
2026-01-30 14:30:00,2026-01-30,63010,コマツ,2025年度第3四半期（4-12月）決算説明会資料,https://www.release.tdnet.info/inbs/140120260130543231.pdf,False,,japanese,,東,
2026-01-30 14:30:00,2026-01-30,66170,東光高岳,2026年3月期第3四半期決算短信〔日本基準〕（連結）,https://www.release.tdnet.info/inbs/140120260129541007.pdf,True,,japanese,,東,https://www.release.tdnet.info/inbs/081220260129541007.zip
2026-01-30 14:30:00,2026-01-30,66170,東光高岳,2026年３月期通期連結業績予想および期末配当予想の修正に関するお知らせ,https://www.release.tdnet.info/inbs/140120260130542423.pdf,False,,japanese,,東,
2026-01-30 14:30:00,2026-01-30,66170,東光高岳,2026年3月期第3四半決算補足資料,https://www.release.tdnet.info/inbs/140120260130542425.pdf,False,,japanese,,東,
2026-01-30 14:30:00,2026-01-30,74750,アルビス,2026年3月期　第3四半期決算短信〔日本基準〕（連結）,https://www.release.tdnet.info/inbs/140120260130542715.pdf,True,,japanese,,東,https://www.release.tdnet.info/inbs/081220260130542715.zip
2026-01-30 14:30:00,2026-01-30,83410,七十七銀,2026年3月期 第3四半期決算短信〔日本基準〕(連結),https://www.release.tdnet.info/inbs/140120260126538589.pdf,True,,japanese,,東札,https://www.release.tdnet.info/inbs/081220260126538589.zip
2026-01-30 14:30:00,2026-01-30,91100,ユナイテド海,2026年３月期 第３四半期決算短信〔日本基準〕（連結）,https://www.release.tdnet.info/inbs/140120260130542916.pdf,True,,japanese,,東,https://www.release.tdnet.info/inbs/081220260130542916.zip
2026-01-30 14:30:00,2026-01-30,91100,ユナイテド海,2026年３月期 業績予想の修正及び配当予想の修正に関するお知らせ,https://www.release.tdnet.info/inbs/140120260130542893.pdf,False,,japanese,,東,
2026-01-30 14:15:00,2026-01-30,95310,東瓦斯,2026年３月期 第３四半期決算短信〔日本基準〕(連結),https://www.release.tdnet.info/inbs/140120260129541170.pdf,True,,japanese,,東名,https://www.release.tdnet.info/inbs/081220260129541170.zip
2026-01-30 14:01:00,2026-01-30,23450,クシム,（経過開示）役員人事に関するお知らせ,https://www.release.tdnet.info/inbs/140120260130543429.pdf,False,,japanese,,東,
2026-01-30 14:00:00,2026-01-30,19640,中外炉,2026年3月期　第3四半期決算短信〔日本基準〕（連結）,https://www.release.tdnet.info/inbs/140120260128540766.pdf,True,,japanese,,東,https://www.release.tdnet.info/inbs/081220260128540766.zip
2026-01-30 14:00:00,2026-01-30,19640,中外炉,代表取締役の異動および社長交代に関するお知らせ,https://www.release.tdnet.info/inbs/140120260122537078.pdf,False,,japanese,,東,
2026-01-30 14:00:00,2026-01-30,20530,中部飼料,2026年３月期 第３四半期決算短信〔日本基準〕（連結）,https://www.release.tdnet.info/inbs/140120260126538611.pdf,True,,japanese,,東名,https://www.release.tdnet.info/inbs/081220260126538611.zip
2026-01-30 14:00:00,2026-01-30,20530,中部飼料,2026年３月期 第３四半期決算補足説明資料,https://www.release.tdnet.info/inbs/140120260126538616.pdf,False,,japanese,,東名,
2026-01-30 14:00:00,2026-01-30,20530,中部飼料,固定資産の譲渡および特別利益の計上に関するお知らせ,https://www.release.tdnet.info/inbs/140120260126538619.pdf,False,,japanese,,東名,
2026-01-30 14:00:00,2026-01-30,23450,クシム,第30回定時株主総会の議案の承認に関するお知らせ,https://www.release.tdnet.info/inbs/140120260130543419.pdf,False,,japanese,,東,
2026-01-30 14:00:00,2026-01-30,25940,キーコーヒー,組織変更および人事異動に関するお知らせ,https://www.release.tdnet.info/inbs/140120260129541659.pdf,False,,japanese,,東,
2026-01-30 14:00:00,2026-01-30,28050,エスビー食,2026年３月期　第３四半期決算短信〔日本基準〕（連結）,https://www.release.tdnet.info/inbs/140120260129542088.pdf,True,,japanese,,東,https://www.release.tdnet.info/inbs/081220260129542088.zip
2026-01-30 14:00:00,2026-01-30,28830,大冷,業績予想の修正に関するお知らせ,https://www.release.tdnet.info/inbs/140120260130543025.pdf,False,,japanese,,東,
2026-01-30 14:00:00,2026-01-30,28830,大冷,2026年３月期　第３四半期決算短信［日本基準］（非連結）,https://www.release.tdnet.info/inbs/140120260130543044.pdf,True,,japanese,,東,https://www.release.tdnet.info/inbs/081220260130543044.zip
2026-01-30 14:00:00,2026-01-30,35120,日フエルト,2026年３月期 第３四半期決算短信〔日本基準〕（連結）,https://www.release.tdnet.info/inbs/140120260129541892.pdf,True,,japanese,,東,https://www.release.tdnet.info/inbs/081220260129541892.zip
2026-01-30 14:00:00,2026-01-30,39460,トーモク,2026年3月期 第3四半期決算短信〔日本基準〕（連結）,https://www.release.tdnet.info/inbs/140120260123537902.pdf,True,,japanese,,東札,https://www.release.tdnet.info/inbs/081220260123537902.zip
2026-01-30 14:00:00,2026-01-30,41860,東応化,業績予想の修正に関するお知らせ,https://www.release.tdnet.info/inbs/140120260130543092.pdf,True,,japanese,,東,https://www.release.tdnet.info/inbs/091220260130543092.zip
2026-01-30 14:00:00,2026-01-30,42200,リケンテクノス,2026年３月期 第３四半期決算短信（日本基準）（連結）,https://www.release.tdnet.info/inbs/140120260128540099.pdf,True,,japanese,,東,https://www.release.tdnet.info/inbs/081220260128540099.zip
2026-01-30 14:00:00,2026-01-30,42200,リケンテクノス,配当方針の変更（DOE指標導入）に関するお知らせ,https://www.release.tdnet.info/inbs/140120260128540103.pdf,False,,japanese,,東,
2026-01-30 14:00:00,2026-01-30,42200,リケンテクノス,2026年３月期 通期業績予想及び期末配当予想の修正に関するお知らせ,https://www.release.tdnet.info/inbs/140120260128540208.pdf,True,,japanese,,東,https://www.release.tdnet.info/inbs/091220260128540208.zip
2026-01-30 14:00:00,2026-01-30,42200,リケンテクノス,株主優待制度の導入（新設）に関するお知らせ,https://www.release.tdnet.info/inbs/140120260128540191.pdf,False,,japanese,,東,
2026-01-30 14:00:00,2026-01-30,52620,日ヒューム,マナック株式会社の株式の取得（子会社化）に関するお知らせ,https://www.release.tdnet.info/inbs/140120260130542778.pdf,False,,japanese,,東,
2026-01-30 14:00:00,2026-01-30,52850,ヤマックス,人事異動についてのお知らせ,https://www.release.tdnet.info/inbs/140120260129541376.pdf,False,,japanese,,東,
2026-01-30 14:00:00,2026-01-30,57030,日軽金ＨＤ,代表取締役の異動に関するお知らせ,https://www.release.tdnet.info/inbs/140120260129540942.pdf,False,,japanese,,東,
2026-01-30 14:00:00,2026-01-30,57030,日軽金ＨＤ,2026年３月期 第３四半期決算短信〔日本基準〕（連結）,https://www.release.tdnet.info/inbs/140120260130542524.pdf,True,,japanese,,東,https://www.release.tdnet.info/inbs/081220260130542524.zip
2026-01-30 14:00:00,2026-01-30,67370,ＥＩＺＯ,2026年3月期 第3四半期決算短信〔日本基準〕（連結）,https://www.release.tdnet.info/inbs/140120260129542274.pdf,True,,japanese,,東,https://www.release.tdnet.info/inbs/081220260129542274.zip
2026-01-30 14:00:00,2026-01-30,67370,ＥＩＺＯ,2026年3月期 第3四半期 連結決算説明資料,https://www.release.tdnet.info/inbs/140120260129542302.pdf,False,,japanese,,東,
2026-01-30 14:00:00,2026-01-30,67370,ＥＩＺＯ,通期業績予想の修正に関するお知らせ,https://www.release.tdnet.info/inbs/140120260129542293.pdf,False,,japanese,,東,
2026-01-30 14:00:00,2026-01-30,67370,ＥＩＺＯ,政策保有株式の保有方針に関するお知らせ,https://www.release.tdnet.info/inbs/140120260129542315.pdf,False,,japanese,,東,
2026-01-30 14:00:00,2026-01-30,67370,ＥＩＺＯ,中期経営計画見直しに関するお知らせ,https://www.release.tdnet.info/inbs/140120260130543356.pdf,False,,japanese,,東,
2026-01-30 14:00:00,2026-01-30,72180,田中精密,2026年３月期 第３四半期決算短信〔日本基準〕（連結）,https://www.release.tdnet.info/inbs/140120260130542516.pdf,True,,japanese,,東,https://www.release.tdnet.info/inbs/081220260130542516.zip
2026-01-30 14:00:00,2026-01-30,72180,田中精密,人事に関するお知らせ,https://www.release.tdnet.info/inbs/140120260130542563.pdf,False,,japanese,,東,
2026-01-30 14:00:00,2026-01-30,83450,岩手銀,2026年3月期 第3四半期決算短信〔日本基準〕（連結）,https://www.release.tdnet.info/inbs/140120260129541658.pdf,True,,japanese,,東,https://www.release.tdnet.info/inbs/081220260129541658.zip
2026-01-30 14:00:00,2026-01-30,83450,岩手銀,2026年3月期第3四半期末の有価証券含み損に関するお知らせ,https://www.release.tdnet.info/inbs/140120260129541736.pdf,False,,japanese,,東,
2026-01-30 14:00:00,2026-01-30,83880,阿波銀,2026年３月期 第３四半期決算短信[日本基準](連結),https://www.release.tdnet.info/inbs/140120260127539327.pdf,True,,japanese,,東,https://www.release.tdnet.info/inbs/081220260127539327.zip
2026-01-30 14:00:00,2026-01-30,88600,フジ住宅,2026年３月期　第３四半期決算短信〔日本基準〕（連結）,https://www.release.tdnet.info/inbs/140120260123537887.pdf,True,,japanese,,東,https://www.release.tdnet.info/inbs/081220260123537887.zip
2026-01-30 14:00:00,2026-01-30,88600,フジ住宅,2025年３月期　第３四半期決算説明資料,https://www.release.tdnet.info/inbs/140120251224525383.pdf,False,,japanese,,東,
2026-01-30 14:00:00,2026-01-30,95070,四国電力,2026年３月期　第３四半期決算短信〔日本基準〕（連結）,https://www.release.tdnet.info/inbs/140120260129540985.pdf,True,,japanese,,東,https://www.release.tdnet.info/inbs/081220260129540985.zip
2026-01-30 14:00:00,2026-01-30,95070,四国電力,業績予想の修正に関するお知らせ,https://www.release.tdnet.info/inbs/140120260129541200.pdf,True,,japanese,,東,https://www.release.tdnet.info/inbs/091220260129541200.zip
2026-01-30 14:00:00,2026-01-30,95070,四国電力,自己株式取得に係る事項の決定に関するお知らせ（会社法第１６５条第２項の規定による定款の定めに基づく自己株式の取得）,https://www.release.tdnet.info/inbs/140120260130542619.pdf,False,,japanese,,東,
2026-01-30 14:00:00,2026-01-30,97080,帝国ホテル,2026年3月期 第3四半期決算短信〔日本基準〕（連結）,https://www.release.tdnet.info/inbs/140120260127539510.pdf,True,,japanese,,東,https://www.release.tdnet.info/inbs/081220260127539510.zip
2026-01-30 14:00:00,2026-01-30,97080,帝国ホテル,業績予想の修正に関するお知らせ,https://www.release.tdnet.info/inbs/140120260128540411.pdf,False,,japanese,,東,
2026-01-30 13:30:00,2026-01-30,22200,亀田菓,2026年3月期 第3四半期決算短信〔日本基準〕（連結）,https://www.release.tdnet.info/inbs/140120260130542856.pdf,True,,japanese,,東,https://www.release.tdnet.info/inbs/081220260130542856.zip
2026-01-30 13:30:00,2026-01-30,48390,ＷＯＷＯＷ,2026年3月期 第3四半期決算短信〔日本基準〕（連結）,https://www.release.tdnet.info/inbs/140120260130542792.pdf,True,,japanese,,東,https://www.release.tdnet.info/inbs/081220260130542792.zip
2026-01-30 13:30:00,2026-01-30,48390,ＷＯＷＯＷ,2025年度第3四半期決算説明会資料,https://www.release.tdnet.info/inbs/140120260130542835.pdf,False,,japanese,,東,
2026-01-30 13:30:00,2026-01-30,54100,合同鉄,2026年3月期 第3四半期決算短信〔日本基準〕(連結),https://www.release.tdnet.info/inbs/140120260127539404.pdf,True,,japanese,,東,https://www.release.tdnet.info/inbs/081220260127539404.zip
2026-01-30 13:30:00,2026-01-30,54450,東京鉄,2026年３月期第３四半期決算短信〔日本基準〕(連結),https://www.release.tdnet.info/inbs/140120260129542297.pdf,True,,japanese,,東,https://www.release.tdnet.info/inbs/081220260129542297.zip
2026-01-30 13:30:00,2026-01-30,54450,東京鉄,業績予想の修正に関するお知らせ,https://www.release.tdnet.info/inbs/140120260129542326.pdf,False,,japanese,,東,
2026-01-30 13:30:00,2026-01-30,54450,東京鉄,株式分割および株式分割に伴う定款の変更ならびに株主優待制度の変更に関するお知らせ,https://www.release.tdnet.info/inbs/140120260129542328.pdf,False,,japanese,,東,
2026-01-30 13:30:00,2026-01-30,77410,ＨＯＹＡ,自己株式取得に係る事項の決定に関するお知らせ,https://www.release.tdnet.info/inbs/140120260129541614.pdf,False,,japanese,,東,
2026-01-30 13:30:00,2026-01-30,77410,ＨＯＹＡ,2026年3月期 第３四半期 決算説明会プレゼンテーション資料,https://www.release.tdnet.info/inbs/140120260129542229.pdf,False,,japanese,,東,
2026-01-30 13:30:00,2026-01-30,77410,ＨＯＹＡ,2026年3月期 第３四半期連結決算短信 補足資料（ＩＦＲＳ）,https://www.release.tdnet.info/inbs/140120260130542632.pdf,False,,japanese,,東,
2026-01-30 13:30:00,2026-01-30,77410,ＨＯＹＡ,2026年３月期 第３四半期決算短信〔ＩＦＲＳ〕（連結）,https://www.release.tdnet.info/inbs/140120260130542671.pdf,True,,japanese,,東,https://www.release.tdnet.info/inbs/081220260130542671.zip
2026-01-30 13:30:00,2026-01-30,81030,明和産,2026年３月期第３四半期決算短信〔日本基準〕(連結),https://www.release.tdnet.info/inbs/140120260129542127.pdf,True,,japanese,,東,https://www.release.tdnet.info/inbs/081220260129542127.zip
2026-01-30 13:30:00,2026-01-30,81030,明和産,２０２５年度第３四半期末連結決算概要,https://www.release.tdnet.info/inbs/140120260130542890.pdf,False,,japanese,,東,
2026-01-30 13:30:00,2026-01-30,81030,明和産,業績予想の修正に関するお知らせ,https://www.release.tdnet.info/inbs/140120260129542201.pdf,True,,japanese,,東,https://www.release.tdnet.info/inbs/091220260129542201.zip
2026-01-30 13:30:00,2026-01-30,96870,ＫＳＫ,2026年３月期　第３四半期決算短信〔日本基準〕（連結）,https://www.release.tdnet.info/inbs/140120260130543013.pdf,True,,japanese,,東,https://www.release.tdnet.info/inbs/081220260130543013.zip
2026-01-30 13:00:00,2026-01-30,14070,ウエストＨＤ,完全子会社間の合併に関するお知らせ,https://www.release.tdnet.info/inbs/140120260130542938.pdf,False,,japanese,,東,
2026-01-30 13:00:00,2026-01-30,18820,東亜道,株主代表訴訟の和解に関するお知らせ,https://www.release.tdnet.info/inbs/140120260129541028.pdf,False,,japanese,,東,
2026-01-30 13:00:00,2026-01-30,19490,住友電設,2026年3月期第3四半期決算短信〔日本基準〕(連結),https://www.release.tdnet.info/inbs/140120260130542784.pdf,True,,japanese,,東,https://www.release.tdnet.info/inbs/081220260130542784.zip
2026-01-30 13:00:00,2026-01-30,26920,伊藤忠食,2026年３月期　第３四半期決算短信〔日本基準〕（連結）,https://www.release.tdnet.info/inbs/140120260130542614.pdf,True,,japanese,,東,https://www.release.tdnet.info/inbs/081220260130542614.zip
2026-01-30 13:00:00,2026-01-30,28060,ユタカフーズ,2026年3月期　第３四半期決算短信〔日本基準〕(非連結),https://www.release.tdnet.info/inbs/140120260116535004.pdf,True,,japanese,,東名,https://www.release.tdnet.info/inbs/081220260116535004.zip
2026-01-30 13:00:00,2026-01-30,34470,信和,役員および執行役員人事に関するお知らせ,https://www.release.tdnet.info/inbs/140120260130542711.pdf,False,,japanese,,東名,
2026-01-30 13:00:00,2026-01-30,34610,パルマ,収益不動産の取得に関するお知らせ,https://www.release.tdnet.info/inbs/140120260130542956.pdf,False,,japanese,,東名,
2026-01-30 13:00:00,2026-01-30,40080,住友精化,監査等委員である取締役辞任のお知らせ,https://www.release.tdnet.info/inbs/140120260130542654.pdf,False,,japanese,,東,
2026-01-30 13:00:00,2026-01-30,42990,ハイマックス,2026年３月期 第３四半期決算短信〔日本基準〕（連結）,https://www.release.tdnet.info/inbs/140120260129541387.pdf,True,,japanese,,東,https://www.release.tdnet.info/inbs/081220260129541387.zip
2026-01-30 13:00:00,2026-01-30,42990,ハイマックス,2026年３月期 第３四半期決算説明会資料,https://www.release.tdnet.info/inbs/140120260129541386.pdf,False,,japanese,,東,
2026-01-30 13:00:00,2026-01-30,42990,ハイマックス,自己株式の消却に関するお知らせ,https://www.release.tdnet.info/inbs/140120260129541385.pdf,False,,japanese,,東,
2026-01-30 13:00:00,2026-01-30,44100,ハリマ化成Ｇ,2026年3月期第3四半期決算短信〔日本基準〕(連結),https://www.release.tdnet.info/inbs/140120260126538062.pdf,True,,japanese,,東,https://www.release.tdnet.info/inbs/081220260126538062.zip
2026-01-30 13:00:00,2026-01-30,44100,ハリマ化成Ｇ,2026年3月期第3四半期決算補足説明資料,https://www.release.tdnet.info/inbs/140120260126538071.pdf,False,,japanese,,東,
2026-01-30 13:00:00,2026-01-30,44100,ハリマ化成Ｇ,通期連結業績予想の修正に関するお知らせ,https://www.release.tdnet.info/inbs/140120260126538073.pdf,False,,japanese,,東,
2026-01-30 13:00:00,2026-01-30,45070,塩野義薬,2026年3月期 第3四半期決算〈補足資料）,https://www.release.tdnet.info/inbs/140120260130542914.pdf,False,,japanese,,東,
2026-01-30 13:00:00,2026-01-30,45070,塩野義薬,2026年3月期 第3四半期 決算短信〔ＩＦＲＳ〕（連結）,https://www.release.tdnet.info/inbs/140120260130542826.pdf,True,,japanese,,東,https://www.release.tdnet.info/inbs/081220260130542826.zip
2026-01-30 13:00:00,2026-01-30,45070,塩野義薬,2025年度 第3四半期決算説明資料,https://www.release.tdnet.info/inbs/140120260130542854.pdf,False,,japanese,,東,
2026-01-30 13:00:00,2026-01-30,45680,第一三共,2026年3月期 第3四半期決算短信〔IFRS〕（連結）,https://www.release.tdnet.info/inbs/140120260130542567.pdf,True,,japanese,,東,https://www.release.tdnet.info/inbs/081220260130542567.zip
2026-01-30 13:00:00,2026-01-30,45680,第一三共,決算補足資料（2025年度 第3四半期決算）,https://www.release.tdnet.info/inbs/140120260130542704.pdf,False,,japanese,,東,
2026-01-30 13:00:00,2026-01-30,45680,第一三共,2025年度 第3四半期決算説明会資料,https://www.release.tdnet.info/inbs/140120260130542964.pdf,False,,japanese,,東,
2026-01-30 13:00:00,2026-01-30,52040,石塚硝,2026年３月期 第３四半期決算短信〔日本基準〕(連結),https://www.release.tdnet.info/inbs/140120260127538900.pdf,True,,japanese,,東名,https://www.release.tdnet.info/inbs/081220260127538900.zip
2026-01-30 13:00:00,2026-01-30,52040,石塚硝,2027年度中期経営計画「新たな領域への挑戦」アップデートに関するお知らせ,https://www.release.tdnet.info/inbs/140120260127538932.pdf,False,,japanese,,東名,
2026-01-30 13:00:00,2026-01-30,52040,石塚硝,配当方針の変更並びに期末配当予想の修正(増配)に関するお知らせ,https://www.release.tdnet.info/inbs/140120260127538922.pdf,False,,japanese,,東名,
2026-01-30 13:00:00,2026-01-30,52040,石塚硝,自己株式の取得に係る事項の決定に関するお知らせ,https://www.release.tdnet.info/inbs/140120260127538930.pdf,False,,japanese,,東名,
2026-01-30 13:00:00,2026-01-30,54400,共英製鋼,2026年３月期 第３四半期決算短信〔日本基準〕（連結）,https://www.release.tdnet.info/inbs/140120260129542215.pdf,True,,japanese,,東,https://www.release.tdnet.info/inbs/081220260129542215.zip
2026-01-30 13:00:00,2026-01-30,54640,モリ工業,人事異動のお知らせ,https://www.release.tdnet.info/inbs/140120260129541728.pdf,False,,japanese,,東,
2026-01-30 13:00:00,2026-01-30,54640,モリ工業,令和８年３月期　第３四半期決算短信〔日本基準〕(連結),https://www.release.tdnet.info/inbs/140120260129541657.pdf,True,,japanese,,東,https://www.release.tdnet.info/inbs/081220260129541657.zip
2026-01-30 13:00:00,2026-01-30,59380,ＬＩＸＩＬ,2026年3月期 第3四半期決算短信〔IFRS〕（連結）,https://www.release.tdnet.info/inbs/140120260129542095.pdf,True,,japanese,,東名,https://www.release.tdnet.info/inbs/081220260129542095.zip
2026-01-30 13:00:00,2026-01-30,59380,ＬＩＸＩＬ,2026年3月期 第3四半期決算説明資料［IFRS］（2025年4月－2025年12月）,https://www.release.tdnet.info/inbs/140120260129542125.pdf,False,,japanese,,東名,
2026-01-30 13:00:00,2026-01-30,61010,ツガミ,2026年３月期 第３四半期決算短信〔ＩＦＲＳ〕（連結）,https://www.release.tdnet.info/inbs/140120260128539987.pdf,True,,japanese,,東,https://www.release.tdnet.info/inbs/081220260128539987.zip
2026-01-30 13:00:00,2026-01-30,63250,タカキタ,2026年３月期 第３四半期決算短信〔日本基準〕（非連結）,https://www.release.tdnet.info/inbs/140120260126538520.pdf,True,,japanese,,東名,https://www.release.tdnet.info/inbs/081220260126538520.zip
2026-01-30 13:00:00,2026-01-30,63640,ＡＩＲＭＡＮ,2026年3月期　第3四半期決算短信〔日本基準〕(連結),https://www.release.tdnet.info/inbs/140120260129542171.pdf,True,,japanese,,東,https://www.release.tdnet.info/inbs/081220260129542171.zip
2026-01-30 13:00:00,2026-01-30,63640,ＡＩＲＭＡＮ,自己株式取得に係る事項の決定に関するお知らせ,https://www.release.tdnet.info/inbs/140120260129542235.pdf,False,,japanese,,東,
2026-01-30 13:00:00,2026-01-30,73810,ＣＣＩグループ,2026年3月期 第3四半期決算短信〔日本基準〕（連結）,https://www.release.tdnet.info/inbs/140120260129541232.pdf,True,,japanese,,東,https://www.release.tdnet.info/inbs/081220260129541232.zip
2026-01-30 13:00:00,2026-01-30,75390,アイナボＨＤ,2026年９月期第１四半期決算短信〔日本基準〕(連結),https://www.release.tdnet.info/inbs/140120260130542448.pdf,True,,japanese,,東,https://www.release.tdnet.info/inbs/081220260130542448.zip
2026-01-30 13:00:00,2026-01-30,75390,アイナボＨＤ,株主優待制度の変更（中間優待の新設）に関するお知らせ,https://www.release.tdnet.info/inbs/140120260130542452.pdf,False,,japanese,,東,
2026-01-30 13:00:00,2026-01-30,76020,レダックス,米国NASDAQ上場企業 SuperX AI Technology Limited との業務提携（日本国内販売 代理店権の取得）及び基本合意書（MOU）締結に関するお知らせ,https://www.release.tdnet.info/inbs/140120260130542846.pdf,False,,japanese,,東,
2026-01-30 13:00:00,2026-01-30,80460,丸藤パイル,2026年3月期 第3四半期決算短信〔日本基準〕(連結),https://www.release.tdnet.info/inbs/140120260129540949.pdf,True,,japanese,,東,https://www.release.tdnet.info/inbs/081220260129540949.zip
2026-01-30 13:00:00,2026-01-30,80460,丸藤パイル,業績予想の修正に関するお知らせ,https://www.release.tdnet.info/inbs/140120260127539466.pdf,False,,japanese,,東,
2026-01-30 13:00:00,2026-01-30,81330,エネクス,2026年3月期　第3四半期決算短信〔IFRS〕(連結),https://www.release.tdnet.info/inbs/140120260129541942.pdf,True,,japanese,,東,https://www.release.tdnet.info/inbs/081220260129541942.zip
2026-01-30 13:00:00,2026-01-30,83370,千葉興銀,2026年３月期第３四半期末の有価証券含み損に関するお知らせ,https://www.release.tdnet.info/inbs/140120260129541844.pdf,False,,japanese,,東,
2026-01-30 13:00:00,2026-01-30,83490,東北銀,2026年3月期 第3四半期決算短信〔日本基準〕(連結),https://www.release.tdnet.info/inbs/140120260129541652.pdf,True,,japanese,,東,https://www.release.tdnet.info/inbs/081220260129541652.zip
2026-01-30 13:00:00,2026-01-30,83810,山陰合銀,2026年3月期 第3四半期決算短信〔日本基準〕(連結),https://www.release.tdnet.info/inbs/140120260129542193.pdf,True,,japanese,,東,https://www.release.tdnet.info/inbs/081220260129542193.zip
2026-01-30 13:00:00,2026-01-30,88770,エスリード,2026年３月期 第３四半期決算短信〔日本基準〕(連結),https://www.release.tdnet.info/inbs/140120260121536776.pdf,True,,japanese,,東,https://www.release.tdnet.info/inbs/081220260121536776.zip
2026-01-30 13:00:00,2026-01-30,94410,ベルパーク,通期連結業績予想の修正及び個別業績見込みと前期実績値との差異並びに期末配当予想の修正（増配）に関するお知らせ,https://www.release.tdnet.info/inbs/140120260130542470.pdf,True,,japanese,,東,https://www.release.tdnet.info/inbs/091220260130542470.zip
2026-01-30 13:00:00,2026-01-30,95110,沖縄電力,2026年３月期　第３四半期決算短信〔日本基準〕（連結）,https://www.release.tdnet.info/inbs/140120260129541785.pdf,True,,japanese,,東福,https://www.release.tdnet.info/inbs/081220260129541785.zip
2026-01-30 13:00:00,2026-01-30,95110,沖縄電力,2025年度　第３四半期決算の概要,https://www.release.tdnet.info/inbs/140120260129541960.pdf,False,,japanese,,東福,
2026-01-30 13:00:00,2026-01-30,96000,アイネット,株式併合並びに単元株式数の定めの廃止及び定款の一部変更に係る承認決議に関するお知らせ,https://www.release.tdnet.info/inbs/140120260130542897.pdf,False,,japanese,,東,
2026-01-30 12:30:00,2026-01-30,28750,東洋水産,2026年３月期　第３四半期決算短信〔日本基準〕（連結）,https://www.release.tdnet.info/inbs/140120260130542489.pdf,True,,japanese,,東,https://www.release.tdnet.info/inbs/081220260130542489.zip
2026-01-30 12:30:00,2026-01-30,28750,東洋水産,2026年３月期　第３四半期決算参考資料,https://www.release.tdnet.info/inbs/140120260130542530.pdf,False,,japanese,,東,
2026-01-30 12:30:00,2026-01-30,28920,日食化,2026年3月期　第3四半期決算短信〔日本基準〕（連結）,https://www.release.tdnet.info/inbs/140120260129541591.pdf,True,,japanese,,東,https://www.release.tdnet.info/inbs/081220260129541591.zip
2026-01-30 12:30:00,2026-01-30,37780,さくらインターネット,2026年3月期 第3四半期決算短信〔日本基準〕（連結）,https://www.release.tdnet.info/inbs/140120260129541884.pdf,True,,japanese,,東,https://www.release.tdnet.info/inbs/081220260129541884.zip
2026-01-30 12:30:00,2026-01-30,37780,さくらインターネット,2026年3月期 第3四半期決算説明資料,https://www.release.tdnet.info/inbs/140120260129541894.pdf,False,,japanese,,東,
2026-01-30 12:30:00,2026-01-30,60360,ＫｅｅＰｅｒ技研,剰余金の配当に関するお知らせ,https://www.release.tdnet.info/inbs/140120260130543234.pdf,False,,japanese,,東名,
2026-01-30 12:30:00,2026-01-30,66250,ＪＡＬＣＯ　ＨＤ,連結子会社における収益不動産取得に関するお知らせ,https://www.release.tdnet.info/inbs/140120260130543194.pdf,False,,japanese,,東,
2026-01-30 12:30:00,2026-01-30,76000,ＭＤＭ,2026年3月期第3四半期決算短信〔日本基準〕(連結),https://www.release.tdnet.info/inbs/140120260129541611.pdf,True,,japanese,,東,https://www.release.tdnet.info/inbs/081220260129541611.zip
2026-01-30 12:30:00,2026-01-30,81570,都築電気,2026年３月期 第３四半期決算短信〔日本基準〕(連結),https://www.release.tdnet.info/inbs/140120260129542372.pdf,True,,japanese,,東,https://www.release.tdnet.info/inbs/081220260129542372.zip
2026-01-30 12:30:00,2026-01-30,81570,都築電気,2026年３月期第３四半期決算補足資料,https://www.release.tdnet.info/inbs/140120260129542401.pdf,False,,japanese,,東,
2026-01-30 12:30:00,2026-01-30,81570,都築電気,通期連結業績予想および配当予想の修正（増配）に関するお知らせ,https://www.release.tdnet.info/inbs/140120260129542411.pdf,False,,japanese,,東,
2026-01-30 12:30:00,2026-01-30,82850,三谷産業,2026年3月期 第3四半期決算短信〔日本基準〕（連結）,https://www.release.tdnet.info/inbs/140120260129541105.pdf,True,,japanese,,東名,https://www.release.tdnet.info/inbs/081220260129541105.zip
2026-01-30 12:30:00,2026-01-30,82850,三谷産業,業績予想および配当予想の修正（増配）に関するお知らせ,https://www.release.tdnet.info/inbs/140120260128540582.pdf,True,,japanese,,東名,https://www.release.tdnet.info/inbs/091220260128540582.zip
2026-01-30 12:30:00,2026-01-30,82850,三谷産業,2026年3月期 第3四半期決算ハイライト,https://www.release.tdnet.info/inbs/140120260130542993.pdf,False,,japanese,,東名,
2026-01-30 12:25:00,2026-01-30,13264,Ｅ－ワールド,SPDRゴールド・シェアに関する日々の開示事項,https://www.release.tdnet.info/inbs/140120260130543200.pdf,False,,japanese,,東,
2026-01-30 12:20:00,2026-01-30,13494,Ｅ－ＳＳＧＡ－ＳＩＮ,アジア国債・公債ＥＴＦ（正式名称：ＡＢＦ汎アジア債券インデックス・ファンド）に関する日々の開示事項,https://www.release.tdnet.info/inbs/140120260130543124.pdf,False,,japanese,,東,
2026-01-30 12:20:00,2026-01-30,83360,武蔵野銀,2026年３月期 第３四半期決算短信〔日本基準〕（連結）,https://www.release.tdnet.info/inbs/140120260128539855.pdf,True,,japanese,,東,https://www.release.tdnet.info/inbs/081220260128539855.zip
2026-01-30 12:15:00,2026-01-30,15574,Ｅ－ＳＳＧＡＴＣ,State Street SPDR S&P500 ETFに関する日々の開示事項,https://www.release.tdnet.info/inbs/140120260130543111.pdf,False,,japanese,,東,
2026-01-30 12:00:00,2026-01-30,18780,大東建,自己株式取得に係る事項の決定に関するお知らせ,https://www.release.tdnet.info/inbs/140120260130542488.pdf,False,,japanese,,東名,
2026-01-30 12:00:00,2026-01-30,30040,神栄,2026年３月期　第３四半期決算短信〔日本基準〕（連結）,https://www.release.tdnet.info/inbs/140120260129541245.pdf,True,,japanese,,東,https://www.release.tdnet.info/inbs/081220260129541245.zip
2026-01-30 12:00:00,2026-01-30,57110,三菱マ,主要株主の異動に関するお知らせ,https://www.release.tdnet.info/inbs/140120260130543086.pdf,False,,japanese,,東,
2026-01-30 12:00:00,2026-01-30,62920,カワタ,業績予想の修正に関するお知らせ,https://www.release.tdnet.info/inbs/140120260127539547.pdf,False,,japanese,,東,
2026-01-30 12:00:00,2026-01-30,62920,カワタ,2026年３月期 第３四半期決算短信〔日本基準〕(連結),https://www.release.tdnet.info/inbs/140120260127539557.pdf,True,,japanese,,東,https://www.release.tdnet.info/inbs/081220260127539557.zip
2026-01-30 12:00:00,2026-01-30,66960,Ｇ－トラースＯＰ,AI電力削減ソリューション「AIrux8」、JA山梨厚生連の運営施設へ導入決定,https://www.release.tdnet.info/inbs/140120260130542419.pdf,False,,japanese,,東,
2026-01-30 12:00:00,2026-01-30,79390,研創,2026年３月期第３四半期短信〔日本基準〕（非連結）,https://www.release.tdnet.info/inbs/140120260114533383.pdf,True,,japanese,,東,https://www.release.tdnet.info/inbs/081220260114533383.zip
2026-01-30 12:00:00,2026-01-30,88940,ＲＥＶＯＬＵＴＩＯＮ,支配株主等に関する事項について,https://www.release.tdnet.info/inbs/140120260130542973.pdf,False,,japanese,,東,
2026-01-30 12:00:00,2026-01-30,91040,商船三井,2026年３月期　第3四半期決算短信〔日本基準〕(連結),https://www.release.tdnet.info/inbs/140120260121536344.pdf,True,,japanese,,東,https://www.release.tdnet.info/inbs/081220260121536344.zip
2026-01-30 12:00:00,2026-01-30,91040,商船三井,2026年３月期通期個別業績予想に関するお知らせ,https://www.release.tdnet.info/inbs/140120260126538571.pdf,True,,japanese,,東,https://www.release.tdnet.info/inbs/091220260126538571.zip
2026-01-30 11:40:00,2026-01-30,95330,東邦瓦斯,2026年3月期 第3四半期決算短信〔日本基準〕（連結）,https://www.release.tdnet.info/inbs/140120260128539834.pdf,True,,japanese,,東名,https://www.release.tdnet.info/inbs/081220260128539834.zip
2026-01-30 11:40:00,2026-01-30,95330,東邦瓦斯,株式分割および株式分割に伴う定款の一部変更ならびに株主優待制度の変更に関するお知らせ,https://www.release.tdnet.info/inbs/140120260128540507.pdf,False,,japanese,,東名,
2026-01-30 11:30:00,2026-01-30,18780,大東建,2026年３月期第３四半期決算短信〔日本基準〕(連結),https://www.release.tdnet.info/inbs/140120260129542026.pdf,True,,japanese,,東名,https://www.release.tdnet.info/inbs/081220260129542026.zip
2026-01-30 11:30:00,2026-01-30,18780,大東建,業績予想および配当予想の修正に関するお知らせ,https://www.release.tdnet.info/inbs/140120260129542393.pdf,True,,japanese,,東名,https://www.release.tdnet.info/inbs/091220260129542393.zip
2026-01-30 11:30:00,2026-01-30,20704,Ｎ－三菱ＵＦＪ証ＨＤ,上場ETN（発行者：三菱UFJ証券ホールディングス株式会社）に関する日々の開示事項,https://www.release.tdnet.info/inbs/140120260130542751.pdf,False,,japanese,,東,
2026-01-30 11:30:00,2026-01-30,30380,神戸物産,（訂正・数値データ訂正）「2025年10月期 決算短信〔日本基準〕（連結）」の一部訂正について,https://www.release.tdnet.info/inbs/140120260126538756.pdf,True,,japanese,,東,https://www.release.tdnet.info/inbs/081220260126538756.zip
2026-01-30 11:30:00,2026-01-30,31040,富士紡ＨＤ,2026年３月期第３四半期決算短信〔日本基準〕(連結),https://www.release.tdnet.info/inbs/140120260129541548.pdf,True,,japanese,,東,https://www.release.tdnet.info/inbs/081220260129541548.zip
2026-01-30 11:30:00,2026-01-30,31040,富士紡ＨＤ,商号の変更に関するお知らせ,https://www.release.tdnet.info/inbs/140120260129541586.pdf,False,,japanese,,東,
2026-01-30 11:30:00,2026-01-30,31040,富士紡ＨＤ,株式分割および株式分割に伴う定款の一部変更に関するお知らせ,https://www.release.tdnet.info/inbs/140120260129541596.pdf,False,,japanese,,東,
2026-01-30 11:30:00,2026-01-30,31040,富士紡ＨＤ,中期経営計画『進化26-30』策定に関するお知らせ,https://www.release.tdnet.info/inbs/140120260129541599.pdf,False,,japanese,,東,
2026-01-30 11:30:00,2026-01-30,42290,群栄化,2026年３月期　第３四半期決算短信〔日本基準〕(連結),https://www.release.tdnet.info/inbs/140120260128539826.pdf,True,,japanese,,東,https://www.release.tdnet.info/inbs/081220260128539826.zip
2026-01-30 11:30:00,2026-01-30,44340,サーバーワークス,募集新株予約権（有償ストック・オプション）の発行内容確定に関するお知らせ,https://www.release.tdnet.info/inbs/140120260130542795.pdf,False,,japanese,,東,
2026-01-30 11:30:00,2026-01-30,47090,ＩＤホールディングス,2026年３月期 第３四半期決算短信〔日本基準〕（連結）,https://www.release.tdnet.info/inbs/140120260129542329.pdf,True,,japanese,,東,https://www.release.tdnet.info/inbs/081220260129542329.zip
2026-01-30 11:30:00,2026-01-30,47090,ＩＤホールディングス,株式分割および定款の一部変更に関するお知らせ,https://www.release.tdnet.info/inbs/140120260129542343.pdf,False,,japanese,,東,
2026-01-30 11:30:00,2026-01-30,59290,三和ＨＤ,2026年3月期第3四半期決算短信〔日本基準〕（連結）,https://www.release.tdnet.info/inbs/140120260121536631.pdf,True,,japanese,,東,https://www.release.tdnet.info/inbs/081220260121536631.zip
2026-01-30 11:30:00,2026-01-30,59290,三和ＨＤ,2026年3月期第3四半期決算説明資料,https://www.release.tdnet.info/inbs/140120260129542317.pdf,False,,japanese,,東,
2026-01-30 11:30:00,2026-01-30,66580,シライ電子,2026年3月期第3四半期決算短信〔日本基準〕（連結）,https://www.release.tdnet.info/inbs/140120260130542708.pdf,True,,japanese,,東,https://www.release.tdnet.info/inbs/081220260130542708.zip
2026-01-30 11:30:00,2026-01-30,86010,大和証Ｇ,連結流動性カバレッジ比率及び連結安定調達比率に関するお知らせ,https://www.release.tdnet.info/inbs/140120260130542725.pdf,False,,japanese,,東名,
2026-01-30 11:30:00,2026-01-30,86010,大和証Ｇ,連結自己資本規制比率及び連結レバレッジ比率に関するお知らせ,https://www.release.tdnet.info/inbs/140120260130542748.pdf,False,,japanese,,東名,
2026-01-30 11:30:00,2026-01-30,98890,ＪＢＣＣ　ＨＤ,2026年３月期 第３四半期決算短信〔日本基準〕（連結）,https://www.release.tdnet.info/inbs/140120260129541755.pdf,True,,japanese,,東,https://www.release.tdnet.info/inbs/081220260129541755.zip
2026-01-30 11:30:00,2026-01-30,98890,ＪＢＣＣ　ＨＤ,2026年３月期 第３四半期決算説明資料,https://www.release.tdnet.info/inbs/140120260129541948.pdf,False,,japanese,,東,
2026-01-30 11:30:00,2026-01-30,98890,ＪＢＣＣ　ＨＤ,通期業績予想の上方修正に関するお知らせ,https://www.release.tdnet.info/inbs/140120260129541919.pdf,False,,japanese,,東,
2026-01-30 11:30:00,2026-01-30,98890,ＪＢＣＣ　ＨＤ,中期経営計画の上方修正に関するお知らせ,https://www.release.tdnet.info/inbs/140120260129541944.pdf,False,,japanese,,東,
2026-01-30 11:30:00,2026-01-30,99340,因幡電産,2026年３月期第３四半期決算短信〔日本基準〕(連結),https://www.release.tdnet.info/inbs/140120260128540569.pdf,True,,japanese,,東,https://www.release.tdnet.info/inbs/081220260128540569.zip
2026-01-30 11:00:00,2026-01-30,31900,ホットマン,2026年３月期　第３四半期決算短信〔日本基準〕（非連結）,https://www.release.tdnet.info/inbs/140120260129541428.pdf,True,,japanese,,東,https://www.release.tdnet.info/inbs/081220260129541428.zip
2026-01-30 11:00:00,2026-01-30,51850,フコク,新たな米国法人設立に関するお知らせ,https://www.release.tdnet.info/inbs/140120260130542881.pdf,False,,japanese,,東,
2026-01-30 11:00:00,2026-01-30,59180,滝上工,親会社等の決算に関するお知らせ,https://www.release.tdnet.info/inbs/140120260116535230.pdf,False,,japanese,,東名,
2026-01-30 11:00:00,2026-01-30,79080,ＫＩＭＯＴＯ,自己株式立会外買付取引（ToSTNeT-3）による自己株式の取得結果及び自己株式の取得終了に関するお知らせ,https://www.release.tdnet.info/inbs/140120260130542438.pdf,False,,japanese,,東,
2026-01-30 11:00:00,2026-01-30,80110,三陽商,投資有価証券売却に伴う特別利益計上見込みに関するお知らせ,https://www.release.tdnet.info/inbs/140120260129542112.pdf,False,,japanese,,東,
2026-01-30 11:00:00,2026-01-30,86160,東海東京,2026年３月期 第３四半期決算短信〔日本基準〕(連結),https://www.release.tdnet.info/inbs/140120260106529317.pdf,True,,japanese,,東名,https://www.release.tdnet.info/inbs/081220260106529317.zip
2026-01-30 11:00:00,2026-01-30,86160,東海東京,2026年3月期 第３四半期決算ハイライト,https://www.release.tdnet.info/inbs/140120260129541733.pdf,False,,japanese,,東名,
2026-01-30 11:00:00,2026-01-30,86160,東海東京,従業員向け譲渡制限付株式としての新株式発行、及び自己株式の消却に関するお知らせ,https://www.release.tdnet.info/inbs/140120260130542578.pdf,False,,japanese,,東名,
2026-01-30 11:00:00,2026-01-30,90400,大宝運,2026年３月期　第３四半期決算短信〔日本基準〕（非連結）,https://www.release.tdnet.info/inbs/140120260129540917.pdf,True,,japanese,,名,https://www.release.tdnet.info/inbs/081220260129540917.zip
2026-01-30 11:00:00,2026-01-30,95090,北海電力,北海道苫小牧地域を起点とした新たなエネルギーサプライチェーン構想について,https://www.release.tdnet.info/inbs/140120260129540973.pdf,False,,japanese,,東札,
2026-01-30 10:50:00,2026-01-30,83660,滋賀銀,自己株式立会外買付取引（ToSTNeT-3）による自己株式の取得結果に関するお知らせ,https://www.release.tdnet.info/inbs/140120260130542841.pdf,False,,japanese,,東,
2026-01-30 10:30:00,2026-01-30,15624,Ｅ－三井住友ＤＳＡＭ,上場ＥＴＦ（管理会社：三井住友DSアセットマネジメント）に関する日々の開示事項,https://www.release.tdnet.info/inbs/140120260130542706.pdf,False,,japanese,,東,
2026-01-30 10:30:00,2026-01-30,20020,日清粉Ｇ,代表取締役の異動および社長交代に関するお知らせ,https://www.release.tdnet.info/inbs/140120260128540211.pdf,False,,japanese,,東,
2026-01-30 10:30:00,2026-01-30,44330,ヒトコムＨＤ,スポンサードリサーチレポート（1Ｑ決算フォローアップ）発行に関するお知らせ,https://www.release.tdnet.info/inbs/140120260130542731.pdf,False,,japanese,,東,
2026-01-30 10:30:00,2026-01-30,92700,Ｇ－バリュエンスＨＤ,自己株式立会外買付取引（ToSTNeT-３）による自己株式の取得結果及び取得終了に関するお知らせ,https://www.release.tdnet.info/inbs/140120260129542405.pdf,False,,japanese,,東,
2026-01-30 10:00:00,2026-01-30,16714,Ｅ－シンプレクス,上場ＥＴＦ(管理会社：シンプレクス・アセット・マネジメント)に関する日々の開示事項,https://www.release.tdnet.info/inbs/140120260130542538.pdf,False,,japanese,,東,
2026-01-30 10:00:00,2026-01-30,28720,セイヒョー,固定資産の譲渡（土地）及び特別利益の計上に関するお知らせ,https://www.release.tdnet.info/inbs/140120260129542169.pdf,False,,japanese,,東,
2026-01-30 10:00:00,2026-01-30,41240,大阪油化工業,自己株式の消却完了に関するお知らせ,https://www.release.tdnet.info/inbs/140120260129541301.pdf,False,,japanese,,東,
2026-01-30 10:00:00,2026-01-30,43730,シンプレクスＨＤ,自己株式立会外買付取引（ToSTNeT-3）による自己株式の取得結果のお知らせ,https://www.release.tdnet.info/inbs/140120260130542467.pdf,False,,japanese,,東,
2026-01-30 10:00:00,2026-01-30,78960,セブン工,2026年3月期 第3四半期決算短信〔日本基準〕（非連結）,https://www.release.tdnet.info/inbs/140120260130542503.pdf,True,,japanese,,東名,https://www.release.tdnet.info/inbs/081220260130542503.zip
2026-01-30 09:45:00,2026-01-30,46790,田谷,2026年３月期 第３四半期決算短信〔日本基準〕（非連結）,https://www.release.tdnet.info/inbs/140120260129541477.pdf,True,,japanese,,東,https://www.release.tdnet.info/inbs/081220260129541477.zip
2026-01-30 09:40:00,2026-01-30,13294,Ｅ－ブラックロック,上場ETF（管理会社：ブラックロック・ジャパン）に関する日々の開示事項,https://www.release.tdnet.info/inbs/140120260130542543.pdf,False,,japanese,,東,
2026-01-30 09:30:00,2026-01-30,87140,池田泉州,（開示事項の経過）池田泉州Ｍ＆Ａソリューション株式会社および池田泉州インベストメント株式会社の設立に関するお知らせ,https://www.release.tdnet.info/inbs/140120260126538597.pdf,False,,japanese,,東,
2026-01-30 09:00:00,2026-01-30,16724,Ｅ－ＷｉｓｄｏｍＴｒ,上場ETF（管理会社：WisdomTree、外国投資法人：MSL）に関する日々の開示事項,https://www.release.tdnet.info/inbs/140120260127538910.pdf,False,,japanese,,東,
2026-01-30 09:00:00,2026-01-30,16724,Ｅ－ＷｉｓｄｏｍＴｒ,上場ETF（管理会社：WisdomTree、外国投資法人：CSL）に関する日々の開示事項,https://www.release.tdnet.info/inbs/140120260127538913.pdf,False,,japanese,,東,
2026-01-30 09:00:00,2026-01-30,40430,トクヤマ,2026年3月期第3四半期決算短信〔日本基準〕（連結）,https://www.release.tdnet.info/inbs/140120251217521563.pdf,True,,japanese,,東,https://www.release.tdnet.info/inbs/081220251217521563.zip
2026-01-30 09:00:00,2026-01-30,40430,トクヤマ,2026年3月期第3四半期決算説明資料,https://www.release.tdnet.info/inbs/140120251217521566.pdf,False,,japanese,,東,
2026-01-30 09:00:00,2026-01-30,40430,トクヤマ,2026年3月期通期業績予想の修正に関するお知らせ,https://www.release.tdnet.info/inbs/140120260129541928.pdf,False,,japanese,,東,
2026-01-30 09:00:00,2026-01-30,76020,レダックス,Freedom Holding Corp. との合弁事業展開のための準備会社設立及び事業推進に関する確認書の受領に関するお知らせ,https://www.release.tdnet.info/inbs/140120260130542443.pdf,False,,japanese,,東,
2026-01-30 08:50:00,2026-01-30,15410,純プラ信,「純プラチナ上場信託（現物国内保管型）」の基準価額と取引所価格の乖離に関するお知らせ,https://www.release.tdnet.info/inbs/140120260129542377.pdf,False,,japanese,,東,
2026-01-30 08:00:00,2026-01-30,39130,ＧｒｅｅｎＢｅｅ,東京証券取引所スタンダード市場への市場区分変更に関するお知らせ,https://www.release.tdnet.info/inbs/140120260122537260.pdf,False,,japanese,,東,
2026-01-30 08:00:00,2026-01-30,48750,メディシノバ,米国国立衛生研究所からの資金提供によるMN-166（イブジラスト）の筋萎縮性側索硬化症（ALS）を対象とする臨床治験の進捗に関するお知らせ,https://www.release.tdnet.info/inbs/140120260129541446.pdf,False,,japanese,,東,
